"Num_Acc";"jour";"mois";"an";"hrmn";"lum";"dep";"com";"agg";"int";"atm";"col";"adr";"lat";"long"
"202400000001";"25";"03";"2024";"07:40";"2";"70";"70285";"1";"1";"5";"1";"D438";"47,56277000";"6,75832000"
"202400000002";"20";"03";"2024";"15:05";"1";"21";"21054";"2";"3";"7";"6";"HOTEL DIEU (RUE DE L')";"47,02109000";"4,83755000"
"202400000003";"22";"03";"2024";"19:30";"2";"15";"15012";"1";"1";"1";"6";"Allée des Tilleuls";"44,90238400";"2,49641800"
"202400000004";"24";"03";"2024";"17:50";"1";"14";"14118";"2";"3";"7";"3";"128 Rue d'Authie";"49,19166000";" -0,39851000"
"202400000005";"25";"03";"2024";"19:35";"5";"13";"13106";"1";"3";"2";"5";"BEDOULE (CHEMIN DE LA)";"43,39000000";"5,35000000"
"202400000006";"25";"03";"2024";"04:00";"5";"13";"13215";"2";"2";"1";"3";"Petite Ourse (rue de la)";"43,34147000";"5,37306000"
"202400000007";"24";"03";"2024";"02:45";"5";"13";"13201";"2";"1";"1";"3";"HUILES (PLACE AUX)";"43,29253000";"5,37197000"
"202400000008";"24";"03";"2024";"14:45";"1";"07";"07281";"2";"1";"1";"2";"MARCALE (RUE DE)";"44,94319000";"4,84435000"
"202400000009";"24";"03";"2024";"03:40";"3";"07";"07281";"2";"1";"1";"6";"TOURTOUSSE (CHEMIN DE)";"44,92386000";"4,81623000"
"202400000010";"25";"03";"2024";"19:50";"5";"06";"06088";"2";"1";"1";"7";"Avenue Félix Faure";"43,69906900";"7,27610000"
"202400000011";"24";"03";"2024";"19:35";"2";"75";"75112";"2";"1";"1";"2";"BD PERIPHERIQUE EXTERIEUR";"48,84046000";"2,41368600"
"202400000012";"24";"03";"2024";"01:20";"3";"75";"75117";"2";"1";"1";"7";"BD PERIPHERIQUE INTERIEUR";"48,89503100";"2,30658900"
"202400000013";"25";"03";"2024";"17:40";"1";"75";"75119";"2";"1";"1";"6";"RUE GASTON TESSIER";"48,89598900";"2,37408400"
"202400000014";"25";"03";"2024";"15:10";"1";"75";"75119";"2";"3";"1";"3";"RUE DE CRIMEE";"48,88758800";"2,38035300"
"202400000015";"25";"03";"2024";"09:00";"1";"75";"75119";"2";"3";"1";"1";"QUAI DE LA GIRONDE";"48,89577200";"2,38361200"
"202400000016";"25";"03";"2024";"13:40";"1";"75";"75118";"2";"2";"1";"3";"BOULEVARD BARBES";"48,88946540";"2,34958917"
"202400000017";"25";"03";"2024";"09:00";"1";"75";"75117";"2";"3";"1";"6";"RUE GUILLAUME TELL";"48,88446200";"2,29447800"
"202400000018";"25";"03";"2024";"09:25";"1";"75";"75115";"2";"1";"1";"3";"BOULEVARD VICTOR";"48,83652100";"2,27664900"
"202400000019";"24";"03";"2024";"13:45";"1";"75";"75102";"2";"2";"1";"6";"RUE REAUMUR";"48,86653800";"2,35114500"
"202400000020";"25";"03";"2024";"20:00";"5";"94";"94003";"2";"1";"1";"1";"Avenue Paul Doumer";"48,80667297";"2,33685409"
"202400000021";"25";"03";"2024";"15:37";"1";"94";"94022";"2";"2";"1";"6";" Avenue Gambetta / Boulevard des Alliés";"48,76421800";"2,40526700"
"202400000022";"19";"09";"2024";"16:30";"1";"51";"51525";"1";"1";"1";"6";"SOGNY (RTE DE)";"48,91725400";"4,39800900"
"202400000023";"18";"09";"2024";"18:30";"1";"51";"51108";"2";"2";"1";"3";"MELETTE (CHEM DE)";"48,96918400";"4,38267100"
"202400000024";"19";"09";"2024";"22:42";"3";"47";"47001";"2";"1";"1";"6";"CALABET (QUAI DU DOCTEUR)";"44,20886000";"0,61330000"
"202400000025";"19";"09";"2024";"18:30";"1";"45";"45285";"2";"1";"1";"4";"D520 PR 3 + 866";"47,91537000";"1,86973000"
"202400000026";"19";"09";"2024";"17:13";"1";"45";"45234";"2";"1";"1";"6";"22b Quai du Châtelet";"47,89795000";"1,91140000"
"202400000027";"19";"09";"2024";"15:30";"1";"44";"44109";"2";"1";"1";"6";"166 Boulevard des Anglais";"47,22275000";" -1,58511000"
"202400000028";"19";"09";"2024";"09:30";"1";"44";"44162";"2";"1";"7";"6";"9 Rue de l'Hôtel de Ville";"47,21121988";" -1,64943399"
"202400000029";"19";"09";"2024";"16:20";"1";"42";"42330";"2";"3";"1";"6";"Rue Kléber";"45,46448000";"4,36911000"
"202400000030";"18";"09";"2024";"08:55";"1";"37";"37261";"2";"2";"1";"3";"MARCEAU (RUE)";"47,39355000";"0,68501000"
"202400000031";"19";"09";"2024";"20:45";"5";"35";"35238";"2";"1";"1";"3";"MOULIN DE JOUE (DU)";"48,11337000";" -1,64760000"
"202400000032";"19";"09";"2024";"08:15";"1";"34";"34301";"1";"1";"1";"2";"MARTELLI GILBERT (AVENUE)";"43,41766000";"3,72361000"
"202400000033";"19";"09";"2024";"11:41";"1";"34";"34172";"2";"3";"1";"6";"CAPITAINE PIERRE PONTAL (RUE DU)";"43,60924100";"3,89912700"
"202400000034";"19";"09";"2024";"21:10";"5";"33";"33063";"2";"1";"1";"6";"N/A";"44,83328000";" -0,56157000"
"202400000035";"19";"09";"2024";"16:00";"1";"33";"33039";"2";"3";"1";"3";"N/A";"44,81920000";" -0,53863000"
"202400000036";"18";"09";"2024";"12:15";"1";"33";"33529";"2";"3";"1";"1";"N/A";"44,61047000";" -1,12470000"
"202400000037";"19";"09";"2024";"17:00";"1";"29";"29051";"2";"1";"1";"7";"Avenue du Rouillen";"47,99976064";" -4,05189669"
"202400000038";"19";"09";"2024";"08:15";"1";"29";"29232";"1";"1";"1";"5";"RN 165";"48,03157878";" -4,08470090"
"202400000039";"18";"09";"2024";"14:40";"1";"28";"28218";"2";"3";"1";"3";"REPUBLIQUE (AVENUE DE LA)";"48,43894000";"1,45835000"
"202400000040";"19";"09";"2024";"15:30";"1";"27";"27681";"2";"1";"1";"5";"ROUEN (AVENUE DE)";"49,10003000";"1,47282000"
"202400000041";"3";"05";"2024";"00:15";"3";"76";"76116";"2";"2";"1";"6";"202 Rue du Trou du Puits";"49,38101100";"1,19775700"
"202400000042";"3";"05";"2024";"17:30";"1";"59";"59258";"1";"1";"1";"3";"D145";"50,52846100";"3,22942800"
"202400000043";"25";"03";"2024";"11:44";"1";"94";"94022";"2";"1";"1";"6";"Rue Jean Jaures";"48,76548400";"2,40956900"
"202400000044";"2";"05";"2024";"08:20";"1";"13";"13215";"1";"1";"2";"3";"A7-Sens Marseille vers Lyon";"43,38322159";"5,35134399"
"202400000045";"25";"03";"2024";"18:45";"1";"92";"92050";"2";"2";"1";"1";"CLEMENCEAU GEORGES AVENUE N° PAIR";"48,88632799";"2,21105236"
"202400000046";"1";"05";"2024";"19:40";"1";"83";"83027";"1";"1";"1";"6";"A50";"43,19282145";"5,67970296"
"202400000047";"25";"03";"2024";"08:42";"1";"92";"92023";"2";"1";"1";"6";"EGLISE (RUE DE L')";"48,79936328";"2,26319289"
"202400000048";"2";"05";"2024";"15:45";"1";"33";"33249";"1";"1";"1";"4";"N/A";"44,88827000";" -0,50507600"
"202400000049";"25";"03";"2024";"23:00";"3";"35";"35276";"1";"2";"1";"6";"26 la Croisade";"48,26548685";" -1,84038296"
"202400000050";"2";"05";"2024";"20:40";"2";"91";"91521";"1";"1";"2";"6";"RN 441";"48,63558000";"2,40168000"
"202400000051";"22";"03";"2024";"17:00";"2";"972";"97206";"1";"1";"1";"7";"D7";"14,48823000";" -61,03528600"
"202400000052";"2";"05";"2024";"12:20";"1";"94";"94038";"1";"1";"1";"3";"A6B";"48,78289290";"2,34713213"
"202400000053";"24";"03";"2024";"07:24";"1";"22";"22034";"1";"1";"1";"6";"RD767";"48,66140800";" -3,34017100"
"202400000054";"2";"05";"2024";"08:40";"1";"94";"94003";"1";"1";"1";"5";"A6B";"48,79795860";"2,34382693"
"202400000055";"2";"05";"2024";"16:45";"1";"92";"92026";"1";"1";"2";"5";"RN1014 Y";"48,88924861";"2,24664633"
"202400000056";"2";"05";"2024";"10:49";"1";"78";"78640";"1";"1";"8";"3";"N118";"48,77873000";"2,22253000"
"202400000057";"26";"03";"2024";"18:00";"1";"62";"62424";"2";"3";"1";"3";"D956";"50,20700400";"2,94567600"
"202400000058";"2";"05";"2024";"19:15";"1";"95";"95527";"1";"1";"2";"2";"A1";"49,00052596";"2,52228228"
"202400000059";"22";"03";"2024";"13:30";"1";"83";"83096";"1";"1";"1";"3";"Dn7";"43,46255200";"5,80598500"
"202400000060";"1";"05";"2024";"18:50";"1";"95";"95306";"1";"1";"1";"1";"A15";"48,99549387";"2,18244976"
"202400000061";"25";"03";"2024";"08:11";"2";"35";"35173";"1";"1";"1";"2";"D137";"48,18986357";" -1,72171533"
"202400000062";"25";"03";"2024";"21:00";"5";"51";"51210";"2";"6";"1";"6";"Avenue du General Leclerc";"49,06107400";"3,96506400"
"202400000063";"2";"05";"2024";"13:00";"1";"94";"94033";"1";"1";"1";"2";"A86";"48,84923308";"2,49127999"
"202400000064";"25";"03";"2024";"16:35";"1";"67";"67281";"2";"1";"1";"3";"2 Rue D Artzenheim";"48,15754100";"7,54437300"
"202400000065";"1";"05";"2024";"00:15";"3";"77";"77468";"1";"1";"1";"7";"A4.W";"48,83262000";"2,66222000"
"202400000066";"24";"03";"2024";"04:05";"4";"61";"61460";"2";"1";"1";"6";"D12";"48,89510000";"0,33422400"
"202400000067";"25";"03";"2024";"23:15";"3";"47";"47228";"1";"1";"2";"6";"N21";"44,34425591";"0,70732384"
"202400000068";"17";"02";"2024";"19:23";"5";"54";"54382";"2";"3";"1";"3";"Place du 19 Mars 1962";"49,54523000";"5,78430000"
"202400000069";"26";"03";"2024";"12:20";"1";"34";"34013";"1";"1";"3";"6";"rd609";"43,58765000";"3,45633700"
"202400000070";"25";"03";"2024";"18:00";"1";"22";"22181";"1";"1";"2";"6";"Lieu Dit Kerlouet";"48,21844700";" -3,20316900"
"202400000071";"1";"05";"2024";"18:00";"5";"988";"98818";"2";"2";"1";"3";"AVENUE DE LA VICTOIRE H. LAFLEUR/RUE DU DOCTEUR LE SCOUR";" -22,27444000";"166,44549000"
"202400000072";"25";"03";"2024";"18:48";"2";"54";"54129";"2";"2";"1";"3";"Rue Poincare";"48,58330000";"6,94376200"
"202400000073";"30";"04";"2024";"15:50";"1";"987";"98735";"2";"6";"1";"3";"REMPARTS (RUE BLOC PACIFICAR)";" -17,53810000";" -149,56460000"
"202400000074";"1";"05";"2024";"18:55";"3";"974";"97416";"2";"1";"1";"6";"ANCIENNE RN2 (2)";" -21,35266000";"55,50573000"
"202400000075";"4";"03";"2024";"14:40";"1";"72";"72310";"2";"9";"1";"3";"Route de Coulaines";"48,03402600";"0,19732500"
"202400000076";"1";"05";"2024";"18:10";"2";"974";"97411";"2";"1";"1";"3";"JAURES (BLD 2 JEAN)";" -20,90076000";"55,49647000"
"202400000077";"25";"03";"2024";"16:40";"1";"40";"40269";"1";"1";"1";"5";"Route de Tyrosse";"43,60650064";" -1,16058230"
"202400000078";"1";"05";"2024";"19:45";"2";"69";"69142";"2";"1";"3";"3";"25 Quai Pierre Sémard";"45,72017000";"4,81804000"
"202400000079";"26";"03";"2024";"14:55";"1";"85";"85146";"2";"6";"1";"6";"Carrefour de l'europe";"46,97772400";" -1,31412300"
"202400000080";"23";"03";"2024";"16:26";"1";"85";"85192";"2";"1";"1";"3";"RD 13";"46,78939000";" -0,99325000"
"202400000081";"1";"05";"2024";"18:05";"1";"69";"69382";"2";"1";"1";"6";"3 Rue de la Barre";"45,75779000";"4,83500000"
"202400000082";"22";"03";"2024";"12:00";"1";"37";"37050";"2";"2";"1";"6";"90 Avenue de la République";"47,34102222";"0,72294492"
"202400000083";"1";"05";"2024";"02:40";"3";100;100037";"2";"1";"1";"6";"D 82";"42,66000000";"9,44100000"
"202400000084";"24";"03";"2024";"07:15";"2";"10";"10142";"1";"1";"1";"7";"A5";"48,27780000";"3,80450000"
"202400000085";"26";"03";"2024";"09:28";"1";"31";"31246";"1";"1";"2";"1";"D817 PR 068+000";"43,11299593";"0,84459186"
"202400000086";"24";"03";"2024";"23:50";"3";"43";"43188";"1";"1";"1";"6";"N102";"45,14306306";"3,55995655"
"202400000087";"19";"03";"2024";"09:30";"1";"987";"98738";"2";"1";"7";"2";"Matatia 1";" -17,60388000";" -149,59467900"
"202400000088";"25";"03";"2024";"18:30";"2";"988";"98805";"2";"1";"1";"6";"avenue paul emile victor";" -22,22056000";"166,47229000"
"202400000089";"26";"03";"2024";"11:00";"1";"42";"42169";"1";"1";"1";"7";"D32";"45,44142000";"4,14525700"
"202400000090";"25";"03";"2024";"10:20";"1";"28";"28026";"1";"1";"1";"2";"Autoroute A10 pk 51+000";"48,33123300";"1,86523500"
"202400000091";"25";"03";"2024";"12:30";"1";100;100087";"2";"1";"1";"6";"route du monastere";"42,33025000";"9,48972000"
"202400000092";"26";"03";"2024";"01:33";"3";"34";"34199";"1";"1";"3";"7";"D13";"43,42797500";"3,41408700"
"202400000093";"26";"03";"2024";"08:55";"1";"57";"57222";"1";"1";"1";"2";"D31bis";"49,16171369";"6,92162553"
"202400000094";"14";"03";"2024";"12:20";"1";"01";"01262";"2";"1";"1";"6";"Cours de la Portelle";"45,85236200";"5,05888900"
"202400000095";"26";"03";"2024";"17:15";"1";"60";"60138";"2";"4";"2";"3";"D932a";"49,21661600";"2,59846000"
"202400000096";"25";"03";"2024";"17:50";"1";"91";"91617";"1";"1";"1";"2";"RN 104";"48,63771000";"2,53525000"
"202400000097";"25";"03";"2024";"12:40";"1";"91";"91553";"1";"1";"1";"3";"RN 104";"48,63129000";"2,49195000"
"202400000098";"25";"03";"2024";"10:10";"1";"91";"91689";"1";"1";"1";"2";"AUTOROUTE A6B";"48,74727000";"2,32682000"
"202400000099";"25";"03";"2024";"09:30";"1";"91";"91432";"1";"1";"1";"2";"AUTOROUTE A6";"48,69407000";"2,31992000"
"202400000100";"25";"03";"2024";"07:59";"3";"78";"78297";"1";"1";"1";"6";"RN12";"48,78897700";"2,06081300"
"202400000101";"24";"03";"2024";"15:40";"1";"92";"92064";"1";"1";"1";"4";"A13";"48,83850309";"2,19236004"
"202400000102";"24";"03";"2024";"02:10";"3";"78";"78297";"1";"1";"1";"2";"RN12";"48,78807100";"2,06254000"
"202400000103";"25";"03";"2024";"08:40";"1";"94";"94042";"1";"1";"1";"3";"A4";"48,82854107";"2,47576095"
"202400000104";"25";"03";"2024";"06:15";"2";"93";"93070";"2";"3";"1";"3";"Rue Raspail / Avenue Gabriel Péri";"48,90438000";"2,33128000"
"202400000105";"25";"03";"2024";"13:25";"1";"93";"93066";"2";"1";"1";"2";"Avenue du Président Wilson";"48,91147900";"2,35772500"
"202400000106";"25";"03";"2024";"15:20";"1";"93";"93047";"2";"2";"1";"3";"Rue du Général de Gaulle / Avenue Daniel Perdrigé";"48,89938000";"2,55958000"
"202400000107";"25";"03";"2024";"08:30";"1";"93";"93005";"2";"3";"1";"3";"Boulevard Charles Floquet / Rue Jules Princet";"48,93717600";"2,49862300"
"202400000108";"20";"01";"2024";"14:45";"1";"74";"74012";"2";"1";"1";"3";"GARE (RUE DE LA)";"46,19411100";"6,23685000"
"202400000109";"23";"03";"2024";"17:05";"1";"974";"97407";"1";"1";"9";"6";"OWENS JAMES";" -20,93623082";"55,32559848"
"202400000110";"24";"03";"2024";"19:00";"5";"69";"69387";"2";"2";"1";"3";"Avenue Jean Jaurès";"45,74826000";"4,84363000"
"202400000111";"24";"03";"2024";"17:20";"1";"69";"69383";"2";"2";"1";"3";"Rue Louis";"45,75256000";"4,88829000"
"202400000112";"24";"03";"2024";"14:30";"1";"972";"97213";"1";"1";"1";"2";"AUTOROUTE A1";"14,61775000";" -61,01864000"
"202400000113";"24";"03";"2024";"03:10";"3";"972";"97213";"1";"1";"1";"6";"ROUTE DEPARTEMENTALE 3";"14,63752000";" -60,99181000"
"202400000114";"24";"03";"2024";"18:30";"1";"69";"69382";"2";"1";"1";"3";"Pont Galliéni";"45,74846000";"4,83158000"
"202400000115";"20";"03";"2024";"22:35";"5";"95";"95176";"2";"1";"1";"7";"15 GEORGES MELIES (RUE)";"48,95155000";"2,19613300"
"202400000116";"23";"03";"2024";"13:42";"1";"84";"84031";"2";"1";"1";"6";"BARJAVEL";"44,05376000";"5,04861000"
"202400000117";"23";"03";"2024";"15:46";"1";"83";"83069";"2";"1";"7";"3";"SALINS ( ROUTE DES VIEUX)";"43,12512000";"6,18951000"
"202400000118";"24";"03";"2024";"11:50";"1";"83";"83061";"1";"1";"1";"6";"RN7";"43,51297000";"6,83226000"
"202400000119";"24";"03";"2024";"15:10";"1";"77";"77369";"1";"1";"8";"3";"BRIQUETTERIE (RUE DE LA)";"48,97130000";"2,92012000"
"202400000120";"23";"03";"2024";"17:55";"1";"64";"64483";"2";"4";"1";"2";"ITHURRALDE ANDRE (AVENUE)";"43,40135000";" -1,63715000"
"202400000121";"24";"03";"2024";"19:05";"1";"64";"64284";"2";"1";"1";"3";"GASTON CAMBOT";"43,28798000";" -0,39093000"
"202400000122";"22";"03";"2024";"13:00";"1";"62";"62178";"2";"3";"1";"1";"D188";"50,49439339";"2,54403966"
"202400000123";"24";"03";"2024";"17:00";"1";"59";"59599";"2";"1";"1";"2";"Rue de la Malcense";"50,73142000";"3,16556000"
"202400000124";"24";"03";"2024";"17:45";"1";"59";"59350";"2";"3";"1";"3";"Rue Roger Salengro";"50,62835000";"3,10533000"
"202400000125";"23";"03";"2024";"09:50";"1";"59";"59017";"2";"3";"7";"3";"FERRY (RUE JULES)";"50,68140000";"2,88238000"
"202400000126";"22";"03";"2024";"09:45";"1";"54";"54431";"2";"1";"1";"6";"Avenue du General Leclerc";"48,89944800";"6,04413900"
"202400000127";"24";"03";"2024";"13:08";"1";"51";"51454";"2";"1";"1";"3";"POMMERY (BOULEVARD)";"49,25510400";"4,05488600"
"202400000128";"24";"03";"2024";"01:45";"5";"45";"45004";"1";"1";"1";"6";"936 Rue du Maréchal Juin";"47,96944700";"2,78259200"
"202400000129";"24";"03";"2024";"18:15";"1";"38";"38563";"1";"1";"1";"6";"D1076";"45,38624000";"5,57452000"
"202400000130";"25";"03";"2024";"01:10";"5";"38";"38185";"2";"1";"1";"3";"RUE GÉNÉRAL MANGIN";"45,17762000";"5,71809000"
"202400000131";"23";"03";"2024";"13:30";"1";"38";"38053";"2";"2";"1";"3";"LECLERC (AVENUE DU MARECHAL)";"45,58638000";"5,28112000"
"202400000132";"24";"03";"2024";"18:30";"1";"37";"37122";"2";"1";"7";"6";"JAURES (BOULEVARD JEAN)";"47,34950000";"0,66814000"
"202400000133";"24";"03";"2024";"19:10";"1";"35";"35238";"2";"9";"1";"6";"ANTRAIN (D') DE 43 ET 80 A FIN";"48,11918363";" -1,67516291"
"202400000134";"23";"03";"2024";"16:14";"1";"33";"33063";"2";"1";"1";"3";"N/A";"44,84949000";" -0,60115000"
"202400000135";"22";"03";"2024";"08:25";"1";"13";"13005";"2";"6";"1";"1";"GARLABAN (AVENUE DU)";"43,29574555";"5,57275381"
"202400000136";"23";"03";"2024";"12:00";"1";"06";"06088";"2";"2";"1";"1";"Avenue Henri Matisse";"43,67419000";"7,22127000"
"202400000137";"24";"03";"2024";"20:45";"5";"06";"06029";"2";"2";"1";"3";"Avenue Docteur Raymond Picaud";"43,55049000";"6,99368000"
"202400000138";"24";"03";"2024";"10:30";"1";"06";"06030";"2";"1";"1";"3";"Boulevard Jean Moulin";"43,56517800";"6,96519400"
"202400000139";"24";"03";"2024";"11:50";"1";"05";"05061";"1";"3";"1";"2";"RN 85";"44,57985870";"6,08206987"
"202400000140";"24";"03";"2024";"05:15";"5";"05";"05023";"2";"6";"1";"6";"rue des maisons blanches";"44,88342000";"6,62487000"
"202400000141";"19";"03";"2024";"17:45";"1";"04";"04070";"2";"9";"1";"3";"CUZIN (AV. F.)";"44,08794440";"6,23144444"
"202400000142";"23";"03";"2024";"18:30";"2";"01";"01283";"2";"1";"1";"4";"FRANCE (RUE A. DU 1-5 ET 143 AU158)";"46,26198800";"5,65939800"
"202400000143";"24";"03";"2024";"15:05";"1";"75";"75112";"2";"1";"1";"4";"BD PERIPHERIQUE EXTERIEUR";"48,82714100";"2,39100300"
"202400000144";"24";"03";"2024";"15:00";"1";"75";"75106";"2";"3";"1";"3";"BOULEVARD SAINT GERMAIN";"48,85208700";"2,34031800"
"202400000145";"23";"03";"2024";"21:00";"5";"75";"75116";"2";"1";"2";"2";"ALLEE DE LONGCHAMP";"48,87064600";"2,25936300"
"202400000146";"24";"03";"2024";"14:10";"1";"75";"75114";"2";"2";"1";"3";"BOULEVARD ROMAIN ROLLAND";"48,81994600";"2,32547600"
"202400000147";"24";"03";"2024";"15:30";"1";"75";"75113";"2";"3";"1";"6";"QUAI D IVRY";"48,82635600";"2,38696900"
"202400000148";"24";"03";"2024";"16:44";"1";"75";"75112";"2";"3";"1";"6";"RUE DE BERCY";"48,83860800";"2,38127900"
"202400000149";"24";"03";"2024";"17:15";"1";"75";"75110";"2";"3";"1";"7";"BOULEVARD DE MAGENTA";"48,87583000";"2,35650000"
"202400000150";"24";"03";"2024";"01:45";"5";"75";"75117";"2";"3";"1";"3";"RUE RENNEQUIN";"48,88373300";"2,29531500"
"202400000151";"24";"03";"2024";"00:03";"5";"94";"94078";"2";"3";"1";"3";"Rue de Paris / Rue Jules Verne";"48,74148900";"2,44672000"
"202400000152";"23";"03";"2024";"19:20";"1";"94";"94038";"2";"3";"1";"4";"Avenue du Général Leclerc / Rue des Ecoles";"48,77162000";"2,34723000"
"202400000153";"24";"03";"2024";"16:00";"1";"94";"94017";"2";"2";"1";"3";"Boulevard de Stalingrad / Boulevard Aristide Briand";"48,82169363";"2,49872433"
"202400000154";"24";"03";"2024";"21:40";"5";"93";"93078";"2";"2";"1";"2";"Avenue Georges Clémenceau / Avenue du Rêve";"48,95349000";"2,56263000"
"202400000155";"24";"03";"2024";"08:15";"1";"93";"93078";"2";"1";"1";"2";"Av du Mal de Lattre de Tassigny";"48,96372237";"2,53776401"
"202400000156";"24";"03";"2024";"11:20";"1";"92";"92025";"2";"2";"1";"6";"CHARLES DE GAULLE (BD)";"48,91453588";"2,22917855"
"202400000157";"24";"03";"2024";"15:20";"1";"92";"92009";"2";"1";"1";"6";"ARGENTEUIL ( AVENUE D' )";"48,92537957";"2,27435625"
"202400000158";"21";"03";"2024";"12:11";"1";"72";"72243";"1";"9";"1";"1";"D13";"47,74906300";"0,16045000"
"202400000159";"24";"03";"2024";"16:15";"1";"35";"35167";"1";"1";"1";"6";"La Briqueterie d'Araize";"47,78646531";" -1,27587855"
"202400000160";"25";"03";"2024";"07:15";"1";"974";"97415";"1";"1";"1";"6";"Route Nationale 1";" -20,96343800";"55,30267600"
"202400000161";"8";"08";"2024";"22:53";"3";"69";"69255";"1";"1";"1";"6";"Route d'Yzeron";"45,72452476";"4,62493685"
"202400000162";"24";"03";"2024";"08:02";"1";"35";"35160";"1";"1";"1";"6";"La Providence";"47,93098000";" -2,08443600"
"202400000163";"17";"07";"2024";"19:30";"1";"69";"69132";"1";"2";"1";"1";"Route de Lyon";"45,68396000";"4,41772700"
"202400000164";"24";"03";"2024";"22:50";"3";"26";"26121";"1";"9";"1";"2";"A7";"44,53307400";"4,80244200"
"202400000165";"15";"08";"2024";"15:50";"2";"87";"87167";"1";"1";"1";"6";"RD 56";"45,89224800";"1,45636400"
"202400000166";"24";"03";"2024";"23:30";"3";"86";"86254";"1";"1";"1";"6";"D729";"46,34405100";"0,82826800"
"202400000167";"24";"03";"2024";"22:31";"3";"60";"60430";"1";"1";"1";"6";"Chemin du Prince";"49,32912800";"2,91689300"
"202400000168";"14";"08";"2024";"11:25";"1";"17";"17219";"1";"2";"1";"3";"Rue du Fief Roquee";"45,82804400";" -1,12197300"
"202400000169";"24";"03";"2024";"17:30";"1";"85";"85153";"1";"2";"1";"3";"la Maisonnette de la Lande";"46,80232018";" -1,04102584"
"202400000170";"15";"08";"2024";"18:05";"1";"02";"02684";"2";"4";"1";"1";"47 Rue Edmond Dormoy";"49,91949900";"4,12310200"
"202400000171";"24";"03";"2024";"16:00";"1";"41";"41290";"1";"1";"1";"3";"D957";"47,73363700";"1,14682700"
"202400000172";"13";"08";"2024";"06:40";"1";"57";"57683";"1";"1";"1";"2";"Autoroute A30";"49,29674000";"6,15590000"
"202400000173";"11";"08";"2024";"04:30";"3";"62";"62186";"1";"1";"1";"7";"A21";"50,43513194";"2,72575446"
"202400000174";"24";"03";"2024";"14:40";"1";"83";"83116";"1";"1";"1";"1";"D560";"43,45439500";"5,87657500"
"202400000175";"10";"08";"2024";"19:50";"1";"62";"62771";"1";"1";"1";"2";"A21";"50,43139944";"2,84877460"
"202400000176";"25";"03";"2024";"10:00";"1";"57";"57552";"1";"1";"1";"1";"D913";"49,06316100";"6,18627900"
"202400000177";"14";"08";"2024";"09:35";"1";"93";"93006";"1";"1";"1";"2";"AUTOROUTE A3";"48,86690246";"2,42530059"
"202400000178";"10";"03";"2024";"18:05";"2";"56";"56017";"1";"2";"2";"3";"Croix de Kerihoué";"47,89089900";" -2,71900400"
"202400000179";"21";"07";"2024";"00:20";"3";"95";"95252";"1";"1";"2";"6";"A15";"48,98341557";"2,21876294"
"202400000180";"9";"08";"2024";"05:20";"2";"987";"98735";"2";"1";"1";"7";"PIERRE LOTI (ALLEE)";" -17,53559000";" -149,55550200"
"202400000181";"23";"03";"2024";"13:15";"1";"56";"56243";"2";"3";"1";"3";"29 Route de Nantes";"47,65349600";" -2,73475500"
"202400000182";"13";"08";"2024";"11:07";"1";"976";"97611";"2";"1";"1";"3";"kaweni-Poste ( rue de la )";" -12,77210000";"45,22327000"
"202400000183";"24";"03";"2024";"16:00";"1";"76";"76146";"1";"2";"7";"1";"RD919";"49,57306400";"1,27569600"
"202400000184";"13";"08";"2024";"20:10";"5";"974";"97411";"2";"7";"1";"4";"JAURES (BLD 2 JEAN)";" -20,89337000";"55,47051000"
"202400000185";"24";"03";"2024";"20:40";"3";"80";"80586";"1";"1";"1";"7";"D1015";"49,91234200";"1,68812900"
"202400000186";"23";"03";"2024";"20:45";"5";"65";"65244";"2";"4";"1";"6";"Rue du 11 Novembre";"43,30628700";"0,03419300"
"202400000187";"13";"08";"2024";"08:45";"1";"973";"97302";"2";"3";"1";"5";"BADUEL (ROUTE DE)";"4,93080000";" -52,30555000"
"202400000188";"23";"03";"2024";"16:59";"1";"69";"69267";"1";"1";"1";"3";"Route d’Avenas";"46,17390100";"4,65103800"
"202400000189";"12";"08";"2024";"11:45";"1";"972";"97213";"1";"1";"3";"2";"";"14,61523000";" -61,01390000"
"202400000190";"24";"03";"2024";"06:25";"2";"49";"49218";"2";"1";"1";"6";"703 Les Gastines (Le Puiset-Doré)";"47,25400829";" -1,15093321"
"202400000191";"13";"08";"2024";"02:05";"5";"69";"69382";"2";"9";"1";"6";"9 Quai Perrache";"45,74693000";"4,82889000"
"202400000192";"23";"03";"2024";"15:45";"1";"12";"12052";"1";"1";"1";"1";"D35";"44,55375100";"2,07019300"
"202400000193";"7";"08";"2024";"13:47";"1";100;100037";"1";"1";"1";"2";"TOUTES RUES";"42,62100000";"9,43700000"
"202400000194";"22";"03";"2024";"05:42";"3";"47";"47117";"2";"1";"1";"3";"2 Chemin des Vergers";"44,32364100";"0,78658200"
"202400000195";"12";"08";"2024";"15:52";"1";"971";"97101";"1";"1";"1";"7";"LE RAIZET(SECTEUR)";"16,25337000";" -61,53421000"
"202400000196";"23";"03";"2024";"14:15";"1";"47";"47159";"1";"2";"1";"3";"Route de Calonges";"44,40254500";"0,22337400"
"202400000197";"6";"08";"2024";"09:00";"1";"971";"97107";"2";"3";"1";"3";"GERMAIN ST RUF (AVENUE )";"16,05205000";" -61,56229000"
"202400000198";"22";"03";"2024";"20:00";"3";"47";"47274";"1";"1";"1";"6";"1845 Route de Toulouse";"44,14410821";"0,77873935"
"202400000199";"7";"08";"2024";"20:50";"1";101;101004";"2";"3";"1";"3";"204 Punta Mozza";"41,95234000";"8,77440000"
"202400000200";"21";"03";"2024";"14:57";"1";"34";"34142";"2";"1";"1";"7";"Avenue Paul Teisserenc";"43,73446200";"3,31291400"
"202400000201";"24";"03";"2024";"14:43";"1";"29";"29220";"2";"1";"1";"7";"route départementale 2";"47,85522000";" -4,24067000"
"202400000202";"13";"08";"2024";"17:56";"1";"95";"95127";"2";"1";"1";"6";"ABONDANCE (RUE DE L')";"49,04876300";"2,03417200"
"202400000203";"25";"03";"2024";"00:15";"3";"01";"01225";"1";"1";"1";"7";"Lurcy";"46,06241100";"4,77064700"
"202400000204";"13";"08";"2024";"12:50";"1";"95";"95500";"2";"2";"1";"3";"D915";"49,04483469";"2,07642562"
"202400000205";"22";"03";"2024";"08:00";"1";"14";"14302";"1";"1";"1";"1";"Route de Deauville";"49,27738100";"0,07707600"
"202400000206";"25";"03";"2024";"06:45";"2";"64";"64549";"1";"1";"1";"7";"D716";"43,41784486";" -0,44215682"
"202400000207";"25";"03";"2024";"11:30";"1";"18";"18063";"1";"1";"1";"1";"N/A";"46,87142200";"2,41788300"
"202400000208";"24";"03";"2024";"16:30";"1";"10";"10249";"1";"1";"1";"2";"D619";"48,23968100";"4,30367900"
"202400000209";"24";"03";"2024";"14:45";"1";"07";"07291";"1";"1";"1";"7";"RD 290 - Route touristique des gorges de l'ardèche";"44,36354700";"4,47845200"
"202400000210";"25";"03";"2024";"12:10";"1";"21";"21582";"1";"1";"1";"6";"D974";"46,90391100";"4,69727800"
"202400000211";"24";"03";"2024";"15:40";"1";"85";"85156";"1";"6";"1";"7";"D19";"46,48972000";" -1,44409000"
"202400000212";"23";"03";"2024";"12:05";"1";"85";"85031";"1";"1";"1";"6";"RD 960B";"46,77526000";" -0,89912300"
"202400000213";"23";"03";"2024";"18:44";"2";"27";"27379";"1";"1";"1";"1";"D14";"49,37657800";"1,67905300"
"202400000214";"24";"03";"2024";"17:45";"1";"28";"28325";"1";"3";"1";"1";"D923";"48,44703500";"1,30740900"
"202400000215";"21";"03";"2024";"22:05";"5";"68";"68297";"1";"1";"1";"3";"A35 - PK 126.600";"47,57721500";"7,55994800"
"202400000216";"22";"03";"2024";"12:05";"1";"71";"71556";"1";"1";"1";"6";"D906";"46,26328104";"4,79358159"
"202400000217";"25";"03";"2024";"08:24";"1";"38";"38087";"2";"4";"1";"1";"Avenue Frédéric Mistral";"45,57530000";"4,80799900"
"202400000218";"23";"03";"2024";"17:45";"1";"81";"81271";"2";"1";"1";"3";"Avenue des Terres Noires";"43,76781700";"1,66715400"
"202400000219";"24";"03";"2024";"03:45";"3";"49";"49301";"2";"1";"1";"7";"D146";"47,08605000";" -1,06774400"
"202400000220";"23";"03";"2024";"15:00";"1";"27";"27119";"2";"3";"3";"3";"Grande Rue";"48,93298100";"1,44011000"
"202400000221";"24";"03";"2024";"10:30";"1";"27";"27161";"1";"2";"1";"3";"Rue de Premule";"49,06034900";"0,99917700"
"202400000222";"25";"03";"2024";"06:45";"1";"60";"60321";"1";"1";"1";"1";"D105";"49,22019000";"2,04133300"
"202400000223";"23";"03";"2024";"23:42";"5";"13";"13202";"2";"1";"1";"7";"TVPCD-Sens Les Ports vers Saint Victor";"43,29209000";"5,36580000"
"202400000224";"23";"03";"2024";"21:30";"3";"13";"13033";"1";"1";"1";"2";"A55-Sens Martigues vers Marseille";"43,37594795";"5,20048333"
"202400000225";"24";"03";"2024";"18:01";"1";"33";"33063";"1";"1";"1";"2";"N/A";"44,88457900";" -0,56018000"
"202400000226";"24";"03";"2024";"05:00";"3";"93";"93005";"1";"1";"8";"2";"A1";"48,95729336";"2,46118963"
"202400000227";"24";"03";"2024";"07:00";"1";"95";"95424";"1";"1";"1";"2";"A15";"48,99086233";"2,19412380"
"202400000228";"23";"03";"2024";"17:00";"1";"95";"95527";"1";"1";"2";"2";"A1";"48,99450871";"2,51546055"
"202400000229";"23";"03";"2024";"01:40";"3";"94";"94017";"1";"1";"3";"6";"A4";"48,82648029";"2,52228801"
"202400000230";"16";"03";"2024";"14:50";"1";"44";"44109";"2";"1";"1";"6";"1 Boulevard Salvador Allende";"47,20688936";" -1,57360696"
"202400000231";"15";"03";"2024";"17:10";"1";"44";"44109";"2";"6";"8";"3";"124 Rue de la Gilarderie";"47,18779335";" -1,52066764"
"202400000232";"14";"03";"2024";"06:00";"5";"44";"44109";"2";"1";"8";"6";"14 Boulevard Maréchal Alphonse Juin ";"47,19812680";" -1,59649434"
"202400000233";"14";"03";"2024";"06:45";"5";"44";"44143";"2";"6";"8";"3";"1 Rue du Château de Rezé";"47,17970226";" -1,55868421"
"202400000234";"13";"03";"2024";"19:15";"1";"44";"44109";"2";"2";"8";"3";"24 Bouolevard de la Beaujoire";"47,25824862";" -1,51519405"
"202400000235";"12";"03";"2024";"22:05";"5";"44";"44109";"2";"6";"8";"3";"6 Rue de Rieux";"47,21110324";" -1,54506245"
"202400000236";"11";"03";"2024";"10:00";"1";"44";"44114";"2";"6";"8";"6";"27 Rue Jules Verne";"47,25256521";" -1,61821724"
"202400000237";"22";"03";"2024";"20:46";"5";"75";"75116";"2";"1";"1";"2";"BD PERIPHERIQUE EXTERIEUR";"48,83500600";"2,26134700"
"202400000238";"23";"03";"2024";"11:00";"1";"974";"97416";"1";"1";"1";"1";"LIGNE DES BAMBOUS(ROUTE)";" -21,30720000";"55,49870000"
"202400000239";"23";"03";"2024";"13:50";"1";"974";"97409";"1";"9";"3";"3";"RN2 DIRECTION ST BENT SORTIE PETIT BAZAR";" -20,94375000";"55,64919000"
"202400000240";"22";"03";"2024";"15:14";"1";"973";"97302";"2";"2";"1";"3";"MONTABO (ROUTE DE) 1";"4,94354000";" -52,31873000"
"202400000241";"23";"03";"2024";"13:45";"1";"972";"97213";"1";"9";"1";"6";"AUTOROUTE A1";"14,61580000";" -61,01445000"
"202400000242";"23";"03";"2024";"12:40";"1";"972";"97209";"1";"3";"1";"5";"REDOUTE (ROUTE DE LA)";"14,63921000";" -61,05540000"
"202400000243";"23";"03";"2024";"13:20";"1";"971";"97101";"1";"9";"1";"1";"ROUTE DE BOISVINS";"16,26218000";" -61,49278000"
"202400000244";"23";"03";"2024";"19:35";"5";"95";"95280";"2";"1";"2";"6";"CLEMENT ET LUCIEN MATHERON (RUE)";"49,02430000";"2,46300000"
"202400000245";"23";"03";"2024";"16:30";"1";"95";"95582";"2";"9";"2";"7";"D14";"48,97639070";"2,24555321"
"202400000246";"23";"03";"2024";"12:50";"1";"95";"95563";"2";"9";"1";"6";"JACQUES PREVERT (RUE)";"49,01158306";"2,24338084"
"202400000247";"24";"03";"2024";"00:10";"5";"95";"95218";"2";"6";"1";"2";"D984";"49,03393973";"2,10087545"
"202400000248";"23";"03";"2024";"15:15";"1";"91";"91692";"1";"1";"1";"2";"BRETELLE D ACCES CD 35";"48,67468000";"2,17666000"
"202400000249";"23";"03";"2024";"10:30";"1";"91";"91421";"2";"2";"1";"3";"JEAN JAURES (AVENUE)";"48,71328100";"2,44897300"
"202400000250";"23";"03";"2024";"04:30";"5";"91";"91687";"2";"1";"1";"6";"GENERAL DE GAULLE (AVENUE DU)";"48,67782700";"2,38380900"
"202400000251";"23";"03";"2024";"19:10";"2";"84";"84007";"2";"1";"1";"3";"FRANCOIS 1ER (RUE)";"43,92856000";"4,82097000"
"202400000252";"23";"03";"2024";"19:30";"5";"83";"83137";"2";"1";"1";"3";"15EME CORPS (AVE DU)";"43,12853000";"5,91387000"
"202400000253";"23";"03";"2024";"12:04";"1";"82";"82033";"1";"1";"1";"7";"Route de Gandalou";"44,07586000";"1,12760000"
"202400000254";"23";"03";"2024";"04:30";"3";"79";"79191";"1";"1";"1";"7";"N/A";"46,29246300";" -0,46593000"
"202400000255";"23";"03";"2024";"20:15";"5";"77";"77284";"2";"2";"2";"6";"ALLENDE (AV.SALVADOR)";"48,95753100";"2,88271200"
"202400000256";"22";"03";"2024";"13:55";"1";"77";"77186";"1";"6";"1";"7";"RD607 de Barbizon à pavé du roi";"48,43023000";"2,66104000"
"202400000257";"22";"03";"2024";"18:10";"2";"74";"74012";"2";"3";"1";"3";"FERRY (AVENUE JULES)";"46,19188000";"6,23676000"
"202400000258";"22";"03";"2024";"15:55";"1";"74";"74012";"2";"1";"1";"2";"MOLE (RUE DU)";"46,19783000";"6,23636000"
"202400000259";"23";"03";"2024";"15:50";"1";"69";"69275";"2";"9";"1";"3";"9 Avenue Jean Jaurès";"45,76787000";"4,93755000"
"202400000260";"23";"03";"2024";"21:05";"5";"69";"69029";"2";"1";"2";"6";"64 Avenue Camille Rousset";"45,73591000";"4,91203000"
"202400000261";"23";"03";"2024";"16:05";"1";"67";"67447";"2";"1";"8";"6";"BISCHWILLER (ROUTE DE)";"48,60800000";"7,75000000"
"202400000262";"24";"03";"2024";"00:10";"3";"64";"64125";"1";"1";"1";"6";"AHETZE (ROUTE)";"43,43140000";" -1,57619000"
"202400000263";"23";"03";"2024";"20:25";"5";"64";"64122";"2";"3";"1";"3";"MARCEL DASSAULT (BD)";"43,45668000";" -1,55097000"
"202400000264";"23";"03";"2024";"18:40";"1";"64";"64102";"2";"1";"1";"2";"GRENET (AVENUE HENRI)";"43,50232000";" -1,47696000"
"202400000265";"23";"03";"2024";"13:25";"1";"64";"64024";"2";"1";"1";"6";"LAPORTE (AVENUE JEAN LEON)";"43,48913749";" -1,49956405"
"202400000266";"23";"03";"2024";"09:40";"1";"59";"59508";"2";"1";"1";"6";"FLANDRES (RESIDENCE DES)";"50,74590000";"3,12267000"
"202400000267";"23";"03";"2024";"23:50";"5";"59";"59650";"2";"1";"1";"6";"UNION (RUE DE L')";"50,71151000";"3,17578000"
"202400000268";"23";"03";"2024";"01:10";"5";"59";"59378";"2";"1";"1";"6";"REPUBLIQUE AV DE LA ( N°501-825)";"50,65260600";"3,08243200"
"202400000269";"23";"03";"2024";"13:00";"1";"56";"56121";"2";"6";"1";"2";"Rond-point de la Base de sous-marins";"47,73530000";" -3,37435000"
"202400000270";"23";"03";"2024";"07:15";"1";"56";"56083";"2";"3";"1";"3";"Avenue de la République";"47,80076000";" -3,28520000"
"202400000271";"23";"03";"2024";"19:10";"1";"49";"49007";"2";"1";"1";"6";"VALERY PAUL RUE ET SQUARE";"47,48868000";" -0,52906000"
"202400000272";"22";"03";"2024";"14:11";"1";"45";"45234";"2";"6";"1";"3";"1 Rue Eugène Vignat";"47,90589000";"1,90980000"
"202400000273";"23";"03";"2024";"13:36";"1";"45";"45004";"2";"1";"8";"3";"D2701 PR 1 + 300";"47,98262000";"2,73282000"
"202400000274";"23";"03";"2024";"16:45";"1";"43";"43041";"2";"1";"1";"2";"2 Rue de Genebret";"45,05172000";"3,91137000"
"202400000275";"19";"09";"2024";"11:45";"1";"27";"27229";"2";"1";"1";"6";"OURSEL (RUE DU DOCTEUR)";"49,02650000";"1,14784000"
"202400000276";"18";"09";"2024";"22:40";"5";"26";"26362";"2";"2";"1";"1";"Rue Jean-Louis Barrault";"44,93202000";"4,89880000"
"202400000277";"19";"09";"2024";"08:00";"1";"25";"25204";"1";"1";"1";"3";"Point du Jour  (rue du)";"46,92433000";"6,35612000"
"202400000278";"19";"09";"2024";"15:15";"1";"25";"25056";"2";"3";"1";"4";"EDISON RUE THOMAS";"47,23185000";"5,97057000"
"202400000279";"19";"09";"2024";"15:00";"1";"25";"25056";"2";"1";"1";"6";"VIGNY  RUE ALFRED";"47,21763000";"5,96429000"
"202400000280";"19";"09";"2024";"08:05";"1";"25";"25056";"2";"1";"1";"6";"OBSERVATOIRE AVENUE DE L'";"47,24654000";"5,99745700"
"202400000281";"19";"09";"2024";"19:44";"2";"13";"13039";"2";"2";"1";"3";"BLANC (Chemin de)";"43,45790000";"4,92827000"
"202400000282";"19";"09";"2024";"19:00";"2";"13";"13213";"2";"1";"1";"3";"SAINT PAUL (AVENUE)";"43,32944000";"5,40691000"
"202400000283";"18";"09";"2024";"22:47";"5";"13";"13216";"2";"1";"1";"2";"LITTORAL (CHEMIN DU)";"43,35363000";"5,32885000"
"202400000284";"18";"09";"2024";"07:55";"1";"11";"11262";"2";"1";"1";"3";"177 Avenue de Saint Augustin";"43,19814400";"2,97321800"
"202400000285";"18";"09";"2024";"17:22";"1";"10";"10387";"2";"1";"1";"1";"Avenue des Lombards";"48,27800000";"4,06760000"
"202400000286";"18";"09";"2024";"17:56";"1";"10";"10357";"2";"1";"1";"6";"CELESTIN PHILBOIS (RUE)";"48,30160000";"4,10920000"
"202400000287";"18";"09";"2024";"12:14";"1";"10";"10387";"2";"1";"1";"6";"Rue Bernard de Clairvaux";"48,30720000";"4,06320000"
"202400000288";"18";"09";"2024";"10:13";"1";"10";"10387";"2";"1";"1";"6";"CLOITRE ST ETIENNE (RUE DU)";"48,29730000";"4,08136000"
"202400000289";"18";"09";"2024";"14:30";"1";"06";"06029";"2";"1";"1";"1";"2 Avenue Docteur Raymond Picaud";"43,55098000";"7,00623000"
"202400000290";"19";"09";"2024";"08:07";"1";"01";"01053";"2";"3";"1";"3";"MARBOZ (AVENUEDE - PAIRS)";"46,22268000";"5,22867000"
"202400000291";"19";"09";"2024";"08:50";"1";"01";"01053";"2";"1";"1";"5";"LYON (AVENUE DE - N° PAIRS)";"46,19487000";"5,21487000"
"202400000292";"18";"09";"2024";"19:40";"2";"01";"01053";"2";"1";"1";"3";"rue abbé cottard josserand";"46,20337800";"5,20945100"
"202400000293";"19";"09";"2024";"17:50";"1";"75";"75112";"2";"1";"1";"2";"BD PERIPHERIQUE INTERIEUR";"48,82758100";"2,39214500"
"202400000294";"18";"09";"2024";"18:30";"1";"75";"75115";"2";"1";"1";"3";"BD PERIPHERIQUE INTERIEUR ";"48,83153400";"2,28296200"
"202400000295";"18";"09";"2024";"17:20";"1";"75";"75112";"2";"4";"1";"5";"BD PERIPHERIQUE EXTERIEUR ";"48,82674789";"2,39000380"
"202400000296";"18";"09";"2024";"16:30";"1";"75";"75114";"2";"1";"1";"2";"BD PERIPHERIQUE EXTERIEUR ";"48,82342500";"2,31027400"
"202400000297";"19";"09";"2024";"18:50";"2";"75";"75105";"2";"1";"1";"7";"RUE BUFFON";"48,84229800";"2,36022200"
"202400000298";"13";"02";"2024";"07:30";"2";"33";"33003";"1";"1";"5";"4";"N/A";"44,93018200";" -0,46948300"
"202400000299";"19";"09";"2024";"17:15";"1";"75";"75120";"2";"2";"1";"3";"AVENUE GAMBETTA";"48,86495900";"2,39727300"
"202400000300";"12";"02";"2024";"08:25";"1";"33";"33192";"1";"1";"2";"3";"N/A";"44,78990300";" -0,60638800"
"202400000301";"18";"09";"2024";"16:15";"1";"75";"75120";"2";"1";"1";"6";"BOULEVARD DAVOUT";"48,86136600";"2,40937200"
"202400000302";"19";"09";"2024";"13:41";"1";"75";"75119";"2";"7";"1";"3";"PLACE AUGUSTE BARON";"48,90016100";"2,38856200"
"202400000303";"13";"02";"2024";"08:34";"1";"91";"91661";"1";"1";"1";"5";"AUTOROUTE A10";"48,70087000";"2,24680000"
"202400000304";"19";"09";"2024";"06:20";"5";"75";"75119";"2";"1";"1";"2";"BOULEVARD SERURIER";"48,89523500";"2,39417000"
"202400000305";"13";"02";"2024";"08:49";"1";"92";"92048";"1";"1";"1";"2";"N118";"48,78772156";"2,22217275"
"202400000306";"11";"02";"2024";"05:28";"3";"95";"95241";"1";"1";"1";"3";"N104";"49,05106981";"2,42975401"
"202400000307";"18";"09";"2024";"22:10";"5";"75";"75119";"2";"2";"1";"3";"AVENUE CORENTIN CARIOU";"48,89822000";"2,38601500"
"202400000308";"10";"02";"2024";"06:00";"3";"95";"95018";"1";"1";"1";"2";"A15";"48,96243185";"2,26642636"
"202400000309";"19";"09";"2024";"20:50";"5";"75";"75118";"2";"2";"1";"3";"RUE BACHELET";"48,88932600";"2,34467400"
"202400000310";"13";"02";"2024";"20:40";"3";"94";"94018";"1";"1";"2";"4";"A4";"48,82253799";"2,39690691"
"202400000311";"19";"09";"2024";"18:55";"1";"75";"75117";"2";"3";"1";"1";"RUE DE SAUSSURE";"48,88924400";"2,30743900"
"202400000312";"13";"02";"2024";"14:05";"1";"94";"94028";"1";"1";"1";"6";"A86";"48,78379001";"2,44037032"
"202400000313";"19";"09";"2024";"08:00";"1";"75";"75116";"2";"7";"1";"2";"PLACE VICTOR HUGO";"48,86964800";"2,28505400"
"202400000314";"19";"09";"2024";"18:15";"1";"75";"75113";"2";"1";"1";"6";"RUE JENNER";"48,83559600";"2,36171400"
"202400000315";"12";"02";"2024";"04:25";"3";"974";"97407";"1";"1";"1";"3";"ROUTE NATIONALE N° 1";" -20,95051000";"55,31940000"
"202400000316";"19";"09";"2024";"08:29";"1";"75";"75113";"2";"2";"1";"3";"AVENUE LEON BOLLEE";"48,81802700";"2,36036500"
"202400000317";"11";"02";"2024";"21:08";"3";"974";"97407";"2";"1";"1";"6";"MARINE(BOULEVARD)";" -20,94929000";"55,28525000"
"202400000318";"19";"09";"2024";"16:45";"1";"75";"75110";"2";"3";"1";"7";"BOULEVARD DE MAGENTA";"48,87553000";"2,35671900"
"202400000319";"11";"02";"2024";"21:40";"3";"973";"97302";"2";"2";"1";"6";"VOLTAIRE(AVENUE)";"4,94235617";" -52,32241184"
"202400000320";"19";"09";"2024";"09:16";"1";"75";"75107";"2";"2";"7";"3";"AVENUE DE TOURVILLE";"48,85410700";"2,30639600"
"202400000321";"19";"09";"2024";"19:40";"2";"75";"75103";"2";"2";"1";"3";"RUE BEAUBOURG";"48,86374900";"2,35487800"
"202400000322";"12";"02";"2024";"20:50";"3";"69";"69383";"2";"2";"1";"3";"Rue Saint Maximin";"45,74889000";"4,86813000"
"202400000323";"12";"02";"2024";"19:50";"1";"69";"69388";"2";"1";"1";"6";"Rue Antoine Lumière";"45,74080744";"4,86809596"
"202400000324";"19";"09";"2024";"09:50";"1";"75";"75102";"2";"2";"1";"6";"RUE DU QUATRE SEPTEMBRE";"48,86954100";"2,33678300"
"202400000325";"12";"02";"2024";"08:00";"1";"972";"97209";"2";"9";"1";"6";"GENERAL DE GAULLE (BLD DU)";"14,60635000";" -61,06600000"
"202400000326";"17";"09";"2024";"16:56";"1";"94";"94081";"2";"3";"1";"3";"Quai Jules Guesde";"48,78805000";"2,42073300"
"202400000327";"12";"02";"2024";"07:41";"1";"69";"69382";"2";"1";"1";"7";"Place Carnot";"45,75010000";"4,82740000"
"202400000328";"19";"09";"2024";"15:00";"1";"94";"94076";"2";"1";"1";"3";"Rue des Villas";"48,78458000";"2,36632000"
"202400000329";"12";"02";"2024";"08:05";"1";"69";"69384";"2";"4";"1";"6";"Avenue de Birmingham";"45,77444000";"4,81265000"
"202400000330";"19";"09";"2024";"18:00";"1";"94";"94041";"2";"1";"1";"6";"Rue Carnot";"48,80822400";"2,37146200"
"202400000331";"12";"02";"2024";"15:00";"1";"95";"95585";"1";"1";"1";"6";"GARGES (ROUTE DE)";"48,98781000";"2,38065000"
"202400000332";"19";"09";"2024";"16:30";"1";"94";"94034";"2";"2";"1";"3";"Boulevard Jean Jaurès";"48,75398300";"2,31277200"
"202400000333";"12";"02";"2024";"10:15";"1";"95";"95280";"2";"2";"1";"3";"ALBERT SARRAUT (AVENUE)";"49,03091846";"2,45953202"
"202400000334";"19";"09";"2024";"11:30";"1";"94";"94021";"2";"1";"1";"3";"rue de chateaurenard";"48,76449000";"2,35238100"
"202400000335";"12";"02";"2024";"10:35";"1";"95";"95219";"2";"6";"1";"3";"D508";"48,98068809";"2,25074736"
"202400000336";"18";"09";"2024";"13:50";"1";"94";"94034";"2";"1";"1";"4";"Avenue de la Division Leclerc";"48,75902000";"2,32476000"
"202400000337";"12";"02";"2024";"08:15";"1";"91";"91103";"2";"4";"2";"1";"RD 133";"48,62451000";"2,29754000"
"202400000338";"18";"09";"2024";"13:00";"1";"94";"94054";"2";"3";"7";"3";"Rue du Noyer Grenot";"48,74855000";"2,40144000"
"202400000339";"12";"02";"2024";"17:35";"5";"91";"91689";"1";"1";"2";"4";"RD 118";"48,71472000";"2,33038000"
"202400000340";"18";"09";"2024";"19:15";"2";"94";"94079";"2";"2";"1";"3";"Boulevard Jean Monnet";"48,83500700";"2,54721400"
"202400000341";"18";"09";"2024";"09:30";"1";"94";"94017";"2";"1";"1";"1";"Rue Jean Jaurès";"48,81495915";"2,50671530"
"202400000342";"19";"09";"2024";"17:20";"1";"93";"93066";"2";"9";"1";"2";"BROSSOLETTE PIERRE NR 2 A 18";"48,94170647";"2,34823425"
"202400000343";"19";"09";"2024";"01:05";"5";"93";"93050";"2";"2";"1";"3";"PAUL DOUMER (AVENUE)";"48,85892000";"2,52070000"
"202400000344";"19";"09";"2024";"17:47";"1";"93";"93046";"2";"2";"1";"3";"ROBERT SCHUMANN BOULEVARD";"48,92816000";"2,54944000"
"202400000345";"19";"09";"2024";"12:45";"1";"93";"93046";"2";"2";"1";"3";"EDOUARD VAILLANT BOULEVARD";"48,91383914";"2,51563847"
"202400000346";"19";"09";"2024";"08:07";"1";"93";"93010";"2";"1";"1";"6";"AULNAY (ROUTE) COTE PAIRE DE 2 A FIN";"48,90623767";"2,48029804"
"202400000347";"19";"09";"2024";"09:03";"1";"93";"93057";"2";"1";"1";"3";"BRIAND ( AV.  ARISTIDE) 93 A 175";"48,90974427";"2,50647426"
"202400000348";"19";"09";"2024";"13:24";"1";"93";"93008";"2";"1";"1";"6";"ALLENDE (AVE DU P. SALVADOR)";"48,90667000";"2,44561000"
"202400000349";"19";"09";"2024";"14:20";"1";"93";"93007";"2";"1";"1";"4";"""PIERRE SEMARD (RUE """"COTE PAIRS"""")""";"48,93337658";"2,47726607"
"202400000350";"19";"09";"2024";"13:50";"1";"93";"93007";"2";"1";"1";"6";"MARNE (AVENUE DE LA)";"48,92525961";"2,46302569"
"202400000351";"19";"09";"2024";"08:30";"1";"93";"93005";"2";"2";"1";"3";"HENRI BARBUSSE (RUE)";"48,92915862";"2,48936302"
"202400000352";"19";"09";"2024";"14:25";"1";"92";"92050";"2";"1";"1";"6";"SEINE BOULEVARD DE";"48,89952975";"2,19508030"
"202400000353";"18";"09";"2024";"15:50";"1";"92";"92020";"2";"1";"1";"6";"VERDUN AVENUE DE N°2 A 28";"48,80388034";"2,28835076"
"202400000354";"19";"09";"2024";"02:15";"5";"92";"92023";"2";"2";"1";"6";"CLAUDE TREBIGNAUD (AVENUE) BOIS S102";"48,78953389";"2,25255176"
"202400000355";"19";"09";"2024";"09:05";"1";"92";"92012";"2";"1";"1";"3";"JEAN JAURES (BOULEVARD) 1/61 - COTE IMPA";"48,84453981";"2,23744377"
"202400000356";"19";"09";"2024";"07:30";"1";"39";"39120";"1";"1";"1";"6";"N/A";"46,66662300";"5,92373500"
"202400000357";"20";"09";"2024";"11:15";"1";"01";"01322";"1";"3";"1";"1";"D4";"45,93771200";"4,86969500"
"202400000358";"20";"09";"2024";"16:28";"1";"06";"06114";"2";"1";"1";"7";"14 Chemin du Plan";"43,73703400";"7,28865100"
"202400000359";"19";"09";"2024";"11:03";"1";"18";"18233";"2";"3";"1";"5";"Avenue de Fontenay";"47,33954600";"2,84832400"
"202400000360";"19";"09";"2024";"07:46";"1";"71";"71383";"1";"1";"1";"5";"A6 PK 375+100- sens PARIS/LYON";"46,41742400";"4,86386400"
"202400000361";"19";"09";"2024";"12:20";"1";"68";"68175";"1";"1";"1";"1";"D415";"48,15329082";"7,20782849"
"202400000362";"19";"09";"2024";"23:45";"3";"972";"97210";"2";"1";"1";"7";"N6";"14,61223900";" -60,92459700"
"202400000363";"19";"09";"2024";"04:00";"3";"63";"63206";"1";"1";"1";"6";"D50";"45,94027642";"2,96265979"
"202400000364";"18";"09";"2024";"23:00";"5";"30";"30209";"1";"1";"1";"7";"Route de Four";"44,00494900";"4,78611700"
"202400000365";"18";"09";"2024";"17:00";"1";101;101130";"1";"1";"2";"1";"T40";"41,87632000";"8,94699100"
"202400000366";"20";"09";"2024";"11:55";"1";"63";"63374";"1";"1";"1";"3";"CD 996";"45,53109400";"3,80337200"
"202400000367";"19";"09";"2024";"11:05";"1";"12";"12243";"2";"2";"7";"6";"7 Avenue de la Liberte";"44,01175700";"2,96592200"
"202400000368";"17";"09";"2024";"12:00";"1";"47";"47058";"2";"1";"1";"6";"Cap du Bosc";"44,26609874";"0,24042537"
"202400000369";"19";"09";"2024";"15:50";"1";"25";"25464";"1";"3";"1";"7";"D46";"46,72348200";"6,17929700"
"202400000370";"20";"09";"2024";"07:25";"1";"44";"44213";"1";"9";"1";"1";"Route des mines (La Rouxière)";"47,40006700";" -1,03788600"
"202400000371";"20";"09";"2024";"07:40";"1";"31";"31592";"1";"1";"2";"1";"905 Route de Saint Paul sur Save";"43,73746100";"1,24369700"
"202400000372";"18";"09";"2024";"17:15";"1";"38";"38043";"1";"3";"1";"3";"D1075";"45,44773500";"5,56607700"
"202400000373";"20";"09";"2024";"15:30";"1";"15";"15181";"2";"3";"1";"3";"RD 663";"44,68911300";"2,22727400"
"202400000374";"20";"09";"2024";"01:15";"3";"01";"01179";"2";"1";"1";"1";"Route de Pont de Veyle";"46,26274300";"4,85694200"
"202400000375";"14";"09";"2024";"18:00";"1";"14";"14062";"1";"6";"1";"6";"D79";"49,30323700";" -0,43708200"
"202400000376";"20";"09";"2024";"06:45";"1";"10";"10426";"2";"1";"1";"1";"Allee Guy Girardot";"48,14436700";"4,77925100"
"202400000377";"19";"09";"2024";"20:40";"3";"36";"36088";"2";"2";"1";"3";"Rue des Lilas";"46,93973700";"2,00108100"
"202400000378";"19";"09";"2024";"07:45";"2";"07";"07302";"1";"2";"5";"1";"Route de Meysse";"44,66149900";"4,70636800"
"202400000379";"20";"09";"2024";"16:50";"1";"53";"53097";"1";"1";"1";"3";"la Béardière";"48,17050800";" -0,40321600"
"202400000380";"20";"09";"2024";"14:00";"1";"27";"27467";"2";"1";"1";"3";"Rue des Déportés";"49,35458400";"0,51787600"
"202400000381";"9";"09";"2024";"08:45";"1";"27";"27198";"1";"3";"1";"6";"D51";"48,86022200";"1,06616200"
"202400000382";"19";"09";"2024";"17:45";"1";"28";"28032";"1";"2";"1";"1";"D336";"48,30003900";"1,63619000"
"202400000383";"20";"09";"2024";"06:31";"4";"30";"30006";"1";"6";"1";"7";"RD613";"43,69439000";"4,20271000"
"202400000384";"19";"09";"2024";"17:35";"1";"08";"08230";"1";"1";"1";"7";"D322";"49,81637933";"4,66788054"
"202400000385";"18";"09";"2024";"21:15";"5";"06";"06085";"1";"1";"1";"1";"400 Avenue Saint Martin";"43,60762800";"6,98559300"
"202400000386";"19";"09";"2024";"17:40";"1";"89";"89441";"1";"1";"1";"7";"A6";"47,70031800";"3,81025500"
"202400000387";"19";"09";"2024";"08:10";"1";"38";"38064";"1";"1";"1";"6";"A43 - PK 43.700";"45,56284195";"5,37125692"
"202400000388";"18";"09";"2024";"17:30";"1";"77";"77095";"2";"2";"1";"3";"17 Rue de la Mairie";"48,96886100";"2,75774500"
"202400000389";"20";"09";"2024";"08:00";"1";"77";"77100";"2";"2";"1";"1";"Rue du 26 Août 1944";"48,50529600";"2,79145000"
"202400000390";"19";"09";"2024";"18:25";"1";"95";"95002";"1";"1";"1";"6";"D14";"49,07127906";"1,96532127"
"202400000391";"18";"09";"2024";"18:41";"1";"34";"34058";"1";"6";"7";"2";"M610/M65";"43,66805400";"3,97576300"
"202400000392";"20";"09";"2024";"17:45";"1";"83";"83016";"1";"3";"1";"3";"Dn8";"43,18579400";"5,81877400"
"202400000393";"19";"09";"2024";"23:15";"3";"13";"13034";"1";"1";"1";"6";"cd 99";"43,78532400";"4,92943900"
"202400000394";"19";"09";"2024";"20:20";"3";"70";"70022";"1";"4";"1";"6";"D39";"47,46958600";"5,78788300"
"202400000395";"8";"06";"2024";"16:45";"1";"38";"38369";"1";"9";"1";"3";"Chemin de Cambade";"45,53664100";"5,45020600"
"202400000396";"18";"09";"2024";"19:30";"1";"70";"70120";"2";"1";"1";"1";"23 Rue Jean Jaurès";"47,68954500";"6,64479100"
"202400000397";"20";"09";"2024";"16:54";"1";"21";"21217";"1";"1";"7";"7";"D116";"47,19788700";"4,90405700"
"202400000398";"8";"06";"2024";"23:05";"3";"07";"07264";"1";"1";"1";"6";"201";"44,33765500";"4,61043800"
"202400000399";"19";"09";"2024";"16:55";"1";"08";"08122";"1";"6";"1";"7";"D46da";"50,11815300";"4,78967700"
"202400000400";"20";"09";"2024";"06:45";"2";"38";"38110";"1";"3";"1";"3";"Route du Soleil";"45,58473500";"4,86037700"
"202400000401";"8";"06";"2024";"12:45";"1";"01";"01027";"1";"1";"1";"3";"Rue de Jons";"45,81895400";"5,09301900"
"202400000402";"9";"06";"2024";"05:40";"3";"69";"69272";"1";"1";"1";"6";"Route Départementale 307b";"45,58853056";"4,82792004"
"202400000403";"19";"09";"2024";"21:55";"3";"85";"85088";"1";"1";"1";"1";"RD32";"46,71965000";" -1,86746350"
"202400000404";"18";"09";"2024";"16:54";"1";"44";"44047";"2";"1";"1";"1";"35 Rue de la Lionnière";"47,21679000";" -1,69668300"
"202400000405";"8";"06";"2024";"23:20";"3";"81";"81105";"1";"3";"1";"3";"D964 Route de Gaillac";"43,77974040";"1,99041810"
"202400000406";"9";"06";"2024";"03:30";"3";"17";"17093";"2";"1";"1";"7";"Rue du Moulin";"45,87884300";" -1,22438500"
"202400000407";"19";"09";"2024";"09:35";"1";"27";"27602";"2";"1";"1";"2";"Rue du Buisson";"49,01707600";"1,09797200"
"202400000408";"7";"06";"2024";"17:30";"1";"22";"22176";"1";"3";"1";"7";"La Ville Folle";"48,46536300";" -2,74648500"
"202400000409";"19";"09";"2024";"16:55";"1";"62";"62604";"2";"2";"1";"3";"Avenue des Troënes";"50,63651503";"1,58420321"
"202400000410";"9";"06";"2024";"16:30";"1";"76";"76399";"1";"1";"1";"7";"D1314";"49,78379600";"1,44640800"
"202400000411";"19";"09";"2024";"09:05";"1";"13";"13210";"1";"1";"1";"2";"A50-Sens Marseille vers Aubagne";"43,28616401";"5,42968295"
"202400000412";"8";"06";"2024";"22:20";"5";"33";"33003";"1";"1";"1";"6";"N/A";"44,92829000";" -0,47047000"
"202400000413";"18";"09";"2024";"01:41";"3";"13";"13005";"1";"1";"1";"1";"A501-Aubagne Pont de l'Etoile";"43,31920820";"5,59172330"
"202400000414";"8";"06";"2024";"05:50";"1";"91";"91479";"1";"1";"1";"6";"TUNNEL ORLY Y (PARAY VP) PK 2.6-3.6";"48,72748247";"2,36881971"
"202400000415";"18";"09";"2024";"16:20";"1";"83";"83137";"1";"1";"1";"4";"A57";"43,12324819";"5,95888522"
"202400000416";"8";"06";"2024";"17:49";"1";"92";"92063";"1";"1";"1";"4";"A86";"48,87144806";"2,15681022"
"202400000417";"19";"09";"2024";"18:00";"1";"33";"33318";"1";"1";"1";"4";"N/A";"44,80936400";" -0,67014900"
"202400000418";"8";"06";"2024";"18:20";"1";"78";"78640";"1";"1";"1";"2";"A86 INT";"48,77830000";"2,21961000"
"202400000419";"8";"06";"2024";"11:55";"1";"78";"78043";"1";"1";"1";"6";"A12 W";"48,83958700";"2,09410700"
"202400000420";"19";"09";"2024";"17:30";"1";"33";"33143";"1";"1";"7";"5";"N/A";"44,95543400";" -0,45344500"
"202400000421";"7";"06";"2024";"17:10";"1";"78";"78362";"1";"1";"1";"4";"A13";"48,97722000";"1,71472000"
"202400000422";"19";"09";"2024";"09:10";"1";"91";"91179";"1";"1";"1";"4";"AUTOROUTE A6";"48,56409000";"2,47764000"
"202400000423";"7";"06";"2024";"22:50";"5";"92";"92051";"1";"1";"1";"1";"N13";"48,88529699";"2,25900195"
"202400000424";"19";"09";"2024";"07:49";"1";"91";"91689";"1";"1";"1";"2";"AUTOROUTE A6B";"48,74927000";"2,32842000"
"202400000425";"7";"06";"2024";"21:40";"2";"78";"78646";"1";"1";"1";"6";"RN12";"48,78880900";"2,13280100"
"202400000426";"19";"09";"2024";"08:30";"1";"91";"91661";"1";"1";"1";"3";"AUTOROUTE A10";"48,69253000";"2,22690000"
"202400000427";"7";"06";"2024";"15:20";"1";"78";"78117";"1";"1";"1";"4";"RN12";"48,78787200";"2,14414100"
"202400000428";"19";"09";"2024";"07:15";"1";"91";"91534";"1";"1";"1";"6";"RN 118";"48,72179000";"2,16860000"
"202400000429";"8";"06";"2024";"14:00";"1";"95";"95060";"1";"1";"1";"6";"A115";"49,04248195";"2,18872193"
"202400000430";"19";"09";"2024";"09:10";"1";"78";"78322";"1";"1";"1";"2";"A86 EXT";"48,78049000";"2,17614000"
"202400000431";"8";"06";"2024";"00:20";"3";"93";"93066";"1";"1";"1";"4";"A1";"48,91936344";"2,35754643"
"202400000432";"18";"09";"2024";"12:10";"1";"92";"92063";"1";"1";"1";"7";"A86";"48,88731444";"2,16647223"
"202400000433";"7";"06";"2024";"08:00";"1";"77";"77249";"1";"1";"1";"3";"RN104";"48,75478200";"2,61509700"
"202400000434";"18";"09";"2024";"09:18";"1";"92";"92048";"1";"1";"1";"2";"N118";"48,78863647";"2,22152707"
"202400000435";"7";"06";"2024";"13:00";"1";"974";"97416";"1";"1";"1";"6";"MOURGAPAMODELLY (IMPASSE)";" -21,30737000";"55,43012000"
"202400000436";"18";"09";"2024";"15:50";"1";"93";"93008";"1";"1";"1";"3";"AUTOROUTE A86";"48,91212000";"2,43808000"
"202400000437";"6";"06";"2024";"13:55";"1";"974";"97411";"2";"9";"1";"4";"BOIS DE NEFLES (RUE DU)";" -20,88882000";"55,45698000"
"202400000438";"18";"09";"2024";"09:00";"1";"93";"93010";"1";"1";"1";"3";"AUTOROUTE A3";"48,91057775";"2,47509637"
"202400000439";"18";"09";"2024";"01:50";"3";"92";"92036";"1";"1";"1";"4";"AUTOROUTE A86";"48,93851705";"2,30001759"
"202400000440";"16";"09";"2024";"22:00";"3";"95";"95582";"1";"1";"1";"2";"A15";"48,97105157";"2,24878136"
"202400000441";"19";"09";"2024";"15:30";"1";"75";"75112";"1";"1";"1";"4";"A4";"48,81812100";"2,45636900"
"202400000442";"19";"09";"2024";"07:25";"2";"94";"94042";"1";"1";"1";"3";"A4";"48,82743426";"2,46915402"
"202400000443";"18";"09";"2024";"13:30";"1";"77";"77517";"1";"1";"1";"3";"A104.EXT";"48,90805024";"2,63854941"
"202400000444";"18";"09";"2024";"12:30";"1";"94";"94018";"1";"1";"1";"2";"A4";"48,81766797";"2,41481141"
"202400000445";"16";"09";"2024";"22:45";"3";"94";"94069";"1";"1";"1";"4";"A4";"48,81730019";"2,42507684"
"202400000446";"18";"07";"2024";"09:40";"1";"74";"74012";"2";"6";"1";"3";"VALLEES (ROUTE DES)";"46,19146000";"6,25029000"
"202400000447";"30";"05";"2024";"13:10";"1";"14";"14117";"2";"6";"1";"3";"50 Avenue de la Brèche Buhot";"49,28762500";" -0,12312700"
"202400000448";"18";"07";"2024";"09:15";"1";"14";"14734";"1";"2";"1";"3";"Route des Bois Feuilleux";"49,13637300";" -0,59074600"
"202400000449";"1";"05";"2024";"07:30";"1";"971";"97113";"1";"1";"2";"1";"SECTION TOMBEAU";"16,22795000";" -61,47581000"
"202400000450";"25";"06";"2024";"11:40";"1";"38";"38421";"2";"1";"1";"2";"AVENUE MARCEL CACHIN";"45,16356000";"5,75136000"
"202400000451";"1";"02";"2024";"22:11";"5";"971";"97113";"2";"1";"1";"6";"GENERAL DE GAULLE (AVENUE)";"16,20592000";" -61,49305000"
"202400000452";"16";"06";"2024";"23:25";"3";"38";"38317";"1";"1";"1";"2";"A 480";"45,13396771";"5,69008373"
"202400000453";"18";"02";"2024";"12:05";"1";"13";"13056";"2";"3";"1";"1";"CANTO PERDRIX AVENUE DE";"43,41831000";"5,05101000"
"202400000454";"1";"05";"2024";"22:40";"5";101;101004";"2";"2";"1";"3";"#Les Salines#";"41,93399480";"8,75053927"
"202400000455";"6";"06";"2024";"16:30";"1";"13";"13056";"2";"6";"1";"3";"ISTRES ROUTE D'";"43,42977000";"5,04702000"
"202400000456";"30";"05";"2024";"11:20";"1";"13";"13056";"2";"1";"1";"2";"PORT DE BOUC ROUTE DE";"43,41118000";"5,02338000"
"202400000457";"1";"05";"2024";"18:20";"1";"95";"95277";"2";"1";"1";"1";"GONESSE A VILLEPINTE (CHEMIN DE)";"48,97913023";"2,48534560"
"202400000458";"26";"05";"2024";"17:20";"1";"13";"13056";"2";"9";"1";"3";"MOULET AVENUE CHARLES";"43,40930000";"5,02223000"
"202400000459";"1";"05";"2024";"18:00";"1";"95";"95582";"2";"6";"1";"3";"BOULEAUX (ALLEE DES)";"48,96731998";"2,27321886"
"202400000460";"9";"07";"2024";"18:45";"1";"75";"75107";"2";"3";"1";"6";"BOULEVARD DES INVALIDES";"48,85613500";"2,31508000"
"202400000461";"1";"05";"2024";"08:30";"1";"91";"91457";"2";"1";"1";"7";"DEVI DU CD 19";"48,57691000";"2,28225000"
"202400000462";"20";"07";"2024";"19:15";"1";"57";"57289";"1";"1";"1";"7";"N61";"49,08431700";"7,02997300"
"202400000463";"2";"05";"2024";"02:15";"3";"84";"84007";"1";"1";"2";"7";"C.De GAULLE (Rocade)";"43,94429000";"4,83457000"
"202400000464";"18";"09";"2024";"16:30";"1";"974";"97411";"2";"1";"1";"3";"CHAMP FLEURI";" -20,88715000";"55,46540000"
"202400000465";"18";"09";"2024";"13:10";"1";"974";"97411";"2";"2";"1";"3";"LABOURDONNAIS";" -20,87663000";"55,44787000"
"202400000466";"30";"04";"2024";"19:20";"1";"79";"79191";"2";"5";"8";"3";"N/A";"46,32693200";" -0,46408000"
"202400000467";"17";"09";"2024";"06:30";"2";"973";"97302";"2";"3";"1";"7";"RABAN (ROUTE DE)";"4,92606000";" -52,31360000"
"202400000468";"1";"05";"2024";"11:28";"1";"77";"77350";"1";"1";"1";"2";"CD NUMERO 471";"48,77065700";"2,70780300"
"202400000469";"1";"05";"2024";"07:28";"1";"77";"77215";"1";"1";"1";"2";"DEPARTEMENTALE 1004";"48,73415000";"2,70980000"
"202400000470";"1";"05";"2024";"15:00";"1";"76";"76131";"2";"1";"2";"7";"Cote de la Maison Brulee";"49,34610600";"0,93631000"
"202400000471";"1";"05";"2024";"21:40";"5";"73";"73065";"2";"2";"1";"7";"MACONNAIS (RUE DU)";"45,59019556";"5,91822088"
"202400000472";"18";"09";"2024";"16:50";"1";"95";"95219";"2";"1";"1";"6";"D502";"48,99733547";"2,25417719"
"202400000473";"1";"05";"2024";"16:30";"1";"69";"69266";"2";"4";"1";"6";"9 Rue Frédéric Fays";"45,76410448";"4,90437074"
"202400000474";"17";"09";"2024";"12:35";"1";"95";"95252";"2";"2";"1";"6";"RHIN ET DANUBE (BOULEVARD)";"48,98860041";"2,23036587"
"202400000475";"1";"05";"2024";"14:15";"1";"69";"69264";"2";"1";"1";"3";"Boulevard Antonin Lassalle";"45,98112000";"4,72110000"
"202400000476";"18";"09";"2024";"03:03";"4";"95";"95288";"2";"1";"1";"6";"D301";"48,98869070";"2,36013510"
"202400000477";"1";"05";"2024";"20:10";"1";"62";"62262";"2";"1";"1";"6";"D166";"50,52271555";"2,74748079"
"202400000478";"18";"09";"2024";"21:00";"5";"91";"91027";"2";"9";"1";"1";"RUE ROLAND GARROS";"48,72129700";"2,40571300"
"202400000479";"18";"09";"2024";"10:45";"1";"84";"84007";"2";"2";"1";"6";"RASPAIL (BOULEVARD)";"43,94471000";"4,79942000"
"202400000480";"1";"05";"2024";"21:20";"2";"59";"59350";"2";"1";"1";"1";"Rue Lavoisier (Lille)";"50,64566000";"3,00976000"
"202400000481";"16";"09";"2024";"11:30";"1";"84";"84007";"2";"1";"1";"6";"SAINT ROCH (BOULEVARD)";"43,94259000";"4,80719000"
"202400000482";"28";"04";"2024";"20:05";"1";"59";"59143";"1";"1";"1";"1";"OLLIVIER (RUE OMER )";"50,66534000";"2,88459000"
"202400000483";"18";"09";"2024";"11:50";"1";"82";"82033";"2";"2";"1";"3";"Chemin de Notre-Dame d’Alem";"44,05626000";"1,09489000"
"202400000484";"1";"05";"2024";"12:30";"1";"54";"54395";"2";"3";"1";"6";"Rue des Michottes";"48,69295500";"6,17853800"
"202400000485";"18";"09";"2024";"21:40";"3";"81";"81060";"1";"1";"1";"6";"SAINT JEAN (AVENUE DE)";"44,05587614";"2,18841302"
"202400000486";"1";"05";"2024";"09:33";"1";"51";"51454";"2";"1";"1";"7";"ARNOULD (BOULEVARD CHARLES)";"49,26881000";"4,01966000"
"202400000487";"1";"05";"2024";"16:45";"1";"49";"49007";"2";"2";"3";"3";"BEDIER BOULEVARD";"47,45306000";" -0,53874000"
"202400000488";"17";"09";"2024";"16:50";"1";"72";"72181";"2";"2";"1";"3";"SANGNIER MARC (RUE)";"47,96891600";"0,20595900"
"202400000489";"1";"05";"2024";"02:05";"5";"45";"45232";"2";"1";"8";"6";"D15 PR 2 + 453";"47,84610000";"1,88220000"
"202400000490";"16";"09";"2024";"16:40";"1";"72";"72181";"2";"2";"1";"3";"MAC JEAN (AV) N° PAIRS 308 ET plus";"47,97649000";"0,23426000"
"202400000491";"25";"04";"2024";"18:30";"1";"42";"42189";"2";"1";"1";"2";"Boulevard Louis Braille";"45,41497300";"4,30529600"
"202400000492";"18";"09";"2024";"14:30";"1";"67";"67482";"2";"3";"1";"3";"MONTAGNE VERTE (RUE DE LA)";"48,57280000";"7,72477000"
"202400000493";"18";"09";"2024";"11:50";"1";"64";"64122";"2";"6";"1";"5";"KLEBER (AVENUE)";"43,47563884";" -1,54627740"
"202400000494";"17";"09";"2024";"18:16";"1";"64";"64102";"2";"1";"1";"2";"PAUL PRAS (AVENUE)";"43,48435000";" -1,47662000"
"202400000495";"1";"05";"2024";"17:25";"1";"35";"35238";"2";"2";"1";"3";"DUPONT DES LOGES";"48,10935000";" -1,67284000"
"202400000496";"17";"09";"2024";"07:35";"1";"64";"64024";"2";"1";"1";"6";"PINANE (RUE DE)";"43,49200000";" -1,51925000"
"202400000497";"26";"04";"2024";"11:45";"1";"34";"34301";"2";"1";"1";"3";"VERDUN (BOULEVARD DE)";"43,41273000";"3,68484000"
"202400000498";"18";"09";"2024";"11:50";"1";"61";"61001";"2";"1";"1";"6";"Voie Communale";"48,43087800";"0,09122300"
"202400000499";"1";"05";"2024";"00:01";"5";"34";"34172";"2";"1";"1";"1";"LIBERTE (AVENUE DE LA";"43,60875000";"3,85223000"
"202400000500";"18";"09";"2024";"13:20";"1";"59";"59650";"2";"1";"1";"6";"MENDES FRANCE (BOULEVARD PIERRE)";"50,69826000";"3,22337000"
"202400000501";"18";"09";"2024";"08:50";"1";"59";"59183";"2";"9";"1";"3";"QUATRE ECLUSES - PONT";"51,02981000";"2,38206000"
"202400000502";"2";"05";"2024";"00:25";"5";"33";"33063";"2";"2";"2";"3";"N/A";"44,85130087";" -0,57620689"
"202400000503";"18";"09";"2024";"07:10";"1";"57";"57221";"2";"1";"1";"6";"CD 952";"49,31790000";"6,10566000"
"202400000504";"1";"05";"2024";"21:25";"3";"33";"33529";"1";"1";"2";"7";"N/A";"44,61844000";" -1,12571000"
"202400000505";"17";"09";"2024";"13:45";"1";"56";"56260";"2";"7";"1";"6";"Rue Saint-Patern";"47,65933700";" -2,75357180"
"202400000506";"1";"05";"2024";"09:20";"1";"31";"31555";"2";"1";"2";"5";"ECHANGEUR BORDELONGUE (A64/A620)";"43,56836000";"1,41692000"
"202400000507";"17";"09";"2024";"08:35";"1";"56";"56121";"2";"1";"1";"7";"Rue Jean-François Le Gonidec";"47,74343000";" -3,39508000"
"202400000508";"1";"05";"2024";"22:05";"3";"27";"27375";"1";"1";"2";"6";"EVREUX (ROUTE D')";"49,19887300";"1,16926200"
"202400000509";"17";"09";"2024";"15:59";"1";"56";"56098";"2";"3";"1";"3";"101 Rue Marcel Sembat";"47,76776000";" -3,34501000"
"202400000510";"17";"09";"2024";"09:09";"1";"56";"56121";"2";"1";"1";"6";"Boulevard Léon Blum";"47,74543000";" -3,38100000"
"202400000511";"1";"05";"2024";"20:05";"1";"25";"25056";"2";"4";"1";"1";"GARE D'EAU AV.  DE LA (inf 17)";"47,23103000";"6,02446000"
"202400000512";"17";"09";"2024";"08:50";"1";"54";"54498";"2";"2";"1";"6";"Route de Sarreguemines";"48,71377911";"6,25082910"
"202400000513";"12";"09";"2024";"15:47";"1";"54";"54265";"2";"6";"1";"3";"Rue Antoine de Saint-exupery";"48,63687000";"6,18327000"
"202400000514";"18";"09";"2024";"07:50";"1";"51";"51454";"2";"3";"1";"3";"BOULARD (RUE)";"49,24865200";"4,02723700"
"202400000515";"1";"05";"2024";"14:28";"1";"19";"19031";"2";"9";"3";"3";"DE JOUVENEL (BOULEVARD HENRI)";"45,15953420";"1,52335811"
"202400000516";"17";"09";"2024";"13:35";"1";"51";"51454";"2";"1";"1";"6";"VAILLANT COUTURIER (RUE PAUL)N°105A197 E";"49,26960000";"4,02040000"
"202400000517";"17";"04";"2024";"22:23";"5";"17";"17380";"2";"3";"1";"3";"COURLAY (AVENUE DE)";"45,64320152";" -1,08601879"
"202400000518";"1";"05";"2024";"03:15";"5";"13";"13208";"2";"2";"1";"3";"TURCAT MERY ALLÉE (ALLEE)";"43,28096000";"5,38931000"
"202400000519";"18";"09";"2024";"10:15";"1";"47";"47001";"2";"2";"1";"3";"DE GAULLE (AV. DU GENERAL)";"44,20600000";"0,61181000"
"202400000520";"2";"05";"2024";"01:02";"5";"06";"06088";"2";"9";"3";"6";"Bretelle Sortie Tunnel André Liautaud - Risso";"43,70670000";"7,28269000"
"202400000521";"1";"05";"2024";"00:30";"5";"75";"75118";"2";"2";"2";"3";"BOULEVARD NEY";"48,89770000";"2,33756100"
"202400000522";"18";"09";"2024";"20:35";"5";"41";"41018";"2";"1";"1";"7";"MEDICIS (ROND POINT)";"47,58356000";"1,31849000"
"202400000523";"1";"05";"2024";"06:50";"2";"75";"75116";"2";"2";"1";"6";"RUE LECONTE DE LISLE";"48,84828000";"2,26733300"
"202400000524";"18";"09";"2024";"18:40";"1";"33";"33063";"2";"2";"1";"3";"N/A";"44,81902000";" -0,57685000"
"202400000525";"18";"09";"2024";"10:30";"1";"33";"33281";"2";"1";"1";"2";"N/A";"44,83659000";" -0,64253000"
"202400000526";"1";"05";"2024";"17:59";"1";"75";"75111";"2";"2";"1";"3";"RUE MORAND";"48,86884200";"2,37630600"
"202400000527";"17";"09";"2024";"17:30";"1";"29";"29019";"2";"1";"1";"3";"boulevard Montaigne";"48,39979044";" -4,48610793"
"202400000528";"1";"05";"2024";"22:10";"3";"75";"75107";"2";"7";"3";"3";"PLACE DE LA RESISTANCE";"48,86223000";"2,30195000"
"202400000529";"30";"04";"2024";"21:10";"5";"75";"75115";"2";"2";"2";"6";"RUE DE LA CROIX NIVERT";"48,84595500";"2,29871900"
"202400000530";"30";"04";"2024";"18:30";"1";"94";"94028";"2";"1";"1";"3";"Rue du Général Leclerc";"48,78893000";"2,46680000"
"202400000531";"18";"09";"2024";"04:43";"5";"25";"25462";"2";"3";"1";"3";"BESANCON (DU 72TER A LA FIN)";"46,91617000";"6,34475000"
"202400000532";"22";"04";"2024";"00:01";"4";"93";"93008";"2";"1";"1";"2";"Rue de la Déviation";"48,90472676";"2,43656158"
"202400000533";"18";"09";"2024";"13:00";"1";"22";"22187";"1";"1";"1";"2";"RN12";"48,54444000";" -2,77105000"
"202400000534";"30";"04";"2024";"23:00";"5";"92";"92024";"2";"1";"2";"7";"CAILLOUX (RUE DES)";"48,89687880";"2,30699292"
"202400000535";"18";"09";"2024";"14:00";"1";"16";"16089";"2";"3";"1";"3";"N/A";"45,66894000";" -0,32035000"
"202400000536";"18";"09";"2024";"13:45";"1";"13";"13211";"2";"1";"8";"1";"SAINT LOUP (BOULEVARD DE)";"43,28334000";"5,43366000"
"202400000537";"2";"05";"2024";"07:45";"1";"37";"37067";"2";"1";"1";"3";"24 Rue du Vieux Chêne";"47,25510728";"0,45812649"
"202400000538";"18";"09";"2024";"07:10";"2";"13";"13213";"2";"9";"1";"2";"ROSE (AVENUE DE LA)";"43,32658255";"5,42228132"
"202400000539";"1";"05";"2024";"19:10";"1";"54";"54020";"1";"4";"1";"3";"d400";"48,60447129";"6,40383840"
"202400000540";"18";"09";"2024";"10:30";"1";"13";"13001";"2";"9";"1";"3";"BROSSOLETTE PIERRE (AV)";"43,51933000";"5,44272000"
"202400000541";"13";"10";"2024";"09:00";"1";"83";"83131";"2";"1";"1";"2";"rd554 n°694";"43,20606211";"6,02919817"
"202400000542";"1";"05";"2024";"18:55";"1";"59";"59238";"2";"1";"1";"1";"Rue d'Hergnies";"50,50234000";"3,49288100"
"202400000543";"24";"10";"2024";"16:40";"1";"95";"95660";"2";"1";"1";"2";"D909";"49,07558026";"2,34779448"
"202400000544";"12";"09";"2024";"17:30";"1";"12";"12089";"2";"6";"1";"6";"GIRATOIRE DES SOUFFLANTES";"44,55509700";"2,26315100"
"202400000545";"2";"05";"2024";"07:30";"2";"80";"80016";"2";"1";"1";"6";"Avenue de la République";"50,00305200";"2,65231800"
"202400000546";"24";"10";"2024";"09:10";"1";"56";"56188";"1";"4";"8";"6";"Le Roduic";"47,90049800";" -3,10980320"
"202400000547";"18";"09";"2024";"08:10";"1";"11";"11069";"2";"1";"1";"1";"N/A";"43,19229000";"2,33650000"
"202400000548";"24";"10";"2024";"20:45";"3";"56";"56185";"1";"1";"3";"6";"Lieu Dit Kerousse";"47,77224300";" -3,41168700"
"202400000549";"30";"04";"2024";"18:10";"1";"64";"64057";"2";"1";"1";"6";"D946";"43,46476000";" -0,62051300"
"202400000550";"22";"10";"2024";"13:15";"1";"56";"56094";"1";"2";"1";"3";"Lieu Dit Kergamenan";"47,75129200";" -3,29103800"
"202400000551";"17";"09";"2024";"18:00";"1";"11";"11069";"2";"1";"1";"5";"N/A";"43,20492600";"2,33301000"
"202400000552";"2";"05";"2024";"16:35";"1";"68";"68315";"2";"9";"2";"3";"25 Route d'Issenheim";"47,89582000";"7,22895000"
"202400000553";"1";"05";"2024";"17:10";"1";"68";"68315";"1";"9";"1";"6";"Rd 83";"47,88073058";"7,25173067"
"202400000554";"24";"10";"2024";"17:44";"1";"56";"56090";"1";"1";"1";"1";"Coët-Lorch";"47,85742400";" -3,28398300"
"202400000555";"18";"09";"2024";"08:50";"1";"06";"06012";"2";"3";"2";"3";"2015 Avenue Prince Rainier III";"43,74461000";"7,42233000"
"202400000556";"30";"04";"2024";"10:18";"1";"03";"03073";"1";"1";"1";"3";"A79";"46,47701500";"3,32264500"
"202400000557";"22";"10";"2024";"10:00";"1";"56";"56101";"1";"1";"5";"2";"Kerblayo";"47,81914100";" -3,21581100"
"202400000558";"18";"09";"2024";"15:35";"1";"06";"06069";"2";"3";"2";"3";"34 Avenue Auguste Renoir";"43,67988400";"6,95133800"
"202400000559";"2";"05";"2024";"01:00";"3";"56";"56026";"1";"1";"1";"7";"Maneandol";"47,98733700";" -3,21717000"
"202400000560";"13";"09";"2024";"16:13";"1";"05";"05061";"1";"1";"1";"6";"Route du Col de Manse";"44,61051000";"6,12788000"
"202400000561";"24";"10";"2024";"17:05";"2";"59";"59094";"1";"1";"1";"1";"180 Route de Coppenaxfort";"50,94930900";"2,21438900"
"202400000562";"25";"10";"2024";"18:15";"1";"78";"78020";"1";"1";"1";"7";"Route de Mantes";"48,92351400";"1,73172000"
"202400000563";"18";"09";"2024";"14:20";"1";"75";"75119";"2";"3";"1";"6";"RUE MANIN";"48,88046600";"2,37959100"
"202400000564";"2";"05";"2024";"17:40";"1";100;100318";"1";"9";"3";"6";"T10";"42,43603700";"9,51913600"
"202400000565";"22";"10";"2024";"07:00";"2";"11";"11254";"1";"1";"3";"5";"D21";"43,18594300";"2,11892900"
"202400000566";"18";"09";"2024";"14:10";"1";"75";"75119";"2";"3";"1";"6";"RUE D HAUTPOUL";"48,88323848";"2,38790613"
"202400000567";"2";"05";"2024";"10:15";"1";"80";"80116";"1";"4";"1";"3";"D934";"49,75210000";"2,65979600"
"202400000568";"24";"10";"2024";"18:01";"1";"63";"63160";"1";"1";"1";"7";"D9";"45,57554000";"3,31510300"
"202400000569";"17";"09";"2024";"22:40";"5";"75";"75118";"2";"1";"1";"2";"AVENUE DE LA PORTE DE LA CHAPELLE";"48,89936000";"2,35873000"
"202400000570";"30";"04";"2024";"23:40";"5";"49";"49223";"2";"2";"1";"3";"Rue Arsène Monnier";"47,40171500";" -0,52525700"
"202400000571";"25";"10";"2024";"15:40";"1";"76";"76711";"2";"1";"1";"7";"Quai Francois 1er";"50,06182800";"1,37090400"
"202400000572";"18";"09";"2024";"19:10";"1";"75";"75116";"2";"4";"1";"2";"ALLEE DU BORD DE L EAU";"48,87417500";"2,24488200"
"202400000573";"2";"05";"2024";"13:45";"1";"22";"22207";"1";"1";"1";"7";"Keraveou";"48,60679100";" -3,49715500"
"202400000574";"24";"10";"2024";"17:15";"1";"61";"61414";"2";"1";"1";"2";"68bis Rue du Faubourg Saint-eloi";"48,52387700";"0,53825400"
"202400000575";"10";"08";"2024";"22:50";"5";"89";"89024";"2";"2";"1";"3";"DENFERT ROCHEREAU (AVENUE)";"47,80179000";"3,56356000"
"202400000576";"24";"10";"2024";"07:58";"1";"61";"61283";"1";"1";"1";"6";"D958";"48,80702600";" -0,10847900"
"202400000577";"29";"04";"2024";"13:00";"1";"22";"22183";"1";"1";"1";"2";"N164";"48,16927700";" -2,62895100"
"202400000578";"18";"09";"2024";"12:00";"1";"75";"75116";"2";"4";"1";"1";"ROUTE DES LACS A PASSY";"48,85844200";"2,26076400"
"202400000579";"7";"08";"2024";"11:00";"1";"86";"86194";"2";"2";"1";"3";"Avenue Rhin et Danube";"46,56827000";"0,34377000"
"202400000580";"2";"05";"2024";"07:30";"3";"29";"29185";"1";"1";"1";"6";"Lieu Dit Goas Vian";"48,66971639";" -4,20180564"
"202400000581";"25";"10";"2024";"16:10";"1";"55";"55502";"2";"1";"1";"1";"24 Avenue Gambetta";"49,49274100";"5,19573900"
"202400000582";"18";"09";"2024";"10:30";"1";"75";"75116";"2";"2";"1";"3";"AVENUE MOZART";"48,85557900";"2,27029200"
"202400000583";"13";"08";"2024";"23:53";"5";"85";"85191";"2";"6";"1";"6";"Rue roger salengro";"46,66615600";" -1,44511500"
"202400000584";"2";"05";"2024";"18:35";"2";"31";"31033";"2";"6";"1";"6";"RUE FERDINAND BUISSON";"43,35074900";"1,47393800"
"202400000585";"25";"10";"2024";"15:30";"1";"12";"12044";"1";"1";"1";"1";"D51";"43,80770500";"2,86535600"
"202400000586";"18";"09";"2024";"08:16";"1";"75";"75115";"2";"2";"1";"6";"AVENUE EMILE ZOLA";"48,84655400";"2,28613800"
"202400000587";"1";"05";"2024";"09:56";"1";"54";"54447";"1";"1";"1";"6";"RD 992";"48,54385875";"6,74208641"
"202400000588";"24";"10";"2024";"13:50";"1";"42";"42059";"1";"1";"1";"5";"D12.2";"45,64342600";"4,36806300"
"202400000589";"24";"10";"2024";"20:15";"3";"46";"46234";"1";"1";"1";"7";"D25";"44,64097500";"1,31532300"
"202400000590";"13";"08";"2024";"21:05";"2";"84";"84007";"1";"3";"1";"1";"CHEMIN DE LA TRAILLE";"43,95740000";"4,80304000"
"202400000591";"17";"09";"2024";"16:15";"1";"75";"75114";"2";"3";"1";"6";"AVENUE DU MAINE";"48,83502100";"2,32400800"
"202400000592";"13";"08";"2024";"10:00";"1";"83";"83062";"2";"9";"9";"6";"GUES (BD LT DE VAISSEAI)";"43,11545487";"5,98111398"
"202400000593";"24";"10";"2024";"15:30";"1";"46";"46231";"2";"4";"1";"6";"9 Rue du Docteur Rouma";"44,50208800";"1,13756200"
"202400000594";"13";"08";"2024";"18:20";"1";"82";"82033";"2";"1";"1";"6";"Rue Baptiste Marcet";"44,05110000";"1,09813000"
"202400000595";"25";"10";"2024";"12:35";"1";"25";"25228";"1";"1";"1";"1";"D61";"47,51611000";"6,86661100"
"202400000596";"13";"08";"2024";"18:10";"1";"82";"82033";"2";"1";"1";"2";"Rue de l’Usine";"44,04958000";"1,10826000"
"202400000597";"1";"05";"2024";"07:10";"1";"45";"45193";"1";"1";"2";"1";"D13 PR 7 + 383";"47,79402500";"2,08424800"
"202400000598";"22";"10";"2024";"19:50";"2";"44";"44067";"1";"3";"1";"3";"Le Bout des Ponts";"47,62528500";" -1,83106900"
"202400000599";"13";"08";"2024";"12:25";"1";"78";"78621";"2";"1";"1";"2";"NATIONALE 10 (ROUTE)";"48,77835100";"2,00474400"
"202400000600";"1";"05";"2024";"16:54";"1";"73";"73241";"1";"1";"1";"7";"D925";"45,60459415";"6,30907148"
"202400000601";"28";"04";"2024";"17:00";"1";"43";"43203";"1";"1";"2";"7";"Route d'Yssingeaux";"45,16245338";"4,04161000"
"202400000602";"13";"08";"2024";"23:30";"5";"78";"78172";"1";"4";"1";"2";"SEINE ET OISE (RUE DE)";"49,00278600";"2,08078100"
"202400000603";"2";"05";"2024";"17:40";"1";"21";"21640";"1";"1";"2";"1";"D954";"47,50314200";"4,26370700"
"202400000604";"13";"08";"2024";"08:00";"1";"77";"77373";"2";"1";"1";"1";"RUE DES TILLEULS";"48,80341000";"2,62178000"
"202400000605";"12";"08";"2024";"22:15";"3";"77";"77131";"1";"1";"1";"7";"D402 (DEVIATION)";"48,83048000";"3,08734000"
"202400000606";"1";"05";"2024";"18:45";"1";"21";"21562";"1";"1";"1";"1";"D27J";"47,55612600";"5,37791500"
"202400000607";"2";"05";"2024";"20:30";"2";"21";"21534";"1";"1";"1";"7";"D20a";"47,03042800";"4,90672600"
"202400000608";"12";"08";"2024";"12:50";"1";"76";"76351";"2";"2";"1";"3";"WINSTON CHURCHILL";"49,49421000";"0,13845000"
"202400000609";"1";"05";"2024";"02:00";"3";"40";"40175";"1";"1";"1";"6";"D398";"43,82174400";" -0,36383100"
"202400000610";"1";"05";"2024";"19:50";"1";"27";"27685";"1";"1";"1";"6";"D830";"48,92115300";"0,78348400"
"202400000611";"13";"08";"2024";"13:15";"1";"69";"69290";"2";"1";"1";"4";"Avenue Pierre Cot";"45,70814000";"4,89922000"
"202400000612";"2";"05";"2024";"17:30";"1";"37";"37045";"1";"1";"1";"6";"La Cormeliere";"47,02481100";"0,62780900"
"202400000613";"13";"08";"2024";"22:15";"5";"67";"67482";"2";"1";"1";"1";"BRUMATH (ROUTE DE)";"48,59689000";"7,74148000"
"202400000614";"12";"08";"2024";"17:55";"1";"67";"67462";"2";"6";"1";"6";"LOHMUHLE (ALLEE DE LA)";"48,26430067";"7,44174868"
"202400000615";"26";"02";"2024";"10:30";"1";"60";"60030";"1";"1";"1";"6";"A16";"49,35432226";"2,10784721"
"202400000616";"13";"08";"2024";"12:40";"1";"64";"64445";"2";"1";"2";"2";"JEAN MERMOZ";"43,31521713";" -0,37786558"
"202400000617";"1";"05";"2024";"07:50";"1";"987";"98715";"2";"1";"1";"3";"Avenue Aratia Nelson Mandela,";" -17,54620200";" -149,58200700"
"202400000618";"12";"08";"2024";"15:45";"1";"64";"64445";"2";"1";"1";"3";"ALSACE LORRAINE D'";"43,30350000";" -0,36455000"
"202400000619";"2";"05";"2024";"04:59";"2";"67";"67117";"1";"1";"1";"7";"A4 PK 436.100";"48,76430281";"7,34295248"
"202400000620";"2";"05";"2024";"14:00";"1";"90";"90034";"1";"1";"3";"2";"A 36 PK 030.600";"47,64624000";"6,91082400"
"202400000621";"13";"08";"2024";"12:00";"1";"59";"59512";"2";"2";"8";"3";"ALGER  (RUE D')";"50,70768900";"3,18676600"
"202400000622";"12";"08";"2024";"14:30";"1";"59";"59569";"2";"3";"1";"3";"BARBUSSE (RUE HENRI)";"50,39443700";"3,14023500"
"202400000623";"1";"05";"2024";"22:15";"3";"976";"97617";"1";"1";"1";"5";"CCd1 - combani";" -12,79640100";"45,13076300"
"202400000624";"2";"05";"2024";"05:40";"3";"77";"77065";"1";"2";"9";"6";"Intersection Autoroute A6, échangeur de Cély, circulant vers la province et D372";"48,45675800";"2,51995100"
"202400000625";"10";"08";"2024";"08:40";"1";"59";"59334";"1";"1";"1";"3";"RD 643";"50,39117000";"3,04705000"
"202400000626";"30";"04";"2024";"19:15";"3";"973";"97305";"1";"9";"1";"6";"Route Nationale 1";"4,94194600";" -52,41352900"
"202400000627";"13";"08";"2024";"07:50";"1";"54";"54395";"2";"2";"1";"1";"Rue Gambetta";"48,69205000";"6,17993000"
"202400000628";"1";"05";"2024";"02:08";"3";"971";"97117";"1";"1";"1";"6";"Route de Devarieux";"16,29819600";" -61,34455600"
"202400000629";"1";"05";"2024";"17:50";"1";100;100134";"2";"1";"1";"6";"Place Pascal Paoli";"42,63478000";"8,93906200"
"202400000630";"10";"08";"2024";"13:35";"1";"50";"50129";"2";"1";"1";"7";"GAULLE (RUE DU GENERAL DE)";"49,65884300";" -1,67770000"
"202400000631";"30";"04";"2024";"08:18";"1";"83";"83138";"1";"1";"1";"1";"Route de Bagnols En Foret";"43,58820500";"6,73047200"
"202400000632";"13";"08";"2024";"19:12";"1";"49";"49007";"2";"1";"1";"5";"LEKEU";"47,47155000";" -0,52156000"
"202400000633";"20";"03";"2024";"07:40";"1";"89";"89257";"2";"3";"1";"2";"Avenue Edouard Branly";"47,96484300";"3,52277800"
"202400000634";"13";"08";"2024";"16:51";"1";"49";"49007";"1";"1";"1";"4";"RD 323";"47,46860000";" -0,58700000"
"202400000635";"2";"05";"2024";"16:20";"1";"71";"71588";"1";"1";"3";"2";"N79";"46,46530500";"4,08670500"
"202400000636";"1";"05";"2024";"06:00";"2";"71";"71176";"1";"1";"1";"6";"Route des Sables";"46,49265594";"4,04164271"
"202400000637";"13";"08";"2024";"16:20";"1";"45";"45302";"2";"1";"1";"1";"D602 PR 0 + 400";"47,93693100";"1,88900100"
"202400000638";"29";"04";"2024";"19:15";"1";"01";"01397";"2";"3";"1";"3";"route de la douane";"46,31250100";"6,11884800"
"202400000639";"13";"08";"2024";"08:25";"1";"45";"45234";"2";"2";"2";"3";"90 Rue de Coulmiers";"47,91191000";"1,89709000"
"202400000640";"1";"05";"2024";"19:00";"1";"69";"69191";"2";"3";"2";"3";"Route de Lyon";"45,80194883";"4,82016217"
"202400000641";"12";"08";"2024";"19:10";"1";"45";"45234";"2";"1";"1";"6";"68 Boulevard Alexandre Martin";"47,90624000";"1,90757000"
"202400000642";"30";"04";"2024";"11:00";"1";"86";"86274";"2";"1";"1";"6";"2 Route de Montreuil";"47,06841300";"0,00433300"
"202400000643";"13";"08";"2024";"19:00";"1";"45";"45004";"2";"2";"1";"2";"D2107 PR 1 + 630";"47,97967500";"2,73309000"
"202400000644";"1";"05";"2024";"15:30";"1";"86";"86100";"1";"2";"2";"3";"D3";"46,55221000";"0,23787800"
"202400000645";"13";"08";"2024";"10:47";"1";"42";"42187";"2";"5";"1";"6";"Avenue de Paris";"46,04203000";"4,07302000"
"202400000646";"1";"05";"2024";"12:55";"1";"86";"86019";"1";"1";"3";"7";"D910";"46,73887400";"0,46612900"
"202400000647";"5";"08";"2024";"15:15";"1";"40";"40088";"2";"1";"1";"6";"MANOIR (BOULEVARD YVES DU)";"43,71334000";" -1,04865000"
"202400000648";"8";"04";"2024";"08:10";"1";"29";"29124";"2";"2";"1";"3";"Rue Frédéric Le Guyader";"48,56621800";" -4,31952600"
"202400000649";"31";"07";"2024";"15:35";"1";"40";"40279";"2";"1";"1";"7";"RESISTANCE (AVE DE LA)";"43,72454488";" -1,05857313"
"202400000650";"13";"08";"2024";"16:10";"1";"37";"37214";"2";"6";"1";"6";"HUGO (RUE VICTOR)";"47,41003000";"0,66748000"
"202400000651";"1";"05";"2024";"04:57";"5";"69";"69382";"1";"1";"1";"5";"Route de Métropole 7";"45,73468000";"4,81870000"
"202400000652";"1";"05";"2024";"11:15";"1";"91";"91161";"1";"1";"1";"7";"AUTOROUTE A6";"48,70530000";"2,30579000"
"202400000653";"13";"08";"2024";"17:15";"1";"35";"35238";"2";"1";"1";"5";"PORTE DE LORIENT";"48,10906402";" -1,71774179"
"202400000654";"1";"05";"2024";"04:17";"3";"77";"77384";"1";"1";"1";"3";"AUTOROUTE A5A";"48,60127400";"2,60093500"
"202400000655";"13";"08";"2024";"15:50";"1";"35";"35238";"2";"3";"1";"3";"MITTERAND (MAIL FRANCOIS)";"48,11020240";" -1,68621629"
"202400000656";"1";"05";"2024";"13:40";"1";"93";"93066";"1";"1";"1";"2";"A1";"48,91936344";"2,35754643"
"202400000657";"26";"02";"2024";"12:50";"1";"74";"74010";"2";"1";"1";"6";"ILES (AVENUE DES)(SECTEUR 410) ";"45,90932000";"6,11715000"
"202400000658";"13";"08";"2024";"15:35";"1";"35";"35238";"2";"1";"1";"3";"SAINT-MALO (RUE DE)";"48,12871000";" -1,68767000"
"202400000659";"13";"02";"2024";"06:50";"5";"74";"74010";"2";"1";"1";"3";"CHARLES DE GAULLE (PLACE) ";"45,91178000";"6,13149000"
"202400000660";"19";"02";"2024";"06:06";"5";"37";"37261";"2";"6";"2";"7";"ROND POINT EMMAUS";"47,43021000";"0,70530000"
"202400000661";"13";"08";"2024";"08:30";"1";"35";"35051";"2";"6";"2";"2";"PARIS (RUE DE)";"48,10980362";" -1,60913900"
"202400000662";"19";"04";"2024";"19:00";"3";"987";"98735";"1";"1";"1";"3";"PIERRE LOTI (ALLEE QTIER T.MARAETEFAU)";" -17,55094140";" -149,55215335"
"202400000663";"30";"04";"2024";"06:50";"1";"976";"97611";"2";"1";"1";"7";"mamoudzou centre-RP Passot quai colas (R";" -12,77700000";"45,23200000"
"202400000664";"13";"08";"2024";"07:35";"1";"35";"35238";"2";"1";"2";"3";"SAINT-HELIER";"48,10601000";" -1,66645000"
"202400000665";"1";"05";"2024";"03:00";"3";"974";"97411";"1";"9";"1";"6";"VINH-SAN (BLD 1 DU PRINCE)";" -20,88550000";"55,43986000"
"202400000666";"13";"08";"2024";"21:15";"5";"34";"34129";"2";"1";"1";"6";"D21 E1";"43,58292000";"3,92549000"
"202400000667";"30";"04";"2024";"22:50";"5";"974";"97411";"2";"9";"1";"3";"LATTRE DE TASSIGNY (AVENUE MARECHAL DE)";" -20,88950000";"55,47735000"
"202400000668";"29";"04";"2024";"19:02";"5";"973";"97302";"2";"2";"1";"3";"DE GAULLE (AVENUE)";"4,93880030";" -52,33173788"
"202400000669";"10";"08";"2024";"19:00";"1";"34";"34336";"1";"2";"1";"3";"SALANCS (CHEMIN DES)";"43,30502000";"3,29484000"
"202400000670";"30";"04";"2024";"19:17";"1";"69";"69387";"2";"1";"1";"6";"Rue Sébastien Gryphe";"45,74776000";"4,83872000"
"202400000671";"13";"08";"2024";"14:50";"1";"33";"33009";"2";"2";"1";"3";"N/A";"44,65640000";" -1,17634000"
"202400000672";"30";"04";"2024";"14:35";"1";"69";"69383";"2";"6";"1";"6";"Cours Richard Vitton";"45,75346000";"4,89183000"
"202400000673";"30";"04";"2024";"16:10";"1";"972";"97213";"2";"1";"1";"7";"ROUTE NATIONALE 1";"14,61970000";" -60,99459000"
"202400000674";"13";"08";"2024";"19:45";"1";"31";"31555";"2";"3";"1";"3";"AV JULES JULIEN";"43,57607592";"1,45113140"
"202400000675";"30";"04";"2024";"07:20";"1";"972";"97209";"1";"1";"1";"1";"CANAL ALARIC (RUE DU)";"14,60589000";" -61,05610000"
"202400000676";"12";"08";"2024";"20:55";"2";"31";"31555";"2";"8";"1";"3";"RUE SAINT ROCH";"43,57800000";"1,44743000"
"202400000677";"30";"04";"2024";"17:10";"1";"971";"97113";"1";"1";"1";"6";"SECTION TOMBEAU";"16,22211000";" -61,47821000"
"202400000678";"12";"08";"2024";"09:30";"1";"29";"29019";"2";"1";"1";"6";"rue Emile Rousse";"48,38559900";" -4,52802100"
"202400000679";"29";"04";"2024";"16:36";"2";"971";"97113";"1";"3";"1";"2";"RN4 - SECTION RIVIERA";"16,21779437";" -61,49084061"
"202400000680";"30";"04";"2024";"16:40";"1";101;101004";"1";"1";"1";"2";"#RICANTO ROUTE ET PLAGE#";"41,92852000";"8,76835000"
"202400000681";"12";"08";"2024";"20:30";"1";"22";"22113";"1";"1";"1";"3";"MINIHY (CHEMIN DE)";"48,74412000";" -3,53568000"
"202400000682";"29";"04";"2024";"15:30";"1";"95";"95218";"2";"1";"1";"6";"FERNAND CHATELAIN (AVENUE)";"49,02279700";"2,11049900"
"202400000683";"26";"02";"2024";"12:25";"1";"95";"95018";"2";"1";"1";"6";"D909";"48,94906200";"2,25340600"
"202400000684";"13";"08";"2024";"10:32";"1";"13";"13206";"2";"2";"1";"1";"PIERRE PUGET (COURS)";"43,29029000";"5,37606000"
"202400000685";"13";"08";"2024";"08:30";"1";"13";"13209";"2";"1";"1";"1";"GAYE (BOULEVARD DE LA)";"43,25950000";"5,41426000"
"202400000686";"29";"04";"2024";"15:30";"1";"91";"91570";"2";"5";"1";"3";"ROSIERES (RUE)";"48,62579000";"2,31398000"
"202400000687";"26";"04";"2024";"23:10";"5";"88";"88209";"2";"1";"1";"1";"EPINAL (RUE D')";"48,19572000";"6,43772000"
"202400000688";"29";"04";"2024";"10:55";"1";"87";"87085";"2";"1";"1";"7";"DUSSOUBS (PLACE DENIS)";"45,83295000";"1,25582000"
"202400000689";"13";"08";"2024";"09:20";"1";"13";"13216";"2";"3";"1";"3";"Rue le pelletier";"43,36256052";"5,31886038"
"202400000690";"28";"04";"2024";"23:07";"5";"87";"87085";"2";"1";"2";"7";"MIDI (AVENUE DU)";"45,82651000";"1,25728000"
"202400000691";"13";"08";"2024";"09:05";"1";"13";"13047";"2";"6";"1";"6";"EDOUARD GUIZONNIER BOULEVARD";"43,51053000";"4,98830000"
"202400000692";"26";"04";"2024";"22:07";"5";"87";"87085";"2";"2";"2";"5";"RN520";"45,82604000";"1,26802000"
"202400000693";"12";"08";"2024";"17:25";"1";"13";"13098";"1";"1";"1";"2";"D.51";"43,44513000";"5,02521000"
"202400000694";"30";"04";"2024";"17:45";"1";"85";"85191";"2";"6";"1";"3";"Rond-point georges duval";"46,67385700";" -1,40328000"
"202400000695";"12";"08";"2024";"17:10";"1";"12";"12084";"1";"1";"1";"1";"BELAIR";"44,04920000";"3,04611000"
"202400000696";"30";"04";"2024";"10:50";"1";"83";"83062";"1";"1";"1";"6";"FABRI DE PEIRESC (AVENUE)";"43,13961000";"6,02832000"
"202400000697";"12";"08";"2024";"18:10";"1";"10";"10362";"2";"3";"1";"7";"Avenue du General Gallieni";"48,29334000";"4,05013000"
"202400000698";"30";"04";"2024";"07:40";"1";"83";"83137";"2";"3";"1";"3";"Avenue des Moulins";"43,14001051";"5,91307342"
"202400000699";"30";"04";"2024";"05:15";"3";"80";"80131";"1";"1";"1";"1";"RD935";"49,84001000";"2,40457000"
"202400000700";"13";"08";"2024";"10:15";"1";"75";"75115";"2";"1";"1";"2";"BD PERIPHERIQUE EXTERIEUR";"48,83142400";"2,28285400"
"202400000701";"25";"04";"2024";"12:53";"1";"77";"77326";"1";"3";"1";"1";"D346";"48,58155000";"2,55377000"
"202400000702";"12";"08";"2024";"10:15";"1";"75";"75118";"2";"1";"1";"4";"BD PERIPHERIQUE INTERIEUR";"48,90084100";"2,34127500"
"202400000703";"29";"04";"2024";"15:20";"1";"77";"77251";"1";"1";"1";"6";"COTE DE LA BIENVENUE";"48,61076630";"2,54227710"
"202400000704";"12";"08";"2024";"03:12";"5";"75";"75118";"2";"7";"1";"6";"BOULEVARD ORNANO";"48,89519100";"2,34658600"
"202400000705";"29";"04";"2024";"13:33";"1";"77";"77445";"1";"9";"8";"6";"MENDES-FRANCE (AVENUE PIERRE)";"48,59428300";"2,56800800"
"202400000706";"30";"04";"2024";"07:30";"1";"76";"76351";"2";"1";"1";"3";"COLBERT (QUAI)";"49,49120000";"0,12600000"
"202400000707";"12";"08";"2024";"15:15";"1";"75";"75120";"2";"2";"1";"3";"RUE DES PYRENEES";"48,86666400";"2,39713600"
"202400000708";"30";"04";"2024";"14:45";"1";"74";"74012";"2";"1";"1";"6";"AMOUREUX (RUE DES)";"46,19034000";"6,23366000"
"202400000709";"30";"04";"2024";"17:16";"1";"71";"71153";"2";"1";"8";"6";"MITTERRAND (AVENUE FRANCOIS)";"46,80664000";"4,43050000"
"202400000710";"13";"08";"2024";"19:30";"1";"75";"75118";"2";"2";"1";"3";"AVENUE DE LA PORTE DE CLIGNANCOURT";"48,89942300";"2,34427200"
"202400000711";"30";"04";"2024";"19:10";"1";"67";"67482";"2";"1";"1";"1";"ALPES (QUAI DES)";"48,57504000";"7,75966000"
"202400000712";"13";"08";"2024";"17:20";"1";"75";"75117";"2";"2";"1";"3";"BOULEVARD GOUVION SAINT CYR";"48,88312100";"2,28741400"
"202400000713";"30";"04";"2024";"12:40";"1";"67";"67482";"2";"3";"1";"3";"FRERES EBERTS (RUE DES)";"48,55291000";"7,74386000"
"202400000714";"13";"08";"2024";"08:45";"1";"75";"75117";"2";"3";"8";"3";"BOULEVARD DE L YSER";"48,88452100";"2,28703300"
"202400000715";"29";"04";"2024";"19:40";"1";"67";"67447";"2";"1";"1";"3";"BISCHWILLER (ROUTE DE)";"48,59925000";"7,74255000"
"202400000716";"13";"08";"2024";"14:41";"1";"75";"75113";"2";"1";"1";"6";"BOULEVARD MASSENA";"48,82135500";"2,36840300"
"202400000717";"30";"04";"2024";"10:30";"1";"66";"66136";"2";"1";"2";"6";"MERCADER (BOULEVARD FELIX)";"42,69253000";"2,89178000"
"202400000718";"13";"08";"2024";"13:20";"1";"75";"75112";"2";"3";"1";"6";"RUE DU FAUBOURG SAINT ANTOINE";"48,85160400";"2,37485900"
"202400000719";"13";"08";"2024";"20:15";"1";"94";"94073";"1";"1";"1";"7";"N186";"48,75404000";"2,36972000"
"202400000720";"24";"04";"2024";"09:40";"1";"59";"59515";"2";"3";"1";"3";"Charles Isbergues";"50,32778200";"3,43285900"
"202400000721";"5";"04";"2024";"16:25";"1";"59";"59606";"2";"1";"1";"6";"EISEN (BOULEVARD)";"50,36354100";"3,52980300"
"202400000722";"13";"08";"2024";"12:01";"1";"94";"94054";"2";"1";"1";"3";"Allée des Bleuets";"48,74000711";"2,40006691"
"202400000723";"12";"08";"2024";"13:35";"1";"94";"94077";"2";"1";"1";"6";"Quai du Halage";"48,72542000";"2,43685000"
"202400000724";"30";"04";"2024";"19:30";"1";"59";"59299";"1";"9";"2";"2";"CD 700";"50,64661000";"3,19581000"
"202400000725";"12";"08";"2024";"22:35";"5";"94";"94079";"2";"1";"1";"6";"Rue du Général de Gaulle";"48,82672159";"2,53855768"
"202400000726";"30";"04";"2024";"10:10";"1";"59";"59350";"2";"1";"1";"6";"Rue de la Halle";"50,64480000";"3,06044000"
"202400000727";"30";"04";"2024";"23:50";"4";"56";"56260";"2";"4";"1";"6";"Boulevard du Colonel Rémy";"47,65430000";" -2,78342000"
"202400000728";"12";"08";"2024";"15:25";"1";"94";"94071";"2";"3";"1";"3";"Rue du Général Leclerc";"48,77816000";"2,51180000"
"202400000729";"30";"04";"2024";"17:17";"1";"56";"56121";"2";"1";"3";"6";"Place Alsace-Lorraine";"47,75003000";" -3,36154000"
"202400000730";"13";"08";"2024";"12:20";"1";"93";"93066";"2";"1";"1";"3";"Boulevard Carnot";"48,93842700";"2,35300800"
"202400000731";"29";"04";"2024";"15:00";"1";"56";"56098";"2";"3";"7";"2";"Avenue Ambroise Croizat";"47,77525000";" -3,34617000"
"202400000732";"13";"08";"2024";"12:00";"1";"93";"93066";"2";"9";"8";"6";"Avenue du Président Wilson / Rue du Landy";"48,91527269";"2,35787205"
"202400000733";"30";"04";"2024";"15:45";"1";"51";"51454";"2";"2";"1";"3";"BOUSSINESQ (RUE GEORGES)";"49,25228000";"4,04938700"
"202400000734";"13";"08";"2024";"19:15";"1";"93";"93053";"2";"1";"1";"3";"Rue de Brément";"48,88704000";"2,46801000"
"202400000735";"28";"04";"2024";"17:43";"1";"51";"51108";"2";"1";"1";"6";"COMPERE (RUE GENERAL)";"48,95000000";"4,37000000"
"202400000736";"13";"08";"2024";"15:06";"1";"93";"93053";"2";"1";"1";"3";"Rue de Paris";"48,90094322";"2,45557237"
"202400000737";"29";"04";"2024";"18:20";"1";"50";"50129";"2";"3";"1";"3";"MOULIN (RUE JEAN)";"49,63413000";" -1,59571000"
"202400000738";"13";"08";"2024";"14:40";"1";"93";"93048";"2";"1";"8";"1";"Allée Eugénie Cotton";"48,86584233";"2,43018872"
"202400000739";"29";"04";"2024";"13:42";"1";"49";"49007";"2";"2";"1";"2";"RAMON BOULEVARD";"47,48708000";" -0,54000000"
"202400000740";"13";"08";"2024";"01:00";"5";"93";"93046";"2";"2";"1";"3";"Avenue Vauban / Boulevard Gutenberg";"48,91290000";"2,51840000"
"202400000741";"30";"04";"2024";"18:05";"1";"47";"47001";"2";"1";"1";"2";"LACOUR (BD EDOUARD)";"44,18911000";"0,63039000"
"202400000742";"13";"08";"2024";"18:35";"1";"93";"93029";"2";"1";"1";"3";"Avenue Sully";"48,93686549";"2,44777525"
"202400000743";"13";"08";"2024";"19:00";"1";"93";"93029";"2";"1";"1";"6";"Rue Anatole France";"48,92873856";"2,45264160"
"202400000744";"30";"04";"2024";"20:30";"1";"44";"44109";"2";"6";"1";"3";"11 Boulevard Général de Gaulle";"47,20679016";" -1,53951645"
"202400000745";"30";"04";"2024";"20:00";"1";"37";"37214";"2";"1";"1";"6";"BOCAGE (RUE DU)";"47,40835000";"0,67738000"
"202400000746";"13";"08";"2024";"18:15";"1";"93";"93027";"2";"6";"1";"3";"Avenue Jean Jaurès / Avenue Paul Vaillant-Couturier";"48,92101910";"2,41032074"
"202400000747";"30";"04";"2024";"08:45";"1";"37";"37122";"2";"6";"1";"1";"DOUZILLIERE (RUE DE LA)";"47,33551000";"0,65273000"
"202400000748";"28";"07";"2024";"09:45";"1";"93";"93008";"2";"1";"7";"6";"PROSPERITE (RUE DE LA)";"48,91314000";"2,42765300"
"202400000749";"30";"04";"2024";"21:40";"5";"36";"36044";"2";"1";"1";"3";"Boulevard Le Corbusier";"46,79428000";"1,70533000"
"202400000750";"13";"08";"2024";"13:12";"1";"92";"92078";"2";"8";"1";"3";"VERDUN (AVENUE) (IMPAIRS 1 A 25)";"48,93512931";"2,32879525"
"202400000751";"30";"04";"2024";"08:20";"1";"35";"35238";"1";"1";"1";"6";"PORTE DES LOGES";"48,09033378";" -1,62983090"
"202400000752";"2";"07";"2024";"18:30";"1";"92";"92062";"2";"2";"1";"3";"HUGO (RUE VICTOR)";"48,88345361";"2,23571717"
"202400000753";"30";"04";"2024";"18:30";"1";"33";"33065";"2";"3";"1";"5";"N/A";"44,81494000";" -0,52767000"
"202400000754";"13";"08";"2024";"18:20";"1";"92";"92026";"2";"1";"1";"6";"GAMBETTA";"48,89377000";"2,24865000"
"202400000755";"30";"04";"2024";"11:30";"1";"33";"33063";"2";"1";"1";"3";"N/A";"44,85897000";" -0,58949000"
"202400000756";"13";"08";"2024";"06:20";"2";"92";"92025";"2";"3";"1";"3";"PAUL BERT (RUE)";"48,92981000";"2,24604000"
"202400000757";"30";"04";"2024";"11:50";"1";"33";"33529";"2";"9";"1";"2";"N/A";"44,64673110";" -1,15777660"
"202400000758";"12";"08";"2024";"14:30";"1";"92";"92025";"2";"1";"1";"3";"CHARLES DE GAULLE (BD)";"48,91421662";"2,22957454"
"202400000759";"30";"04";"2024";"17:46";"1";"31";"31555";"2";"1";"1";"6";"ALL DE BELLEFONTAINE";"43,56463000";"1,40180000"
"202400000760";"12";"08";"2024";"14:30";"1";"60";"60533";"2";"1";"7";"3";"Rue de Gournay";"49,53145500";"2,73257600"
"202400000761";"29";"04";"2024";"02:20";"5";"31";"31555";"2";"9";"2";"2";"BD DE BONREPOS";"43,61358000";"1,45082000"
"202400000762";"14";"08";"2024";"09:00";"1";"34";"34276";"1";"2";"1";"2";"D1";"43,77629200";"3,86281000"
"202400000763";"13";"08";"2024";"16:40";"1";"02";"02615";"1";"1";"1";"6";"N/A";"49,90834500";"3,24329500"
"202400000764";"30";"04";"2024";"11:20";"1";"27";"27229";"2";"1";"1";"6";"MENDES FRANCE (RUE PIERRE)";"49,03290000";"1,15522000"
"202400000765";"30";"04";"2024";"16:10";"1";"25";"25204";"1";"2";"1";"2";"Grande rue";"46,93130000";"6,36046000"
"202400000766";"13";"08";"2024";"23:00";"3";"06";"06161";"2";"1";"1";"3";"2520 route nationale 7";"43,62724030";"7,13262390"
"202400000767";"29";"04";"2024";"14:50";"1";"25";"25462";"2";"3";"1";"6";"SAINT ETIENNE FAUBOURG";"46,90177000";"6,35986000"
"202400000768";"10";"08";"2024";"13:00";"1";"974";"97410";"1";"1";"1";"1";"N 3 Pont Payet";" -21,09570000";"55,67804000"
"202400000769";"30";"04";"2024";"12:25";"1";"25";"25056";"2";"1";"1";"6";"STRASBOURG QUAI DE";"47,24246000";"6,02342400"
"202400000770";"12";"08";"2024";"13:50";"1";"62";"62405";"2";"3";"1";"1";"D43";"50,29028900";"2,95898900"
"202400000771";"13";"08";"2024";"11:20";"1";"19";"19269";"2";"1";"1";"6";"Rue Ignace Dumergue";"45,53923000";"1,79438200"
"202400000772";"30";"04";"2024";"14:21";"1";"25";"25056";"2";"1";"1";"7";"LAGRANGE  AVENUE LEO";"47,24411000";"6,00480000"
"202400000773";"14";"08";"2024";"11:15";"1";"76";"76377";"2";"3";"1";"6";"Route de Neufchatel";"49,48855000";"1,14028700"
"202400000774";"30";"04";"2024";"08:55";"1";"22";"22278";"2";"6";"1";"2";"71° RI (DU)";"48,51096000";" -2,75086000"
"202400000775";"13";"08";"2024";"06:50";"2";"82";"82030";"1";"1";"1";"6";"Route de Belleperche";"44,00564500";"1,09435700"
"202400000776";"27";"02";"2024";"02:05";"5";"21";"21231";"2";"3";"1";"3";"MAYENCE (DE) (RUE)";"47,34087500";"5,06274100"
"202400000777";"13";"08";"2024";"15:00";"1";"82";"82195";"1";"1";"1";"1";"514 Route de Bordeaux";"44,06339800";"1,28788900"
"202400000778";"9";"07";"2024";"17:10";"1";"69";"69084";"1";"2";"1";"3";"Route des Déduits";"46,18339600";"4,70508800"
"202400000779";"29";"04";"2024";"16:35";"1";"19";"19031";"2";"6";"1";"3";"CHAUMEIL (RUE PIERRE)";"45,15648000";"1,50431000"
"202400000780";"13";"08";"2024";"11:50";"1";"32";"32384";"1";"1";"1";"6";"D930";"43,73478200";"0,49166500"
"202400000781";"30";"04";"2024";"14:30";"1";"17";"17306";"2";"6";"1";"3";"ROCHEFORT (DE)  (AVENUE)";"45,64891300";" -1,02450300"
"202400000782";"14";"08";"2024";"12:00";"1";"12";"12133";"2";"6";"2";"6";"2 Avenue de Toulouse";"44,29251600";"2,55938500"
"202400000783";"30";"04";"2024";"09:25";"1";"17";"17306";"2";"1";"1";"6";"PONTAILLAC (DE) (AVENUE)";"45,62828400";" -1,05290300"
"202400000784";"30";"04";"2024";"14:35";"1";"14";"14366";"2";"1";"1";"7";"84 Rue Henry Chéron";"49,14493500";"0,22305100"
"202400000785";"13";"08";"2024";"17:00";"1";"46";"46073";"1";"1";"1";"1";"D911";"44,40243280";"1,62032418"
"202400000786";"30";"04";"2024";"19:05";"1";"13";"13211";"2";"3";"1";"3";"SAINT MARCEL (BOULEVARD DE )";"43,28390000";"5,46670000"
"202400000787";"14";"08";"2024";"12:00";"1";"47";"47185";"1";"1";"2";"7";"Route de Tournon";"44,45212500";"0,96457600"
"202400000788";"30";"04";"2024";"20:15";"1";"13";"13216";"2";"1";"1";"2";"LA PELOUQUE (CHEMIN)";"43,36259000";"5,33607000"
"202400000789";"12";"08";"2024";"14:59";"1";"47";"47106";"2";"6";"1";"3";"Avenue Léon Blum";"44,49349800";"0,94779100"
"202400000790";"30";"04";"2024";"16:00";"1";"13";"13213";"2";"2";"1";"3";"Rue louis leprince ringuet";"43,34431386";"5,44326097"
"202400000791";"30";"04";"2024";"07:06";"1";"13";"13211";"2";"3";"1";"5";"AUDIENCE (RUE DE L')";"43,29607000";"5,48649000"
"202400000792";"13";"08";"2024";"06:45";"2";"86";"86064";"2";"1";"2";"3";"Rue de l'Arboretum";"46,26079500";"0,43005200"
"202400000793";"13";"08";"2024";"15:51";"1";"34";"34293";"1";"1";"1";"6";"RD 907";"43,59111500";"2,70043700"
"202400000794";"30";"04";"2024";"17:30";"1";"13";"13047";"2";"3";"1";"3";"FLORE AVENUE DE LA";"43,50618000";"4,96915000"
"202400000795";"30";"04";"2024";"13:25";"1";"13";"13001";"2";"1";"1";"1";"CLUB HIPPIQUE (AV)";"43,51423000";"5,43151000"
"202400000796";"10";"08";"2024";"20:20";"1";"39";"39128";"2";"6";"1";"3";"29 Route d’Asnans";"46,95879100";"5,40596700"
"202400000797";"30";"04";"2024";"13:30";"1";"11";"11069";"2";"1";"1";"7";"21 Boulevard de Varsovie";"43,21410000";"2,34710000"
"202400000798";"14";"08";"2024";"15:15";"1";"38";"38444";"2";"1";"1";"1";"Montee des Egats";"44,87511000";"5,82402000"
"202400000799";"29";"04";"2024";"16:30";"1";"11";"11069";"2";"2";"2";"3";"34 Avenue du Général Leclerc";"43,21010000";"2,36448000"
"202400000800";"13";"08";"2024";"11:00";"1";"05";"05046";"1";"1";"1";"6";"Avenue du Lac";"44,55173400";"6,48395600"
"202400000801";"29";"04";"2024";"13:20";"1";"11";"11069";"1";"4";"3";"3";"ROCADE SUD RD 6161";"43,20419000";"2,38646000"
"202400000802";"14";"08";"2024";"15:45";"1";"64";"64436";"2";"4";"2";"3";"Gaharduko errepidea";"43,23978300";" -1,29670900"
"202400000803";"19";"04";"2024";"20:10";"1";"10";"10333";"2";"6";"1";"7";"CHARLES DE REFUGE (RUE)";"48,28000000";"4,05000000"
"202400000804";"13";"08";"2024";"15:45";"1";"10";"10423";"2";"1";"7";"1";"Route Departementale 619";"48,23819900";"4,38324300"
"202400000805";"29";"04";"2024";"08:30";"1";"06";"06069";"2";"1";"1";"3";"77 Chemin des Basses Moulières";"43,63297000";"6,91754000"
"202400000806";"13";"08";"2024";"21:55";"3";"07";"07009";"1";"1";"6";"6";"D86";"45,23250000";"4,79973800"
"202400000807";"27";"04";"2024";"19:10";"1";"02";"02722";"2";"6";"2";"3";"N/A";"49,37077000";"3,32327000"
"202400000808";"13";"08";"2024";"21:00";"2";"24";"24520";"1";"1";"1";"6";"D704";"44,90171200";"1,19785300"
"202400000809";"30";"04";"2024";"13:20";"1";"01";"01053";"2";"2";"8";"3";"JOLIOT CURIE ( BOULEVARD IRENE COTE IMPA";"46,20966500";"5,23012500"
"202400000810";"10";"08";"2024";"04:55";"3";"04";"04001";"1";"1";"1";"2";"RN85";"44,06207900";"6,16821200"
"202400000811";"30";"04";"2024";"16:10";"1";"75";"75112";"2";"1";"1";"3";"ECHANGEUR BERCY";"48,82764600";"2,39365300"
"202400000812";"30";"04";"2024";"14:00";"1";"75";"75116";"2";"1";"1";"3";"BD PERIPHERIQUE EXTERIEUR";"48,87388971";"2,27520669"
"202400000813";"14";"08";"2024";"04:30";"3";"17";"17101";"1";"1";"1";"7";"D221";"45,95797500";" -0,35056500"
"202400000814";"30";"04";"2024";"04:30";"5";"75";"75112";"2";"1";"1";"3";"BD PERIPHERIQUE EXTERIEUR";"48,82781600";"2,39498400"
"202400000815";"30";"04";"2024";"01:50";"5";"75";"75105";"2";"3";"1";"3";"RUE MONGE";"48,84165500";"2,35198100"
"202400000816";"13";"08";"2024";"13:50";"1";"48";"48051";"1";"1";"1";"3";"RN106 - PK 003";"44,24587500";"3,94784700"
"202400000817";"30";"04";"2024";"17:03";"1";"75";"75120";"2";"3";"1";"6";"AVENUE GAMBETTA";"48,86497600";"2,39735300"
"202400000818";"14";"08";"2024";"10:50";"1";"06";"06152";"1";"1";"1";"6";"447 Route d’Antibes";"43,62379800";"7,00419600"
"202400000819";"30";"04";"2024";"08:20";"1";"75";"75120";"2";"2";"2";"3";"BOULEVARD DAVOUT";"48,85349300";"2,41059200"
"202400000820";"14";"08";"2024";"01:00";"3";"60";"60533";"1";"1";"1";"2";"A1";"49,54042885";"2,72695684"
"202400000821";"30";"04";"2024";"08:29";"1";"75";"75120";"2";"2";"8";"3";"BOULEVARD DE CHARONNE";"48,84887700";"2,39941800"
"202400000822";"13";"08";"2024";"12:45";"1";"974";"97408";"2";"1";"1";"2";"Rue Leconte de Lisle";" -20,93713700";"55,33254500"
"202400000823";"30";"04";"2024";"19:50";"1";"75";"75115";"2";"2";"1";"1";"AVENUE DE LA PORTE BRANCION";"48,82849300";"2,30137000"
"202400000824";"30";"07";"2024";"19:00";"5";"971";"97114";"2";"1";"1";"3";"Rue de l'hermitage - D43";"16,13402900";" -61,57782200"
"202400000825";"29";"04";"2024";"10:55";"1";"75";"75114";"2";"3";"1";"6";"AVENUE DU GENERAL LECLERC";"48,83308000";"2,33152000"
"202400000826";"11";"08";"2024";"20:30";"1";"34";"34145";"1";"2";"1";"1";"D61";"43,66887300";"4,14340100"
"202400000827";"27";"06";"2024";"17:30";"1";"34";"34145";"2";"1";"1";"3";"Avenue du General de Gaulle";"43,67983000";"4,14458200"
"202400000828";"29";"04";"2024";"19:35";"1";"75";"75112";"2";"3";"1";"3";"BOULEVARD DIDEROT";"48,84763000";"2,38905300"
"202400000829";"14";"08";"2024";"16:00";"1";"83";"83047";"2";"1";"1";"3";"1003 Chemin des Banons";"43,12537800";"6,05930900"
"202400000830";"14";"08";"2024";"00:20";"3";"54";"54186";"1";"6";"1";"7";"D83C";"48,73987500";"6,22342800"
"202400000831";"29";"04";"2024";"22:58";"5";"75";"75108";"2";"3";"1";"3";"BOULEVARD HAUSSMANN";"48,87376681";"2,32704699"
"202400000832";"14";"08";"2024";"15:43";"1";"03";"03200";"1";"1";"1";"6";"RD 13 - PK 2+0000 - Route de Montilly";"46,57430200";"3,30440100"
"202400000833";"29";"04";"2024";"13:30";"1";"75";"75103";"2";"2";"1";"6";"RUE REAUMUR";"48,86598800";"2,35377600"
"202400000834";"13";"08";"2024";"18:19";"1";"63";"63417";"1";"1";"1";"1";"cd943";"45,82810307";"3,04668674"
"202400000835";"27";"04";"2024";"20:40";"2";"94";"94015";"2";"2";"2";"3";"Boulevard Georges Méliès / Boulevard Pasteur";"48,83249000";"2,53110000"
"202400000836";"12";"08";"2024";"11:30";"1";"38";"38545";"2";"1";"1";"2";"D1075";"45,04807600";"5,66830200"
"202400000837";"30";"04";"2024";"20:20";"1";"94";"94038";"2";"1";"1";"1";"Rue Paul Hochart";"48,77799877";"2,36326084"
"202400000838";"14";"08";"2024";"15:20";"1";"07";"07324";"2";"1";"1";"6";"Quai Farconnet";"45,06876600";"4,83059400"
"202400000839";"30";"04";"2024";"18:15";"1";"94";"94022";"2";"3";"1";"3";"Avenue Léon Gourdault / Avenue du Général Leclerc";"48,76241860";"2,40664691"
"202400000840";"12";"08";"2024";"11:35";"1";"69";"69028";"2";"1";"1";"1";"139 Chemin du Devay";"45,72093400";"4,70346200"
"202400000841";"30";"04";"2024";"16:20";"1";"94";"94069";"2";"5";"1";"3";"Rue du Maréchal Leclerc / Rue du Val d'Osne";"48,81809000";"2,42438000"
"202400000842";"14";"08";"2024";"18:30";"1";"81";"81251";"1";"1";"2";"6";"Route de la Gare";"43,54813600";"2,08384000"
"202400000843";"30";"07";"2024";"08:30";"1";"79";"79020";"1";"2";"1";"3";"N/A";"46,43123900";" -0,30964500"
"202400000844";"24";"04";"2024";"07:55";"1";"94";"94017";"2";"2";"1";"3";"Voie Sonia Delaunay / Rue Rose";"48,81217670";"2,53400919"
"202400000845";"13";"08";"2024";"22:13";"3";"40";"40184";"1";"1";"1";"6";"Route de Lespecier";"44,17931261";" -1,28807112"
"202400000846";"11";"08";"2024";"11:20";"1";"33";"33238";"1";"1";"1";"7";"N/A";"44,72816800";" -0,62177900"
"202400000847";"26";"04";"2024";"18:35";"1";"94";"94002";"2";"2";"1";"6";"Rue Charles de Gaulle / Quai Blanqui";"48,81451430";"2,41217530"
"202400000848";"13";"08";"2024";"12:40";"1";"33";"33159";"1";"1";"1";"7";"N/A";"45,21836200";" -0,58045100"
"202400000849";"1";"08";"2024";"18:30";"1";"33";"33449";"2";"2";"1";"3";"N/A";"44,89589800";" -0,73565500"
"202400000850";"22";"07";"2024";"16:45";"1";"49";"49298";"2";"6";"1";"3";"route nationale";"47,45490300";" -0,66581000"
"202400000851";"14";"08";"2024";"08:10";"1";"14";"14488";"2";"3";"1";"2";"153 Avenue du Grand Large";"49,27334200";" -0,25406400"
"202400000852";"14";"08";"2024";"03:45";"3";"56";"56241";"1";"9";"1";"6";"fontenego";"47,34162900";" -3,21621500"
"202400000853";"9";"08";"2024";"17:25";"1";"22";"22178";"1";"1";"1";"1";"D79 lieu dit la justice";"48,68563400";" -2,99993300"
"202400000854";"12";"08";"2024";"17:20";"1";"13";"13214";"1";"1";"1";"2";"A507 sens Marseille - Aubagne";"43,33439187";"5,38303265"
"202400000855";"12";"08";"2024";"11:10";"1";"69";"69290";"1";"1";"1";"4";"Autoroute 43 ";"45,69805000";"4,97661000"
"202400000856";"12";"08";"2024";"17:20";"1";"33";"33318";"1";"1";"1";"6";"N/A";"44,78506000";" -0,62953000"
"202400000857";"8";"08";"2024";"08:05";"1";"33";"33013";"1";"1";"1";"3";"N/A";"44,86870000";" -0,49855900"
"202400000858";"13";"08";"2024";"12:20";"1";"75";"75113";"1";"1";"1";"6";"A6B";"48,81636547";"2,35978336"
"202400000859";"12";"08";"2024";"20:30";"1";"91";"91136";"1";"1";"1";"6";"A10 PROVINCE / RD188 PARIS";"48,71515000";"2,26842000"
"202400000860";"13";"08";"2024";"12:54";"1";"93";"93051";"1";"1";"1";"2";"A4";"48,83550949";"2,56930730"
"202400000861";"13";"08";"2024";"11:30";"1";"77";"77450";"1";"1";"1";"7";"RN104";"48,71398100";"2,59971900"
"202400000862";"12";"08";"2024";"18:20";"1";"94";"94069";"1";"1";"1";"4";"A4";"48,81687460";"2,44756528"
"202400000863";"12";"08";"2024";"15:40";"1";"94";"94074";"1";"1";"1";"6";"N406";"48,76893701";"2,45045185"
"202400000864";"12";"08";"2024";"09:18";"1";"94";"94081";"1";"1";"1";"6";"A86";"48,77525185";"2,41208883"
"202400000865";"12";"08";"2024";"08:15";"1";"77";"77146";"1";"1";"1";"6";"A4.Y";"48,83168000";"2,64756400"
"202400000866";"3";"04";"2024";"14:45";"1";"35";"35288";"2";"2";"1";"3";"N/A";"48,64632100";" -1,98863300"
"202400000867";"17";"08";"2024";"16:35";"1";"988";"98818";"2";"2";"1";"3";"RUE DE METZ/RUE DE MAUBEUGE";" -22,27744000";"166,44986000"
"202400000868";"12";"08";"2024";"11:45";"1";"974";"97416";"2";"1";"1";"6";"POUDRIERE(RUE DE LA)";" -21,33310000";"55,45728000"
"202400000869";"11";"08";"2024";"00:05";"5";"974";"97416";"2";"2";"1";"3";"BONS ENFANTS (RUE DES)";" -21,34019000";"55,47539000"
"202400000870";"12";"08";"2024";"16:30";"1";"973";"97302";"2";"1";"1";"6";"LALLOUETTE";"4,93976748";" -52,33316392"
"202400000871";"12";"08";"2024";"09:20";"1";"973";"97302";"2";"1";"1";"3";"BADUEL (ROUTE DE)";"4,93084000";" -52,30567000"
"202400000872";"12";"08";"2024";"08:50";"1";"973";"97302";"2";"3";"1";"3";"CABASSOU (ROUTE DE)";"4,91994339";" -52,31957486"
"202400000873";"6";"08";"2024";"20:40";"5";"972";"97213";"1";"1";"1";"5";"AUTOROUTE A1";"14,61806000";" -61,03440000"
"202400000874";"11";"08";"2024";"10:10";"1";"972";"97209";"2";"1";"1";"2";"GENERAL DE GAULLE (BLD DU)";"14,60773500";" -61,07045200"
"202400000875";"12";"08";"2024";"03:30";"5";"69";"69381";"2";"1";"1";"6";"Quai André Lassagne";"45,77127000";"4,83826000"
"202400000876";"12";"08";"2024";"15:15";"1";101;101004";"1";"1";"1";"4";"T21";"41,92748000";"8,77694000"
"202400000877";"12";"08";"2024";"13:58";"1";"91";"91434";"2";"2";"1";"6";"DOCTEUR ROUX (PAIRS DU 2 AU 14)  (AVENUE";"48,65524000";"2,34726000"
"202400000878";"9";"08";"2024";"20:05";"1";"89";"89024";"1";"1";"1";"1";"NEUVE (RUE)";"47,82331000";"3,60518000"
"202400000879";"7";"08";"2024";"16:30";"1";"30";"30351";"2";"6";"1";"6";"GENERAL LECLERC AVENUE DU";"43,95830000";"4,77630000"
"202400000880";"7";"08";"2024";"12:00";"1";"84";"84007";"2";"2";"1";"3";"AULNES(Avenue des)-MONTFAVET";"43,94320000";"4,86570000"
"202400000881";"7";"08";"2024";"08:45";"1";"30";"30351";"2";"3";"1";"3";"PERI AVENUE GABRIEL";"43,95540000";"4,79210000"
"202400000882";"11";"08";"2024";"18:30";"1";"83";"83061";"1";"1";"1";"1";"N7";"43,48452255";"6,77726340"
"202400000883";"11";"08";"2024";"19:10";"1";"80";"80021";"2";"1";"1";"6";"GEORGES GUYNEMER (RUE)";"49,91123000";"2,30058000"
"202400000884";"12";"08";"2024";"14:25";"1";"78";"78551";"2";"1";"1";"3";"ARMAGIS";"48,89723000";"2,08535000"
"202400000885";"4";"08";"2024";"20:30";"1";"77";"77083";"2";"1";"1";"6";"GARENNE (RUE DE LA)";"48,85176000";"2,59843000"
"202400000886";"12";"08";"2024";"13:30";"1";"76";"76322";"2";"1";"7";"6";"Rue Antoine Laurent de Lavoisier (Parking)";"49,41938000";"1,04434000"
"202400000887";"26";"07";"2024";"09:10";"1";"76";"76351";"2";"2";"1";"6";"Rue des Peupliers";"49,50655400";"0,14829220"
"202400000888";"12";"08";"2024";"18:30";"1";"69";"69290";"2";"6";"1";"2";"Avenue C Cité Berliet";"45,70418000";"4,90349000"
"202400000889";"12";"08";"2024";"11:40";"1";"69";"69290";"2";"3";"1";"3";"Chemin du Lortaret";"45,71251000";"4,95589000"
"202400000890";"12";"08";"2024";"19:10";"1";"67";"67482";"2";"3";"1";"3";"CICERON (RUE)";"48,58251000";"7,70344000"
"202400000891";"11";"08";"2024";"01:08";"5";"67";"67462";"2";"1";"1";"6";"STRASBOURG (ROUTE DE)";"48,26320000";"7,44983000"
"202400000892";"12";"08";"2024";"20:25";"1";"64";"64483";"2";"1";"1";"6";"SAINT PEE (VIEILLE ROUTE DE)";"43,38849000";" -1,64824000"
"202400000893";"12";"08";"2024";"23:45";"5";"64";"64102";"2";"1";"2";"7";"AVRIL (AVENUE DU 14)";"43,50351000";" -1,46750000"
"202400000894";"12";"08";"2024";"11:20";"1";"64";"64102";"2";"1";"1";"7";"TOMBELOLI (RUE)";"43,49648000";" -1,46913000"
"202400000895";"12";"08";"2024";"09:49";"1";"61";"61001";"2";"2";"1";"6";"D438";"48,42480300";"0,09114000"
"202400000896";"12";"08";"2024";"12:10";"1";"59";"59599";"2";"2";"1";"3";"COLBERT (RUE)";"50,73465500";"3,18537900"
"202400000897";"12";"08";"2024";"01:30";"5";"59";"59512";"2";"2";"1";"3";"VIVIER (RUE DU)";"50,69111000";"3,16023000"
"202400000898";"11";"08";"2024";"02:07";"4";"56";"56036";"1";"1";"1";"6";"Pendreff";"47,77447000";" -3,36798000"
"202400000899";"11";"08";"2024";"14:00";"1";"56";"56162";"2";"6";"7";"3";"Rue des Plages";"47,73246000";" -3,43109000"
"202400000900";"11";"08";"2024";"14:35";"1";"54";"54395";"2";"1";"1";"3";"Place de la Carriere";"48,69652000";"6,18110000"
"202400000901";"11";"08";"2024";"19:30";"1";"51";"51454";"2";"1";"1";"6";"EPERNAY (AVENUE D') COTE PAIR";"49,24650300";"4,01235500"
"202400000902";"11";"08";"2024";"17:10";"1";"51";"51454";"2";"1";"1";"3";"FOCH (BOULEVARD)";"49,25944000";"4,02860200"
"202400000903";"10";"08";"2024";"17:50";"1";"51";"51454";"2";"6";"1";"3";"JACOB (RUE FREDERIC) LA NEUVILLETTE";"49,28190000";"4,01174000"
"202400000904";"12";"08";"2024";"16:00";"1";"35";"35238";"2";"1";"1";"6";"GERMAIN (GABRIEL)";"48,13241000";" -1,69933000"
"202400000905";"7";"08";"2024";"11:25";"1";"33";"33550";"2";"3";"1";"3";"N/A";"44,79272600";" -0,56731600"
"202400000906";"12";"08";"2024";"20:00";"1";"33";"33529";"2";"1";"1";"3";"N/A";"44,64102000";" -1,15592600"
"202400000907";"11";"08";"2024";"22:20";"4";"29";"29039";"2";"1";"1";"3";"avenue de la gare";"47,87554500";" -3,91921700"
"202400000908";"12";"08";"2024";"17:50";"1";"29";"29019";"2";"1";"1";"4";"rue de l'Harteloire";"48,39390100";" -4,49289700"
"202400000909";"12";"08";"2024";"00:08";"5";"27";"27375";"2";"1";"1";"6";"AMOUREUX (AVENUE DES)";"49,21414000";"1,15836000"
"202400000910";"12";"08";"2024";"10:15";"1";"26";"26198";"1";"1";"1";"1";"Chemin de Colas";"44,52535437";"4,77778673"
"202400000911";"12";"08";"2024";"20:00";"1";"22";"22187";"1";"9";"1";"6";"RUE DE LA CROIX LORMEL";"48,53384000";" -2,74633000"
"202400000912";"12";"08";"2024";"19:00";"1";"14";"14220";"2";"1";"1";"3";"71 Rue Désiré le Hoc";"49,35961000";"0,07498000"
"202400000913";"11";"08";"2024";"01:00";"4";"14";"14715";"2";"1";"1";"6";"Rue Berthier";"49,36430000";"0,08671000"
"202400000914";"12";"08";"2024";"22:15";"5";"13";"13208";"2";"1";"1";"3";"MENDES FRANCE (AVENUE)";"43,25594000";"5,37658000"
"202400000915";"11";"08";"2024";"12:55";"1";"13";"13213";"2";"1";"1";"1";"OLIVES (AVENUE DES)";"43,32357000";"5,45035000"
"202400000916";"11";"08";"2024";"03:14";"5";"13";"13207";"2";"9";"1";"1";"Corniche John Fitzgérald Kennedy";"43,28475000";"5,35001000"
"202400000917";"7";"08";"2024";"16:00";"1";"13";"13001";"2";"1";"1";"3";"BELGES (AV DES)";"43,52474830";"5,44378624"
"202400000918";"10";"08";"2024";"18:25";"1";"07";"07316";"2";"1";"1";"7";"RUISSEAU (CHEMIN DU)";"44,91739000";"4,86017000"
"202400000919";"8";"07";"2024";"17:34";"1";"94";"94028";"1";"1";"1";"2";"Imp Louis Pasteur Vallery Radot";"48,78707000";"2,44233000"
"202400000920";"10";"07";"2024";"10:45";"1";"93";"93066";"2";"3";"8";"3";"PONT SAINT LAZARE (RUE)";"48,94368000";"2,34752000"
"202400000921";"10";"07";"2024";"00:25";"5";"93";"93051";"2";"6";"1";"2";"Place Neptune / Boulevard du Levant / Avenue du Pave Neuf";"48,84029000";"2,55091000"
"202400000922";"10";"07";"2024";"14:45";"1";"93";"93029";"2";"1";"1";"3";"Avenue Henri Barbusse";"48,92034967";"2,45241374"
"202400000923";"9";"07";"2024";"18:20";"1";"93";"93008";"2";"1";"1";"2";"Avenue Henri Barbusse";"48,90591000";"2,42223000"
"202400000924";"9";"07";"2024";"09:30";"1";"93";"93005";"2";"1";"1";"6";"QUATORZE JUILLET (AVENUE DU)";"48,92909880";"2,49526504"
"202400000925";"9";"07";"2024";"15:38";"1";"92";"92076";"2";"1";"2";"6";"FOCH";"48,84496427";"2,15274007"
"202400000926";"9";"07";"2024";"23:00";"5";"92";"92050";"2";"1";"1";"7";"PICASSO PABLO AVENUE";"48,88843527";"2,22535372"
"202400000927";"8";"07";"2024";"23:15";"5";"92";"92024";"2";"2";"1";"1";"CLICHY (QUAI DE) DE (104 A 202)";"48,90850924";"2,30011600"
"202400000928";"10";"07";"2024";"20:10";"1";"92";"92012";"2";"1";"1";"3";"JEAN JAURES (BOULEVARD) 217/FIN - 210/FI";"48,82981565";"2,24567413"
"202400000929";"10";"07";"2024";"12:40";"1";"92";"92012";"2";"1";"1";"3";"DOME (RUE DU)";"48,83270401";"2,25017416"
"202400000930";"9";"07";"2024";"07:10";"1";"92";"92007";"2";"6";"1";"6";"CROIZAT (ROND-POINT AMBROISE)";"48,79703810";"2,29930446"
"202400000931";"10";"07";"2024";"20:00";"1";"92";"92002";"2";"3";"1";"3";"GENERAL DE GAULLE (AVENUE DU)";"48,76306769";"2,30557770"
"202400000932";"11";"07";"2024";"16:45";"1";"60";"60232";"1";"2";"1";"3";"D 929";"49,58806900";"2,50784400"
"202400000933";"11";"07";"2024";"04:40";"3";"60";"60102";"1";"6";"1";"6";"Rue du Corroy";"49,30209700";"2,55884900"
"202400000934";"9";"07";"2024";"20:30";"1";"63";"63026";"1";"1";"1";"7";"D213";"45,66086200";"3,04006900"
"202400000935";"10";"07";"2024";"16:00";"1";"51";"51433";"1";"1";"1";"7";"D58";"48,73638000";"4,67399600"
"202400000936";"10";"07";"2024";"22:30";"2";"85";"85290";"1";"1";"1";"7";"D8";"46,55294000";" -1,01978700"
"202400000937";"10";"07";"2024";"17:08";"1";"12";"12098";"2";"3";"7";"6";"D22";"44,55344900";"2,67182600"
"202400000938";"11";"07";"2024";"05:45";"2";"71";"71170";"1";"1";"1";"6";"autoroute A6 PK318.450 sens Lyon Paris";"46,90028824";"4,82249644"
"202400000939";"11";"02";"2024";"12:35";"1";"87";"87085";"2";"1";"2";"7";"ROUSSILLON (AVENUE DU)";"45,81982000";"1,22359000"
"202400000940";"7";"02";"2024";"15:12";"1";"87";"87085";"2";"1";"5";"7";"FITZ JAMES (RUE)";"45,83245000";"1,25923000"
"202400000941";"10";"02";"2024";"17:55";"2";"85";"85194";"2";"6";"2";"2";"RUE SIMONE VEIL";"46,49982000";" -1,75642000"
"202400000942";"11";"02";"2024";"16:30";"1";"84";"84007";"2";"3";"1";"6";"SAINT ROCH (Boulevard)";"43,94282000";"4,80538000"
"202400000943";"10";"02";"2024";"18:00";"3";"84";"84007";"1";"1";"2";"4";"MARSEILLE (Route de )";"43,89048000";"4,91150000"
"202400000944";"11";"02";"2024";"02:21";"3";"82";"82033";"1";"1";"6";"6";"Route de Montauban";"44,03410000";"1,17375000"
"202400000945";"10";"02";"2024";"11:30";"1";"76";"76351";"2";"1";"1";"7";"MARECHAL JOFFRE (RUE)";"49,49998568";"0,12858241"
"202400000946";"11";"02";"2024";"20:55";"5";"76";"76351";"2";"1";"1";"2";"ARISTIDE BRIAND";"49,50040000";"0,13820000"
"202400000947";"11";"02";"2024";"16:10";"1";"76";"76351";"1";"1";"1";"2";"RD 6015";"49,50210000";"0,18879000"
"202400000948";"10";"02";"2024";"11:15";"1";"76";"76351";"2";"2";"2";"3";"THIRE ET BONFAIT (AV.)";"49,50749000";"0,15405000"
"202400000949";"12";"02";"2024";"19:30";"5";"70";"70513";"2";"3";"2";"3";"Avenue des Rives du Lac";"47,62850000";"6,12880000"
"202400000950";"12";"02";"2024";"17:00";"1";"69";"69266";"2";"2";"1";"3";"Rue Jean Bertin";"45,76049328";"4,92047029"
"202400000951";"12";"02";"2024";"17:15";"1";"64";"64122";"2";"1";"1";"2";"N/A";"43,47710000";" -1,54480000"
"202400000952";"11";"02";"2024";"19:09";"5";"64";"64102";"2";"1";"1";"2";"CAMILLE (AVENUE DELVAILLE)";"43,50647000";" -1,48559000"
"202400000953";"8";"02";"2024";"18:05";"5";"61";"61169";"2";"1";"3";"6";"D424";"48,75037800";" -0,56317800"
"202400000954";"11";"02";"2024";"21:20";"5";"59";"59163";"2";"1";"1";" -1";"SANGNIER (RUE MARC)";"50,68459000";"3,15023000"
"202400000955";"10";"02";"2024";"18:30";"5";"59";"59574";"2";"1";"2";"6";"WILSON(RUE)";"50,34812000";"3,28102000"
"202400000956";"7";"02";"2024";"08:00";"1";"55";"55029";"2";"1";"1";"6";"MARECHALE ( RUE DE LA )";"48,76971000";"5,16390000"
"202400000957";"12";"02";"2024";"16:47";"1";"51";"51454";"2";"1";"1";"4";"CHAMPAGNE   (  AVENUE DE)";"49,22678100";"4,02843800"
"202400000958";"12";"02";"2024";"07:36";"5";"49";"49007";"2";"6";"2";"3";"PAPIN";"47,46520000";" -0,55715000"
"202400000959";"12";"02";"2024";"07:34";"5";"45";"45147";"1";"1";"1";"6";"231 Rue des Fosses";"47,93900800";"1,93031900"
"202400000960";"12";"02";"2024";"18:00";"5";"37";"37261";"2";"1";"1";"2";"WAGNER (BOULEVARD RICHARD)";"47,37414000";"0,70052000"
"202400000961";"12";"02";"2024";"19:00";"5";"34";"34172";"2";"1";"2";"6";"DEZEUZE (RUE FRANCOIS)";"43,60867000";"3,84566000"
"202400000962";"12";"02";"2024";"09:30";"1";"33";"33281";"2";"3";"8";"1";"N/A";"44,83769000";" -0,66730000"
"202400000963";"11";"02";"2024";"18:30";"2";"33";"33318";"2";"6";"1";"6";"N/A";"44,78999200";" -0,63476700"
"202400000964";"12";"02";"2024";"18:30";"5";"25";"25056";"2";"1";"1";"3";"ILE DE FRANCE AVENUE DE L'";"47,22137200";"5,96733500"
"202400000965";"11";"02";"2024";"03:19";"3";"15";"15014";"1";"1";"3";"6";"RD 35";"44,94274000";"2,44841000"
"202400000966";"11";"02";"2024";"06:20";"3";"14";"14243";"1";"1";"2";"6";"870 Chemin de la Butte";"49,39776000";"0,21438000"
"202400000967";"11";"02";"2024";"17:45";"1";"14";"14118";"2";"1";"2";"7";"81 Boulevard Leroy";"49,17294000";" -0,34456000"
"202400000968";"12";"02";"2024";"18:25";"5";"13";"13212";"2";"1";"1";"3";"KADDOUZ (CHEMIN)";"43,31900000";"5,43937000"
"202400000969";"12";"02";"2024";"18:30";"2";"13";"13001";"2";"6";"1";"3";"HUIT MAI (AV DU)";"43,52194000";"5,43262000"
"202400000970";"11";"02";"2024";"19:30";"3";"12";"12145";"1";"1";"2";"1";"CAVALERIE (COTE DE LA )";"44,08831918";"3,08824664"
"202400000971";"8";"02";"2024";"17:00";"1";"06";"06083";"2";"1";"1";"2";"31 Avenue de Verdun";"43,77464700";"7,49623600"
"202400000972";"12";"02";"2024";"21:15";"5";"06";"06069";"2";"9";"1";"3";"Route de Draguignan";"43,64108000";"6,90849000"
"202400000973";"10";"02";"2024";"20:45";"5";"75";"75117";"2";"1";"1";"1";"ECHANGEUR MAILLOT";"48,88191100";"2,28272700"
"202400000974";"12";"02";"2024";"19:00";"5";"75";"75117";"2";"3";"1";"6";"RUE DE SAUSSURE";"48,88875700";"2,30887500"
"202400000975";"12";"02";"2024";"12:20";"1";"75";"75117";"2";"4";"1";"7";"AVENUE DE VILLIERS";"48,88443300";"2,30126100"
"202400000976";"12";"02";"2024";"20:00";"5";"75";"75115";"2";"1";"1";"7";"RUE DE LA CONVENTION";"48,84245700";"2,28491800"
"202400000977";"12";"02";"2024";"08:55";"1";"75";"75110";"2";"2";"1";"6";"RUE DU FAUBOURG SAINT MARTIN";"48,88109200";"2,36514500"
"202400000978";"12";"02";"2024";"10:00";"1";"75";"75104";"2";"1";"1";"3";"RUE SAINT LOUIS EN L ILE";"48,85071900";"2,35965900"
"202400000979";"12";"02";"2024";"11:25";"1";"93";"93046";"2";"1";"1";"1";"Boulevard Robert Schuman";"48,92748000";"2,54797000"
"202400000980";"11";"02";"2024";"02:00";"5";"93";"93063";"2";"1";"2";"1";"Rue des Noyers";"48,87727300";"2,43711000"
"202400000981";"12";"02";"2024";"18:40";"5";"93";"93079";"2";"3";"1";"6";"Route de Saint-Leu / Avenue Jean-Baptiste Clément";"48,95297600";"2,33692600"
"202400000982";"12";"02";"2024";"19:05";"5";"93";"93014";"2";"3";"1";"3";"Allée de Gagny / Allée Henri Barbusse";"48,90649000";"2,54936000"
"202400000983";"11";"02";"2024";"23:30";"5";"93";"93001";"2";"3";"1";"3";"Avenue Jean Jaurès / Allée Charles Grosperrin";"48,91517644";"2,40446359"
"202400000984";"12";"02";"2024";"11:00";"1";"92";"92051";"2";"2";"1";"3";"BINEAU (BOULEVARD, N°133 A 217 ET 134 A";"48,89073993";"2,27054375"
"202400000985";"12";"02";"2024";"11:30";"1";"92";"92040";"2";"6";"1";"2";"STALINGRAD (QUAI DE)";"48,82177640";"2,25018203"
"202400000986";"12";"02";"2024";"11:08";"1";"92";"92040";"2";"1";"1";"6";"GALLIENI (BOULEVARD)";"48,82851626";"2,26747146"
"202400000987";"12";"02";"2024";"19:55";"5";"92";"92035";"2";"1";"1";"2";"Général de Gaulle  ( avenue du )";"48,91008511";"2,25493523"
"202400000988";"6";"06";"2024";"09:00";"1";"974";"97411";"2";"2";"1";"3";"RONTAUNAY (RUE)";" -20,87591000";"55,44813200"
"202400000989";"12";"02";"2024";"14:09";"1";"92";"92012";"2";"1";"1";"2";"JEAN JAURES (BOULEVARD) 63/215 - 70/208";"48,83100000";"2,24500000"
"202400000990";"12";"02";"2024";"17:15";"1";"972";"97227";"1";"1";"1";"3";"RN5";"14,49717900";" -60,97682500"
"202400000991";"7";"06";"2024";"09:50";"1";"971";"97101";"1";"1";"1";"5";"Frédéric JALTON";"16,27904000";" -61,49825000"
"202400000992";"17";"01";"2024";"22:20";"3";"22";"22030";"1";"1";"2";"6";"route départementale 767 pr 48+0000";"48,70451400";" -3,37900400"
"202400000993";"6";"06";"2024";"09:00";"1";"971";"97113";"2";"1";"1";"3";"RN4 - SECTION RIVIERA";"16,21227000";" -61,47561000"
"202400000994";"13";"02";"2024";"16:25";"1";"974";"97410";"2";"1";"1";"3";"Route Nationale 3";" -21,07229700";"55,70307600"
"202400000995";"6";"06";"2024";"09:45";"1";"971";"97101";"1";"1";"1";"3";"PERRIN (SECTEUR)";"16,29453000";" -61,50138000"
"202400000996";"8";"02";"2024";"21:30";"3";"62";"62260";"1";"1";"3";"6";"D939";"50,38459698";"2,25907946"
"202400000997";"7";"06";"2024";"16:50";"1";101;101004";"2";"1";"1";"1";"KENNEDY AV PRESIDENT";"41,93116000";"8,73425000"
"202400000998";"7";"06";"2024";"15:00";"1";"91";"91103";"2";"4";"1";"2";"VC LA FRANCILIENNE";"48,62506000";"2,29744000"
"202400000999";"9";"02";"2024";"17:15";"1";"83";"83087";"1";"1";"2";"5";"D560";"43,38540200";"5,74900400"
"202400001000";"13";"02";"2024";"00:15";"3";"19";"19241";"1";"1";"2";"6";"D21";"45,67457684";"2,08711839"
"202400001001";"28";"05";"2024";"18:20";"1";"91";"91425";"1";"1";"1";"3";"RTE DES TEMPLIERS";"48,64746000";"2,26493000"
"202400001002";"7";"06";"2024";"18:50";"1";"91";"91201";"2";"1";"1";"3";" HENRI BARBUSSE (BOULEVARD)";"48,67384000";"2,41214000"
"202400001003";"13";"02";"2024";"07:10";"3";"79";"79195";"2";"3";"5";"7";"N/A";"46,94248700";" -0,59178100"
"202400001004";"6";"06";"2024";"15:50";"1";"87";"87085";"2";"2";"1";"6";"GIFFARD (RUE HENRI)";"45,86926200";"1,26836100"
"202400001005";"13";"02";"2024";"07:30";"2";"60";"60299";"1";"2";"1";"1";"D34";"49,63394323";"2,21726364"
"202400001006";"6";"06";"2024";"13:33";"1";"87";"87085";"1";"4";"1";"3";"COUSSADES (chemin des)";"45,87780000";"1,15929000"
"202400001007";"11";"02";"2024";"23:50";"3";"64";"64419";"1";"1";"1";"6";"Route Departementale 817";"43,27194745";" -0,20792294"
"202400001008";"12";"02";"2024";"08:00";"1";"07";"07092";"1";"1";"1";"7";"N/A";"44,68133300";"4,55893400"
"202400001009";"12";"02";"2024";"07:40";"2";"53";"53147";"2";"6";"1";"2";"90 Rue du Terras";"48,29435800";" -0,61237000"
"202400001010";"7";"06";"2024";"23:25";"5";"84";"84007";"2";"4";"1";"1";"C.De GAULLE (Rocade)";"43,92887000";"4,80266000"
"202400001011";"13";"02";"2024";"14:00";"1";"04";"04209";"2";"1";"1";"6";"Avenue de la Libération";"44,19148900";"5,94508100"
"202400001012";"13";"02";"2024";"07:30";"2";"85";"85140";"2";"1";"5";"3";"28 Rue de la baudrière";"46,74907200";" -0,81566400"
"202400001013";"7";"06";"2024";"09:35";"1";"81";"81065";"2";"1";"1";"6";"AUDENET  (RUE SOEUR)";"43,61221720";"2,25293680"
"202400001014";"7";"02";"2024";"14:45";"1";"17";"17008";"1";"2";"2";"3";"D137";"46,24363500";" -1,01582800"
"202400001015";"7";"06";"2024";"08:47";"1";"81";"81004";"2";"1";"1";"6";"10 Boulevard Carnot";"43,92274000";"2,14600000"
"202400001016";"13";"02";"2024";"10:00";"1";"973";"97309";"2";"1";"1";"3";"Route de Rémire";"4,89879862";" -52,27390677"
"202400001017";"12";"02";"2024";"21:45";"3";"44";"44094";"1";"1";"1";"2";"N/A";"47,31342800";" -1,41212900"
"202400001018";"7";"06";"2024";"06:30";"1";"80";"80021";"2";"6";"1";"3";"BEAUVILLE NORD (BOULEVARD DE)";"49,90672400";"2,31811600"
"202400001019";"9";"02";"2024";"02:00";"3";"974";"97421";"1";"1";"5";"7";"Chemin de Mare a Martin";" -21,01317800";"55,48019500"
"202400001020";"7";"06";"2024";"21:50";"3";"78";"78311";"2";"1";"1";"7";"MATTEOTI (RUE)";"48,93664500";"2,18323800"
"202400001021";"12";"02";"2024";"08:17";"1";"13";"13040";"1";"3";"1";"2";"D6";"43,47974800";"5,55075600"
"202400001022";"12";"02";"2024";"14:00";"1";"11";"11190";"2";"1";"1";"6";"1 Port la Fabrique";"43,24845400";"2,66089600"
"202400001023";"13";"02";"2024";"09:00";"1";"84";"84036";"1";"1";"1";"1";"1580 Route du Thor";"43,92528200";"4,96025500"
"202400001024";"7";"06";"2024";"15:10";"1";"78";"78401";"2";"1";"1";"2";"RHIN ET DANUBE (PONT)";"49,00351000";"1,90677000"
"202400001025";"12";"02";"2024";"22:40";"5";"06";"06011";"2";"1";"1";"6";"Boulevard du Maréchal Leclerc";"43,70595900";"7,33484900"
"202400001026";"7";"06";"2024";"14:15";"1";"78";"78401";"2";"9";"1";"6";"TESSANCOURT (RUE DE)";"49,00710100";"1,90549900"
"202400001027";"12";"02";"2024";"14:40";"1";"68";"68154";"2";"6";"1";"2";"Rue des Vosges";"47,77922300";"7,34747200"
"202400001028";"7";"06";"2024";"15:45";"1";"77";"77169";"2";"1";"1";"7";"EUROPE (AVENUE DE L')";"48,83003000";"2,60520000"
"202400001029";"12";"02";"2024";"22:00";"3";"57";"57413";"1";"1";"1";"6";"lieu dit les 4 vents";"49,10256800";"6,64088100"
"202400001030";"5";"06";"2024";"12:10";"1";"77";"77288";"2";"1";"1";"6";"GENERAL DE GAULLE  (RUE DU)";"48,54389000";"2,66106000"
"202400001031";"13";"02";"2024";"13:25";"1";"07";"07324";"2";"1";"1";"3";"Avenue du 8 Mai 1945";"45,05534700";"4,83638500"
"202400001032";"13";"02";"2024";"14:05";"1";"65";"65059";"2";"1";"1";"6";"9 Allées Jean Jaurès";"43,06527500";"0,15264800"
"202400001033";"12";"02";"2024";"18:15";"2";"86";"86229";"2";"1";"1";"7";"11 Rue des Grandes Caves";"47,07303200";" -0,02994140"
"202400001034";"5";"06";"2024";"12:26";"1";"77";"77487";"2";"3";"1";"3";"BUCHER (DU)";"48,52895900";"2,69718800"
"202400001035";"11";"02";"2024";"13:40";"1";"29";"29046";"2";"6";"1";"3";"rond point du carbon";"48,09467800";" -4,34736200"
"202400001036";"7";"06";"2024";"17:00";"1";"77";"77243";"2";"1";"1";"6";"Boulevard du General de Gaulle";"48,87588000";"2,70141000"
"202400001037";"1";"02";"2024";"18:25";"5";"59";"59611";"1";"1";"1";"2";"162 Rue de Messines";"50,69284500";"2,98305100"
"202400001038";"12";"02";"2024";"01:05";"3";"69";"69288";"1";"1";"1";"6";"Autoroute 43";"45,67041685";"5,04600959"
"202400001039";"7";"06";"2024";"21:00";"1";"76";"76540";"2";"1";"1";"7";"Rue Lafayette";"49,43242000";"1,08922000"
"202400001040";"11";"02";"2024";"10:10";"1";"59";"59581";"1";"1";"1";"4";"AUTOROUTE A25";"50,69879000";"2,79834000"
"202400001041";"7";"06";"2024";"15:30";"1";"76";"76540";"2";"2";"1";"6";"Quai du Havre (Quai haut)";"49,44097000";"1,08280000"
"202400001042";"9";"02";"2024";"18:11";"2";"92";"92050";"1";"1";"2";"3";"A86";"48,91427665";"2,21944304"
"202400001043";"6";"06";"2024";"16:00";"1";"76";"76540";"2";"3";"1";"7";"Rue Bourbaki";"49,43717000";"1,06446000"
"202400001044";"11";"02";"2024";"19:50";"3";"78";"78640";"1";"1";"1";"2";"N118";"48,78137300";"2,22297200"
"202400001045";"7";"06";"2024";"14:00";"1";"72";"72181";"2";"1";"1";"2";"MARIETTE (RUE DE LA) N° IMP 1 A 85";"47,99963000";"0,20671000"
"202400001046";"10";"02";"2024";"18:30";"3";"92";"92036";"1";"1";"2";"6";"A86";"48,93914505";"2,30230165"
"202400001047";"11";"02";"2024";"02:29";"3";"95";"95500";"1";"1";"1";"1";"A15";"49,03932051";"2,08540438"
"202400001048";"7";"06";"2024";"09:00";"1";"72";"72181";"2";"2";"1";"3";"FERBER CAPITAINE (RUE DU)";"47,96840000";"0,20818000"
"202400001049";"11";"02";"2024";"07:30";"2";"93";"93005";"1";"1";"1";"2";"A3";"48,96017102";"2,47352704"
"202400001050";"7";"06";"2024";"09:25";"1";"71";"71270";"2";"2";"1";"6";"HUGO (RUE VICTOR)";"46,30483000";"4,82818000"
"202400001051";"10";"02";"2024";"23:00";"3";"95";"95500";"1";"1";"1";"2";"A15";"49,03790652";"2,08943382"
"202400001052";"7";"06";"2024";"13:18";"1";"69";"69266";"2";"1";"1";"1";"Rue Gabriel Péri";"45,77087000";"4,86375000"
"202400001053";"10";"02";"2024";"22:30";"3";"93";"93027";"1";"1";"1";"6";"A16";"48,92581889";"2,39958903"
"202400001054";"10";"02";"2024";"20:40";"3";"92";"92036";"1";"1";"1";"3";"AUTOROUTE A86";"48,93788873";"2,31490731"
"202400001055";"7";"06";"2024";"23:35";"5";"67";"67482";"2";"3";"1";"3";"TURCKHEIM (QUAI DE)";"48,58141000";"7,73861000"
"202400001056";"7";"06";"2024";"17:30";"1";"66";"66136";"2";"1";"1";"3";"Avenue Maréchal Leclerc";"42,70100000";"2,88931000"
"202400001057";"10";"02";"2024";"16:00";"1";"95";"95241";"1";"1";"2";"1";"N104";"49,04653407";"2,43883155"
"202400001058";"7";"06";"2024";"15:30";"1";"66";"66136";"2";"1";"1";"2";"Boulevard Aristide Briand";"42,69456000";"2,90142100"
"202400001059";"12";"02";"2024";"12:35";"1";"94";"94081";"1";"1";"1";"5";"A86";"48,77409978";"2,40896160"
"202400001060";"7";"06";"2024";"13:50";"1";"66";"66136";"2";"2";"1";"3";"Boulevard John-Fitzgerald Kennedy";"42,69060000";"2,90130000"
"202400001061";"12";"02";"2024";"01:44";"3";"94";"94069";"1";"1";"1";"6";"A4";"48,81714580";"2,42648721"
"202400001062";"7";"06";"2024";"12:55";"1";"66";"66136";"2";"1";"1";"6";"FLANDRES/DUNKERQUE (CARREFOUR)";"42,68667000";"2,90724000"
"202400001063";"7";"06";"2024";"07:50";"1";"66";"66136";"2";"1";"1";"7";"Chemin de Saint-Roch";"42,68829000";"2,90918000"
"202400001064";"11";"02";"2024";"09:40";"1";"973";"97302";"2";"1";"1";"5";"BADUEL (ROUTE DE)";"4,92743557";" -52,29076579"
"202400001065";"6";"06";"2024";"17:35";"1";"65";"65226";"1";"1";"1";"7";"Route de Pau";"43,24075000";"0,01495000"
"202400001066";"9";"02";"2024";"10:30";"1";"973";"97302";"2";"3";"1";"3";"MERE THERESA (rue)";"4,91832297";" -52,31276393"
"202400001067";"7";"06";"2024";"18:50";"1";"64";"64445";"1";"3";"1";"2";"CAMI SALIE DU";"43,33123000";" -0,35840000"
"202400001068";"11";"02";"2024";"21:05";"5";"69";"69386";"2";"3";"1";"3";"Cours Vitton";"45,77024000";"4,86070000"
"202400001069";"6";"06";"2024";"17:05";"1";"64";"64445";"2";"1";"1";"3";"PRESIDENT KENNEDY DU";"43,31124560";" -0,36339775"
"202400001070";"12";"02";"2024";"00:30";"5";101;101004";"2";"1";"1";"6";"NAPOLEON COURS APRES BEVERINI";"41,93200000";"8,74000000"
"202400001071";"11";"02";"2024";"15:20";"1";"95";"95219";"2";"1";"2";"6";"JEAN DE FLORETTE (ALLEE)";"48,98298072";"2,24463880"
"202400001072";"6";"06";"2024";"18:15";"1";"63";"63113";"1";"2";"1";"3";"BEAULIEU (CHEMIN DE)";"45,77051396";"3,14670324"
"202400001073";"12";"02";"2024";"01:40";"3";"91";"91685";"1";"3";"1";"6";"CHASSE (ROUTE DE)";"48,66406000";"2,29554000"
"202400001074";"6";"06";"2024";"13:00";"1";"63";"63113";"2";"2";"2";"3";"RAYNAUD (RUE)";"45,76945255";"3,09090257"
"202400001075";"11";"02";"2024";"01:40";"5";"91";"91161";"2";"2";"1";"3";"MASSY (ROUTE DE)";"48,71531000";"2,29827700"
"202400001076";"11";"02";"2024";"18:40";"1";"81";"81065";"2";"2";"1";"3";"HENRI  IV (RUE)";"43,60763000";"2,24191000"
"202400001077";"6";"06";"2024";"23:20";"5";"62";"62270";"2";"2";"1";"3";"D941";"50,46764000";"2,50291000"
"202400001078";"11";"02";"2024";"04:15";"3";"77";"77350";"1";"1";"1";"7";"D1004";"48,76764000";"2,64684000"
"202400001079";"7";"06";"2024";"18:25";"1";"59";"59009";"2";"1";"1";"6";"BOIS AVENUE DU";"50,63014000";"3,14676000"
"202400001080";"11";"02";"2024";"14:25";"1";"69";"69266";"2";"2";"2";"2";"Boulevard du 11 Novembre 1918";"45,77929427";"4,86246304"
"202400001081";"7";"06";"2024";"17:10";"1";"59";"59350";"2";"1";"1";"3";"Rue du Faubourg d'Arras";"50,60830000";"3,05980000"
"202400001082";"11";"02";"2024";"14:50";"1";"64";"64249";"2";"3";"1";"3";"GETARIA(AVENUE)";"43,42428000";" -1,60471000"
"202400001083";"5";"06";"2024";"11:20";"1";"59";"59328";"2";"1";"1";"3";"Rue de Lille";"50,65157000";"3,04072000"
"202400001084";"11";"02";"2024";"13:03";"1";"63";"63113";"2";"1";"1";"6";"PRADELLE (RUE DE LA)";"45,77397000";"3,10030000"
"202400001085";"7";"06";"2024";"19:15";"1";"54";"54184";"2";"1";"1";"3";"Avenue Foch";"48,70513500";"6,22900800"
"202400001086";"10";"02";"2024";"18:29";"1";"60";"60057";"2";"9";"2";"6";"Rue de la Madeleine";"49,42890000";"2,08549000"
"202400001087";"5";"06";"2024";"18:45";"1";"54";"54300";"2";"3";"1";"3";"Avenue du General de Gaulle";"48,66087000";"6,22678000"
"202400001088";"10";"02";"2024";"23:05";"5";"59";"59350";"2";"1";"2";"1";"Rue Armand Carrel";"50,61653000";"3,07416000"
"202400001089";"11";"02";"2024";"20:30";"5";"54";"54521";"2";"1";"3";"6";"Rue Paul Langevin";"49,47304000";"5,90551000"
"202400001090";"7";"06";"2024";"17:29";"1";"54";"54261";"2";"3";"1";"6";"Avenue du Luxembourg";"49,52464000";"5,79330000"
"202400001091";"11";"02";"2024";"13:05";"1";"54";"54382";"1";"1";"1";"6";"RD618";"49,54661000";"5,79952000"
"202400001092";"7";"06";"2024";"07:50";"1";"51";"51454";"2";"3";"1";"3";"FABIEN (RUE DU COLONNEL)";"49,24916000";"4,01658000"
"202400001093";"11";"02";"2024";"12:00";"1";"54";"54036";"1";"3";"2";"7";"D139";"49,29270800";"6,00245900"
"202400001094";"11";"02";"2024";"12:38";"1";"54";"54099";"1";"4";"2";"7";"D138";"49,24241769";"6,02452040"
"202400001095";"6";"06";"2024";"22:35";"3";"51";"51474";"2";"1";"1";"3";"HARANG (RUE MARGUERITE)";"49,26828000";"3,99559000"
"202400001096";"11";"02";"2024";"06:05";"5";"45";"45338";"2";"6";"2";"6";"47bis Avenue de la Libération";"47,98930000";"2,69522000"
"202400001097";"6";"06";"2024";"17:45";"1";"51";"51454";"2";"1";"1";"3";"CRAYERES (RUE DES)";"49,24471000";"4,05291000"
"202400001098";"7";"06";"2024";"08:45";"1";"50";"50218";"1";"1";"1";"4";"AVRANCHES (ROUTE D')";"48,82593000";" -1,55997000"
"202400001099";"11";"02";"2024";"19:40";"5";"37";"37261";"2";"1";"8";"3";"MARECHAL JUIN (BD)";"47,42169000";"0,70197000"
"202400001100";"6";"06";"2024";"18:34";"1";"50";"50532";"2";"1";"1";"3";"MATHURIN (RUE CHARLES)";"48,81022000";" -1,57033000"
"202400001101";"11";"02";"2024";"16:30";"1";"37";"37233";"2";"2";"1";"3";"BEAUFILS (RUE MAURICE)";"47,39129000";"0,73033000"
"202400001102";"6";"06";"2024";"18:15";"1";"50";"50129";"2";"5";"1";"6";"ABBAYE (RUE DE L')";"49,64542000";" -1,63814000"
"202400001103";"11";"02";"2024";"18:00";"1";"34";"34172";"2";"1";"1";"1";"PEDRO DE LUNA (BOULEVARD)";"43,59421000";"3,87217000"
"202400001104";"7";"06";"2024";"19:55";"1";"45";"45234";"2";"1";"1";"6";"D14 PR 8 + 268";"47,84743800";"1,93744300"
"202400001105";"11";"02";"2024";"18:50";"2";"34";"34172";"2";"1";"1";"6";"LOUISVILLE (AVENUE DE)";"43,62770000";"3,81554000"
"202400001106";"7";"06";"2024";"18:30";"1";"45";"45286";"2";"1";"7";"3";"121 Route de Sandillon";"47,87971000";"1,93516000"
"202400001107";"10";"02";"2024";"20:05";"5";"25";"25580";"2";"6";"2";"3";"Avenue du 8 Mai";"47,45448000";"6,82883000"
"202400001108";"7";"06";"2024";"08:30";"1";"45";"45147";"2";"1";"1";"6";"23 Rue Gustave Roland";"47,93019300";"1,91298600"
"202400001109";"15";"05";"2024";"08:10";"1";"42";"42218";"2";"6";"3";"6";"Place Paul-Louis Courier";"45,40930000";"4,38660000"
"202400001110";"11";"02";"2024";"07:57";"5";"25";"25056";"2";"3";"1";"5";"CHURCHILL BD WINSTON (inf 12)";"47,25254600";"6,01436200"
"202400001111";"11";"02";"2024";"08:25";"2";"22";"22113";"1";"1";"1";"7";"TREGUIER (ROUTE DE)";"48,74254000";" -3,41498000"
"202400001112";"5";"06";"2024";"12:45";"1";"40";"40192";"2";"3";"1";"3";"DUCOM (AV ÉLOI)";"43,89072776";" -0,48745575"
"202400001113";"10";"02";"2024";"18:10";"2";"22";"22113";"1";"1";"1";"7";"R.D.767";"48,71549000";" -3,39790000"
"202400001114";"7";"06";"2024";"18:00";"1";"38";"38179";"2";"2";"2";"1";"RUE DE LA CONDAMINE";"45,18524000";"5,77889000"
"202400001115";"9";"02";"2024";"17:30";"5";"13";"13209";"2";"1";"3";"7";"MICHELET (BOULEVARD)";"43,25926000";"5,39768000"
"202400001116";"6";"06";"2024";"04:05";"5";"37";"37261";"2";"3";"1";"6";"CHURCHILL (BOULEVARD WINSTON)";"47,37331610";"0,68673402"
"202400001117";"31";"01";"2024";"10:45";"1";"05";"05061";"2";"1";"1";"6";"JEAN JAURES ( AVENUE )";"44,55335900";"6,07283000"
"202400001118";"7";"06";"2024";"09:15";"1";"35";"35278";"2";"1";"1";"6";"DE GAULLE (AVENUE GENERAL)";"48,15432000";" -1,68668000"
"202400001119";"9";"02";"2024";"11:10";"1";"75";"75117";"2";"1";"8";"2";"PORTE DE CHAMPERRET";"48,88527700";"2,28712300"
"202400001120";"24";"10";"2024";"14:40";"1";"31";"31582";"1";"1";"1";"6";"D25";"43,40893900";"1,71684000"
"202400001121";"7";"06";"2024";"08:50";"1";"35";"35238";"2";"2";"1";"3";"SAINT-HELIER";"48,10698000";" -1,67057000"
"202400001122";"11";"02";"2024";"15:00";"1";"75";"75119";"2";"3";"1";"6";"AVENUE SECRETAN";"48,88017300";"2,37563700"
"202400001123";"10";"02";"2024";"10:45";"1";"75";"75117";"2";"2";"2";"6";"RUE JACQUES KELLNER";"48,89584800";"2,32673600"
"202400001124";"7";"06";"2024";"22:00";"5";"34";"34172";"2";"1";"1";"2";"LIBERTE (AVENUE DE LA";"43,61165000";"3,82703000"
"202400001125";"25";"10";"2024";"15:50";"1";"03";"03176";"1";"1";"1";"5";"12 Route du Bourbonnais";"46,36723900";"3,28722400"
"202400001126";"7";"06";"2024";"11:15";"1";"34";"34172";"2";"1";"1";"2";"BRANDT (CARREFOUR WILLY)";"43,60969000";"3,82239000"
"202400001127";"11";"02";"2024";"00:40";"5";"75";"75115";"2";"3";"1";"6";"RUE DU COMMERCE";"48,84854300";"2,29728100"
"202400001128";"10";"02";"2024";"11:00";"1";"75";"75115";"2";"3";"2";"6";"RUE GRAMME";"48,84556900";"2,29464400"
"202400001129";"6";"06";"2024";"20:05";"1";"34";"34172";"2";"2";"1";"3";"MAURIN (AVENUE DE";"43,59991000";"3,87528000"
"202400001130";"24";"10";"2024";"14:30";"1";"58";"58047";"1";"1";"1";"7";"D945";"47,22595100";"3,75765700"
"202400001131";"11";"02";"2024";"16:25";"1";"75";"75115";"2";"2";"2";"6";"RUE SAINT CHARLES";"48,84551200";"2,28456000"
"202400001132";"7";"06";"2024";"19:25";"2";"34";"34003";"2";"1";"1";"2";"D 912 VIAS (ROUTE DE)";"43,31441000";"3,45962000"
"202400001133";"24";"10";"2024";"11:20";"1";"66";"66016";"2";"9";"1";"6";"Avenue de la Republique";"42,48203000";"3,12891100"
"202400001134";"9";"02";"2024";"12:30";"1";"75";"75112";"2";"7";"1";"3";"PLACE DU BATAILLON DU PACIFIQUE";"48,84024300";"2,37922500"
"202400001135";"7";"06";"2024";"23:40";"5";"33";"33063";"2";"6";"1";"1";"N/A";"44,89648000";" -0,55085000"
"202400001136";"24";"10";"2024";"16:20";"1";"72";"72328";"2";"1";"1";"6";"15 Rue du Bignon";"48,03283200";"0,24306300"
"202400001137";"7";"06";"2024";"12:30";"1";"33";"33069";"2";"1";"2";"6";"N/A";"44,87008300";" -0,61176800"
"202400001138";"11";"02";"2024";"06:40";"5";"75";"75110";"2";"2";"2";"7";"BOULEVARD DE MAGENTA";"48,87379300";"2,35830100"
"202400001139";"6";"06";"2024";"01:00";"5";"33";"33063";"2";"3";"1";"6";"N/A";"44,83511000";" -0,56434000"
"202400001140";"11";"02";"2024";"01:01";"4";"75";"75108";"2";"7";"1";"3";"PLACE DE LA CONCORDE";"48,86589600";"2,31991700"
"202400001141";"24";"10";"2024";"22:45";"5";"06";"06108";"2";"1";"1";"6";"654 Boulevard des Mimosas";"43,58000200";"6,96012000"
"202400001142";"7";"06";"2024";"19:00";"1";"29";"29232";"2";"1";"1";"2";"Rue de Benodet";"47,96627600";" -4,08421900"
"202400001143";"25";"10";"2024";"04:00";"3";"50";"50182";"1";"1";"2";"6";"D2";"49,17946200";" -1,48309800"
"202400001144";"10";"02";"2024";"17:00";"1";"75";"75107";"2";"2";"2";"6";"QUAI BRANLY";"48,86054200";"2,29562400"
"202400001145";"6";"06";"2024";"10:30";"1";"29";"29019";"2";"6";"1";"2";"PEN AR CH'LEUZ";"48,41518300";" -4,47970900"
"202400001146";"24";"10";"2024";"10:14";"1";"09";"09057";"1";"1";"1";"6";"D618";"42,89991200";"1,30778600"
"202400001147";"11";"02";"2024";"08:00";"1";"94";"94022";"2";"3";"2";"1";"Boulevard de Stalingrad / Bretelle A86";"48,77278000";"2,40011000"
"202400001148";"10";"02";"2024";"22:15";"5";"94";"94069";"2";"4";"2";"7";"Rue Paul Verlaine / Rue du Maréchal Leclerc";"48,81584400";"2,45866100"
"202400001149";"21";"10";"2024";"11:00";"1";"16";"16044";"1";"2";"1";"3";"La Croix du Charme";"46,01886200";"0,27332200"
"202400001150";"11";"02";"2024";"15:35";"1";"93";"93030";"2";"3";"2";"2";"Avenue du Général de Gaulle / Rue du Pdt Georges Pompidou";"48,94824200";"2,41414100"
"202400001151";"6";"06";"2024";"08:35";"1";"27";"27229";"2";"6";"1";"3";"DUGUESCLIN (RUE)";"49,01703000";"1,17098000"
"202400001152";"24";"10";"2024";"19:00";"2";"16";"16303";"1";"1";"1";"1";"départemental 5";"45,46301100";" -0,10878700"
"202400001153";"11";"02";"2024";"00:15";"5";"93";"93005";"2";"1";"1";"7";"Allée Circulaire";"48,92012317";"2,49975845"
"202400001154";"11";"02";"2024";"07:00";"4";"92";"92025";"2";"1";"2";"3";"PONT DE BEZONS";"48,91938285";"2,22231209"
"202400001155";"7";"06";"2024";"21:45";"2";"22";"22106";"1";"3";"1";"1";"CHEMIN DES NOUETTES";"48,51170000";" -2,70780000"
"202400001156";"11";"02";"2024";"02:38";"5";"92";"92024";"2";"1";"1";"6";"GENNEVILLIERS (PONT DE)";"48,91216698";"2,31160605"
"202400001157";"5";"06";"2024";"18:10";"1";"21";"21054";"2";"1";"1";"6";"Route de Pommard";"47,01683200";"4,82321600"
"202400001158";"24";"10";"2024";"21:50";"3";"07";"07090";"1";"1";"2";"3";"RD104 GAGNE";"44,73992100";"4,65571400"
"202400001159";"11";"02";"2024";"20:20";"5";"92";"92012";"2";"9";"1";"3";"ANDRE MORIZET (AVENUE) - 49/FIN - 54/FIN";"48,83935984";"2,23134828"
"202400001160";"7";"06";"2024";"17:22";"1";"19";"19031";"2";"1";"1";"6";"POINCARE (AVENUE)";"45,15602000";"1,53526000"
"202400001161";"12";"02";"2024";"07:33";"5";"60";"60223";"2";"6";"1";"6";"Rue des Sablons";"49,42608000";"2,64671800"
"202400001162";"23";"10";"2024";"12:00";"1";"53";"53097";"2";"6";"1";"3";"Boulevard de Rochemado";"48,15623100";" -0,39652200"
"202400001163";"7";"06";"2024";"22:25";"5";"17";"17291";"1";"3";"1";"7";"ONZE NOVEMBRE   RUE DU";"46,17300000";" -1,11900000"
"202400001164";"25";"10";"2024";"13:53";"1";"85";"85039";"1";"1";"1";"6";"Rue de la minée";"47,00757700";" -1,21429000"
"202400001165";"12";"02";"2024";"18:56";"5";"91";"91235";"2";"2";"2";"6";"Rue de l'Ecoute S'Il Pleut";"48,64118400";"2,36389800"
"202400001166";"7";"06";"2024";"19:45";"1";"17";"17274";"2";"9";"1";"3";"GRANDE RUE   RUE";"46,15200000";" -1,10400000"
"202400001167";"25";"10";"2024";"02:15";"3";"85";"85108";"1";"1";"1";"6";"D763";"46,93213000";" -1,36058000"
"202400001168";"12";"02";"2024";"17:20";"1";"71";"71286";"1";"1";"1";"1";"D980";"46,59385400";"4,50200200"
"202400001169";"7";"06";"2024";"00:20";"5";"13";"13001";"2";"3";"1";"3";"MALACRIDA HENRI (AV)";"43,51442000";"5,46986000"
"202400001170";"7";"06";"2024";"08:00";"1";"09";"09225";"2";"3";"8";"3";"RIJOLE AVENUE DE LA";"43,12411000";"1,62092000"
"202400001171";"24";"10";"2024";"21:15";"3";"33";"33284";"1";"1";"1";"4";"N/A";"44,66547100";" -0,81706000"
"202400001172";"10";"02";"2024";"01:15";"5";"33";"33081";"2";"2";"3";"1";"D230";"44,63495600";" -0,30854500"
"202400001173";"10";"02";"2024";"07:05";"2";"31";"31022";"2";"1";"6";"6";"65 Route de Fronton";"43,66453100";"1,43044900"
"202400001174";"24";"10";"2024";"20:10";"3";"987";"98715";"1";"1";"1";"6";"Route du mont MARAU, pk 5.5";" -17,57567100";" -149,59170000"
"202400001175";"6";"06";"2024";"17:35";"1";"06";"06069";"2";"3";"1";"2";"77 Avenue Sidi Brahim";"43,64870000";"6,93640000"
"202400001176";"12";"02";"2024";"19:30";"1";"974";"97401";"2";"1";"1";"1";"route départementale 11";" -21,25105200";"55,34173400"
"202400001177";"7";"06";"2024";"20:20";"1";"01";"01451";"1";"9";"1";"2";"PARIS (ROUTE DE)";"46,22835000";"5,20353000"
"202400001178";"22";"10";"2024";"14:15";"1";"69";"69027";"2";"1";"1";"6";"163 Rue du Général de Gaulle";"45,67199700";"4,75345900"
"202400001179";"6";"06";"2024";"07:10";"1";"75";"75119";"2";"1";"1";"3";"PORTE DES LILAS";"48,88211400";"2,40169400"
"202400001180";"11";"02";"2024";"19:10";"3";"40";"40014";"1";"1";"1";"6";"Autoroute A65 - PK 56.600 - sens vers PAU";"44,06150100";" -0,31242400"
"202400001181";"23";"10";"2024";"20:05";"3";"17";"17157";"1";"1";"1";"2";"A10";"45,89967000";" -0,59373400"
"202400001182";"11";"02";"2024";"18:00";"3";"21";"21247";"1";"1";"3";"7";"A6";"47,48232400";"4,17601000"
"202400001183";"21";"10";"2024";"07:41";"1";"974";"97408";"1";"1";"1";"6";"Chemin Departemental 41";" -20,92475400";"55,36740800"
"202400001184";"7";"06";"2024";"16:30";"1";"75";"75119";"2";"3";"1";"3";"RUE D AUBERVILLIERS";"48,88732600";"2,36705800"
"202400001185";"11";"02";"2024";"14:45";"1";"43";"43191";"1";"1";"1";"2";"a75 pk 52+800";"45,36197600";"3,28268100"
"202400001186";"7";"06";"2024";"15:50";"1";"75";"75118";"2";"3";"1";"3";"RUE DE LA CHAPELLE";"48,89330700";"2,35967600"
"202400001187";"6";"02";"2024";"13:30";"1";"37";"37194";"1";"1";"1";"3";"A10";"47,49847390";"0,84939390"
"202400001188";"21";"06";"2024";"18:10";"1";"13";"13087";"1";"3";"1";"3";"D7N";"43,48925700";"5,63799300"
"202400001189";"7";"06";"2024";"12:00";"1";"75";"75116";"2";"3";"1";"3";"BOULEVARD MURAT";"48,83951000";"2,25654900"
"202400001190";"12";"02";"2024";"09:30";"1";"61";"61385";"1";"1";"1";"7";"A28 PK203+920";"48,79663000";"0,33647700"
"202400001191";"22";"10";"2024";"01:20";"4";"45";"45155";"2";"1";"1";"6";"13 Place du Château";"47,68598700";"2,63016100"
"202400001192";"4";"06";"2024";"16:45";"1";"75";"75116";"2";"3";"1";"6";"AVENUE RAYMOND POINCARE";"48,87087600";"2,28800000"
"202400001193";"25";"10";"2024";"17:10";"1";"91";"91376";"1";"1";"1";"7";"Rue Panhard et Levassor";"48,57905100";"2,29017700"
"202400001194";"6";"06";"2024";"18:30";"1";"75";"75114";"2";"1";"1";"6";"RUE GEORGES DE PORTO RICHE";"48,82187200";"2,32829800"
"202400001195";"10";"02";"2024";"19:50";"3";"56";"56031";"1";"1";"2";"5";"8 le poteau";"47,86335600";" -3,01508700"
"202400001196";"31";"05";"2024";"18:30";"1";"75";"75112";"2";"1";"1";"2";"BD PERIPHERIQUE EXTERIEUR";"48,82952500";"2,40122800"
"202400001197";"12";"10";"2024";"05:00";"3";"84";"84129";"1";"1";"5";"6";"D183";"44,02677800";"4,88222700"
"202400001198";"7";"06";"2024";"18:25";"1";"75";"75111";"2";"3";"1";"3";"RUE SAINT MAUR";"48,86910200";"2,37426600"
"202400001199";"11";"02";"2024";"19:45";"3";"81";"81145";"1";"1";"1";"1";"D999 - Route de MONTAUBAN";"43,91245820";"1,83441180"
"202400001200";"29";"07";"2024";"21:00";"2";"83";"83068";"2";"3";"1";"3";"Route du Littoral";"43,29155428";"6,61025923"
"202400001201";"7";"06";"2024";"09:33";"1";"75";"75110";"2";"1";"1";"1";"PLACE DE LA REPUBLIQUE";"48,86814100";"2,36372600"
"202400001202";"11";"02";"2024";"09:55";"1";"42";"42302";"2";"1";"7";"6";"Rue de la Flache";"45,48950500";"4,45038600"
"202400001203";"25";"10";"2024";"09:00";"1";"06";"06048";"1";"1";"8";"6";"2557 Route Departementale 2204";"43,79869900";"7,35470800"
"202400001204";"6";"06";"2024";"18:50";"1";"75";"75109";"2";"2";"1";"6";"RUE CHORON";"48,87758000";"2,34075800"
"202400001205";"10";"02";"2024";"15:50";"1";"47";"47174";"1";"2";"2";"3";"D930";"44,06404500";"0,37112100"
"202400001206";"24";"10";"2024";"17:25";"1";"89";"89257";"2";"3";"7";"3";"81 Avenue Jean Jaures";"47,96359700";"3,51051500"
"202400001207";"7";"06";"2024";"19:00";"1";"75";"75116";"2";"1";"1";"3";"BOULEVARD SUCHET";"48,84984200";"2,25985400"
"202400001208";"7";"06";"2024";"13:05";"1";"75";"75107";"2";"1";"1";"6";"BOULEVARD DES INVALIDES";"48,85108100";"2,31460900"
"202400001209";"10";"02";"2024";"13:05";"1";"29";"29026";"1";"1";"1";"3";"RN 164";"48,21705513";" -4,04317276"
"202400001210";"22";"10";"2024";"11:50";"1";"68";"68163";"2";"9";"1";"3";"Rue du Moulin";"47,65844700";"7,51015300"
"202400001211";"7";"06";"2024";"10:00";"1";"75";"75107";"2";"2";"1";"6";"AVENUE DU MARECHAL GALLIENI";"48,86283600";"2,31345300"
"202400001212";"9";"02";"2024";"14:00";"1";"31";"31136";"2";"1";"1";"3";"Avenue de Toulouse";"43,74887000";"1,43198800"
"202400001213";"7";"06";"2024";"09:00";"1";"75";"75107";"2";"3";"1";"7";"QUAI D ORSAY";"48,86229600";"2,30631700"
"202400001214";"26";"01";"2024";"19:40";"3";"03";"03170";"1";"1";"1";"6";"route départementale 73 03210";"46,51472600";"3,09154600"
"202400001215";"24";"10";"2024";"21:40";"5";"57";"57596";"1";"1";"1";"6";"5 Rue du Hérapel";"49,15964700";"6,85768200"
"202400001216";"7";"06";"2024";"04:18";"5";"75";"75107";"2";"1";"1";"6";"AVENUE DE LA BOURDONNAIS";"48,85959200";"2,29712000"
"202400001217";"12";"02";"2024";"14:45";"1";"58";"58065";"2";"1";"1";"6";"7 Rue du Docteur Duret";"47,05416000";"3,65822800"
"202400001218";"12";"02";"2024";"18:20";"3";"72";"72247";"1";"1";"1";"7";"lieu dit le tertre";"47,99099000";"0,12723000"
"202400001219";"6";"06";"2024";"23:00";"5";"94";"94078";"2";"7";"1";"2";"Place Hector Berlioz / Rue Jean-jacques Rousseau";"48,74619900";"2,44686800"
"202400001220";"24";"10";"2024";"14:20";"1";"07";"07272";"1";"1";"3";"7";"D1";"44,50832000";"4,41521600"
"202400001221";"5";"02";"2024";"07:30";"3";"14";"14311";"1";"2";"1";"5";"D139";"49,14405700";" -0,54972400"
"202400001222";"6";"06";"2024";"20:30";"1";"94";"94011";"2";"3";"1";"6";"Mail de la Résistance / Rue Jean Macé";"48,76598000";"2,48521000"
"202400001223";"12";"10";"2024";"15:00";"1";"01";"01185";"2";"2";"3";"6";"Rue du Col de la Lèbe";"45,95060300";"5,61153000"
"202400001224";"12";"02";"2024";"12:15";"1";"50";"50353";"1";"1";"1";"6";"Boulevard de la Porte du Roy";"48,63177400";" -1,50841000"
"202400001225";"7";"06";"2024";"15:30";"1";"94";"94073";"2";"3";"7";"6";"Avenue René Panhard / Avenue Raymond Poincaré";"48,76324500";"2,40046500"
"202400001226";"12";"02";"2024";"02:00";"3";"09";"09285";"1";"1";"1";"6";"D3";"42,84751100";"1,19253200"
"202400001227";"23";"10";"2024";"11:43";"1";"01";"01385";"1";"3";"1";"3";"D936";"46,19774500";"5,16947500"
"202400001228";"11";"02";"2024";"20:45";"3";"43";"43153";"1";"1";"8";"7";"RN 88 ";"45,32758608";"4,23968500"
"202400001229";"7";"06";"2024";"08:12";"1";"94";"94077";"2";"2";"1";"3";"Avenue Victor Hugo / Rue Serge Voyer";"48,73242800";"2,41671700"
"202400001230";"11";"02";"2024";"18:40";"5";"40";"40122";"2";"1";"1";"7";"Rue de Bayonne";"43,82546400";" -0,55496500"
"202400001231";"23";"10";"2024";"07:50";"1";"33";"33114";"1";"1";"5";"2";"N/A";"45,10955900";" -0,37937700"
"202400001232";"8";"02";"2024";"18:14";"3";"87";"87203";"1";"1";"1";"6";"Route des Intendants";"45,63902800";"1,41549000"
"202400001233";"7";"06";"2024";"19:45";"1";"94";"94018";"2";"1";"7";"3";"Quai de Bercy";"48,82588000";"2,39263000"
"202400001234";"24";"10";"2024";"02:30";"3";"14";"14609";"1";"1";"1";"3";"Route de Littry";"49,26752500";" -0,73681400"
"202400001235";"7";"06";"2024";"19:08";"1";"94";"94011";"2";"1";"1";"6";"Place des Libertés";"48,76449000";"2,48610000"
"202400001236";"25";"10";"2024";"04:47";"3";"62";"62876";"1";"1";"1";"6";"D929";"50,07941000";"2,79653500"
"202400001237";"12";"02";"2024";"14:45";"1";"13";"13091";"1";"1";"1";"1";"RD7 N ZONE DE LA PILE";"43,61505200";"5,31857400"
"202400001238";"7";"06";"2024";"12:47";"1";"94";"94002";"2";"2";"1";"3";"Rue de Seine / Rue Véron";"48,80996400";"2,41432200"
"202400001239";"25";"10";"2024";"13:00";"1";"59";"59645";"1";"1";"1";"7";"D148";"50,26929200";"3,24294100"
"202400001240";"10";"02";"2024";"21:30";"3";"971";"97115";"1";"1";"2";"6";"Chemin de Ravine Houel";"16,25361800";" -61,66595700"
"202400001241";"7";"06";"2024";"17:25";"1";"93";"93071";"2";"3";"1";"3";"Rue d'Aulnay / Avenue de la Garenne de Fontenay";"48,93961400";"2,51130200"
"202400001242";"20";"10";"2024";"04:21";"5";"13";"13215";"1";"1";"1";"2";"A7-Sens Lyon vers Marseille";"43,34676777";"5,37260261"
"202400001243";"10";"02";"2024";"15:56";"1";"77";"77382";"2";"2";"2";"6";"Avenue du Marechal Foch";"48,90047800";"2,87154100"
"202400001244";"7";"06";"2024";"02:40";"5";"93";"93070";"2";"1";"1";"6";"Rue des Bateliers";"48,91248000";"2,32749000"
"202400001245";"8";"02";"2024";"18:00";"5";"77";"77349";"2";"2";"2";"1";"D13";"49,07940000";"2,67622000"
"202400001246";"23";"10";"2024";"18:50";"1";"33";"33550";"1";"1";"1";"2";"N/A";"44,77062400";" -0,55477100"
"202400001247";"7";"06";"2024";"01:10";"3";"93";"93055";"2";"1";"1";"3";"OURCQ (QUAI DE L')";"48,89536937";"2,41486788"
"202400001248";"11";"02";"2024";"17:25";"1";"13";"13035";"1";"1";"1";"3";"D17";"43,69353100";"5,04293400"
"202400001249";"7";"06";"2024";"08:10";"1";"93";"93032";"2";"3";"1";"3";"ARISTIDE BRIAND (RUE)";"48,87856505";"2,53303528"
"202400001250";"9";"02";"2024";"17:30";"2";"44";"44047";"2";"1";"1";"6";"62 Rue Alexandre Olivier";"47,21686400";" -1,72523400"
"202400001251";"23";"10";"2024";"17:58";"1";"59";"59009";"1";"1";"1";"2";"ROUTE NATIONALE 227";"50,64539000";"3,14544000"
"202400001252";"12";"02";"2024";"07:45";"2";"27";"27348";"1";"1";"1";"7";"Rue de Paris";"49,31217000";"1,15802800"
"202400001253";"6";"06";"2024";"09:15";"1";"93";"93032";"2";"2";"1";"3";"Rue du Rond Point / Rue du Chanoine Monsanglant";"48,87299000";"2,55608000"
"202400001254";"23";"10";"2024";"18:07";"1";"59";"59350";"1";"1";"1";"2";"ROUTE NATIONALE 356";"50,62213000";"3,08304000"
"202400001255";"12";"02";"2024";"01:45";"3";"60";"60528";"1";"1";"2";"7";"D153";"49,24198622";"1,87521601"
"202400001256";"7";"06";"2024";"14:50";"1";"93";"93008";"2";"3";"1";"6";"Rue Pierre Sémard / Rue de Carency";"48,91105000";"2,44647000"
"202400001257";"21";"10";"2024";"17:40";"1";"62";"62637";"1";"1";"2";"2";"A1";"50,46524730";"2,97548977"
"202400001258";"10";"02";"2024";"07:40";"2";"59";"59125";"2";"1";"8";"1";"Pont de Cantigneul";"50,15449000";"3,18469900"
"202400001259";"22";"10";"2024";"07:10";"2";"59";"59491";"1";"1";"1";"7";"AUTOROUTE A23";"50,40626000";"3,44208000"
"202400001260";"7";"06";"2024";"15:28";"1";"92";"92051";"2";"2";"1";"3";"VICTOR HUGO (BOULEVARD, N° 9 A 49 ET 16";"48,88744563";"2,27856874"
"202400001261";"12";"02";"2024";"08:45";"1";"59";"59578";"2";"1";"1";"1";"63 Rue d'Aire";"50,67273900";"2,47909600"
"202400001262";"6";"06";"2024";"13:15";"1";"92";"92050";"2";"1";"1";"6";"STALINGRAD RUE DE";"48,89415000";"2,19574000"
"202400001263";"18";"10";"2024";"19:30";"3";"62";"62637";"1";"1";"1";"2";"A1";"50,46699873";"2,97611872"
"202400001264";"11";"02";"2024";"16:05";"1";"13";"13215";"1";"1";"1";"2";"A7-Sens Marseille vers Lyon";"43,36643455";"5,36080529"
"202400001265";"7";"06";"2024";"16:50";"1";"92";"92044";"2";"1";"1";"6";"BINEAU (BOULEVARD)";"48,88652770";"2,28471422"
"202400001266";"24";"10";"2024";"19:30";"3";"91";"91136";"1";"1";"1";"2";"AUTOROUTE A10";"48,71385218";"2,27453396"
"202400001267";"11";"02";"2024";"08:00";"1";"13";"13043";"1";"1";"1";"7";"A55-Sens Martigues vers Marseille";"43,39123000";"5,26418000"
"202400001268";"7";"06";"2024";"20:54";"1";"92";"92024";"2";"9";"1";"3";"PIERRE CURIE (RUE)";"48,90210973";"2,31427217"
"202400001269";"11";"02";"2024";"00:45";"3";"13";"13015";"1";"1";"1";"2";"A51-Sens Aix en Provence vers Marseille";"43,45328000";"5,39642000"
"202400001270";"7";"06";"2024";"08:25";"1";"92";"92024";"2";"6";"1";"6";"TROIS PAVILLONS (RUE DES)";"48,91076484";"2,31299043"
"202400001271";"24";"10";"2024";"08:55";"1";"91";"91037";"1";"1";"1";"2";"AUTOROUTE A6";"48,53927939";"2,49890007"
"202400001272";"7";"06";"2024";"07:45";"1";"92";"92012";"2";"1";"1";"2";"JEAN JAURES (BOULEVARD) 2/68 - COTE PAIR";"48,84531180";"2,23713273"
"202400001273";"24";"10";"2024";"18:20";"1";"92";"92025";"1";"1";"1";"3";"A86";"48,92201331";"2,22672771"
"202400001274";"11";"02";"2024";"00:39";"3";"13";"13015";"1";"1";"1";"2";"A51-Sens Aix en Provence vers Marseille";"43,45328000";"5,39642000"
"202400001275";"9";"02";"2024";"22:18";"3";"13";"13033";"1";"1";"3";"3";"A55-Sens Marseille vers Martigues";"43,37297691";"5,18996026"
"202400001276";"24";"10";"2024";"17:30";"1";"92";"92036";"1";"1";"1";"2";"A86";"48,93510157";"2,26605905"
"202400001277";"5";"06";"2024";"18:30";"1";"50";"50541";"1";"1";"1";"4";"6 Les Pas";"48,83690600";" -1,48530000"
"202400001278";"10";"02";"2024";"04:14";"3";"13";"13085";"1";"1";"3";"3";"A50-Sens Toulon vers Aubagne";"43,25500000";"5,59390000"
"202400001279";"23";"10";"2024";"19:00";"3";"78";"78322";"1";"1";"1";"4";"A86 EXT";"48,78140100";"2,16750200"
"202400001280";"8";"06";"2024";"12:00";"1";"47";"47145";"2";"3";"1";"1";"Chemin de MONSEIGNE";"44,12910300";"0,66229600"
"202400001281";"10";"02";"2024";"03:22";"3";"13";"13005";"1";"1";"3";"7";"A52-Sens Toulon vers Pont de l'Etoile";"43,32400000";"5,59914000"
"202400001282";"23";"10";"2024";"08:20";"1";"92";"92025";"1";"1";"5";"3";"A86";"48,92201331";"2,22672771"
"202400001283";"8";"06";"2024";"00:30";"3";"35";"35180";"1";"1";"1";"7";"le Clos d'Ahaut";"48,28546700";" -1,91637400"
"202400001284";"11";"02";"2024";"21:15";"3";"91";"91103";"1";"1";"1";"7";"RN 104";"48,62457000";"2,30105100"
"202400001285";"8";"06";"2024";"02:10";"5";"91";"91235";"2";"6";"1";"6";"Rue Edouard Aubert";"48,62288900";"2,36760700"
"202400001286";"23";"10";"2024";"15:55";"1";"93";"93005";"1";"1";"1";"4";"AUTOROUTE A3";"48,96120283";"2,47369860"
"202400001287";"11";"02";"2024";"18:20";"3";"91";"91235";"1";"1";"1";"1";"RN 104";"48,62694000";"2,35422000"
"202400001288";"6";"06";"2024";"20:26";"2";"18";"18070";"1";"3";"7";"1";"La Sauloie";"47,50162900";"2,56305200"
"202400001289";"10";"02";"2024";"21:20";"3";"91";"91136";"1";"1";"2";"6";"AUTOROUTE A10";"48,71060000";"2,28740000"
"202400001290";"23";"10";"2024";"09:50";"1";"93";"93007";"1";"1";"1";"3";"AUTOROUTE A1";"48,94617059";"2,44137667"
"202400001291";"7";"06";"2024";"07:55";"2";"49";"49092";"1";"1";"1";"1";"D 84";"47,20709100";" -0,63611300"
"202400001292";"10";"02";"2024";"23:35";"3";"91";"91689";"1";"9";"2";"2";"AUTOROUTE A6A";"48,74858692";"2,32746005"
"202400001293";"24";"10";"2024";"15:45";"1";"94";"94073";"1";"1";"1";"3";"A86";"48,76675234";"2,37881635"
"202400001294";"8";"06";"2024";"02:55";"3";"974";"97414";"1";"1";"1";"3";"81c Îlet Furcy";" -21,24263843";"55,45336103"
"202400001295";"10";"02";"2024";"22:00";"3";"91";"91689";"1";"1";"2";"2";"AUTOROUTE A6A";"48,73912200";"2,31979600"
"202400001296";"24";"10";"2024";"12:06";"1";"94";"94073";"1";"1";"1";"2";"A86";"48,76035941";"2,38284097"
"202400001297";"8";"06";"2024";"05:24";"2";"14";"14436";"1";"1";"1";"2";"N13";"49,25076393";" -0,68216085"
"202400001298";"24";"10";"2024";"07:00";"3";"94";"94017";"1";"1";"1";"2";"A4";"48,82816654";"2,50398825"
"202400001299";"10";"02";"2024";"17:10";"2";"92";"92036";"1";"1";"3";"2";"A86";"48,93602815";"2,28853583"
"202400001300";"6";"06";"2024";"13:45";"1";"71";"71443";"1";"2";"8";"3";"D970";"46,92379500";"4,94368100"
"202400001301";"24";"10";"2024";"06:05";"3";"77";"77083";"1";"1";"1";"2";"A4.W";"48,83120762";"2,60505058"
"202400001302";"11";"02";"2024";"02:35";"4";"95";"95500";"1";"1";"1";"4";"A15";"49,03923046";"2,08563124"
"202400001303";"7";"06";"2024";"15:40";"1";"38";"38429";"1";"1";"1";"7";"D1075";"44,86709300";"5,60459400"
"202400001304";"8";"06";"2024";"05:05";"2";"62";"62081";"1";"1";"1";"6";"D939";"50,22377757";"3,03638202"
"202400001305";"23";"10";"2024";"22:15";"3";"77";"77121";"1";"1";"1";"2";"A4";"48,83224646";"2,66800241"
"202400001306";"10";"02";"2024";"22:10";"5";"93";"93007";"1";"1";"8";"5";"A1";"48,94353028";"2,43541292"
"202400001307";"7";"06";"2024";"16:30";"1";"27";"27552";"1";"1";"1";"7";"A28 PK 229+500 direction ROUEN";"49,00648200";"0,44365800"
"202400001308";"25";"06";"2024";"22:25";"2";"35";"35238";"2";"1";"1";"6";"Cours du Président John Fitzgerald Kennedy";"48,12128000";" -1,70739700"
"202400001309";"8";"06";"2024";"11:30";"1";"57";"57163";"1";"1";"1";"7";"D45";"48,64302000";"7,25316300"
"202400001310";"31";"05";"2024";"16:48";"1";"38";"38544";"2";"1";"1";"6";"Rue Pierre et Marie Curie";"45,54217000";"4,86267000"
"202400001311";"11";"02";"2024";"05:30";"4";"94";"94042";"1";"1";"2";"3";"A4";"48,82836797";"2,47558356"
"202400001312";"7";"06";"2024";"18:00";"1";"56";"56231";"1";"3";"1";"3";"Lieu Dit Keravel";"47,69648400";" -2,68585700"
"202400001313";"11";"02";"2024";"04:44";"3";"94";"94044";"1";"1";"2";"6";"N406";"48,75800930";"2,47075818"
"202400001314";"3";"05";"2024";"20:35";"1";"38";"38544";"2";"1";"2";"6";"DELORME(RUE)";"45,52312000";"4,87025000"
"202400001315";"7";"06";"2024";"14:40";"1";"77";"77242";"1";"2";"1";"3";"route départementaler 209";"48,48701400";"3,21240700"
"202400001316";"11";"02";"2024";"02:50";"3";"94";"94079";"1";"1";"8";"4";"A4";"48,83572828";"2,53991099"
"202400001317";"8";"06";"2024";"12:00";"1";"79";"79329";"1";"1";"1";"7";"N/A";"46,99250400";" -0,24930600"
"202400001318";"11";"02";"2024";"02:15";"3";"93";"93051";"1";"1";"2";"2";"A4";"48,83617975";"2,54134798"
"202400001319";"6";"06";"2024";"10:10";"1";"33";"33335";"1";"1";"1";"3";"N/A";"44,81067100";" -0,35503100"
"202400001320";"8";"06";"2024";"12:37";"1";"71";"71516";"1";"3";"1";"6";"5 Rue du Mont";"46,76587300";"5,22658700"
"202400001321";"8";"06";"2024";"11:45";"1";"71";"71248";"2";"1";"1";"3";"2 Route de l’Arvoux";"46,56093700";"4,92926600"
"202400001322";"29";"06";"2024";"20:30";"1";"01";"01160";"2";"3";"1";"3";"Avenue Voltaire";"46,25667000";"6,10969800"
"202400001323";"30";"05";"2024";"10:20";"1";"61";"61142";"1";"1";"1";"2";"D955";"48,36394400";"0,62574300"
"202400001324";"23";"10";"2024";"23:20";"3";"974";"97416";"1";"1";"1";"1";"RN1 (ROUTE NATIONALE)";" -21,29842000";"55,41974000"
"202400001325";"7";"06";"2024";"17:55";"1";"61";"61066";"1";"1";"1";"1";"D651";"48,50548800";"0,40085000"
"202400001326";"23";"10";"2024";"06:25";"2";"974";"97416";"2";"6";"1";"6";"RECHERCHANT(RUE ADRIEN)";" -21,28201000";"55,47421000"
"202400001327";"7";"06";"2024";"19:00";"1";"44";"44129";"1";"1";"1";"5";"N/A";"47,42321000";" -2,08997700"
"202400001328";"7";"06";"2024";"16:30";"1";"44";"44014";"1";"1";"1";"7";"Rue de la Roche";"47,10480300";" -1,49004800"
"202400001329";"22";"10";"2024";"20:50";"5";"973";"97302";"2";"1";"1";"7";"MADELEINE (ROUTE DE LA)";"4,91243393";" -52,32107270"
"202400001330";"7";"06";"2024";"17:00";"1";"44";"44005";"1";"2";"1";"3";"N/A";"47,13262600";" -1,85954900"
"202400001331";"22";"10";"2024";"17:10";"1";"973";"97302";"2";"1";"1";"2";"MERE THERESA (rue)";"4,91872000";" -52,31280000"
"202400001332";"8";"06";"2024";"09:24";"1";"29";"29281";"1";"2";"1";"3";"Ty Men";"48,00614455";" -3,82277366"
"202400001333";"23";"10";"2024";"21:10";"5";"69";"69388";"2";"2";"1";"3";"Route de Vienne";"45,73511210";"4,85342731"
"202400001334";"7";"06";"2024";"22:45";"3";"29";"29056";"1";"1";"1";"6";"Guerrus";"48,43692819";" -4,29357652"
"202400001335";"16";"10";"2024";"15:30";"1";"69";"69387";"2";"1";"2";"6";"Avenue Berthelot";"45,74741774";"4,83518702"
"202400001336";"7";"06";"2024";"16:45";"1";"29";"29220";"1";"3";"1";"3";"route de plomeur";"47,85466589";" -4,24316835"
"202400001337";"23";"10";"2024";"15:15";"1";"69";"69382";"2";"1";"1";"6";"48 Rue Ferrandière";"45,76207710";"4,83437192"
"202400001338";"4";"06";"2024";"07:30";"1";"31";"31490";"2";"1";"1";"6";"9 Chemin de la Plaine";"43,74600600";"1,37073200"
"202400001339";"22";"10";"2024";"07:15";"1";"971";"97101";"2";"3";"1";"3";"HIBISCUS (RESIDENCE)";"16,25190000";" -61,52663000"
"202400001340";"23";"10";"2024";"14:10";"1";"91";"91027";"2";"1";"1";"2";"AV FRANCOIS MITTERRAND";"48,71233000";"2,37132000"
"202400001341";"6";"06";"2024";"06:15";"2";"84";"84025";"1";"1";"1";"7";"1579 Route d?Apt";"43,86582100";"5,15955400"
"202400001342";"8";"06";"2024";"00:50";"4";"03";"03118";"2";"6";"1";"6";"D2009";"46,11492500";"3,20114100"
"202400001343";"23";"10";"2024";"10:25";"1";"87";"87050";"2";"3";"1";"3";"GARE (AVENUE DE LA) RD125";"45,88346000";"1,24335000"
"202400001344";"7";"06";"2024";"13:30";"1";"15";"15170";"2";"1";"1";"7";"VC lieu dit Loucheyre";"45,32643700";"2,67995600"
"202400001345";"22";"10";"2024";"07:32";"5";"87";"87085";"2";"1";"1";"7";"BASSE-DES-CARRIERS";"45,82409000";"1,27192000"
"202400001346";"8";"06";"2024";"07:45";"2";"01";"01373";"2";"1";"1";"6";"17 Rue de la Vie de l'Orme";"46,13335400";"5,55317000"
"202400001347";"22";"10";"2024";"07:47";"5";"87";"87085";"2";"1";"1";"6";"VALIN (AVENUE DU GENERAL MARTIAL)";"45,81124000";"1,27395000"
"202400001348";"7";"06";"2024";"19:05";"1";"06";"06125";"1";"1";"1";"6";"D2202";"44,14510400";"6,75831400"
"202400001349";"12";"10";"2024";"19:15";"2";"83";"83129";"2";"9";"1";"6";"JUIN MARECHAL (AV DU)";"43,09443880";"5,84655046"
"202400001350";"22";"10";"2024";"11:10";"1";"83";"83069";"2";"1";"1";"6";"OLBIA  (VOIE)";"43,11640000";"6,14160000"
"202400001351";"7";"06";"2024";"19:20";"1";"50";"50419";"2";"2";"1";"3";"D35";"48,95353600";" -1,44162300"
"202400001352";"8";"06";"2024";"10:10";"1";"43";"43084";"1";"1";"2";"3";"Les Ayeux";"44,99542000";"3,88653200"
"202400001353";"23";"10";"2024";"13:10";"1";"82";"82033";"1";"1";"1";"2";"Route de Toulouse";"44,05939338";"1,09855342"
"202400001354";"21";"10";"2024";"09:40";"1";"80";"80021";"1";"1";"2";"6";"Rue de la Dodane";"49,89608000";"2,30365000"
"202400001355";"7";"06";"2024";"19:20";"1";"10";"10094";"1";"1";"1";"1";"départementale 6";"48,50034100";"4,57672800"
"202400001356";"7";"06";"2024";"21:15";"3";"07";"07313";"1";"9";"1";"3";"Rue Michel Gautier";"45,31215600";"4,76683300"
"202400001357";"23";"10";"2024";"20:20";"5";"78";"78440";"2";"3";"1";"3";"ARISTIDE BRIAND (RUE)";"48,98386000";"1,91163700"
"202400001358";"23";"10";"2024";"08:45";"2";"78";"78401";"2";"2";"5";"2";"AULNES (AVENUE DES)";"49,01016000";"1,90393000"
"202400001359";"8";"06";"2024";"14:40";"1";"24";"24577";"1";"1";"1";"1";"Route des Gabarres";"44,82401449";"1,16785601"
"202400001360";"23";"10";"2024";"07:38";"2";"78";"78401";"2";"3";"5";"3";"AULNES (AVENUE DES)";"49,01393000";"1,90044000"
"202400001361";"7";"06";"2024";"17:30";"1";"17";"17041";"1";"1";"1";"1";"D116";"46,23115300";" -0,81316000"
"202400001362";"23";"10";"2024";"15:30";"1";"77";"77337";"2";"6";"1";"6";"D10p";"48,84378000";"2,61950000"
"202400001363";"8";"06";"2024";"01:51";"4";"87";"87072";"1";"1";"1";"6";"1493 route de la gare";"45,66213700";"1,43189700"
"202400001364";"23";"10";"2024";"21:00";"5";"76";"76561";"2";"1";"1";"3";"Avenue Winston Churchill";"49,29668700";"1,01109900"
"202400001365";"8";"06";"2024";"08:33";"1";"30";"30275";"2";"4";"1";"7";"N/A";"44,12189900";"4,20850400"
"202400001366";"23";"10";"2024";"10:10";"1";"76";"76351";"2";"2";"1";"6";"FREDERIC BELLANGER";"49,49563000";"0,09433000"
"202400001367";"8";"06";"2024";"07:00";"1";"973";"97309";"2";"1";"1";"3";"1741 Route de Montjoly";"4,92333955";" -52,28303897"
"202400001368";"8";"06";"2024";"16:35";"1";"69";"69102";"1";"1";"1";"6";"Autoroute 89";"45,88305256";"4,39680860"
"202400001369";"23";"10";"2024";"07:10";"5";"76";"76351";"2";"3";"1";"3";"NICOLAS VALLARD (RUE)";"49,49875300";"0,15921200"
"202400001370";"8";"06";"2024";"20:13";"1";"06";"06088";"1";"1";"1";"6";"A8 PR 193 24";"43,71823300";"7,21402600"
"202400001371";"8";"06";"2024";"00:15";"3";"13";"13032";"1";"1";"1";"3";"Route de Rognes";"43,57331700";"5,36097700"
"202400001372";"22";"10";"2024";"12:35";"1";"72";"72181";"2";"1";"1";"6";"GENESLAY FELIX (AV) N° PAIRS 146 A 234";"47,97696000";"0,20755000"
"202400001373";"6";"06";"2024";"13:55";"1";"30";"30347";"1";"1";"1";"6";"A9 - PK 65+500";"43,75090100";"4,25406900"
"202400001374";"22";"10";"2024";"11:50";"1";"72";"72181";"2";"3";"1";"3";"RHIN ET DANUBE (AV) N° PAIRS 194 A 338";"48,01909000";"0,18472000"
"202400001375";"7";"06";"2024";"13:25";"1";"17";"17465";"1";"1";"1";"7";"Saint-Jean d'Angély (Embranchement d'autoroute)";"45,96486600";" -0,55036800"
"202400001376";"8";"06";"2024";"11:30";"1";"62";"62355";"1";"1";"1";"7";"A1";"50,33655900";"2,92480900"
"202400001377";"23";"10";"2024";"21:49";"5";"69";"69256";"2";"3";"1";"3";"Rue de la République";"45,78622767";"4,92596583"
"202400001378";"8";"06";"2024";"04:40";"2";"77";"77407";"1";"1";"1";"2";"Autoroute A6, PK 039+500 dans le sens de circulation Province vers Paris.";"48,51810747";"2,50515431"
"202400001379";"23";"10";"2024";"19:00";"5";"69";"69256";"2";"3";"1";"2";"Avenue de Böhlen";"45,76636000";"4,92976000"
"202400001380";"7";"06";"2024";"18:40";"1";"77";"77023";"1";"1";"1";"7";"D97";"49,01374618";"2,87088780"
"202400001381";"7";"06";"2024";"23:10";"3";"77";"77420";"1";"1";"1";"6";"N2";"49,04005900";"2,68126000"
"202400001382";"23";"10";"2024";"05:10";"5";"67";"67218";"2";"3";"1";"3";"JEU DES ENFANTS (RUE DU)";"48,52343000";"7,71150000"
"202400001383";"8";"06";"2024";"13:58";"1";"78";"78531";"1";"1";"1";"6";"D113";"49,00961400";"1,61426100"
"202400001384";"8";"06";"2024";"05:40";"2";"84";"84150";"1";"1";"1";"1";"D976";"44,33910900";"4,94831600"
"202400001385";"23";"10";"2024";"07:30";"3";"63";"63308";"2";"3";"2";"3";"GRAVENOIRE (ROUTE DE)";"45,75821439";"3,06339651"
"202400001386";"7";"06";"2024";"20:19";"1";"84";"84042";"1";"1";"1";"6";"D27";"43,75553500";"5,40563800"
"202400001387";"20";"10";"2024";"14:30";"1";"62";"62244";"1";"9";"1";"3";"D943";"50,91448827";"1,92170247"
"202400001388";"6";"06";"2024";"17:25";"1";"13";"13053";"1";"1";"1";"6";"D23";"43,73000300";"5,21279800"
"202400001389";"30";"11";"2024";"17:05";"1";"987";"98729";"1";"1";"2";"1";"PK 7.800 District de Patae - Afareaitu";" -17,54535300";" -149,77961500"
"202400001390";"14";"04";"2024";"09:00";"1";"13";"13041";"2";"1";"1";"1";"Boulevard Paul Cezanne";"43,45149700";"5,46972200"
"202400001391";"30";"11";"2024";"15:30";"1";"47";"47293";"1";"1";"5";"7";"Route du Fleuve";"44,15553022";"0,70334548"
"202400001392";"23";"10";"2024";"13:00";"1";"59";"59090";"2";"1";"1";"4";"Avenue du Général De Gaulle";"50,70853000";"3,10480000"
"202400001393";"7";"06";"2024";"10:39";"1";"68";"68063";"2";"1";"1";"6";"Rue Gustave Eiffel";"47,80580100";"7,18230700"
"202400001394";"30";"11";"2024";"07:10";"2";"11";"11151";"1";"1";"1";"2";"A61, PK 333.500";"43,19133200";"2,45801900"
"202400001395";"7";"06";"2024";"18:20";"1";"68";"68298";"1";"1";"1";"1";"D48";"48,20130900";"7,12575000"
"202400001396";"1";"12";"2024";"00:24";"3";"76";"76320";"1";"1";"1";"1";"4 La Hetrelle";"49,89539400";"1,46450800"
"202400001397";"23";"10";"2024";"15:42";"1";"58";"58194";"2";"1";"1";"4";"HENRI BOUQUILLARD";"46,99612000";"3,12412000"
"202400001398";"31";"05";"2024";"14:00";"1";"67";"67345";"2";"3";"2";"4";"Rue des Prés";"48,78420500";"7,86135100"
"202400001399";"30";"11";"2024";"00:04";"3";"77";"77382";"1";"1";"1";"2";"A140";"48,88853280";"2,89537179"
"202400001400";"23";"10";"2024";"17:15";"1";"57";"57463";"2";"1";"1";"3";"PAUL CLAUDEL (RUE )";"49,10162000";"6,19837000"
"202400001401";"30";"11";"2024";"18:20";"3";"972";"97229";"1";"1";"1";"6";"Fond Bernier";"14,62882900";" -61,11616000"
"202400001402";"8";"06";"2024";"09:20";"1";"38";"38562";"1";"1";"2";"2";"N85";"45,08429000";"5,75907300"
"202400001403";"22";"10";"2024";"06:55";"3";"56";"56098";"1";"1";"1";"7";"Lann Sévelin";"47,77839000";" -3,35218000"
"202400001404";"1";"12";"2024";"19:20";"3";"35";"35226";"1";"1";"1";"1";"Le Paillet";"48,42730000";" -1,89267400"
"202400001405";"8";"06";"2024";"12:05";"1";"69";"69117";"1";"1";"1";"6";"Route Départementale 306";"45,84340900";"4,73462500"
"202400001406";"8";"06";"2024";"01:00";"4";"65";"65370";"1";"1";"1";"7";"Route départementale 935 - PK 60";"43,09219300";"0,13214700"
"202400001407";"30";"11";"2024";"11:45";"1";"26";"26138";"1";"1";"1";"2";"Aire de Pierrelatte (Aire de repos)";"44,40548700";"4,72906700"
"202400001408";"8";"06";"2024";"05:45";"2";"72";"72244";"1";"1";"1";"7";"D24";"47,77884800";" -0,31840000"
"202400001409";"23";"10";"2024";"19:25";"5";"54";"54528";"2";"5";"1";"3";"Avenue Georges Clémenceau";"48,68050000";"5,88318000"
"202400001410";"1";"12";"2024";"19:20";"5";"59";"59088";"2";"1";"1";"1";"300 Rue Jean-Baptiste Messean";"50,63977900";"2,87697500"
"202400001411";"22";"10";"2024";"16:15";"1";"54";"54395";"2";"1";"1";"6";"Avenue Maréchal de Lattre de Tassigny";"48,68333000";"6,19043000"
"202400001412";"30";"11";"2024";"20:45";"5";"85";"85196";"2";"1";"1";"1";"RD11";"46,83458800";" -1,19196600"
"202400001413";"8";"06";"2024";"10:55";"1";"22";"22273";"1";"4";"1";"1";"Le Puits Merpault";"48,57026100";" -2,48791000"
"202400001414";"22";"10";"2024";"21:25";"5";"51";"51454";"2";"1";"1";"2";"JAURES (AVENUE JEAN ) DU N° 61 A FIN";"49,26180100";"4,05139800"
"202400001415";"30";"11";"2024";"15:15";"1";"34";"34169";"2";"1";"1";"1";"ROUTE M112";"43,66382800";"3,86348600"
"202400001416";"22";"10";"2024";"15:32";"1";"51";"51454";"2";"1";"1";"6";"MULHOUSE (RUE)";"49,24486300";"4,01668800"
"202400001417";"29";"11";"2024";"18:05";"3";"57";"57262";"1";"1";"1";"7";"D674";"48,96866800";"6,72054300"
"202400001418";"8";"06";"2024";"12:00";"1";"60";"60138";"2";"1";"1";"2";"D1330";"49,21718200";"2,59964300"
"202400001419";"30";"11";"2024";"12:33";"1";100;100242";"1";"1";"1";"3";"RT10";"42,40523800";"9,53113300"
"202400001420";"7";"06";"2024";"20:57";"1";"60";"60041";"2";"1";"1";"7";"Rue de Bresles";"49,38534800";"2,23078300"
"202400001421";"21";"10";"2024";"20:55";"3";"50";"50129";"2";"1";"1";"6";"BRETON (RUE DU)";"49,65471000";" -1,70401000"
"202400001422";"30";"11";"2024";"11:15";"1";"33";"33523";"1";"1";"5";"6";"N/A";"44,75319800";" -0,25005200"
"202400001423";"8";"06";"2024";"15:20";"1";"80";"80458";"1";"1";"1";"1";"chemin communale c201";"49,95280800";"2,47720200"
"202400001424";"1";"12";"2024";"02:45";"3";"69";"69214";"1";"1";"9";"6";"Route Départementale 308";"46,00793200";"4,32282000"
"202400001425";"8";"06";"2024";"12:35";"1";"80";"80383";"1";"1";"1";"6";"A1";"49,71945300";"2,77647300"
"202400001426";"1";"12";"2024";"03:50";"3";"71";"71404";"1";"1";"5";"6";"RN 80";"46,75694240";"4,71409701"
"202400001427";"30";"11";"2024";"22:10";"5";"71";"71190";"2";"1";"5";"6";"22 Av du Mal de Lattre de Tassigny";"46,97435400";"4,49254700"
"202400001428";"22";"10";"2024";"19:30";"5";"49";"49246";"2";"1";"1";"4";"A87";"47,41467000";" -0,50669000"
"202400001429";"8";"06";"2024";"12:15";"1";"59";"59400";"1";"1";"1";"3";"471 Route d'Estaires";"50,64283200";"2,67894100"
"202400001430";"1";"12";"2024";"00:12";"3";"89";"89246";"1";"1";"5";"1";"D12";"47,60483200";"4,03000800"
"202400001431";"23";"10";"2024";"11:15";"1";"42";"42218";"2";"1";"1";"3";"Boulevard Alexandre de Fraissinette";"45,41864115";"4,41877887"
"202400001432";"7";"06";"2024";"17:45";"1";"13";"13214";"1";"1";"1";"2";"A7-Sens Marseille vers Lyon";"43,32276000";"5,37829000"
"202400001433";"1";"12";"2024";"10:55";"1";"63";"63366";"1";"1";"1";"1";"D999";"45,48716688";"3,36171214"
"202400001434";"27";"05";"2024";"13:30";"1";"57";"57039";"1";"1";"8";"2";"RN 431";"49,03706956";"6,11786052"
"202400001435";"30";"11";"2024";"13:40";"1";"63";"63409";"1";"1";"1";"6";"départementale 621";"45,53138813";"3,03920630"
"202400001436";"22";"10";"2024";"17:15";"1";"38";"38185";"2";"1";"1";"2";"RUE ALBERT REYNIER";"45,16530000";"5,70880000"
"202400001437";"7";"06";"2024";"20:45";"1";"33";"33192";"1";"4";"1";"1";"N/A";"44,78918000";" -0,60512000"
"202400001438";"1";"12";"2024";"16:30";"1";"55";"55253";"2";"1";"1";"6";"25 Chemin du Roy";"49,11099500";"5,00100700"
"202400001439";"23";"10";"2024";"07:20";"5";"37";"37233";"2";"6";"1";"3";"FARGES (AVENUE YVES)";"47,38488000";"0,73688000"
"202400001440";"30";"11";"2024";"02:00";"3";"22";"22025";"1";"1";"1";"6";"Lieu Dit les Mais";"48,42693600";" -3,38437300"
"202400001441";"6";"06";"2024";"08:00";"1";"62";"62186";"1";"1";"1";"5";"A21";"50,43682105";"2,74303627"
"202400001442";"23";"10";"2024";"09:10";"1";"34";"34172";"2";"1";"1";"1";"LIBERTE (AVENUE DE LA";"43,60951000";"3,83731000"
"202400001443";"7";"06";"2024";"21:48";"2";"91";"91216";"1";"1";"1";"3";"AUTOROUTE A6";"48,68456000";"2,32805000"
"202400001444";"23";"10";"2024";"17:20";"1";"33";"33063";"2";"1";"7";"5";"N/A";"44,87106998";" -0,56629400"
"202400001445";"7";"06";"2024";"17:30";"1";"94";"94043";"1";"1";"1";"5";"A6B";"48,80698476";"2,34657371"
"202400001446";"23";"10";"2024";"18:25";"2";"33";"33281";"2";"2";"1";"3";"N/A";"44,83772000";" -0,64086000"
"202400001447";"23";"10";"2024";"18:45";"2";"33";"33039";"2";"9";"1";"6";"N/A";"44,81236000";" -0,55082000"
"202400001448";"23";"10";"2024";"17:50";"1";"33";"33069";"2";"2";"1";"3";"N/A";"44,85713498";" -0,59108598"
"202400001449";"12";"10";"2024";"14:30";"1";"30";"30189";"2";"3";"2";"2";"BOISSY D ANGLAS (ALLEE)";"43,83300000";"4,36780000"
"202400001450";"22";"10";"2024";"18:00";"1";"29";"29019";"2";"6";"1";"3";"rue du Commandant Drogou";"48,40445000";" -4,49670000"
"202400001451";"23";"10";"2024";"16:35";"1";"27";"27299";"2";"3";"7";"3";"BRIAND (AVENUE ARISTIDE)";"49,04144000";"1,15906000"
"202400001452";"22";"10";"2024";"09:55";"1";"27";"27229";"2";"1";"1";"6";"ARTOIS (RUE D')";"49,03283000";"1,13957000"
"202400001453";"23";"10";"2024";"06:40";"3";"22";"22360";"1";"1";"1";"5";"RD 222";"48,47607000";" -2,74570000"
"202400001454";"23";"10";"2024";"11:55";"1";"21";"21054";"2";"1";"1";"2";"Route de Savigny";"47,03930000";"4,84039400"
"202400001455";"23";"10";"2024";"18:10";"1";"17";"17415";"1";"1";"1";"6";"VARZAY ROUTE DE";"45,72564000";" -0,67895000"
"202400001456";"22";"10";"2024";"12:30";"1";"11";"11262";"2";"6";"1";"5";"N/A";"43,19361000";"3,00947000"
"202400001457";"23";"10";"2024";"14:20";"1";"10";"10387";"2";"2";"1";"3";"QUATORZE JUILLET (RUE DU)";"48,29442000";"4,07846000"
"202400001458";"22";"10";"2024";"17:15";"1";"10";"10387";"2";"1";"1";"6";"BEAUSEJOUR (RUE DU)";"48,28660000";"4,07350000"
"202400001459";"22";"10";"2024";"22:40";"5";"75";"75119";"2";"4";"1";"4";"BD PERIPHERIQUE EXTERIEUR";"48,89281000";"2,39561000"
"202400001460";"23";"10";"2024";"16:45";"1";"75";"75118";"2";"2";"1";"3";"RUE BELLIARD";"48,89556300";"2,32832300"
"202400001461";"23";"10";"2024";"10:00";"1";"75";"75118";"2";"4";"1";"3";"RUE D AUBERVILLIERS";"48,89574100";"2,37133900"
"202400001462";"23";"10";"2024";"09:35";"1";"75";"75117";"2";"2";"1";"3";"AVENUE DE CLICHY";"48,89405100";"2,31420300"
"202400001463";"23";"10";"2024";"08:35";"1";"75";"75117";"2";"2";"1";"6";"RUE DES BATIGNOLLES";"48,88502100";"2,32079200"
"202400001464";"23";"10";"2024";"17:22";"1";"75";"75116";"2";"1";"1";"2";"QUAI LOUIS BLERIOT";"48,84396000";"2,27138000"
"202400001465";"23";"10";"2024";"10:00";"1";"75";"75116";"2";"1";"1";"6";"RUE DU GENERAL DELESTRAINT";"48,84273500";"2,25871600"
"202400001466";"23";"10";"2024";"12:17";"1";"75";"75113";"2";"3";"1";"3";"QUAI D AUSTERLITZ";"48,84193800";"2,36790300"
"202400001467";"23";"10";"2024";"19:00";"3";"75";"75112";"2";"1";"1";"6";"BOULEVARD DIDEROT";"48,84763800";"2,38934100"
"202400001468";"23";"10";"2024";"16:15";"1";"75";"75112";"2";"4";"1";"1";"BOULEVARD DE LA BASTILLE";"48,84668000";"2,36693000"
"202400001469";"23";"10";"2024";"08:20";"1";"75";"75109";"2";"2";"8";"3";"BOULEVARD POISSONNIERE";"48,87109400";"2,34577400"
"202400001470";"22";"10";"2024";"22:50";"5";"75";"75109";"2";"2";"1";"6";"RUE DES MATHURINS";"48,87305900";"2,32831700"
"202400001471";"23";"10";"2024";"20:10";"5";"75";"75108";"2";"1";"1";"6";"AVENUE MONTAIGNE";"48,86740900";"2,30703200"
"202400001472";"23";"10";"2024";"21:40";"5";"75";"75104";"2";"2";"1";"6";"RUE SAINT ANTOINE";"48,85396800";"2,36486500"
"202400001473";"23";"10";"2024";"15:50";"1";"75";"75103";"2";"4";"1";"6";"RUE DE TURBIGO";"48,86688700";"2,36189100"
"202400001474";"23";"10";"2024";"13:00";"1";"75";"75104";"2";"1";"1";"7";"QUAI DE L HOTEL DE VILLE";"48,85386700";"2,36716300"
"202400001475";"22";"10";"2024";"22:30";"5";"94";"94054";"2";"1";"1";"1";"Route Charles Tillon";"48,74311900";"2,38629100"
"202400001476";"22";"10";"2024";"20:00";"5";"94";"94019";"2";"3";"1";"3";"Route de la Libération";"48,80073000";"2,54229000"
"202400001477";"23";"10";"2024";"18:35";"3";"93";"93078";"2";"2";"1";"2";"PETITS PONTS (ROUTE DES)";"48,96220615";"2,55894184"
"202400001478";"22";"10";"2024";"03:30";"3";"93";"93073";"1";"1";"2";"6";"CHAPIT RE ( RUE DU)";"48,99020628";"2,54714967"
"202400001479";"23";"10";"2024";"15:20";"1";"93";"93059";"2";"1";"1";"2";"JEAN MERMOZ (BOULEVARD) DES N°1A57 ET N°";"48,96320000";"2,35985000"
"202400001480";"23";"10";"2024";"18:10";"1";"93";"93079";"2";"1";"1";"6";"SAINT LEU (ROUTE)";"48,95332828";"2,33644530"
"202400001481";"22";"10";"2024";"21:25";"5";"93";"93027";"2";"6";"1";"3";"BARBUSSE (AVENUE HENRI)";"48,92998248";"2,38595467"
"202400001482";"22";"10";"2024";"14:15";"1";"93";"93027";"2";"2";"1";"2";"VAILLANT-COUTURIER (AVENUE PAUL)";"48,92484246";"2,41491174"
"202400001483";"22";"10";"2024";"09:54";"1";"93";"93030";"2";"2";"1";"6";"DE GAULLE (AVENUE DU GENERAL)";"48,94940000";"2,41480000"
"202400001484";"22";"10";"2024";"20:35";"5";"93";"93057";"2";"1";"1";"1";"EUROPE ( PONT DE L')";"48,91462887";"2,50210492"
"202400001485";"23";"10";"2024";"16:30";"1";"93";"93005";"2";"3";"1";"6";"CHARLES FLOQUET (BOULEVARD)";"48,93709094";"2,49870443"
"202400001486";"23";"10";"2024";"09:15";"1";"93";"93078";"2";"1";"1";"6";"DAMBEL (AVENUE EMILE)";"48,95401000";"2,54886000"
"202400001487";"23";"10";"2024";"10:35";"1";"93";"93001";"2";"1";"1";"3";"LEOPOLD RECHOSSIERE (RUE)  (RESTE)";"48,91347442";"2,39381594"
"202400001488";"21";"10";"2024";"12:05";"1";"93";"93001";"2";"2";"1";"1";"CHARRON (RUE)";"48,91455632";"2,38573556"
"202400001489";"22";"10";"2024";"16:00";"1";"92";"92078";"2";"1";"1";"6";"CHARLES DE GAULLE (BD) (15 AU 69)";"48,93690045";"2,33074281"
"202400001490";"23";"10";"2024";"09:35";"1";"92";"92075";"2";"1";"1";"3";"MARCEL MARTINIE (AVENUE)";"48,82180289";"2,29159042"
"202400001491";"22";"10";"2024";"16:15";"1";"92";"92046";"2";"1";"1";"6";"DE STALINGRAD";"48,81480620";"2,28661940"
"202400001492";"23";"10";"2024";"15:25";"1";"92";"92072";"2";"1";"1";"6";"CRISTALLERIE (AVENUE DE LA)";"48,82609270";"2,22013235"
"202400001493";"22";"10";"2024";"08:25";"1";"92";"92063";"2";"4";"1";"3";"JUIN (AVENUE DU MARECHAL)";"48,88269552";"2,18222156"
"202400001494";"23";"10";"2024";"14:29";"1";"92";"92044";"2";"1";"1";"2";"BINEAU (BOULEVARD)";"48,88658049";"2,28414059"
"202400001495";"23";"10";"2024";"13:30";"1";"92";"92040";"2";"1";"1";"6";"BOURGAIN (AVENE)";"48,82164947";"2,26603637"
"202400001496";"23";"10";"2024";"09:19";"1";"92";"92040";"2";"1";"1";"3";"JEANNE D'ARC";"48,83147493";"2,27955944"
"202400001497";"23";"10";"2024";"11:27";"1";"92";"92026";"2";"1";"1";"2";"PRÉSIDENT PAUL DOUMER (QUAI DU)";"48,89197416";"2,25881159"
"202400001498";"22";"10";"2024";"17:30";"1";"92";"92004";"2";"1";"1";"2";"REDOUTE (AVENUE DE LA )";"48,92856925";"2,27884265"
"202400001499";"23";"10";"2024";"17:50";"1";"92";"92002";"2";"1";"1";"1";"ALPES (SQUARE DES)";"48,73742418";"2,28749325"
"202400001500";"23";"10";"2024";"17:05";"1";"37";"37022";"2";"3";"1";"3";"5 Rue du Parc";"47,19605300";"0,18359500"
"202400001501";"23";"10";"2024";"20:00";"5";"33";"33243";"2";"2";"1";"3";"N/A";"44,91565500";" -0,24124600"
"202400001502";"21";"10";"2024";"17:30";"2";"33";"33015";"1";"6";"1";"1";"N/A";"44,90986100";" -0,25818900"
"202400001503";"20";"10";"2024";"20:10";"3";"60";"60281";"1";"1";"1";"6";"D1017";"49,50506400";"2,68220900"
"202400001504";"23";"10";"2024";"17:40";"1";"60";"60216";"1";"3";"1";"3";"D101";"49,46267603";"2,47275209"
"202400001505";"23";"10";"2024";"11:50";"1";"31";"31113";"2";"3";"1";"6";"Rue des Ormes";"43,51445200";"1,49966120"
"202400001506";"4";"10";"2024";"18:15";"3";"972";"97220";"2";"1";"1";"6";"Quartier Lourdes";"14,49583300";" -60,88374100"
"202400001507";"23";"10";"2024";"18:30";"1";"59";"59107";"2";"1";"1";"6";"575 Boulevard Georges Pompidou";"51,07874000";"2,51487700"
"202400001508";"23";"10";"2024";"19:15";"3";"68";"68315";"1";"1";"1";"1";"Route de Raedersheim";"47,88267200";"7,25678100"
"202400001509";"24";"10";"2024";"01:10";"5";"77";"77398";"2";"1";"1";"6";"D31";"48,87549300";"3,29607300"
"202400001510";"23";"10";"2024";"10:45";"1";"35";"35003";"1";"2";"1";"3";"Rue du Gué";"48,30701500";" -1,59462200"
"202400001511";"24";"10";"2024";"13:10";"1";"59";"59562";"1";"1";"1";"3";"39 Rue Nationale";"50,09748300";"3,98032300"
"202400001512";"24";"10";"2024";"04:00";"3";"56";"56123";"1";"1";"1";"6";"la ville auray";"47,67184600";" -2,31010100"
"202400001513";"23";"10";"2024";"14:30";"1";"59";"59282";"1";"1";"1";"3";"Route de Dunkerque";"50,83087900";"2,47868300"
"202400001514";"23";"10";"2024";"15:45";"1";100;100238";"1";"1";"1";"1";"RT50";"42,26590400";"9,20875300"
"202400001515";"23";"10";"2024";"15:50";"1";"82";"82079";"1";"1";"1";"1";"Chemin de Rabany";"43,89871200";"1,35658500"
"202400001516";"15";"10";"2024";"17:40";"1";"33";"33505";"1";"3";"8";"7";"N/A";"44,77212500";" -0,32189700"
"202400001517";"23";"10";"2024";"22:20";"4";"71";"71244";"1";"1";"1";"6";"D971";"46,56774200";"5,04155300"
"202400001518";"23";"10";"2024";"21:00";"3";"71";"71014";"1";"1";"1";"7";"62 Route de Saint Denis";"46,97338200";"4,33457900"
"202400001519";"24";"10";"2024";"13:50";"1";"55";"55102";"1";"3";"1";"1";"D38";"49,20958906";"5,32092412"
"202400001520";"23";"10";"2024";"23:00";"3";"42";"42140";"1";"1";"1";"6";"Route de Valinches";"45,45630800";"4,06039200"
"202400001521";"21";"10";"2024";"06:15";"3";"34";"34310";"2";"1";"1";"3";"D19";"43,41987600";"3,16121000"
"202400001522";"22";"10";"2024";"18:20";"5";"68";"68135";"1";"2";"1";"1";"D105";"47,59094900";"7,54997000"
"202400001523";"24";"10";"2024";"16:30";"1";"39";"39017";"1";"1";"1";"6";"N/A";"46,76293100";"5,56799700"
"202400001524";"24";"10";"2024";"17:20";"1";"39";"39411";"1";"1";"1";"3";"pk 5 D471";"46,68707300";"5,61322000"
"202400001525";"22";"10";"2024";"16:35";"1";"44";"44064";"1";"1";"1";"5";"la Grande Metairie";"47,09092200";" -1,31904600"
"202400001526";"23";"10";"2024";"09:50";"2";"44";"44131";"2";"6";"1";"3";"1 Boulevard de Linz";"47,12329300";" -2,12376200"
"202400001527";"23";"10";"2024";"20:35";"3";"29";"29190";"1";"9";"1";"6";"D789";"48,35404492";" -4,72961005"
"202400001528";"23";"10";"2024";"16:00";"1";"15";"15004";"2";"1";"1";"6";" Route des Fontanilles";"45,05975800";"3,06212200"
"202400001529";"13";"09";"2024";"21:10";"5";"01";"01093";"2";"3";"1";"6";"Avenue Pierre Marcault";"46,11711900";"4,95106300"
"202400001530";"24";"10";"2024";"08:00";"2";"72";"72134";"1";"1";"5";"6";"Lieu Dit La Petite Clergerie";"47,72287334";"0,44342536"
"202400001531";"24";"10";"2024";"17:10";"5";"06";"06032";"2";"1";"9";"2";"tunnel rainier III";"43,73014300";"7,40585800"
"202400001532";"24";"10";"2024";"14:40";"1";"60";"60616";"2";"2";"1";"3";"D915";"49,35151900";"1,77490400"
"202400001533";"23";"10";"2024";"17:35";"1";"64";"64493";"2";"3";"7";"3";"31 Avenue du Bois de la ville";"43,32122000";" -1,04133300"
"202400001534";"22";"10";"2024";"14:00";"1";"07";"07151";"1";"1";"2";"2";"D15 lieu dit la batterie - PR 39+700";"45,02136200";"4,36343900"
"202400001535";"23";"10";"2024";"19:50";"5";"40";"40046";"2";"3";"1";"3";"888 Avenue Marechal Lyautey";"44,38905500";" -1,15793400"
"202400001536";"23";"03";"2024";"18:00";"1";"34";"34172";"2";"1";"1";"2";"TOULOUSE (AVENUE DE";"43,59593000";"3,86257000"
"202400001537";"23";"03";"2024";"10:10";"1";"34";"34172";"2";"1";"1";"3";"FONT FROIDE (RUE DE LA)";"43,64752000";"3,84304000"
"202400001538";"22";"03";"2024";"14:30";"1";"34";"34003";"2";"3";"1";"3";"SAINT CHRIST (M7 A H11";"43,30496000";"3,46551000"
"202400001539";"22";"03";"2024";"18:10";"1";"33";"33249";"2";"6";"1";"3";"N/A";"44,86587000";" -0,51288000"
"202400001540";"23";"03";"2024";"16:20";"1";"30";"30007";"2";"1";"1";"3";"Quai du 8 mai 1945";"44,13585000";"4,07931100"
"202400001541";"23";"03";"2024";"09:30";"1";"28";"28404";"1";"1";"1";"3";"RD 828A";"48,72796000";"1,34472000"
"202400001542";"23";"03";"2024";"00:50";"5";"16";"16102";"2";"6";"1";"3";"RN 141";"45,69427000";" -0,34759200"
"202400001543";"22";"03";"2024";"16:25";"1";"13";"13210";"2";"2";"1";"3";"TIMONE (AVENUE DE LA)";"43,28692821";"5,41247177"
"202400001544";"23";"03";"2024";"11:00";"1";"13";"13005";"2";"9";"1";"3";"BONNES NOUVELLES (CH.DES)";"43,29224000";"5,59097000"
"202400001545";"23";"03";"2024";"08:15";"1";"13";"13005";"2";"1";"1";"3";"CAMP DE SARLIER ROUTE DE GEMENOS";"43,29709000";"5,58547000"
"202400001546";"23";"03";"2024";"12:35";"1";"11";"11069";"2";"9";"1";"3";"N/A";"43,20776000";"2,31069000"
"202400001547";"23";"03";"2024";"21:00";"5";"06";"06088";"2";"1";"1";"3";"Avenue Maréchal Lyautey";"43,71822000";"7,28205000"
"202400001548";"22";"03";"2024";"05:30";"5";"06";"06029";"2";"6";"1";"3";"Avenue Michel Jourdan";"43,55406700";"6,97296000"
"202400001549";"23";"03";"2024";"13:20";"1";"75";"75115";"2";"1";"1";"2";"BD PERIPHERIQUE EXTERIEUR";"48,83048800";"2,28517700"
"202400001550";"22";"03";"2024";"23:30";"5";"75";"75114";"2";"4";"3";"6";"RUE FRIANT";"48,82700900";"2,32497800"
"202400001551";"23";"03";"2024";"13:30";"1";"75";"75118";"2";"1";"1";"6";"RUE CUSTINE";"48,88787600";"2,34868600"
"202400001552";"23";"03";"2024";"14:45";"1";"75";"75116";"2";"1";"2";"2";"ALLEE DE LONGCHAMP";"48,86549700";"2,24488300"
"202400001553";"23";"03";"2024";"01:30";"5";"75";"75115";"2";"2";"1";"1";"RUE DE VAUGIRARD";"48,83831800";"2,29846300"
"202400001554";"22";"03";"2024";"17:25";"1";"75";"75114";"2";"2";"1";"3";"AVENUE DE LA PORTE DE MONTROUGE";"48,82266600";"2,32269000"
"202400001555";"23";"03";"2024";"02:00";"5";"75";"75109";"2";"3";"1";"3";"BOULEVARD HAUSSMANN";"48,87342000";"2,32969600"
"202400001556";"23";"03";"2024";"01:01";"5";"75";"75108";"2";"7";"1";"6";"COURS ALBERT 1ER";"48,86422500";"2,30198500"
"202400001557";"23";"03";"2024";"05:30";"2";"75";"75107";"2";"2";"1";"1";"PONT ALEXANDRE III";"48,86283700";"2,31346000"
"202400001558";"23";"03";"2024";"19:35";"5";"94";"94068";"2";"1";"1";"6";"Place des Marronniers";"48,80453300";"2,49655600"
"202400001559";"23";"03";"2024";"07:00";"2";"94";"94068";"2";"1";"1";"6";"Avenue de l’Alma";"48,78553000";"2,49526000"
"202400001560";"22";"03";"2024";"15:40";"1";"94";"94076";"2";"3";"1";"3";"Avenue de Fontainebleau / Rue Anatole France";"48,80714404";"2,36309119"
"202400001561";"23";"03";"2024";"05:00";"5";"94";"94017";"2";"1";"2";"6";"Avenue Roger Salengro";"48,81620273";"2,50192434"
"202400001562";"10";"07";"2024";"10:55";"1";"59";"59402";"1";"3";"1";"1";"Rue du Bister";"50,87690400";"2,24556400"
"202400001563";"23";"03";"2024";"20:15";"5";"93";"93071";"2";"1";"2";"6";"Avenue Berlioz";"48,93706200";"2,53521800"
"202400001564";"23";"03";"2024";"12:45";"1";"93";"93071";"2";"1";"1";"6";"Boulevard Stalingrad";"48,93374800";"2,52809500"
"202400001565";"7";"07";"2024";"11:40";"1";"79";"79320";"1";"2";"1";"3";"N/A";"46,46729100";" -0,45954800"
"202400001566";"23";"03";"2024";"07:40";"1";"93";"93072";"2";"3";"1";"3";"Rue de Fontenay / Rue du Président Harding";"48,96917900";"2,37924900"
"202400001567";"10";"07";"2024";"19:10";"1";101;101271";"2";"1";"1";"2";"RT22";"41,95282068";"8,78693148"
"202400001568";"23";"03";"2024";"13:30";"1";"93";"93010";"2";"5";"1";"3";"Avenue de Rosny / Chemin des Carouges";"48,88904000";"2,47146000"
"202400001569";"10";"07";"2024";"09:35";"1";"65";"65126";"2";"1";"1";"7";"1 chemin de la chapelle";"43,27073700";"0,42908900"
"202400001570";"23";"03";"2024";"11:23";"1";"93";"93063";"2";"1";"1";"3";"Boulevard Edouard Branly";"48,87393000";"2,44047000"
"202400001571";"23";"03";"2024";"19:30";"5";"93";"93008";"2";"2";"2";"4";"Avenue du Président Salvador Allende / Rue Bernard Birsinger";"48,90188000";"2,44464000"
"202400001572";"10";"07";"2024";"18:50";"1";"81";"81070";"1";"3";"1";"3";"Route de Giroussens";"43,79289500";"1,75859800"
"202400001573";"23";"03";"2024";"08:35";"1";"92";"92075";"2";"1";"8";"2";"MARY BESSEYRE (RUE)";"48,82172495";"2,28945681"
"202400001574";"11";"07";"2024";"13:20";"1";"47";"47052";"2";"2";"7";"3";"Avenue d?Albret";"44,31236500";"0,09208600"
"202400001575";"23";"03";"2024";"21:00";"5";"92";"92072";"2";"1";"1";"2";"EUROPE (AVENUE DE L')";"48,82321577";"2,21002239"
"202400001576";"11";"07";"2024";"17:10";"1";"68";"68338";"1";"2";"3";"3";"Route de Colmar";"48,08430800";"7,28881700"
"202400001577";"23";"03";"2024";"11:35";"1";"92";"92020";"2";"2";"1";"3";"TIMBAUD RUE JEAN-PIERRE N° PAIRS";"48,80253000";"2,28616000"
"202400001578";"22";"03";"2024";"23:15";"5";"92";"92040";"2";"3";"2";"3";"FRERES VOISIN (BOULEVARD DES)";"48,82793610";"2,27109271"
"202400001579";"11";"07";"2024";"12:00";"1";"39";"39470";"1";"1";"1";"7";"N/A";"46,50944700";"6,10953000"
"202400001580";"23";"03";"2024";"16:22";"1";"92";"92024";"2";"1";"2";"3";"VICTOR HUGO (BD)";"48,89916849";"2,31326169"
"202400001581";"23";"03";"2024";"01:45";"5";"92";"92023";"2";"9";"9";"3";"PORTE DE TRIVAUX (RUE DE) N°57 A 197 ET";"48,78680460";"2,24527860"
"202400001582";"23";"03";"2024";"19:30";"5";"92";"92012";"2";"1";"2";"3";"VICTOR HUGO (AVENUE) 49/FIN - 60/FIN";"48,83644739";"2,24525356"
"202400001583";"10";"07";"2024";"18:35";"1";"25";"25154";"1";"1";"8";"1";"Route Nationale";"47,11581800";"5,90867000"
"202400001584";"23";"03";"2024";"20:10";"5";"92";"92012";"2";"1";"9";"6";"SILLY (RUE DE) 1/87 - 2/88";"48,83569168";"2,23271991"
"202400001585";"9";"07";"2024";"10:30";"1";"44";"44069";"2";"1";"2";"6";"3 avenue de la brière";"47,33083800";" -2,42370400"
"202400001586";"23";"03";"2024";"14:05";"1";"92";"92012";"2";"1";"2";"3";"ANDRE MORIZET (AVENUE) 1/47 - 2/52";"48,83418332";"2,24262536"
"202400001587";"23";"03";"2024";"09:55";"1";"35";"35176";"2";"2";"1";"6";"Rue de la Résistance";"47,82104575";" -1,82163566"
"202400001588";"23";"03";"2024";"23:40";"3";"37";"37058";"1";"1";"2";"6";"1239 Rue des Gravets";"47,25013500";"0,20341900"
"202400001589";"6";"07";"2024";"18:30";"1";"44";"44111";"1";"2";"1";"3";"l'Arche du Fouan";"47,40749167";" -1,73246563"
"202400001590";"23";"03";"2024";"17:50";"1";"76";"76287";"1";"1";"4";"6";"A 151";"49,56146500";"1,04344400"
"202400001591";"10";"07";"2024";"18:10";"1";"38";"38184";"1";"1";"1";"1";"Communale 7";"45,65370800";"5,08263600"
"202400001592";"24";"03";"2024";"09:20";"1";"71";"71273";"1";"1";"1";"6";"D973";"46,67367600";"3,80538900"
"202400001593";"10";"07";"2024";"11:16";"1";"38";"38529";"1";"1";"1";"1";"Avenue du Golf";"45,12924300";"5,82345800"
"202400001594";"24";"03";"2024";"16:55";"1";"33";"33098";"1";"1";"1";"1";"N/A";"44,68891500";" -0,31575000"
"202400001595";"23";"03";"2024";"19:00";"1";"76";"76210";"2";"1";"2";"3";"Route de Neufchatel";"49,86087700";"1,20246100"
"202400001596";"11";"07";"2024";"13:18";"1";"02";"02634";"2";"1";"1";"6";"56 Grande Rue";"49,70565200";"4,15327200"
"202400001597";"23";"03";"2024";"19:50";"3";"31";"31445";"2";"1";"1";"6";"253 Route de Castres";"43,58448400";"1,55974300"
"202400001598";"11";"07";"2024";"15:00";"1";"50";"50151";"1";"3";"1";"6";"départementale 652";"49,21130400";" -1,55855100"
"202400001599";"24";"03";"2024";"16:10";"1";"51";"51192";"1";"1";"1";"7";"route departementale 3";"49,05800800";"3,60321500"
"202400001600";"24";"03";"2024";"15:15";"1";"974";"97414";"2";"1";"1";"6";"55 Rue Pente des Vacoas";" -21,26682100";"55,43893900"
"202400001601";"11";"07";"2024";"12:45";"1";"50";"50021";"1";"4";"1";"1";"Le Broc";"49,40643600";" -1,25001700"
"202400001602";"23";"03";"2024";"15:45";"1";"59";"59309";"1";"5";"1";"3";"Route de Killem";"50,96894100";"2,57103700"
"202400001603";"11";"07";"2024";"18:07";"1";"18";"18092";"2";"1";"1";"7";"13 Rue des Epinettes";"47,07269400";"2,65060200"
"202400001604";"24";"03";"2024";"03:50";"3";"60";"60380";"2";"1";"2";"6";"Avenue du Grenier à Sel";"49,13850900";"3,08644000"
"202400001605";"10";"07";"2024";"18:00";"1";"36";"36006";"1";"1";"1";"7";"N/A";"46,56928581";"1,49389386"
"202400001606";"22";"03";"2024";"13:23";"1";"63";"63091";"1";"9";"1";"6";" A75 - diff 18 bretelle sortie sens NORD/SUD";"45,42506000";"3,27249900"
"202400001607";"22";"03";"2024";"18:17";"1";"63";"63411";"1";"2";"1";"3";"Autoroute A75 échangeur N°9 sens NORD/SUD";"45,59658300";"3,21972100"
"202400001608";"7";"07";"2024";"17:45";"1";"04";"04031";"1";"1";"1";"1";"D907";"43,92863800";"6,14484400"
"202400001609";"23";"03";"2024";"20:00";"5";"30";"30202";"2";"3";"1";"1";"Avenue André de Philip";"44,25855500";"4,64139100"
"202400001610";"11";"07";"2024";"05:50";"3";"85";"85288";"1";"2";"1";"3";"D21";"46,51698000";" -1,62331400"
"202400001611";"22";"03";"2024";"18:40";"2";"34";"34270";"2";"4";"1";"3";"Route de Sete";"43,58086900";"3,84807400"
"202400001612";"11";"07";"2024";"03:20";"3";"85";"85294";"2";"1";"1";"7";"Rue des sables";"46,35172600";" -1,45111800"
"202400001613";"24";"03";"2024";"00:30";"3";"57";"57426";"1";"2";"2";"3";"Route de Luttange";"49,29235829";"6,27795440"
"202400001614";"8";"07";"2024";"18:20";"1";"17";"17091";"1";"1";"1";"3";"Route de Villedoux";"46,27992100";" -1,07329100"
"202400001615";"14";"03";"2024";"10:45";"1";"57";"57370";"2";"9";"1";"6";"33 Rue de Thionville";"49,39389100";"6,27586500"
"202400001616";"10";"07";"2024";"19:41";"1";"48";"48094";"1";"1";"1";"7";"Route de la Canourgue";"44,35000400";"3,22971800"
"202400001617";"24";"03";"2024";"11:00";"1";"62";"62524";"2";"1";"1";"1";"VC";"50,66240500";"1,82696100"
"202400001618";"27";"05";"2024";"11:40";"1";"52";"52017";"1";"1";"1";"7";"départementale 3";"47,95754200";"4,99618300"
"202400001619";"23";"03";"2024";"16:45";"1";"51";"51171";"1";"1";"2";"7";"Rue de l'église (Gernicourt)";"49,39394500";"3,86813700"
"202400001620";"23";"03";"2024";"23:05";"3";"19";"19229";"1";"1";"1";"6";"lieu-dit les guierles";"45,13477728";"1,44506333"
"202400001621";"24";"03";"2024";"09:05";"1";"61";"61081";"1";"1";"1";"7";"D50 PR3+820";"48,63947300";"0,20901900"
"202400001622";"10";"07";"2024";"14:17";"1";"21";"21581";"1";"1";"2";"6";"A36 PK 179+800 sens BESANCON/BEAUNE";"47,09529600";"5,35344800"
"202400001623";"23";"03";"2024";"22:35";"3";"13";"13045";"1";"1";"1";"1";"Route d'Arles";"43,83263800";"4,74037000"
"202400001624";"22";"03";"2024";"16:27";"1";"02";"02806";"1";"1";"1";"6";"D310";"49,18958500";"3,46580000"
"202400001625";"11";"07";"2024";"09:05";"1";"69";"69206";"1";"1";"1";"2";"Autoroute 6";"46,03431101";"4,72591573"
"202400001626";"24";"03";"2024";"16:00";"1";"26";"26069";"1";"1";"1";"6";"pk 41 D518";"44,82941800";"5,39184100"
"202400001627";"10";"07";"2024";"19:15";"2";"13";"13103";"1";"1";"1";"7";"Autoroute A54, échangeur 13, pk 063.960, direction NIMES";"43,63871301";"5,02529116"
"202400001628";"22";"03";"2024";"17:52";"1";"06";"06105";"2";"7";"1";"3";" Route de Grasse";"43,66227800";"7,05705600"
"202400001629";"24";"03";"2024";"15:24";"1";"60";"60253";"1";"1";"6";"4";"D11";"49,60281200";"2,15872800"
"202400001630";"10";"07";"2024";"15:55";"1";"987";"98722";"1";"1";"1";"1";"RT2, PK 27+500, vers PAPEETE";" -17,59094100";" -149,39065200"
"202400001631";"23";"03";"2024";"23:00";"3";"64";"64082";"1";"2";"1";"3";"D28";"43,45847832";" -1,01572305"
"202400001632";"10";"04";"2024";"13:55";"1";"988";"98802";"1";"1";"1";"2";"RT1 - PORT OUENGHI";" -21,88495600";"166,06976500"
"202400001633";"23";"03";"2024";"18:24";"2";"43";"43018";"1";"2";"7";"3";"D589";"44,98785279";"3,73873712"
"202400001634";"11";"07";"2024";"10:00";"1";"974";"97408";"2";"1";"1";"6";"Avenue de la Palestine";" -20,95962600";"55,32274400"
"202400001635";"20";"02";"2024";"09:40";"1";"27";"27001";"1";"3";"1";"3";"D438";"49,16912000";"0,69482800"
"202400001636";"11";"07";"2024";"17:25";"1";"77";"77089";"1";"2";"1";"3";"D213";"48,49790700";"2,94112200"
"202400001637";"11";"07";"2024";"11:15";"1";"95";"95199";"2";"1";"1";"6";"45 JEAN JAURES (AVENUE)";"49,03193800";"2,33710500"
"202400001638";"18";"03";"2024";"15:34";"1";"17";"17317";"1";"1";"1";"1";"D730";"45,41908000";" -0,63273800"
"202400001639";"24";"03";"2024";"15:40";"1";"73";"73241";"1";"1";"2";"6";"A430 Péage Sainte-Hélène-sur-Isère";"45,62014800";"6,31190600"
"202400001640";"24";"03";"2024";"05:55";"5";"42";"42279";"2";"2";"2";"3";"Route de Saint-Étienne";"45,51276400";"4,26828500"
"202400001641";"10";"07";"2024";"16:40";"1";"78";"78615";"1";"1";"1";"5";"D30";"48,84894100";"1,96138700"
"202400001642";"23";"03";"2024";"00:08";"3";"69";"69050";"1";"1";"1";"3";"Autoroute 89 ";"45,86332228";"4,63455372"
"202400001643";"9";"07";"2024";"20:55";"2";"30";"30211";"2";"1";"1";"1";"Route de Beaucaire";"43,82684200";"4,48903800"
"202400001644";"23";"05";"2024";"16:45";"1";"34";"34157";"2";"1";"1";"6";"boulevard paul valery";"43,42396200";"3,60188500"
"202400001645";"23";"03";"2024";"18:35";"1";"13";"13013";"1";"6";"1";"7";"A52,bretelle entrée, S2,Pk 07.479";"43,41603700";"5,57768600"
"202400001646";"11";"07";"2024";"03:55";"3";"34";"34090";"1";"3";"1";"7";"3 Rue Antoine Blanchemain";"43,66468200";"3,92431900"
"202400001647";"13";"03";"2024";"10:00";"1";"976";"97603";"2";"1";"1";"6";"Hamouro";" -12,88050500";"45,21410500"
"202400001648";"23";"03";"2024";"15:25";"1";"987";"98725";"2";"1";"1";"1";"face tahiti menager";" -17,50620271";" -149,47538853"
"202400001649";"11";"07";"2024";"10:40";"1";"84";"84147";"1";"1";"1";"3";"D973 Y";"43,70292400";"5,44155800"
"202400001650";"23";"03";"2024";"20:50";"5";"971";"97128";"1";"1";"1";"3";"Route de Maudette";"16,23155400";" -61,41786600"
"202400001651";"11";"07";"2024";"14:54";"1";"13";"13059";"1";"6";"1";"2";"d556";"43,66020300";"5,49468800"
"202400001652";"24";"03";"2024";"16:00";"1";"06";"06058";"2";"6";"1";"6";"Route Napoleon";"43,73009600";"6,79289500"
"202400001653";"24";"03";"2024";"04:17";"3";"03";"03298";"1";"1";"2";"6";"N209 route de vichy";"46,29675000";"3,42573100"
"202400001654";"11";"07";"2024";"19:50";"1";"58";"58117";"1";"1";"1";"3";"D47";"47,00754800";"3,09764000"
"202400001655";"24";"03";"2024";"15:55";"1";"38";"38097";"2";"1";"1";"1";"Route de la Plaine";"45,76376600";"5,18542900"
"202400001656";"23";"03";"2024";"19:10";"3";"26";"26233";"1";"1";"1";"7";"Route de Vaison";"44,28827300";"5,10451200"
"202400001657";"13";"05";"2024";"09:15";"1";"67";"67529";"2";"7";"1";"6";"01 rue du Ried";"48,70897500";"7,80094700"
"202400001658";"23";"03";"2024";"05:45";"2";"01";"01262";"2";"3";"1";"3";"160 Faubourg de Lyon";"45,84925300";"5,05087300"
"202400001659";"11";"07";"2024";"18:10";"1";"03";"03100";"2";"2";"1";"3";"carrefour Grande Rue et Rue du port";"46,53374200";"3,74596800"
"202400001660";"23";"03";"2024";"17:20";"1";"01";"01405";"1";"1";"1";"1";"D1083 lieu-dit les tiards";"46,13977600";"5,17056900"
"202400001661";"10";"07";"2024";"20:45";"1";"63";"63213";"1";"1";"1";"3";"Chemin communal";"45,81990200";"3,24894900"
"202400001662";"23";"03";"2024";"14:20";"1";"69";"69254";"1";"1";"1";"6";"Route D'Amplepuis";"45,95060500";"4,42369200"
"202400001663";"23";"03";"2024";"15:52";"1";"86";"86173";"1";"9";"1";"5";"D759";"46,99806000";"0,05239200"
"202400001664";"23";"03";"2024";"22:50";"3";"33";"33067";"2";"1";"2";"6";"N/A";"45,04147800";" -0,58771700"
"202400001665";"23";"03";"2024";"10:45";"1";"22";"22282";"1";"1";"8";"7";"Rue du Guebriant";"48,57453100";" -2,23705900"
"202400001666";"24";"03";"2024";"18:00";"1";"60";"60010";"1";"1";"1";"6";"N/A";"49,20570000";"2,10967800"
"202400001667";"11";"07";"2024";"09:10";"1";"07";"07324";"2";"1";"1";"2";"avenue de lyon";"45,07396200";"4,81739200"
"202400001668";"23";"03";"2024";"04:15";"3";"69";"69199";"1";"1";"1";"2";"Autoroute 7 ";"45,68663786";"4,84650522"
"202400001669";"10";"07";"2024";"15:15";"1";"01";"01202";"2";"1";"1";"3";"8 Rue de l’Industrie";"45,90234700";"5,34594800"
"202400001670";"22";"03";"2024";"14:04";"5";"92";"92050";"1";"1";"1";"2";"A14";"48,89880161";"2,21573659"
"202400001671";"11";"07";"2024";"13:10";"1";"81";"81271";"1";"1";"1";"6";"D38";"43,76838200";"1,72327600"
"202400001672";"23";"03";"2024";"10:45";"1";"93";"93053";"1";"1";"1";"2";"A3";"48,89885000";"2,46940000"
"202400001673";"22";"03";"2024";"17:55";"1";"95";"95176";"1";"1";"1";"2";"A15";"48,98861374";"2,20310397"
"202400001674";"10";"07";"2024";"18:40";"1";"17";"17336";"1";"1";"1";"4";"D137";"45,78328600";" -0,71132200"
"202400001675";"21";"03";"2024";"16:40";"1";"94";"94002";"2";"3";"1";"3";"Rue Etienne Dolet / Allee du 8 Mai 1945";"48,79095000";"2,42573000"
"202400001676";"3";"07";"2024";"19:30";"1";"33";"33322";"1";"3";"1";"3";"N/A";"44,96738600";" -0,64495300"
"202400001677";"22";"03";"2024";"09:30";"1";"987";"98735";"2";"1";"1";"2";"PRINCE HINOI (AVENUE)";" -17,53211330";" -149,55580710"
"202400001678";"22";"03";"2024";"07:55";"1";"987";"98735";"2";"1";"1";"3";"CLEMENCEAU (RUE QTIER MANUHOE)";" -17,53772000";" -149,56320000"
"202400001679";"11";"07";"2024";"11:15";"1";"50";"50444";"1";"1";"1";"1";"D13";"49,04566700";" -0,94923400"
"202400001680";"22";"03";"2024";"18:00";"1";"974";"97411";"2";"1";"1";"6";"MACE (BOULEVARD GABRIEL)";" -20,87274000";"55,44848000"
"202400001681";"10";"07";"2024";"14:10";"1";"14";"14762";"1";"1";"1";"7";"La Baziniere- Maisoncelles (Maisoncelles-la-Jourdan)";"48,81084900";" -0,87091300"
"202400001682";"22";"03";"2024";"18:30";"2";"69";"69388";"2";"1";"1";"6";"Boulevard des Etats-Unis";"45,73853275";"4,86053185"
"202400001683";"9";"07";"2024";"10:50";"1";"22";"22070";"2";"1";"2";"6";"Rue du Grand Trotrieux";"48,56049800";" -3,15136000"
"202400001684";"10";"07";"2024";"17:50";"1";"22";"22162";"2";"1";"1";"6";"Carrefour (Supermarché)";"48,77186000";" -3,03894800"
"202400001685";"22";"03";"2024";"13:00";"1";"69";"69387";"2";"3";"1";"3";"Avenue Jean Jaurès";"45,73429769";"4,83540253"
"202400001686";"22";"03";"2024";"16:30";"1";"69";"69149";"2";"2";"1";"3";"Route de Brignais";"45,72434000";"4,78074000"
"202400001687";"11";"07";"2024";"07:10";"1";"76";"76164";"1";"1";"1";"1";"D490";"49,53144800";"0,75415100"
"202400001688";"22";"03";"2024";"12:15";"1";"69";"69389";"2";"3";"1";"6";"40 Rue Marietton";"45,77555000";"4,80266000"
"202400001689";"9";"07";"2024";"13:15";"1";"62";"62128";"2";"1";"1";"6";"D42";"50,30599300";"2,95141700"
"202400001690";"22";"03";"2024";"19:15";"4";"971";"97107";"2";"1";"1";"1";"DUMANOIR ( ALLEE )";"16,02565000";" -61,57394000"
"202400001691";"11";"07";"2024";"03:00";"3";"59";"59614";"2";"1";"1";"7";"ROUTE NATIONALE";"50,15158800";"3,45996100"
"202400001692";"22";"03";"2024";"13:04";"1";101;101004";"2";"3";"1";"3";"21 Avenue Marechal Juin";"41,93443000";"8,75077000"
"202400001693";"10";"07";"2024";"22:30";"3";"59";"59139";"2";"1";"1";"6";"Rue de Saint-quentin";"50,11738300";"3,41090800"
"202400001694";"10";"07";"2024";"17:52";"1";"91";"91228";"1";"1";"1";"3";"RN 104";"48,61433000";"2,42996000"
"202400001695";"22";"03";"2024";"22:50";"3";"95";"95539";"2";"4";"2";"2";"D301";"49,00589546";"2,35561954"
"202400001696";"10";"07";"2024";"17:30";"1";"91";"91136";"1";"9";"1";"6";"AUTOROUTE A126";"48,71523400";"2,26901800"
"202400001697";"22";"03";"2024";"17:35";"1";"95";"95252";"2";"6";"1";"1";"ANDRE CITROEN (RUE)";"48,98916423";"2,21186221"
"202400001698";"10";"07";"2024";"15:56";"1";"91";"91064";"1";"1";"1";"7";"RN 118";"48,74969048";"2,20813394"
"202400001699";"22";"03";"2024";"16:20";"1";"95";"95582";"2";"3";"1";"6";"D14";"48,97364450";"2,25305431"
"202400001700";"10";"07";"2024";"16:20";"1";"91";"91687";"1";"1";"1";"3";"AUTOROUTE A6";"48,66561000";"2,36327000"
"202400001701";"19";"03";"2024";"16:45";"1";"95";"95210";"2";"9";"1";"6";"D311";"48,97168454";"2,30837882"
"202400001702";"10";"07";"2024";"02:27";"3";"91";"91617";"1";"1";"2";"6";"RN 104";"48,63401000";"2,53522000"
"202400001703";"10";"07";"2024";"19:40";"1";"95";"95277";"1";"1";"1";"2";"A1";"48,98202531";"2,50014325"
"202400001704";"22";"03";"2024";"08:00";"1";"91";"91345";"2";"1";"1";"4";"RUE PDT FRANCOIS MITTERRAND";"48,70050000";"2,29629000"
"202400001705";"22";"03";"2024";"10:35";"1";"91";"91027";"2";"6";"1";"6";"RUE EDOUARD VAILLANT";"48,71240000";"2,40225000"
"202400001706";"10";"07";"2024";"08:20";"1";"93";"93066";"1";"1";"1";"5";"AUTOROUTE A1";"48,90751824";"2,35850551"
"202400001707";"22";"03";"2024";"17:00";"1";"91";"91174";"2";"1";"1";"6";"RUE FERAY";"48,60509000";"2,46987000"
"202400001708";"21";"03";"2024";"10:36";"1";"87";"87085";"2";"1";"1";"6";"LA FONTAINE (RUE)";"45,84666000";"1,24978000"
"202400001709";"22";"03";"2024";"18:45";"2";"86";"86194";"2";"1";"1";"1";"Rue du Faubourg du Pont Neuf";"46,57273200";"0,36238700"
"202400001710";"22";"03";"2024";"17:30";"1";"84";"84007";"2";"1";"1";"6";"FOLCOAUD (COURS DES FRÈRES)";"43,93693000";"4,87136000"
"202400001711";"10";"07";"2024";"07:30";"1";"93";"93029";"1";"1";"1";"4";"A86";"48,91845143";"2,42885396"
"202400001712";"21";"03";"2024";"10:15";"1";"30";"30011";"2";"6";"1";"3";"920 Avenue de la 2e Division Blindee";"43,95821429";"4,75889361"
"202400001713";"9";"07";"2024";"23:40";"3";"95";"95582";"1";"1";"1";"5";"A115";"48,97595969";"2,24215631"
"202400001714";"22";"03";"2024";"14:40";"1";"82";"82033";"2";"2";"1";"3";"Rue de la République";"44,03880000";"1,10872000"
"202400001715";"10";"07";"2024";"19:05";"1";"93";"93051";"1";"1";"1";"2";"A4";"48,83648222";"2,54751096"
"202400001716";"21";"03";"2024";"10:10";"1";"80";"80021";"2";"3";"1";"3";"Rue de Cagny";"49,88665000";"2,31682000"
"202400001717";"9";"07";"2024";"04:30";"3";"77";"77373";"1";"1";"1";"2";"RN104";"48,78755900";"2,61757000"
"202400001718";"1";"07";"2024";"08:30";"2";"44";"44109";"2";"1";"1";"3";"1 Boulevard Gabriel Lauriol";"47,23460496";" -1,56343636"
"202400001719";"11";"03";"2024";"11:45";"1";"77";"77188";"2";"1";"1";"7";"D.39";"48,48620500";"2,75506500"
"202400001720";"9";"07";"2024";"10:28";"1";"45";"45234";"2";"1";"1";"2";"13 Avenue du Parc de l'Etuvée";"47,91763600";"1,92572200"
"202400001721";"20";"03";"2024";"18:05";"1";"77";"77067";"2";"1";"1";"6";"Rue de l'Industrie";"48,58924000";"2,59912000"
"202400001722";"22";"03";"2024";"15:20";"1";"77";"77132";"2";"1";"1";"3";"AV ROBERT SCHUMAN";"48,86883100";"2,79251300"
"202400001723";"4";"03";"2024";"19:35";"5";"14";"14752";"2";"1";"2";"1";"20 Rue d’Aunay";"49,07660900";" -0,65931700"
"202400001724";"22";"03";"2024";"04:00";"3";"77";"77186";"2";"1";"1";"6";"CASCADES (AVENUE DES)";"48,40051000";"2,70756000"
"202400001725";"17";"04";"2024";"16:30";"1";"50";"50099";"2";"1";"1";"6";"boulevard de verdun";"49,30212500";" -1,23799000"
"202400001726";"22";"03";"2024";"00:40";"5";"76";"76296";"2";"2";"1";"3";"LIBERATION (RUE DE LA )";"49,51840000";"0,26399000"
"202400001727";"22";"03";"2024";"18:35";"1";"74";"74010";"1";"1";"1";"3";"LIONEL TERRAY";"45,89779000";"6,11464000"
"202400001728";"7";"07";"2024";"17:35";"5";"988";"98818";"2";"6";"1";"2";"RUE BERTHELOT";" -22,26031000";"166,44470000"
"202400001729";"23";"03";"2024";"00:50";"5";"72";"72181";"2";"1";"2";"6";"RUBILLARD AV N° IMP 57 ET >";"48,01283000";"0,17664000"
"202400001730";"9";"07";"2024";"12:05";"1";"987";"98736";"2";"1";"1";"3";"AFARERII (RUE)";" -17,53381000";" -149,55306000"
"202400001731";"22";"03";"2024";"16:45";"1";"72";"72181";"2";"1";"1";"2";"LEFAUCHEUX PIERRE (BD)";"47,97409000";"0,17337000"
"202400001732";"22";"03";"2024";"08:10";"1";"72";"72181";"2";"1";"1";"2";"TABACS (PONT DES)";"47,99847000";"0,18830000"
"202400001733";"9";"07";"2024";"06:55";"1";"976";"97611";"2";"1";"1";"6";"mamoudzou centre-Rassi Boina Kaïm (rue)";" -12,78400000";"45,22900000"
"202400001734";"9";"07";"2024";"04:30";"3";"974";"97416";"1";"1";"1";"7";"RN1 (ROUTE NATIONALE)";" -21,31292000";"55,43782000"
"202400001735";"22";"03";"2024";"01:04";"5";"72";"72181";"2";"2";"1";"3";"GAMBETTA (RUE) N° IMP 1 A 21";"48,00535100";"0,19337200"
"202400001736";"9";"07";"2024";"17:25";"2";"974";"97416";"1";"1";"1";"3";"RN3 (2)";" -21,31967000";"55,48943000"
"202400001737";"21";"03";"2024";"16:10";"1";"72";"72181";"2";"1";"1";"2";"BROSSOLETTE PIERRE (BD) N° IMP";"47,97887600";"0,20505200"
"202400001738";"22";"03";"2024";"14:00";"1";"69";"69276";"1";"1";"1";"1";"Avenue Albert Ramboz";"45,67794000";"4,84704000"
"202400001739";"9";"07";"2024";"17:00";"1";"974";"97416";"1";"3";"1";"1";"PERE MAITRE(RUE DU)";" -21,28437000";"55,46688000"
"202400001740";"22";"03";"2024";"10:40";"1";"69";"69271";"1";"1";"1";"3";"3 Avenue des Frères Montgolfier";"45,72749000";"4,96394000"
"202400001741";"9";"07";"2024";"16:30";"1";"974";"97411";"1";"1";"1";"2";"LITTORAL (ROUTE 1 DU)";" -20,89596000";"55,37532000"
"202400001742";"22";"03";"2024";"08:35";"1";"66";"66136";"2";"1";"1";"6";"Rue de SAINT-NAZAIRE";"42,68340000";"2,90452000"
"202400001743";"8";"07";"2024";"13:50";"1";"972";"97209";"1";"1";"1";"3";"AUTOROUTE (A1)";"14,61520000";" -61,04515000"
"202400001744";"22";"03";"2024";"09:40";"1";"64";"64125";"1";"1";"1";"1";"AHETZE (ROUTE)";"43,43281000";" -1,57636000"
"202400001745";"22";"03";"2024";"15:30";"1";"64";"64024";"2";"1";"1";"3";"BAYONNE (AVENUE DE)";"43,48155000";" -1,50947000"
"202400001746";"9";"07";"2024";"12:25";"1";"971";"97120";"2";"2";"1";"3";"HANNE (BOULEVARD)";"16,24094000";" -61,53518000"
"202400001747";"22";"03";"2024";"10:25";"1";"64";"64102";"2";"1";"1";"7";"AMADE  (ROND POINT)";"43,50221000";" -1,47832000"
"202400001748";"8";"07";"2024";"16:00";"1";"971";"97113";"1";"1";"1";"2";"PETIT HAVRE (SECTEUR)";"16,21527000";" -61,42912000"
"202400001749";"22";"03";"2024";"08:36";"1";"64";"64024";"2";"1";"5";"3";"LOUILLOT (RUE DE)";"43,48288000";" -1,52069000"
"202400001750";"9";"07";"2024";"19:24";"1";101;101004";"2";"1";"1";"6";"HERMINIER GARE MARITIME QUAI";"41,92000000";"8,74000000"
"202400001751";"21";"03";"2024";"16:55";"1";"63";"63245";"1";"1";"1";"1";"ROCADE RD 446";"45,90072899";"3,08800191"
"202400001752";"22";"03";"2024";"15:16";"1";"63";"63113";"2";"1";"1";"6";"BONNEFONS (RUE JEAN)";"45,78166000";"3,07919000"
"202400001753";"8";"07";"2024";"09:50";"1";"84";"84007";"2";"1";"1";"6";"CHANGE (PLACE DU)";"43,94863000";"4,80620000"
"202400001754";"22";"03";"2024";"17:50";"1";"62";"62244";"2";"1";"2";"6";"Impasse Simone Veil";"50,92535385";"1,88259709"
"202400001755";"9";"07";"2024";"14:30";"1";"83";"83069";"2";"1";"1";"3";"DECUGIS (AVENUE ALFRED)";"43,11000137";"6,17051840"
"202400001756";"22";"03";"2024";"07:40";"1";"62";"62041";"2";"1";"1";"2";"Rue Auguste Dumand";"50,29567000";"2,75401000"
"202400001757";"22";"03";"2024";"20:30";"5";"59";"59122";"2";"1";"2";"6";"MICHELET (AVENUE)";"50,17327000";"3,24374000"
"202400001758";"8";"07";"2024";"14:00";"1";"80";"80674";"2";"1";"1";"2";"Route de Corbie";"49,90148000";"2,33196000"
"202400001759";"22";"03";"2024";"11:55";"1";"58";"58194";"2";"3";"1";"6";"PREFECTURE";"46,99357000";"3,16396000"
"202400001760";"9";"07";"2024";"10:00";"1";"78";"78383";"2";"3";"1";"6";"FOREZ (AVENUE DU)";"48,76001300";"1,94372300"
"202400001761";"22";"03";"2024";"16:58";"1";"57";"57463";"2";"9";"1";"6";"BOURBONNAIS (RUE DU )";"49,11452000";"6,22362000"
"202400001762";"22";"03";"2024";"17:55";"2";"56";"56121";"2";"1";"3";"4";"Rue colonel Jean Muller";"47,76258000";" -3,39167000"
"202400001763";"21";"03";"2024";"14:00";"1";"56";"56098";"2";"3";"1";"3";"ZEDE (RUE  GUSTAVE )";"47,77612000";" -3,35648000"
"202400001764";"22";"03";"2024";"12:20";"1";"54";"54395";"2";"1";"1";"3";"Avenue du Maréchal Juin";"48,67921886";"6,17392749"
"202400001765";"8";"07";"2024";"16:30";"1";"77";"77083";"1";"1";"1";"2";"MARNE VPN (ROUTE DE LA)";"48,84826000";"2,60461000"
"202400001766";"21";"03";"2024";"23:11";"5";"54";"54395";"2";"5";"1";"3";"Boulevard Lobau";"48,69171000";"6,19281000"
"202400001767";"22";"03";"2024";"07:30";"1";"54";"54575";"1";"1";"1";"6";"RD17";"49,47252000";"5,80278000"
"202400001768";"22";"03";"2024";"15:20";"1";"54";"54099";"2";"6";"1";"7";"D906";"49,25538000";"5,94782000"
"202400001769";"9";"07";"2024";"16:20";"1";"77";"77335";"1";"1";"2";"4";"RN3 (ROUTE NATIONALE)";"48,95886000";"2,82574000"
"202400001770";"20";"03";"2024";"16:00";"1";"52";"52448";"2";"2";"1";"6";"CARNOT (RUE DU PRESIDENT) PAIR";"48,63895000";"4,94378000"
"202400001771";"8";"07";"2024";"16:00";"1";"73";"73065";"2";"1";"7";"2";"REPUBLIQUE (RUE DE LA)";"45,56401000";"5,92588000"
"202400001772";"21";"03";"2024";"16:45";"1";"50";"50129";"2";"2";"8";"3";"BECQUET DE HAUT (RUE)";"49,65192000";" -1,55527000"
"202400001773";"8";"07";"2024";"16:40";"1";"72";"72181";"2";"1";"1";"6";"MINIMES (RUE DES)";"48,00331000";"0,19669000"
"202400001774";"20";"03";"2024";"16:50";"1";"50";"50129";"2";"1";"1";"2";"SALINE (BOULEVARD DE LA)";"49,65403000";" -1,64937000"
"202400001775";"8";"07";"2024";"20:40";"1";"72";"72181";"2";"2";"1";"3";"HOCHE (RUE) N° PAIRS 46 ET >";"48,01088000";"0,18363000"
"202400001776";"20";"03";"2024";"17:45";"1";"50";"50129";"2";"3";"1";"3";"FOEDRE (RUE DE LA)";"49,62792000";" -1,65619000"
"202400001777";"22";"03";"2024";"17:00";"1";"49";"49007";"2";"1";"1";"3";"TOUSSAINT RUE ET IMPASSE";"47,46946000";" -0,55609000"
"202400001778";"7";"07";"2024";"20:05";"1";"72";"72181";"2";"3";"1";"3";"PAVOINE PIERRE (RUE)";"47,97780000";"0,20265000"
"202400001779";"22";"03";"2024";"08:58";"1";"49";"49007";"2";"6";"1";"3";"RAMON BOULEVARD";"47,48869000";" -0,54534000"
"202400001780";"9";"07";"2024";"08:45";"1";"71";"71306";"2";"3";"1";"1";"DE LATTRE DE TASSIGNY (BLD DU MARECHAL)";"46,67193000";"4,38433000"
"202400001781";"22";"03";"2024";"11:10";"1";"47";"47031";"2";"3";"1";"3";"JEAN JAURES (Avenue)  ";"44,17770000";"0,63952000"
"202400001782";"9";"07";"2024";"09:18";"1";"71";"71076";"2";"1";"1";"6";"REMPART SAINT PIERRE";"46,78642164";"4,85094935"
"202400001783";"22";"03";"2024";"17:37";"1";"45";"45284";"2";"2";"1";"3";"60 Rue d'Ambert";"47,90846000";"1,93854000"
"202400001784";"8";"07";"2024";"11:40";"1";"69";"69282";"2";"2";"1";"3";"Avenue du Dauphiné";"45,76326000";"5,00740000"
"202400001785";"22";"03";"2024";"11:40";"1";"45";"45208";"2";"1";"7";"3";"28bis Boulevard Paul Baudin";"48,00122716";"2,73432434"
"202400001786";"22";"03";"2024";"16:00";"1";"42";"42316";"2";"4";"1";"2";"Rue Charles de Gaulle";"45,39528000";"4,26313000"
"202400001787";"9";"07";"2024";"06:45";"1";"69";"69264";"2";"2";"1";"3";"Rue Rene Cassin";"45,98920000";"4,72277000"
"202400001788";"22";"03";"2024";"08:30";"1";"41";"41295";"2";"1";"1";"2";"SAND (RUE GEORGE)";"47,58140000";"1,37376000"
"202400001789";"3";"07";"2024";"07:10";"1";"69";"69013";"2";"9";"1";"3";"Avenue de Joux";"46,00793924";"4,72701745"
"202400001790";"21";"03";"2024";"16:30";"1";"38";"38151";"2";"9";"1";"1";"JAURES (COURS J. 1 A 48-75)";"45,15138000";"5,70658000"
"202400001791";"8";"07";"2024";"15:35";"1";"66";"66136";"2";"3";"1";"6";"N/A";"42,67909000";"2,90442000"
"202400001792";"21";"03";"2024";"07:30";"1";"37";"37195";"2";"6";"1";"3";"PRIEURE (AVENUE DU)";"47,38283000";"0,65458000"
"202400001793";"22";"03";"2024";"19:40";"3";"36";"36044";"2";"4";"1";"6";"219 Rue Combanaire";"46,80123025";"1,71479121"
"202400001794";"9";"07";"2024";"16:25";"1";"64";"64122";"2";"1";"1";"4";"DASSAULT MARCEL (BD)";"43,45295000";" -1,55459000"
"202400001795";"9";"07";"2024";"14:17";"1";"63";"63113";"2";"1";"1";"7";"PAULINES (AVENUE DES)";"45,77486000";"3,09491000"
"202400001796";"22";"03";"2024";"21:55";"5";"35";"35238";"2";"3";"2";"3";"MONNAIE ( DE LA)";"48,11024296";" -1,68459324"
"202400001797";"4";"07";"2024";"11:50";"1";"62";"62498";"2";"1";"1";"2";"D58E1";"50,42739304";"2,81075102"
"202400001798";"22";"03";"2024";"15:45";"1";"35";"35238";"2";"1";"8";"2";"GROS MALHON (AVENUE)";"48,12886648";" -1,68384168"
"202400001799";"9";"07";"2024";"11:30";"1";"62";"62244";"2";"1";"2";"7";"Rue du Vinfil";"50,91213000";"1,87719000"
"202400001800";"9";"07";"2024";"23:45";"5";"60";"60057";"2";"1";"1";"6";"Rue d'Anjou";"49,43484000";"2,10200000"
"202400001801";"22";"03";"2024";"19:55";"5";"34";"34172";"2";"2";"1";"3";"ZUCCARELLI (PONT JEAN)";"43,60079000";"3,89753000"
"202400001802";"23";"03";"2024";"00:01";"5";"33";"33063";"2";"1";"1";"7";"N/A";"44,82218000";" -0,54177000"
"202400001803";"9";"07";"2024";"13:10";"1";"59";"59350";"2";"1";"8";"3";"Avenue de Dunkerque (Lomme)";"50,64632000";"3,00925000"
"202400001804";"9";"07";"2024";"10:45";"1";"59";"59009";"1";"1";"1";"6";"COLBERT RUE";"50,62730000";"3,18529000"
"202400001805";"22";"03";"2024";"23:50";"3";"33";"33249";"2";"1";"1";"3";"N/A";"44,86703000";" -0,51293000"
"202400001806";"9";"07";"2024";"13:30";"1";"57";"57463";"2";"1";"1";"7";"BORNY (ROUTE DE )";"49,11508900";"6,19184300"
"202400001807";"22";"03";"2024";"15:20";"1";"33";"33063";"2";"1";"1";"3";"N/A";"44,87419000";" -0,57208000"
"202400001808";"22";"03";"2024";"11:10";"1";"33";"33063";"2";"4";"1";"6";"N/A";"44,84781000";" -0,57634100"
"202400001809";"9";"07";"2024";"08:50";"1";"56";"56260";"1";"1";"2";"2";"Ménimur";"47,66910000";" -2,76614000"
"202400001810";"22";"03";"2024";"16:33";"1";"31";"31555";"2";"1";"1";"6";"RTE DE SEYSSES";"43,56016000";"1,40427000"
"202400001811";"9";"07";"2024";"09:00";"1";"56";"56260";"2";"6";"2";"2";"Giratoire des 3 Rois";"47,68412000";" -2,76699000"
"202400001812";"20";"03";"2024";"14:50";"1";"29";"29019";"2";"2";"1";"3";"rue du Onze Novembre 1918";"48,37730600";" -4,54363300"
"202400001813";"8";"07";"2024";"08:30";"1";"56";"56121";"2";"6";"3";"3";"Boulevard Léon Blum";"47,74724000";" -3,37657000"
"202400001814";"22";"03";"2024";"03:51";"3";"26";"26198";"1";"1";"1";"6";"Route du Teil";"44,55353673";"4,71066713"
"202400001815";"9";"07";"2024";"01:30";"5";"54";"54184";"2";"3";"1";"6";"Rue du Bas Château";"48,70715262";"6,21592820"
"202400001816";"22";"03";"2024";"17:38";"1";"25";"25462";"2";"3";"1";"3";"CHARDONNET (COMTE DE)";"46,91082000";"6,35211000"
"202400001817";"22";"03";"2024";"16:35";"1";"25";"25056";"2";"6";"1";"3";"GRAY ROUTE DE";"47,24413000";"5,98281000"
"202400001818";"9";"07";"2024";"12:57";"1";"51";"51454";"2";"3";"1";"3";"POMMERY (BOULEVARD)";"49,24764000";"4,05121000"
"202400001819";"22";"03";"2024";"10:42";"1";"21";"21231";"2";"3";"1";"3";"Boulevard Jeanne d'Arc";"47,32025000";"5,06549000"
"202400001820";"9";"07";"2024";"08:40";"1";"50";"50599";"2";"6";"2";"3";"MALRAUX (ROND POINT ANDRE)";"49,59926000";" -1,59745000"
"202400001821";"21";"03";"2024";"16:35";"1";"18";"18279";"2";"6";"1";"3";"Boulevard de la Nation";"47,21862000";"2,06175000"
"202400001822";"22";"03";"2024";"14:40";"1";"13";"13214";"2";"1";"1";"1";"CLAUDE MONET (avenue)";"43,32450000";"5,39412000"
"202400001823";"22";"03";"2024";"12:10";"1";"13";"13210";"2";"1";"1";"3";"ROMAIN ROLLAND (BOULEVARD)";"43,27508000";"5,41594000"
"202400001824";"8";"07";"2024";"18:00";"1";"50";"50129";"2";"2";"3";"2";"BRETON (RUE DU)";"49,65725000";" -1,69499000"
"202400001825";"22";"03";"2024";"09:30";"1";"13";"13215";"2";"1";"1";"3";"Min (avenue du)";"43,33923593";"5,38120947"
"202400001826";"8";"07";"2024";"14:22";"1";"49";"49007";"2";"2";"1";"3";"BIRGE BOULEVARD";"47,47444000";" -0,51958000"
"202400001827";"22";"03";"2024";"05:15";"5";"13";"13210";"2";"1";"1";"1";"L ARMEE D AFRIQUE (CHEMIN DE L')";"43,28648616";"5,41618930"
"202400001828";"22";"03";"2024";"08:00";"1";"13";"13004";"2";"7";"1";"3";"BD DES LICES";"43,67517000";"4,63101000"
"202400001829";"8";"07";"2024";"10:51";"1";"49";"49007";"2";"1";"1";"6";"BRISEPOTIERE";"47,48105000";" -0,53373000"
"202400001830";"22";"03";"2024";"23:20";"3";"10";"10357";"2";"9";"1";"6";"GENERAL DE GAULLE (RUE DU)";"48,29670000";"4,12860000"
"202400001831";"22";"03";"2024";"16:02";"1";"10";"10387";"2";"2";"1";"3";"CHARMILLES (MAIL DES)";"48,29664000";"4,08553000"
"202400001832";"22";"03";"2024";"09:00";"1";"06";"06029";"2";"7";"1";"6";"Avenue Francis Tonner";"43,54951000";"6,98111000"
"202400001833";"9";"07";"2024";"22:55";"3";"44";"44162";"1";"1";"2";"6";"N/A";"47,20094000";" -1,61949000"
"202400001834";"21";"03";"2024";"03:30";"5";"75";"75119";"2";"1";"1";"2";"BD PERIPHERIQUE INTERIEUR";"48,88566000";"2,39745400"
"202400001835";"9";"07";"2024";"20:20";"2";"44";"44109";"2";"6";"2";"3";"10 Cours des 50 Otages";"47,21608000";" -1,55661000"
"202400001836";"22";"03";"2024";"20:15";"5";"75";"75105";"2";"3";"1";"6";"BOULEVARD SAINT MARCEL";"48,83763510";"2,35438200"
"202400001837";"21";"03";"2024";"05:20";"5";"75";"75120";"2";"2";"1";"1";"RUE DES PYRENEES";"48,86551100";"2,39800800"
"202400001838";"9";"07";"2024";"22:28";"3";"42";"42184";"2";"9";"2";"6";"Boulevard Ouest";"46,02980000";"4,04483000"
"202400001839";"22";"03";"2024";"20:45";"5";"75";"75117";"2";"3";"1";"6";"BOULEVARD DES BATIGNOLLES";"48,88260400";"2,32205200"
"202400001840";"9";"07";"2024";"20:10";"1";"34";"34172";"2";"1";"1";"3";"FIGAIRASSE (RUE DE LA)";"43,60708000";"3,85570000"
"202400001841";"22";"03";"2024";"02:05";"5";"75";"75117";"2";"3";"1";"7";"BOULEVARD DES BATIGNOLLES";"48,88334800";"2,32580900"
"202400001842";"22";"03";"2024";"16:20";"1";"75";"75116";"2";"3";"1";"4";"RUE BOIS LE VENT";"48,85758500";"2,27645300"
"202400001843";"8";"07";"2024";"19:15";"1";"34";"34172";"2";"3";"1";"3";"SAINT LAZARE (AVENUE DE)";"43,61911000";"3,88654000"
"202400001844";"22";"03";"2024";"10:45";"1";"75";"75116";"2";"7";"1";"3";"PLACE DU TROCADERO ET DU 11 NOVEMBRE";"48,86250637";"2,28680581"
"202400001845";"9";"07";"2024";"21:00";"1";"33";"33281";"2";"6";"8";"1";"N/A";"44,83720000";" -0,64663000"
"202400001846";"21";"03";"2024";"18:45";"1";"75";"75114";"2";"2";"1";"7";"AVENUE DE LA PORTE DE CHATILLON";"48,82261400";"2,31496700"
"202400001847";"21";"03";"2024";"09:15";"1";"75";"75114";"2";"3";"1";"3";"BOULEVARD JOURDAN";"48,82121200";"2,33429700"
"202400001848";"8";"07";"2024";"15:30";"1";"33";"33069";"2";"3";"1";"6";"N/A";"44,86358000";" -0,58193000"
"202400001849";"8";"07";"2024";"17:30";"1";"31";"31565";"1";"1";"1";"2";"D 8";"43,09415676";"0,68473041"
"202400001850";"9";"07";"2024";"09:06";"1";"29";"29232";"2";"1";"2";"7";"Rond-Point Philippe Lebon";"47,99492618";" -4,07245959"
"202400001851";"9";"07";"2024";"22:25";"5";"29";"29039";"2";"6";"2";"3";"Rue de Quimper";"47,88851000";" -3,91863000"
"202400001852";"9";"07";"2024";"23:25";"3";"25";"25056";"1";"1";"1";"6";"MALATE  CHEMIN DE LA";"47,22617000";"6,04225000"
"202400001853";"9";"07";"2024";"18:00";"1";"19";"19031";"2";"1";"1";"3";"ALVITRE (AVENUE ABBE)";"45,15346000";"1,50883000"
"202400001854";"9";"07";"2024";"07:50";"1";"17";"17306";"2";"1";"1";"3";"LAMY (BD FRANCK)";"45,62776000";" -1,01538000"
"202400001855";"9";"07";"2024";"04:25";"3";"17";"17380";"2";"1";"1";"7";"PALMYRE (AVENUE DE LA)";"45,65900000";" -1,12700000"
"202400001856";"7";"07";"2024";"01:55";"5";"14";"14327";"1";"1";"1";"6";"568 Route d'Ouistreham (ancienne)";"49,21741000";" -0,31225000"
"202400001857";"8";"07";"2024";"22:51";"5";"13";"13206";"2";"2";"1";"3";"PARADIS (RUE)";"43,29224000";"5,37731000"
"202400001858";"9";"07";"2024";"03:50";"5";"13";"13210";"2";"1";"1";"3";"PONT DE VIVAUX (BOULEVARD)";"43,27956000";"5,41761000"
"202400001859";"8";"07";"2024";"11:25";"1";"13";"13203";"2";"3";"1";"6";"CLOVIS HUGUES (RUE)";"43,31773000";"5,37413000"
"202400001860";"8";"07";"2024";"10:04";"1";"13";"13208";"2";"2";"1";"3";"LIANDIER (RUE)";"43,27844000";"5,39231000"
"202400001861";"8";"07";"2024";"22:05";"3";"13";"13098";"1";"1";"1";"1";"D.5";"43,44210000";"5,03025000"
"202400001862";"9";"07";"2024";"19:35";"1";"13";"13028";"2";"1";"1";"1";"AVENUE DE LA GARE";"43,19820000";"5,63270000"
"202400001863";"9";"07";"2024";"04:10";"3";"13";"13001";"1";"1";"1";"7";"BELLEC MAURICE (RTE DU COLONEL)";"43,57912000";"5,44919000"
"202400001864";"9";"07";"2024";"18:55";"1";"11";"11262";"2";"1";"1";"2";"60 Avenue du General Leclerc";"43,17473153";"2,99270153"
"202400001865";"8";"07";"2024";"17:15";"1";"10";"10387";"2";"1";"7";"6";"Rue de la Marne";"48,27965000";"4,06962000"
"202400001866";"9";"07";"2024";"11:08";"1";"07";"07102";"2";"6";"1";"3";"REPUBLIQUE (AV. DE LA) [DU N° AU N°]";"44,93944000";"4,86538000"
"202400001867";"9";"07";"2024";"16:20";"1";"06";"06088";"2";"1";"1";"5";"9 Boulevard Louis Braille";"43,71743000";"7,29430000"
"202400001868";"17";"09";"2024";"14:55";"1";"75";"75114";"2";"1";"1";"7";"BOULEVARD ROMAIN ROLLAND";"48,82099900";"2,32012200"
"202400001869";"3";"12";"2024";"08:30";"2";"76";"76165";"2";"3";"1";"1";"FAURE. RUE FELIX";"49,28701000";"1,02295000"
"202400001870";"9";"07";"2024";"19:05";"1";"06";"06069";"2";"1";"1";"7";"17 Chemin de Canteperdrix";"43,63948000";"6,90905000"
"202400001871";"18";"09";"2024";"15:10";"1";"75";"75113";"2";"5";"1";"7";"RUE WATT";"48,82626400";"2,37815200"
"202400001872";"18";"09";"2024";"13:35";"1";"76";"76575";"2";"2";"1";"3";"Avenue Maryse Bastié";"49,39149000";"1,06996000"
"202400001873";"9";"07";"2024";"12:10";"1";"05";"05023";"1";"1";"1";"1";"GAP (ROUTE DE   RN94)";"44,87019000";"6,60501000"
"202400001874";"22";"12";"2024";"23:00";"3";"26";"26340";"1";"3";"4";"7";"Route de Buis";"44,21585277";"5,54326773"
"202400001875";"18";"09";"2024";"12:30";"1";"75";"75111";"2";"3";"1";"3";"BOULEVARD VOLTAIRE";"48,85292500";"2,38858000"
"202400001876";"21";"12";"2024";"11:30";"1";"60";"60673";"2";"1";"1";"6";"Rue Principale";"49,61435200";"2,12855900"
"202400001877";"9";"07";"2024";"08:55";"1";"75";"75114";"2";"1";"1";"3";"BOULEVARD PERIPHERIQUE INTERIEUR";"48,82562300";"2,30096500"
"202400001878";"18";"09";"2024";"05:22";"5";"75";"75108";"2";"3";"1";"6";"PLACE SAINT AUGUSTIN";"48,87488250";"2,31985205"
"202400001879";"26";"09";"2024";"07:03";"3";"88";"88039";"1";"1";"2";"1";"D166";"48,30968100";"6,06089400"
"202400001880";"18";"10";"2024";"20:50";"5";"34";"34146";"2";"8";"1";"6";"132 avenue de la gare";"43,68119000";"4,09392400"
"202400001881";"18";"09";"2024";"13:45";"1";"94";"94081";"2";"1";"1";"6";"Avenue du Groupe Manouchian";"48,79404500";"2,40213200"
"202400001882";"8";"07";"2024";"18:15";"1";"75";"75119";"2";"1";"1";"4";"PORTE DES LILAS";"48,88912800";"2,39629700"
"202400001883";"11";"09";"2024";"10:00";"1";"59";"59603";"2";"2";"1";"6";"N/A";"50,32850500";"3,48333400"
"202400001884";"18";"09";"2024";"12:30";"1";"94";"94016";"2";"3";"1";"2";"Avenue de l'Europe";"48,78649000";"2,32448000"
"202400001885";"18";"09";"2024";"01:10";"5";"94";"94022";"2";"1";"1";"7";"Avenue Léon Gourdault";"48,76413481";"2,40593791"
"202400001886";"20";"11";"2024";"15:34";"1";"88";"88366";"2";"1";"1";"6";"Rue du Convers";"48,35990600";"5,89101700"
"202400001887";"9";"07";"2024";"13:46";"1";"75";"75113";"2";"2";"1";"3";"AVENUE DE LA PORTE DE CHOISY";"48,81739200";"2,36680300"
"202400001888";"28";"10";"2024";"04:20";"5";"88";"88487";"2";"3";"1";"1";"Grande Rue";"47,93142900";"6,49287700"
"202400001889";"18";"09";"2024";"09:40";"1";"94";"94068";"2";"3";"1";"6";"Rue Kléber";"48,79094566";"2,51565302"
"202400001890";"8";"07";"2024";"21:25";"5";"75";"75119";"2";"1";"1";"6";"PORTE DE LA VILLETTE";"48,90022300";"2,38200500"
"202400001891";"14";"06";"2024";"18:20";"1";"61";"61168";"2";"1";"1";"6";"Parking";"48,57550100";" -0,36997800"
"202400001892";"18";"09";"2024";"22:05";"5";"93";"93072";"2";"1";"1";"3";"HENNEQUIN (RUE)";"48,95757000";"2,37895000"
"202400001893";"9";"07";"2024";"19:30";"1";"75";"75117";"2";"1";"1";"3";"BOULEVARD DE COURCELLES";"48,88115800";"2,31535300"
"202400001894";"1";"08";"2024";"10:40";"1";"88";"88058";"1";"1";"7";"3";"Grande Rue";"48,32344700";"5,95992700"
"202400001895";"18";"09";"2024";"09:52";"1";"93";"93070";"2";"9";"1";"6";"ROSIERS(DES) : APRES 61";"48,90394668";"2,33918277"
"202400001896";"11";"12";"2024";"17:30";"3";"28";"28346";"1";"1";"1";"6";"Rue de la Mare aux Boeufs";"48,71238000";"1,09280700"
"202400001897";"9";"07";"2024";"10:25";"1";"75";"75117";"2";"1";"1";"6";"RUE DESCOMBES";"48,88448700";"2,29308700"
"202400001898";"8";"11";"2024";"08:45";"1";"85";"85194";"2";"1";"1";"6";"RUE EDOUARD BELIN";"46,51678387";" -1,78264976"
"202400001899";"18";"09";"2024";"16:40";"1";"93";"93064";"2";"1";"1";"6";"ALSACE-LORRAINE (BOULEVARD)";"48,88469559";"2,48312389"
"202400001900";"8";"07";"2024";"22:48";"3";"75";"75117";"2";"5";"1";"3";"AVENUE DE LA GRANDE ARMEE";"48,87571800";"2,28897300"
"202400001901";"7";"12";"2024";"22:40";"3";"35";"35291";"1";"1";"6";"1";"Lieu Dit Colombel";"48,59097600";" -1,63493500"
"202400001902";"17";"09";"2024";"22:05";"5";"93";"93077";"2";"3";"1";"3";"GRANDE RUE";"48,88264000";"2,52548000"
"202400001903";"21";"12";"2024";"09:15";"1";"49";"49331";"2";"3";"1";"3";"Rue David d?Angers";"47,68536500";" -0,86529200"
"202400001904";"9";"07";"2024";"17:25";"1";"75";"75116";"2";"2";"1";"3";"AVENUE DE LA GRANDE ARMEE";"48,87445100";"2,29295000"
"202400001905";"18";"09";"2024";"19:00";"1";"93";"93053";"2";"1";"1";"6";"ROGER SALENGRO (BLD)";"48,88369335";"2,45517879"
"202400001906";"8";"11";"2024";"06:00";"3";"91";"91359";"2";"1";"2";"6";"Avenue du Général de Gaulle";"48,39244000";"2,39201800"
"202400001907";"9";"07";"2024";"09:50";"1";"75";"75116";"2";"1";"1";"3";"RUE CHARDON LAGACHE";"48,84451800";"2,26623500"
"202400001908";"26";"11";"2024";"12:50";"1";"44";"44109";"2";"6";"1";"3";"29Bis Rue des Dervallières";"47,22192894";" -1,57846493"
"202400001909";"18";"09";"2024";"20:25";"5";"93";"93048";"2";"2";"1";"3";"PARIS (RUE DE)";"48,85756361";"2,43328183"
"202400001910";"8";"07";"2024";"16:55";"1";"75";"75116";"2";"1";"1";"3";"RUE SAINT DIDIER";"48,86721800";"2,28314800"
"202400001911";"21";"11";"2024";"15:17";"1";"44";"44109";"2";"6";"6";"6";"239 Route de Saint Joseph";"47,25019048";" -1,53006018"
"202400001912";"17";"09";"2024";"19:30";"1";"93";"93079";"2";"2";"1";"3";"HENRI BARBUSSE";"48,96173000";"2,34302000"
"202400001913";"9";"07";"2024";"09:45";"1";"75";"75113";"2";"1";"1";"3";"RUE DE L AMIRAL MOUCHEZ";"48,81997800";"2,34425100"
"202400001914";"15";"04";"2024";"14:05";"1";"75";"75118";"2";"3";"1";"3";"RUE DE LA CHAPELLE";"48,89704000";"2,35979000"
"202400001915";"8";"07";"2024";"13:55";"1";"75";"75112";"2";"3";"1";"6";"RUE AUDUBON";"48,84540100";"2,36971500"
"202400001916";"17";"09";"2024";"23:00";"5";"92";"92020";"2";"6";"1";"7";"DE GAULLE CARREFOUR CHARLES";"48,80071331";"2,28379816"
"202400001917";"19";"12";"2024";"14:50";"1";"69";"69270";"1";"6";"2";"2";"Rue Tony Garnier";"45,65097263";"4,92403100"
"202400001918";"8";"07";"2024";"08:50";"1";"75";"75112";"2";"3";"1";"1";"AVENUE DAUMESNIL";"48,83536000";"2,40657000"
"202400001919";"18";"09";"2024";"15:45";"1";"92";"92024";"2";"1";"1";"6";"VICTOR HUGO (BD)";"48,89777280";"2,31102705"
"202400001920";"16";"08";"2024";"16:59";"1";"44";"44109";"1";"1";"1";"2";"Pont de Cheviré";"47,19645918";" -1,61416617"
"202400001921";"11";"05";"2024";"11:20";"1";"44";"44190";"2";"1";"1";"3";"28 Rue Maurice Daniel";"47,20653594";" -1,50654753"
"202400001922";"18";"09";"2024";"17:15";"1";"92";"92023";"2";"1";"1";"3";"PETIT CLAMART (ROND POINT DU)";"48,77700837";"2,23025769"
"202400001923";"28";"06";"2024";"02:40";"5";"75";"75111";"2";"3";"1";"3";"BOULEVARD VOLTAIRE";"48,85162800";"2,39048200"
"202400001924";"10";"05";"2024";"10:50";"1";"44";"44143";"2";"6";"1";"3";"180 Rue du Genétais";"47,16136331";" -1,55496130"
"202400001925";"18";"09";"2024";"09:15";"1";"92";"92012";"2";"1";"1";"3";"REINE (ROUTE DE LA) 1/37- 6/80";"48,83897405";"2,24815339"
"202400001926";"9";"07";"2024";"16:50";"1";"75";"75110";"2";"2";"1";"6";"RUE LA FAYETTE";"48,88156400";"2,36582800"
"202400001927";"9";"07";"2024";"00:45";"5";"75";"75110";"2";"2";"1";"3";"RUE LOUIS BLANC";"48,87964000";"2,36810300"
"202400001928";"18";"09";"2024";"09:55";"1";"92";"92004";"2";"1";"1";"3";"GRESILLONS ( AVENUE DES  )";"48,91680587";"2,30621874"
"202400001929";"9";"07";"2024";"15:50";"1";"75";"75109";"2";"2";"1";"6";"RUE DU FAUBOURG MONTMARTRE";"48,87404900";"2,34243000"
"202400001930";"9";"07";"2024";"17:25";"1";"75";"75108";"2";"3";"8";"6";"AVENUE GEORGE V";"48,86759100";"2,30123900"
"202400001931";"17";"09";"2024";"23:15";"5";"92";"92002";"2";"2";"1";"3";"PRESIDENT KENNEDY (50 A LA FIN)";"48,73465955";"2,28538692"
"202400001932";"9";"07";"2024";"12:00";"1";"75";"75101";"2";"1";"1";"7";"QUAI FRANCOIS MITTERRAND";"48,85941200";"2,33639100"
"202400001933";"17";"09";"2024";"17:28";"1";"95";"95580";"2";"1";"1";"7";"D10";"49,08787967";"2,55616925"
"202400001934";"9";"07";"2024";"09:10";"1";"75";"75101";"2";"3";"1";"7";"RUE DE RIVOLI";"48,86534500";"2,32730200"
"202400001935";"18";"09";"2024";"19:40";"5";"39";"39333";"2";"1";"1";"6";"2 Rue du Jura";"46,43059500";"5,72605800"
"202400001936";"9";"07";"2024";"08:15";"1";"75";"75101";"2";"3";"1";"7";"RUE DE RIVOLI";"48,86634600";"2,32730200"
"202400001937";"18";"09";"2024";"16:35";"1";"60";"60337";"2";"2";"7";"3";"Rue de Normandie";"49,44010100";"2,73724800"
"202400001938";"9";"07";"2024";"14:50";"1";"94";"94081";"2";"1";"1";"6";"Avenue Eugène Pelletan";"48,79425800";"2,38513900"
"202400001939";"9";"07";"2024";"14:10";"1";"94";"94046";"2";"3";"1";"6";"Rue Marc Sangnier";"48,80560000";"2,44513000"
"202400001940";"9";"07";"2024";"19:45";"1";"94";"94016";"2";"1";"1";"6";"76 Avenue du Président Wilson";"48,78868100";"2,32453200"
"202400001941";"19";"09";"2024";"15:00";"1";"22";"22121";"2";"3";"1";"1";"Rue Saint Yves";"48,63256100";" -2,98647300"
"202400001942";"9";"07";"2024";"13:35";"1";"93";"93073";"2";"6";"1";"3";"Avenue du Valquiou / Rue du Sausset";"48,97956000";"2,54106000"
"202400001943";"19";"09";"2024";"00:30";"3";"11";"11146";"1";"1";"1";"6";"A61";"43,17839822";"2,48927204"
"202400001944";"9";"07";"2024";"17:08";"1";"93";"93055";"2";"1";"1";"2";"Avenue Aimé Césaire";"48,91392000";"2,41033000"
"202400001945";"9";"07";"2024";"17:50";"1";"93";"93051";"2";"1";"1";"3";"PAUL BELMONDO";"48,83400000";"2,55400000"
"202400001946";"9";"07";"2024";"19:30";"1";"93";"93048";"2";"1";"1";"6";"Boulevard de la Boissière";"48,87775060";"2,45941543"
"202400001947";"18";"09";"2024";"20:30";"3";"31";"31282";"1";"1";"1";"1";"Chemin des Sports";"43,67143400";"1,45661700"
"202400001948";"19";"09";"2024";"08:00";"1";"58";"58089";"1";"1";"1";"3";"pk 24 D33";"47,37102600";"3,21408600"
"202400001949";"8";"07";"2024";"18:31";"1";"93";"93032";"2";"5";"1";"4";"Rue Vaillant Couturier / Rue Hippolyte Pina";"48,87447952";"2,55194619"
"202400001950";"8";"07";"2024";"15:05";"1";"93";"93029";"2";"1";"8";"3";"Rue Roger Salomon";"48,93623000";"2,45602000"
"202400001951";"19";"09";"2024";"08:00";"1";"62";"62849";"1";"1";"1";"3";"D303";"50,40988357";"1,65591154"
"202400001952";"11";"09";"2024";"17:00";"1";"30";"30141";"2";"1";"1";"7";"Chemin de la Garrigue";"44,09797400";"4,68091000"
"202400001953";"9";"07";"2024";"18:15";"1";"93";"93007";"2";"1";"1";"3";"""PAUL VAILLANT COUTURIER (AVENUE """"DU 13";"48,92504000";"2,46444000"
"202400001954";"9";"07";"2024";"14:00";"1";"93";"93001";"2";"1";"1";"6";"Rue Danielle Casanova";"48,91491000";"2,40315000"
"202400001955";"19";"09";"2024";"10:20";"1";"78";"78591";"2";"1";"1";"6";"Rue Fernand Brean";"48,89187300";"1,68084700"
"202400001956";"9";"07";"2024";"08:40";"1";"92";"92062";"2";"1";"1";"4";"DE DION BOUTON (QUAI) DU 29 AU 65";"48,88528916";"2,25092384"
"202400001957";"19";"09";"2024";"13:20";"1";"80";"80088";"1";"2";"1";"1";"D87";"49,92241000";"3,08361800"
"202400001958";"9";"07";"2024";"15:10";"1";"92";"92050";"2";"6";"3";"3";"NERUDA PABLO RUE";"48,89568713";"2,21586943"
"202400001959";"16";"09";"2024";"14:15";"1";"33";"33311";"2";"3";"1";"3";"N/A";"44,68662400";" -0,36585600"
"202400001960";"8";"07";"2024";"01:15";"5";"92";"92049";"2";"2";"1";"7";"ARNOUX AVENUE MAURICE N°1 A 77";"48,81968897";"2,31286409"
"202400001961";"9";"07";"2024";"20:05";"1";"92";"92012";"2";"4";"1";"2";"GENERAL LECLERC (AVENUE DU) 1/33 - 2/58";"48,83317436";"2,24189150"
"202400001962";"9";"07";"2024";"17:40";"1";"92";"92004";"2";"1";"1";"2";"PONT DE CLICHY";"48,91116336";"2,29855925"
"202400001963";"19";"09";"2024";"11:15";"1";"71";"71014";"2";"2";"1";"5";"37 Avenue de la République";"46,95743500";"4,29944200"
"202400001964";"9";"07";"2024";"11:45";"1";"43";"43040";"1";"4";"1";"3";"D588";"45,28745650";"3,36361651"
"202400001965";"19";"09";"2024";"13:45";"1";"61";"61153";"1";"2";"1";"3";"Voie Communale";"48,72542100";" -0,17788400"
"202400001966";"9";"07";"2024";"17:40";"1";"68";"68112";"2";"1";"1";"3";"13 Route de Colmar";"47,90504000";"7,22093500"
"202400001967";"19";"09";"2024";"15:40";"1";"49";"49373";"1";"1";"1";"1";"D960";"47,13888400";" -0,56910000"
"202400001968";"9";"07";"2024";"10:40";"1";"29";"29020";"1";"1";"3";"6";"N165";"48,06922822";" -4,04781781"
"202400001969";"17";"09";"2024";"09:45";"1";"34";"34300";"2";"6";"1";"6";"D18";"43,42337000";"3,31171300"
"202400001970";"10";"07";"2024";"14:00";"1";"83";"83070";"2";"1";"1";"6";"60 Avenue du General Bouvet";"43,13339000";"6,36553600"
"202400001971";"19";"06";"2024";"20:38";"2";"71";"71336";"1";"1";"1";"6";"Route de l’Abergement";"46,72770700";"4,96232000"
"202400001972";"18";"09";"2024";"17:20";"1";"29";"29220";"2";"1";"1";"4";"Rue des Déportés";"47,85750500";" -4,22410400"
"202400001973";"10";"07";"2024";"06:08";"2";"66";"66141";"2";"1";"1";"1";"Avenue Jules Ferry";"42,74376200";"2,91558800"
"202400001974";"7";"07";"2024";"02:30";"3";"83";"83026";"1";"9";"1";"6";"Route de Carcès";"43,44575300";"6,20015100"
"202400001975";"19";"09";"2024";"15:10";"1";"85";"85089";"1";"1";"1";"3";"rd160";"46,73164000";" -1,28665000"
"202400001976";"7";"07";"2024";"12:00";"1";"57";"57556";"1";"1";"1";"7";"D674";"49,05861200";"6,93645500"
"202400001977";"7";"07";"2024";"22:20";"3";"95";"95652";"1";"1";"1";"6";"D922Z";"49,12392284";"2,38462113"
"202400001978";"17";"09";"2024";"11:25";"1";"26";"26124";"1";"1";"1";"3";"N7";"44,82421112";"4,86087084"
"202400001979";"10";"07";"2024";"08:30";"1";"51";"51625";"1";"1";"1";"7";"Pothieres";"48,77185900";"3,41186900"
"202400001980";"10";"07";"2024";"15:50";"1";"56";"56234";"2";"1";"1";"7";"Rue des Régatiers";"47,51298300";" -3,12676400"
"202400001981";"19";"09";"2024";"17:45";"1";"72";"72272";"1";"3";"1";"3";"Lieu Dit La Hauliere Rd13";"47,90248700";"0,69793200"
"202400001982";"10";"07";"2024";"17:35";"1";"77";"77414";"1";"2";"1";"3";"D204";"48,61594700";"3,29344700"
"202400001983";"7";"07";"2024";"13:20";"1";100;100251";"2";"1";"1";"7";"D45";"42,01161800";"9,32464600"
"202400001984";"19";"09";"2024";"15:00";"1";"14";"14231";"1";"1";"1";"1";"3086 Route de Beuvron";"49,20390200";" -0,01838900"
"202400001985";"19";"09";"2024";"07:30";"2";"64";"64145";"2";"3";"1";"1";"Route de Pau";"43,19559100";" -0,27406800"
"202400001986";"18";"09";"2024";"18:00";"1";"73";"73059";"2";"1";"1";"6";"25 Chemin des combettes";"45,72664921";"5,89140138"
"202400001987";"19";"09";"2024";"10:50";"1";"40";"40126";"2";"2";"1";"2";"Route de Dax";"43,70161400";" -0,92972300"
"202400001988";"19";"09";"2024";"05:40";"3";"04";"04110";"1";"1";"1";"6";"RN 85";"44,03595000";"6,10888700"
"202400001989";"18";"09";"2024";"12:45";"1";"85";"85051";"1";"1";"1";"3";"RD137";"46,70558700";" -1,06269100"
"202400001990";"18";"09";"2024";"08:10";"1";"30";"30240";"1";"5";"7";"3";"D120";"44,02510000";"4,19757100"
"202400001991";"19";"09";"2024";"13:15";"1";"69";"69244";"2";"1";"1";"6";"73 Avenue du 11 Novembre 1918";"45,76459300";"4,75811000"
"202400001992";"18";"09";"2024";"21:00";"5";"987";"98715";"2";"1";"1";"3";"RT1, face à la station TOTAL du marché de FAAA";" -17,55581200";" -149,60349200"
"202400001993";"18";"09";"2024";"16:50";"1";"06";"06088";"1";"1";"2";"3";"A8, PK 194.200 sens ITALIE FRANCE";"43,72360700";"7,22830700"
"202400001994";"19";"09";"2024";"10:25";"1";"13";"13032";"1";"2";"1";"5";"Route de Pelissanne";"43,59216400";"5,25421100"
"202400001995";"16";"09";"2024";"14:45";"1";"971";"97103";"1";"6";"2";"6";"Jabrun";"16,23849400";" -61,59210500"
"202400001996";"17";"09";"2024";"15:15";"1";"971";"97115";"2";"1";"1";"1";"Route de Brefort";"16,26250100";" -61,64465200"
"202400001997";"18";"09";"2024";"15:00";"1";"971";"97106";"2";"1";"1";"6";"Rue Felicite Leandre";"16,14963200";" -61,77329600"
"202400001998";"18";"09";"2024";"17:40";"1";"45";"45065";"2";"1";"1";"6";"12 Rue des Iris";"48,27376100";"2,29350900"
"202400001999";"18";"09";"2024";"19:40";"1";"95";"95625";"2";"1";"1";"7";"D66";"49,10365050";"1,96251072"
"202400002000";"18";"09";"2024";"22:00";"3";"84";"84078";"1";"1";"1";"7";"Chemin de l?Île Vieille";"44,23855800";"4,69433800"
"202400002001";"30";"11";"2024";"23:44";"3";"25";"25074";"1";"1";"1";"3";"départementale 41";"47,18298200";"6,70121000"
"202400002002";"19";"09";"2024";"16:45";"1";"84";"84026";"1";"2";"1";"3";"Chemin du Pont de Pile";"43,73021000";"5,36769800"
"202400002003";"19";"09";"2024";"14:50";"1";"84";"84054";"1";"1";"1";"1";"D25";"43,90720000";"5,02386300"
"202400002004";"29";"11";"2024";"11:25";"1";"29";"29195";"1";"1";"1";"3";"D71";"48,60922531";" -4,53049868"
"202400002005";"18";"09";"2024";"16:25";"1";"57";"57160";"2";"1";"1";"6";"44 Rue de la Houve";"49,20837500";"6,69548600"
"202400002006";"1";"12";"2024";"19:15";"3";"14";"14121";"1";"1";"1";"6";"Route de Cahagnolles";"49,16012600";" -0,76536700"
"202400002007";"29";"11";"2024";"23:30";"3";"60";"60516";"1";"1";"9";"1";"Route du Fil";"49,40565900";"1,79496600"
"202400002008";"19";"09";"2024";"17:45";"1";"81";"81099";"2";"1";"1";"1";"15 Rue Denfert Rochereau";"43,90217100";"1,89496500"
"202400002009";"12";"09";"2024";"14:30";"1";"33";"33051";"2";"6";"1";"1";"N/A";"44,64029200";" -0,97348100"
"202400002010";"1";"12";"2024";"15:00";"1";"16";"16071";"1";"1";"1";"5";"D948";"45,92042300";"0,74385200"
"202400002011";"18";"09";"2024";"07:45";"2";"44";"44026";"1";"1";"1";"3";"Route de Paris";"47,29278800";" -1,42281500"
"202400002012";"28";"11";"2024";"14:00";"1";"04";"04049";"2";"9";"1";"6";"Avenue du General de Gaulle";"44,09344700";"6,00946800"
"202400002013";"30";"11";"2024";"23:10";"3";"27";"27226";"2";"3";"1";"3";"Residence Marie Therese Lefebvre";"49,30746600";"1,61320400"
"202400002014";"19";"09";"2024";"00:00";"3";"60";"60341";"1";"1";"1";"5";"N2";"49,08780100";"2,73276300"
"202400002015";"30";"11";"2024";"19:03";"3";"17";"17269";"1";"3";"5";"3";"D730";"45,23382300";" -0,24552900"
"202400002016";"1";"12";"2024";"17:00";"1";"87";"87146";"1";"1";"1";"1";"D420";"45,57678700";"1,48171700"
"202400002017";"18";"09";"2024";"17:15";"1";"13";"13212";"1";"1";"1";"3";"A507 sens Marseille - Aubagne";"43,31899096";"5,42240764"
"202400002018";"1";"12";"2024";"00:45";"3";"24";"24225";"2";"1";"5";"6";"57 Avenue de Bordeaux";"44,84094600";"0,36606600"
"202400002019";"1";"12";"2024";"07:30";"1";"972";"97224";"2";"1";"1";"1";"route départementale 8";"14,65226200";" -61,03221700"
"202400002020";"18";"09";"2024";"13:00";"1";"13";"13215";"1";"1";"1";"4";"A7-Sens Marseille vers Lyon";"43,35196000";"5,36649000"
"202400002021";"30";"11";"2024";"23:55";"3";100;100220";"1";"1";"1";"1";"T20";"42,44069000";"9,20131900"
"202400002022";"30";"11";"2024";"18:00";"5";"83";"83138";"1";"1";"1";"7";"Chemin des Crouïs";"43,60681800";"6,71251800"
"202400002023";"16";"09";"2024";"03:05";"4";"33";"33167";"1";"1";"1";"6";"N/A";"44,81954000";" -0,51984000"
"202400002024";"1";"12";"2024";"11:30";"1";"13";"13030";"1";"1";"1";"2";"D8n";"43,26883595";"5,72542727"
"202400002025";"18";"09";"2024";"18:35";"1";"91";"91064";"1";"1";"1";"3";"RN 118";"48,74473000";"2,19155000"
"202400002026";"2";"11";"2024";"00:01";"3";"13";"13004";"1";"1";"1";"1";"D36";"43,48437600";"4,70811400"
"202400002027";"18";"09";"2024";"01:40";"5";"92";"92036";"1";"1";"1";"6";"A86";"48,93770079";"2,29361057"
"202400002028";"1";"12";"2024";"04:15";"4";"13";"13066";"1";"1";"1";"2";"D907, BOMPAS";"43,88609895";"4,91631746"
"202400002029";"17";"09";"2024";"14:36";"1";"78";"78007";"1";"1";"8";"4";"A13 Y";"48,90058000";"2,00531000"
"202400002030";"30";"11";"2024";"06:00";"3";"70";"70310";"1";"6";"8";"6";"N19";"47,69652700";"6,46697200"
"202400002031";"1";"12";"2024";"08:00";"2";"21";"21265";"2";"1";"5";"6";"74 Route des Grands Crus";"47,24351500";"4,97232400"
"202400002032";"1";"12";"2024";"00:50";"3";"08";"08194";"1";"1";"1";"6";"N/A";"49,70670060";"4,90008152"
"202400002033";"17";"09";"2024";"09:33";"1";"92";"92048";"1";"1";"8";"5";"N118";"48,78596965";"2,22285882"
"202400002034";"1";"12";"2024";"04:15";"4";"55";"55351";"1";"1";"5";"6";"RD 643";"49,53224627";"5,36108789"
"202400002035";"17";"09";"2024";"18:45";"1";"93";"93066";"1";"1";"1";"6";"AUTOROUTE A1";"48,93302862";"2,37638683"
"202400002036";"30";"11";"2024";"00:50";"5";"44";"44109";"1";"2";"1";"2";"Route de Paris";"47,26052300";" -1,49916700"
"202400002037";"17";"09";"2024";"17:10";"1";"93";"93066";"1";"1";"1";"2";"AUTOROUTE A1";"48,91936344";"2,35754643"
"202400002038";"29";"11";"2024";"11:20";"1";"33";"33067";"2";"6";"1";"6";"Place de la Libération";"45,03922600";" -0,55870400"
"202400002039";"17";"09";"2024";"11:40";"1";"93";"93027";"1";"1";"1";"2";"AUTOROUTE A1";"48,93857444";"2,41556063"
"202400002040";"30";"11";"2024";"10:40";"1";"14";"14325";"1";"1";"1";"2";"Route d'Hermanville";"49,28450200";" -0,33153200"
"202400002041";"1";"12";"2024";"12:45";"1";"59";"59285";"1";"1";"8";"7";"D81";"50,25993700";"3,39741500"
"202400002042";"25";"04";"2024";"09:00";"1";"93";"93001";"2";"1";"1";"6";"Avenue Jean Jaurès";"48,91597400";"2,40529200"
"202400002043";"21";"11";"2024";"09:49";"1";"13";"13214";"2";"1";"1";"2";"A507 sens Aubagne- Marseille";"43,33005000";"5,39559000"
"202400002044";"17";"04";"2024";"08:00";"1";"93";"93001";"2";"1";"2";"6";"Avenue Jean Jaurès";"48,91255800";"2,40169000"
"202400002045";"29";"11";"2024";"15:10";"1";"13";"13215";"1";"1";"1";"4";"A7-Sens Lyon vers Marseille";"43,36643455";"5,36080529"
"202400002046";"9";"04";"2024";"18:45";"1";"93";"93001";"2";"1";"1";"2";"Rue du Moutier";"48,91470300";"2,38267300"
"202400002047";"3";"03";"2024";"14:20";"1";"93";"93001";"2";"1";"1";"6";"Avenue de la République";"48,90853000";"2,38721000"
"202400002048";"3";"11";"2024";"12:00";"1";"69";"69266";"1";"1";"1";"4";"Boulevard Périphérique Laurent Bonnevay";"45,78244000";"4,89252000"
"202400002049";"26";"11";"2024";"18:30";"3";"67";"67471";"1";"1";"1";"2";"M35";"48,63491000";"7,72491000"
"202400002050";"4";"03";"2024";"18:00";"1";"93";"93001";"2";"2";"1";"6";"Avenue du Président Roosevelt / Rue des Noyers";"48,91744200";"2,37945200"
"202400002051";"30";"11";"2024";"22:15";"4";"33";"33013";"1";"1";"1";"4";"N/A";"44,86860000";" -0,50260000"
"202400002052";"6";"03";"2024";"17:10";"1";"93";"93001";"2";"5";"1";"3";"Boulevard Félix Faure / Avenue Victor Hugo";"48,90882639";"2,37781318"
"202400002053";"30";"11";"2024";"17:15";"2";"33";"33397";"1";"1";"5";"6";"N/A";"44,90728600";" -0,49111900"
"202400002054";"11";"03";"2024";"18:30";"2";"93";"93001";"2";"1";"2";"3";"Boulevard Félix Faure";"48,90800000";"2,37866000"
"202400002055";"30";"11";"2024";"19:24";"4";"91";"91589";"1";"1";"1";"4";"AUTOROUTE A6";"48,67746000";"2,33815000"
"202400002056";"13";"03";"2024";"16:40";"1";"93";"93001";"2";"1";"1";"5";"Boulevard Félix Faure";"48,90754700";"2,37913500"
"202400002057";"29";"11";"2024";"11:19";"1";"91";"91161";"1";"1";"1";"2";"AUTOROUTE A126";"48,71100000";"2,29750000"
"202400002058";"15";"03";"2024";"11:10";"1";"93";"93001";"2";"7";"1";"6";"Boulevard Edouard Vaillant / Rue Hélène Cochennec";"48,91821000";"2,40198000"
"202400002059";"30";"11";"2024";"02:05";"5";"92";"92050";"1";"1";"1";"2";"A86";"48,89604606";"2,19506712"
"202400002060";"16";"03";"2024";"09:10";"1";"93";"93001";"2";"2";"1";"6";"Avenue Jean Jaurès / Avenue de la République";"48,90382000";"2,39213000"
"202400002061";"29";"11";"2024";"12:39";"1";"78";"78455";"1";"1";"1";"3";"A13";"48,85683400";"2,05519800"
"202400002062";"30";"11";"2024";"07:35";"3";"95";"95127";"1";"1";"1";"6";"A15";"49,04357000";"2,07574000"
"202400002063";"18";"03";"2024";"14:40";"1";"93";"93001";"2";"1";"1";"3";"Avenue Jean Jaurès";"48,91177000";"2,40083600"
"202400002064";"30";"11";"2024";"14:40";"1";"93";"93053";"1";"1";"1";"2";"AUTOROUTE A3";"48,89806947";"2,46934982"
"202400002065";"22";"03";"2024";"13:30";"1";"93";"93001";"2";"1";"1";"6";"SAINT-DENIS (RUE DE)";"48,92205827";"2,37346414"
"202400002066";"28";"03";"2024";"17:00";"1";"93";"93001";"2";"9";"1";"6";"Avenue de la République";"48,90924000";"2,38660300"
"202400002067";"29";"11";"2024";"17:45";"3";"93";"93027";"1";"1";"1";"3";"AUTOROUTE A86";"48,92309613";"2,38217175"
"202400002068";"23";"03";"2024";"21:50";"5";"93";"93001";"2";"1";"2";"6";"Avenue Jean Jaurès";"48,91548000";"2,40490600"
"202400002069";"29";"11";"2024";"22:00";"3";"93";"93010";"1";"1";"1";"2";"AUTOROUTE A3";"48,88936381";"2,47384038"
"202400002070";"10";"02";"2024";"20:55";"5";"93";"93001";"2";"2";"2";"6";"Avenue de la République / Rue Henri Barbusse";"48,90602200";"2,38969500"
"202400002071";"29";"11";"2024";"15:30";"1";"93";"93007";"1";"1";"1";"5";"AUTOROUTE A1";"48,95491941";"2,45727922"
"202400002072";"29";"11";"2024";"11:45";"1";"94";"94073";"1";"1";"1";"2";"A86";"48,76022821";"2,38292839"
"202400002073";"27";"02";"2024";"07:55";"1";"93";"93001";"2";"2";"1";"3";"Rue Achille Domart / Rue du Docteur Pesqué";"48,91379600";"2,38293500"
"202400002074";"21";"02";"2024";"15:13";"1";"93";"93001";"2";"1";"2";"6";"Rue de la Commune de Paris";"48,91168500";"2,38075200"
"202400002075";"3";"07";"2024";"08:40";"1";"13";"13209";"2";"1";"1";"2";"MAZARGUES (AVENUE DE)";"43,25850866";"5,39425023"
"202400002076";"29";"11";"2024";"08:30";"1";"974";"97411";"1";"1";"1";"7";"VAUTHIER (RUE  MARCEL)";" -20,91050000";"55,50187000"
"202400002077";"6";"02";"2024";"07:50";"2";"93";"93001";"2";"2";"1";"6";"Rue du Commandant l'Herminier / Rue Paul Doumer";"48,91723700";"2,38665000"
"202400002078";"17";"09";"2024";"21:50";"5";"988";"98818";"2";"1";"1";"6";"GALLIENI (RUE DU GENERAL)";" -22,27446000";"166,43917000"
"202400002079";"28";"11";"2024";"18:05";"5";"973";"97302";"2";"1";"1";"1";"BADUEL (ROUTE DE)";"4,93600000";" -52,31362000"
"202400002080";"17";"09";"2024";"17:20";"2";"976";"97611";"1";"1";"2";"1";"vahibe-Departementale 3 ( route )";"45,16376000";" -12,78954000"
"202400002081";"28";"11";"2024";"13:55";"1";"973";"97302";"2";"3";"2";"3";"ZEPHIR (ROCADE)";"4,93803657";" -52,30636221"
"202400002082";"17";"09";"2024";"15:15";"1";"974";"97416";"2";"9";"1";"3";"HUBERT DE LISLE(BOULEVARD)";" -21,34365000";"55,47388000"
"202400002083";"28";"11";"2024";"07:30";"2";"973";"97302";"2";"3";"2";"3";"MADELEINE (ROUTE DE LA)";"4,91369000";" -52,32081000"
"202400002084";"17";"09";"2024";"08:15";"1";"974";"97416";"1";"1";"1";"2";"RN03";" -21,31932000";"55,48942000"
"202400002085";"29";"11";"2024";"13:00";"1";"69";"69386";"2";"1";"1";"6";"Avenue Thiers";"45,77010750";"4,86167880"
"202400002086";"17";"09";"2024";"11:45";"1";"974";"97407";"2";"1";"1";"3";"14 JUILLET 1789(AVENUE DU)";" -20,93251000";"55,29487000"
"202400002087";"29";"11";"2024";"03:45";"5";"972";"97213";"1";"9";"1";"2";"MAHAULT";"14,63000000";" -60,99106000"
"202400002088";"26";"11";"2024";"16:55";"1";"972";"97209";"2";"1";"8";"6";"ABBE GREGOIRE (PLACE)";"14,61183000";" -61,07135000"
"202400002089";"17";"09";"2024";"17:03";"1";"973";"97302";"2";"1";"1";"3";"BADUEL (ROUTE DE)";"4,92773000";" -52,29168000"
"202400002090";"16";"09";"2024";"11:30";"1";"69";"69387";"2";"1";"1";"6";"4 Rue Marc Bloch";"45,74802000";"4,84395000"
"202400002091";"29";"11";"2024";"15:03";"1";100;100120";"1";"1";"1";"4";"11 - RT";"42,65056000";"9,44070000"
"202400002092";"28";"11";"2024";"12:20";"1";"971";"97101";"1";"1";"1";"3";"EDOUARD BOTINO (AVENUE)";"16,25693000";" -61,52086000"
"202400002093";"17";"09";"2024";"11:15";"1";"69";"69383";"2";"1";"1";"1";"Cours Lafayette";"45,76355000";"4,85205000"
"202400002094";"28";"11";"2024";"02:07";"5";"971";"97101";"1";"1";"1";"6";"BEAUSOLEIL";"16,27818000";" -61,48160000"
"202400002095";"17";"09";"2024";"18:20";"1";"69";"69388";"2";"2";"8";"6";"245 Avenue Berthelot";"45,73964000";"4,85950000"
"202400002096";"29";"11";"2024";"15:50";"1";101;101004";"2";"3";"1";"3";"#2 Avenue du Docteur Noel Franchini#";"41,93387600";"8,75350700"
"202400002097";"29";"11";"2024";"16:30";"1";"95";"95539";"2";"9";"1";"6";"RENE CASSIN (RUE)";"49,00677000";"2,35124000"
"202400002098";"17";"09";"2024";"12:13";"1";101;101004";"2";"1";"1";"3";"#37 Route du Vittulo#";"41,92917000";"8,72771000"
"202400002099";"30";"04";"2024";"18:10";"1";"93";"93006";"2";"2";"8";"6";"Rue Raymond Lefebvre / Rue Auguste Blanqui";"48,87220934";"2,42632627"
"202400002100";"29";"11";"2024";"10:30";"1";"95";"95607";"2";"1";"1";"3";"LADY ASHBURTON (RUE)";"49,02511000";"2,22147000"
"202400002101";"29";"11";"2024";"19:30";"5";"91";"91021";"2";"1";"1";"6";"AV DE VERDUN";"48,58083000";"2,24162000"
"202400002102";"16";"09";"2024";"23:40";"5";"95";"95280";"2";"1";"1";"5";"D47";"49,01647898";"2,46902793"
"202400002103";"30";"04";"2024";"17:30";"1";"93";"93006";"2";"2";"1";"3";"Avenue Gambetta / Rue Marie-Anne Colombier";"48,87081000";"2,41733000"
"202400002104";"29";"11";"2024";"11:40";"1";"91";"91549";"2";"6";"7";"6";"BRETIGNY (AVENUE DE)";"48,63687000";"2,33267000"
"202400002105";"17";"09";"2024";"20:15";"5";"95";"95426";"2";"9";"1";"1";"D909";"49,02362710";"2,29591473"
"202400002106";"30";"04";"2024";"08:25";"1";"93";"93047";"2";"2";"2";"3";"Boulevard Bargue / Rue Picasso";"48,90234000";"2,56082000"
"202400002107";"29";"04";"2024";"17:00";"1";"93";"93057";"2";"1";"1";"7";"Avenue du Président Wilson";"48,90684300";"2,51226300"
"202400002108";"17";"09";"2024";"15:50";"1";"91";"91201";"2";"1";"1";"6";"AV DE L EUROPE";"48,68000000";"2,43000000"
"202400002109";"29";"04";"2024";"18:50";"1";"93";"93010";"2";"1";"1";"6";"Rue Rabelais";"48,91683000";"2,48393000"
"202400002110";"28";"11";"2024";"13:32";"1";"91";"91471";"2";"6";"7";"6";"LOUIS SCOCARD (RUE)";"48,69631000";"2,18441000"
"202400002111";"17";"09";"2024";"17:20";"1";"91";"91434";"2";"4";"1";"6";"JEAN RAYNAL (RUE)";"48,66176000";"2,34807000"
"202400002112";"30";"04";"2024";"14:12";"1";"92";"92064";"2";"1";"1";"3";"GOUNOD";"48,84338000";"2,21659000"
"202400002113";"28";"11";"2024";"19:05";"5";"91";"91657";"2";"1";"1";"6";"RUE PIERRE MARIN";"48,70000000";"2,41000000"
"202400002114";"17";"09";"2024";"08:30";"1";"91";"91286";"2";"1";"1";"3";"EMILE ALLIAUD (AVENUE)";"48,64872000";"2,37652000"
"202400002115";"30";"04";"2024";"09:30";"1";"92";"92051";"1";"1";"2";"3";"CHARLES DE GAULLE (AVENUE,N°118 A 192 +";"48,88582927";"2,25677061"
"202400002116";"28";"11";"2024";"19:08";"5";"91";"91201";"2";"1";"1";"6";"AV DU GENERAL DE GAULLE";"48,68502000";"2,40658000"
"202400002117";"29";"04";"2024";"13:10";"1";"92";"92049";"2";"9";"1";"2";"BROSSOLETTE AVENUE PIERRE";"48,81835900";"2,30881324"
"202400002118";"29";"11";"2024";"18:45";"3";"91";"91174";"2";"9";"1";"6";"AV STRATHKELVIN";"48,61720000";"2,46513000"
"202400002119";"16";"09";"2024";"19:10";"1";"87";"87085";"2";"3";"1";"3";"LILAS (BOULEVARD DES)";"45,85227486";"1,24957681"
"202400002120";"30";"04";"2024";"07:48";"1";"92";"92044";"2";"3";"2";"6";"PDT WILSON(RUE)77A105 ET 76A108";"48,89513848";"2,28765213"
"202400002121";"29";"11";"2024";"14:15";"1";"91";"91223";"2";"9";"1";"2";"PARIS (AVENUE DE)";"48,43776000";"2,16487000"
"202400002122";"11";"09";"2024";"16:00";"1";"80";"80021";"2";"1";"1";"1";"Rue d'Elbeuf";"49,88597000";"2,26620000"
"202400002123";"28";"11";"2024";"15:01";"1";"87";"87085";"2";"2";"1";"3";"GARIBALDI (AVENUE)";"45,83502000";"1,26060000"
"202400002124";"30";"04";"2024";"19:00";"1";"92";"92040";"2";"6";"8";"2";"FRERES VOISIN (BOULEVARD DES)";"48,82796918";"2,27373326"
"202400002125";"30";"04";"2024";"09:35";"1";"92";"92036";"2";"9";"2";"3";"GEORGE SAND (RUE) (IMPAIRS)";"48,92618412";"2,28512701"
"202400002126";"16";"09";"2024";"18:34";"1";"78";"78401";"2";"3";"1";"3";"D 922";"49,01328500";"1,92555600"
"202400002127";"28";"11";"2024";"13:15";"1";"83";"83137";"2";"3";"1";"3";"GASQUET (AVE JOSEPH DE 1 A 1423";"43,12464405";"5,95698763"
"202400002128";"30";"04";"2024";"23:12";"5";"92";"92024";"2";"3";"2";"1";"ANCIENNNE MAIRIE (RUE DE L')";"48,90369806";"2,30323613"
"202400002129";"16";"09";"2024";"17:50";"1";"78";"78440";"2";"1";"1";"3";"avenue de la République";"48,98629000";"1,91505000"
"202400002130";"29";"11";"2024";"06:29";"5";"83";"83126";"2";"1";"1";"1";"JUIN (AV MARECHAL)";"43,10779000";"5,87746000"
"202400002131";"30";"04";"2024";"17:14";"1";"92";"92024";"2";"1";"1";"6";"PIERRE BEREGOVOY (RUE)";"48,90473604";"2,30036545"
"202400002132";"17";"09";"2024";"07:00";"2";"78";"78297";"2";"3";"1";"6";"KESSEL (AVENUE JOSEPH)";"48,76555000";"2,05906000"
"202400002133";"29";"11";"2024";"17:50";"2";"81";"81065";"1";"1";"1";"2";"155 Route de Lavaur";"43,61558000";"2,19282000"
"202400002134";"30";"04";"2024";"06:24";"2";"92";"92002";"2";"2";"2";"3";"DIVISION LECLERC (1 A 29 -2 A 34)";"48,75139683";"2,30444580"
"202400002135";"17";"09";"2024";"05:20";"5";"78";"78208";"2";"1";"1";"6";"PETITE VILLEDIEU (AVENUE)";"48,76856000";"1,96448000"
"202400002136";"29";"11";"2024";"13:05";"1";"81";"81004";"2";"1";"1";"6";"TEMPORALITE (DE LA)";"43,92887000";"2,14283000"
"202400002137";"27";"11";"2024";"18:35";"5";"80";"80021";"2";"1";"1";"7";"Mail Albert 1er";"49,88885000";"2,29680000"
"202400002138";"17";"09";"2024";"21:30";"5";"78";"78498";"2";"1";"1";"1";"VILLIERS RUE DE";"48,92324000";"2,02709000"
"202400002139";"30";"04";"2024";"19:00";"1";"37";"37199";"1";"1";"1";"1";"D58";"47,06551692";"0,50462879"
"202400002140";"16";"09";"2024";"17:05";"1";"77";"77337";"2";"1";"1";"2";"ARCHE GUEDON (COURS DE L')";"48,85043000";"2,63163000"
"202400002141";"1";"05";"2024";"13:05";"1";"71";"71305";"1";"1";"1";"3";"A6";"46,48543700";"4,89292900"
"202400002142";"28";"11";"2024";"11:20";"1";"78";"78133";"2";"3";"1";"3";"CLOS DE LA FAMILLE (DU)";"48,90658000";"2,04736000"
"202400002143";"17";"09";"2024";"09:00";"1";"70";"70550";"2";"6";"1";"3";"Rue du Commandant Girardot";"47,61765000";"6,15388600"
"202400002144";"30";"04";"2024";"19:55";"2";"86";"86261";"2";"1";"1";"3";"11bis Route des Bordes";"46,58133100";"0,48173300"
"202400002145";"16";"09";"2024";"16:50";"1";"67";"67482";"2";"3";"2";"6";"HOPITAL (ROUTE DE L )";"48,57092000";"7,75086000"
"202400002146";"29";"11";"2024";"15:30";"1";"78";"78401";"2";"1";"1";"5";"RHIN ET DANUBE (PONT)";"49,00291000";"1,90652000"
"202400002147";"1";"05";"2024";"11:05";"1";"50";"50592";"2";"1";"8";"6";"Rue du Général de Gaulle";"48,97100800";" -1,06054000"
"202400002148";"17";"09";"2024";"16:15";"1";"66";"66136";"2";"1";"1";"6";"LECLERC (AVENUE DU GENERAL)";"42,70100000";"2,88953000"
"202400002149";"29";"11";"2024";"00:14";"3";"77";"77374";"1";"1";"1";"3";"D471";"48,79014000";"2,71446000"
"202400002150";"30";"04";"2024";"18:20";"1";"19";"19117";"1";"4";"2";"7";"Route Des Moulins";"45,09988074";"1,47799588"
"202400002151";"17";"09";"2024";"09:30";"1";"64";"64445";"2";"1";"1";"3";"ALSACE LORRAINE D'";"43,30197000";" -0,35896000"
"202400002152";"28";"11";"2024";"14:02";"1";"77";"77053";"2";"1";"1";"3";"RUE DE VILLEMENEUX";"48,68818700";"2,60374500"
"202400002153";"28";"11";"2024";"08:12";"2";"77";"77288";"2";"1";"1";"6";"MEAUX (AVENUE DE)";"48,54662000";"2,66322000"
"202400002154";"1";"05";"2024";"00:50";"3";"56";"56053";"1";"1";"2";"6";"lieu dit le pont guillemet";"47,74720200";" -2,56843000"
"202400002155";"16";"09";"2024";"19:20";"1";"64";"64102";"2";"1";"1";"3";"LOUIS DE FOIX (AVENUE)";"43,50449000";" -1,46720000"
"202400002156";"29";"11";"2024";"19:50";"5";"76";"76540";"2";"3";"1";"3";"Rue du Contrat Social";"49,44573000";"1,07932000"
"202400002157";"29";"11";"2024";"12:30";"1";"76";"76351";"2";"1";"1";"6";"Avenue Jean Jaurès";"49,50014345";"0,16394466"
"202400002158";"16";"09";"2024";"11:45";"1";"64";"64024";"2";"1";"1";"4";"ROUTE DE PITOYS";"43,46327000";" -1,52000000"
"202400002159";"28";"11";"2024";"14:05";"1";"72";"72181";"2";"1";"1";"6";"CHATEAUBRIAND RENE DE (RUE)";"48,00281000";"0,17055000"
"202400002160";"1";"05";"2024";"15:40";"1";"76";"76271";"1";"1";"1";"5";"Route du Bolhard";"49,56822500";"1,16344900"
"202400002161";"13";"09";"2024";"17:40";"1";"63";"63300";"2";"1";"1";"6";"VIRLOGEUX (AVENUE)";"45,89051841";"3,11711311"
"202400002162";"29";"11";"2024";"12:15";"1";"71";"71306";"2";"1";"1";"7";"MARECHAL LECLERC (AVENUE DU)";"46,68027000";"4,36908000"
"202400002163";"17";"09";"2024";"09:36";"1";"63";"63245";"1";"1";"1";"6";"RD446";"45,88453857";"3,07999746"
"202400002164";"27";"11";"2024";"11:30";"1";"69";"69256";"2";"2";"1";"6";"Avenue Gabriel Péri";"45,77641000";"4,91519000"
"202400002165";"17";"09";"2024";"16:30";"1";"63";"63014";"2";"1";"1";"3";"COURNON (AVENUE DE)";"45,75268000";"3,13216000"
"202400002166";"30";"04";"2024";"11:15";"1";"65";"65247";"2";"1";"1";"7";"Route d'Arrodets";"43,09001100";"0,04392900"
"202400002167";"28";"11";"2024";"23:05";"5";"69";"69271";"2";"1";"2";"6";"Boulevard Charles de Gaulle";"45,74386000";"4,93731000"
"202400002168";"17";"09";"2024";"16:15";"1";"63";"63113";"2";"1";"1";"6";"JOUHAUX (BD LEON)";"45,79323122";"3,11766565"
"202400002169";"28";"11";"2024";"19:05";"5";"69";"69290";"2";"1";"2";"6";"Rue de l'Egalité";"45,69690000";"4,94462000"
"202400002170";"30";"04";"2024";"11:30";"1";"65";"65395";"1";"8";"1";"3";"D937";"43,10706100";" -0,18590900"
"202400002171";"29";"11";"2024";"00:35";"3";"68";"68224";"1";"1";"5";"6";"VOIE RAPIDE NORD SUD";"47,76543799";"7,34615386"
"202400002172";"17";"09";"2024";"10:10";"1";"62";"62215";"2";"1";"1";"2";"route de meurchin";"50,49683859";"2,94851181"
"202400002173";"30";"04";"2024";"01:10";"3";"63";"63146";"1";"1";"3";"6";"lieu dit La peyrouse";"45,71663710";"3,37562598"
"202400002174";"29";"11";"2024";"19:45";"5";"67";"67043";"2";"1";"5";"1";"BISCHWILLER (ROUTE DE)";"48,61522000";"7,75274000"
"202400002175";"30";"04";"2024";"18:30";"1";"12";"12056";"1";"1";"1";"6";"D570";"44,28659500";"2,45788000"
"202400002176";"16";"09";"2024";"16:15";"1";"59";"59041";"2";"1";"1";"5";"Chaussée Brunehaut";"50,21434000";"3,84770000"
"202400002177";"29";"11";"2024";"17:35";"5";"67";"67482";"2";"3";"5";"3";"MOLIERE (AVENUE)";"48,59700000";"7,70300000"
"202400002178";"23";"04";"2024";"20:15";"1";"47";"47214";"1";"1";"1";"6";"Barbé";"44,31317807";"0,25253638"
"202400002179";"17";"09";"2024";"13:30";"1";"59";"59350";"2";"1";"1";"3";"Place Barthelemy Dorez";"50,61799100";"3,05006200"
"202400002180";"1";"05";"2024";"07:15";"2";"39";"39539";"1";"1";"8";"6";"Rue du Bois";"46,94638800";"5,70758000"
"202400002181";"28";"11";"2024";"11:45";"1";"67";"67180";"2";"1";"1";"4";"WEITBRUCH (ROUTE DE)";"48,80187000";"7,79145000"
"202400002182";"17";"09";"2024";"08:25";"1";"59";"59378";"2";"1";"1";"2";"REPUBLIQUE AV DE LA (N°829-931)";"50,66157000";"3,09542000"
"202400002183";"29";"11";"2024";"10:00";"1";"66";"66136";"2";"2";"7";"6";"Avenue Docteur Jean-Louis Torreilles";"42,69413000";"2,87225000"
"202400002184";"16";"09";"2024";"15:45";"1";"54";"54395";"2";"2";"8";"3";"Rue Saint Dizier";"48,69076673";"6,18250787"
"202400002185";"29";"04";"2024";"16:25";"1";"35";"35099";"1";"3";"1";"5";"Le Bois Gros Doigt";"48,06195200";" -1,55641600"
"202400002186";"16";"09";"2024";"09:50";"1";"54";"54300";"2";"1";"1";"2";"141 Rue Lucien Galtier";"48,66461000";"6,21740000"
"202400002187";"24";"04";"2024";"15:10";"1";"29";"29217";"1";"1";"1";"6";"RN165";"47,88490155";" -3,73622215"
"202400002188";"29";"11";"2024";"19:05";"5";"64";"64335";"1";"3";"1";"3";"JEAN JAURES";"43,31708000";" -0,42965000"
"202400002189";"17";"09";"2024";"08:28";"1";"51";"51454";"2";"3";"1";"3";"HUGO (BOULEVARD VICTOR)";"49,24625000";"4,04449000"
"202400002190";"29";"11";"2024";"16:20";"1";"64";"64335";"1";"1";"1";"3";"avenue de santona";"43,32567000";" -0,40706000"
"202400002191";"26";"04";"2024";"11:15";"1";"14";"14102";"1";"2";"1";"3";"121 Route Departementale 264";"49,22803400";"0,21199600"
"202400002192";"29";"11";"2024";"11:00";"1";"64";"64445";"2";"1";"1";"6";"PEBOUE";"43,30835000";" -0,33772000"
"202400002193";"16";"09";"2024";"16:30";"1";"51";"51454";"2";"1";"1";"1";"EPERNAY (AVENUE D') COTE PAIR";"49,23984500";"4,01367100"
"202400002194";"30";"04";"2024";"14:25";"1";"14";"14480";"1";"6";"1";"2";"Rue de la Mairie";"49,33159700";" -1,07384400"
"202400002195";"29";"11";"2024";"14:25";"1";"64";"64102";"1";"1";"1";"4";"SAINT BERNARD (CHEMIN DE)";"43,50132000";" -1,48210000"
"202400002196";"13";"09";"2024";"12:45";"1";"50";"50129";"2";"2";"1";"3";"PLYMOUTH (AVENUE DE)";"49,63089000";" -1,62201000"
"202400002197";"1";"05";"2024";"14:30";"1";"07";"07126";"1";"1";"2";"1";"route départementale 1 ROUTE D'AUBENAS";"44,45281400";"4,41542000"
"202400002198";"29";"11";"2024";"11:20";"1";"64";"64140";"1";"1";"1";"7";"GAULLE (AV CHARLES DE)";"43,52788000";" -1,47120000"
"202400002199";"17";"09";"2024";"08:54";"1";"49";"49328";"2";"2";"8";"3";"PONT FOUCHARD (RUE DU)";"47,24525200";" -0,09519200"
"202400002200";"30";"04";"2024";"22:20";"3";"23";"23255";"1";"1";"1";"6";"les Vétisons";"46,25127000";"2,24345300"
"202400002201";"29";"11";"2024";"08:15";"1";"63";"63212";"1";"3";"2";"3";"RD446 / ANTONIN MARCONNET (RUE )";"45,88177688";"3,09597194"
"202400002202";"1";"05";"2024";"17:45";"1";"52";"52550";"1";"1";"1";"6";"D2";"48,50929800";"4,94002800"
"202400002203";"16";"09";"2024";"12:35";"1";"47";"47001";"2";"1";"1";"3";"SERRES (AVENUE MICHEL)";"44,18593000";"0,62493000"
"202400002204";"28";"11";"2024";"15:40";"1";"60";"60159";"2";"6";"1";"3";"Rue de Noyon";"49,42188000";"2,82144000"
"202400002205";"1";"05";"2024";"10:15";"1";"24";"24331";"1";"2";"8";"3";"Route Henri de Navarre";"44,79223276";"0,40883303"
"202400002206";"17";"09";"2024";"15:20";"1";"45";"45234";"2";"1";"1";"6";"65 Rue Masse";"47,92590000";"1,89061000"
"202400002207";"29";"11";"2024";"08:45";"1";"59";"59599";"2";"1";"1";"2";"CHANZY (RUE)";"50,71878000";"3,15748000"
"202400002208";"16";"09";"2024";"13:25";"1";"44";"44109";"2";"1";"1";"6";"44 Rue du Landreau";"47,23184000";" -1,51734000"
"202400002209";"29";"11";"2024";"07:00";"5";"59";"59512";"2";"3";"5";"6";"COLMAR (BOULEVARD DE)";"50,69127000";"3,18968000"
"202400002210";"30";"04";"2024";"21:25";"3";"973";"97307";"1";"2";"1";"2";"RN1";"4,89393000";" -52,35455300"
"202400002211";"17";"09";"2024";"18:00";"1";"38";"38185";"2";"2";"1";"3";"BERRIAT (COURS)             1 A 55-72";"45,18784000";"5,72160000"
"202400002212";"29";"11";"2024";"19:55";"3";"59";"59008";"1";"1";"1";"2";"FENDALI (RUE)";"50,34466800";"3,25691600"
"202400002213";"30";"04";"2024";"21:35";"5";"42";"42005";"2";"2";"1";"1";"Avenue Benoit Fourneyron";"45,52048900";"4,27811500"
"202400002214";"17";"09";"2024";"11:39";"1";"38";"38053";"2";"1";"1";"6";"N/A";"45,59684587";"5,27416775"
"202400002215";"29";"11";"2024";"08:50";"1";"56";"56098";"2";"3";"1";"6";"Rue Jean-Marie Le Hen";"47,76221000";" -3,35075000"
"202400002216";"30";"04";"2024";"19:00";"3";"987";"98714";"1";"1";"1";"7";"Commerce AA FAANUI";" -16,48640900";" -151,75698800"
"202400002217";"30";"04";"2024";"10:55";"1";"45";"45144";"1";"1";"9";"7";"D12 PR 4 + 170";"47,81884600";"2,12956700"
"202400002218";"17";"09";"2024";"08:20";"1";"37";"37261";"2";"3";"1";"3";"POUSSIN (RUE NICOLAS)";"47,37350000";"0,68445000"
"202400002219";"29";"11";"2024";"13:30";"1";"54";"54339";"2";"1";"1";"2";"Rue du Colonel Driant";"48,70708890";"6,18949234"
"202400002220";"30";"04";"2024";"17:55";"1";"77";"77095";"1";"1";"2";"1";"D139";"48,96362600";"2,76714900"
"202400002221";"6";"11";"2024";"17:10";"1";"52";"52121";"2";"1";"1";"6";"LALOY (RUE)";"48,11057000";"5,13898000"
"202400002222";"17";"09";"2024";"18:25";"1";"35";"35115";"2";"2";"1";"1";"BONABRY (RUE DE)";"48,35278000";" -1,19216000"
"202400002223";"1";"05";"2024";"15:15";"1";"95";"95355";"1";"9";"1";"2";"D14";"49,15350666";"1,77687474"
"202400002224";"12";"09";"2024";"17:00";"1";"35";"35115";"2";"1";"1";"6";"BEFFROI (RUE DU)";"48,35428000";" -1,20447000"
"202400002225";"29";"11";"2024";"15:35";"1";"51";"51454";"2";"1";"1";"3";"EPERNAY (AVENUE D') COTE PAIR";"49,24458000";"4,01249000"
"202400002226";"1";"05";"2024";"18:26";"1";"78";"78147";"1";"1";"1";"6";"Route departementale 52";"49,00489300";"1,48591300"
"202400002227";"17";"09";"2024";"19:45";"5";"34";"34172";"2";"1";"3";"1";"MENDE (ROUTE DE)";"43,64864800";"3,86467700"
"202400002228";"29";"11";"2024";"11:15";"1";"51";"51454";"2";"2";"1";"6";"VENISE (RUE)";"49,24657500";"4,03189000"
"202400002229";"30";"04";"2024";"15:20";"1";101;101247";"2";"2";"1";"6";"#1 Voie Arena#";"41,61136700";"9,28667700"
"202400002230";"17";"09";"2024";"18:54";"1";"33";"33550";"2";"2";"1";"3";"N/A";"44,78036000";" -0,57207000"
"202400002231";"30";"04";"2024";"18:15";"2";"34";"34056";"1";"1";"1";"6";"D32";"43,42923900";"3,43598800"
"202400002232";"17";"09";"2024";"08:40";"2";"33";"33032";"2";"1";"1";"3";"N/A";"44,89931000";" -0,52885000"
"202400002233";"29";"11";"2024";"17:55";"5";"49";"49007";"2";"1";"1";"5";"FAURE QUAI";"47,48255000";" -0,54953000"
"202400002234";"30";"04";"2024";"17:45";"1";"34";"34058";"2";"1";"8";"5";"M610";"43,67948100";"4,00430700"
"202400002235";"17";"09";"2024";"17:05";"1";"31";"31555";"2";"1";"1";"2";"TRENTIN (BD SILVIO) DU 2AU 110";"43,62654562";"1,43290848"
"202400002236";"29";"11";"2024";"17:45";"1";"49";"49007";"2";"1";"1";"6";"SAINT MICHEL BOULEVARD";"47,47362000";" -0,54236000"
"202400002237";"17";"09";"2024";"18:00";"1";"29";"29232";"2";"1";"1";"1";"Rue Pierre Corneille";"47,99462500";" -4,13127200"
"202400002238";"29";"11";"2024";"14:35";"1";"46";"46042";"1";"1";"1";"4";"DEPARTEMENTALE N°811 (ENTRE MERCUES ET C";"44,49180000";"1,40618000"
"202400002239";"30";"04";"2024";"18:05";"1";"83";"83037";"1";"1";"1";"5";"D5";"43,36862800";"5,97363400"
"202400002240";"17";"09";"2024";"08:12";"5";"29";"29019";"2";"3";"1";"2";"rue de Bruxelles";"48,37535100";" -4,52823000"
"202400002241";"30";"11";"2024";"00:10";"5";"44";"44162";"2";"6";"5";"6";"Boulevard Marcel Paul";"47,22846000";" -1,63519000"
"202400002242";"30";"04";"2024";"07:30";"1";"13";"13093";"1";"1";"1";"7";"D561";"43,69288400";"5,38859900"
"202400002243";"16";"09";"2024";"14:50";"1";"29";"29019";"2";"6";"1";"6";"rue Jean Sebastien Bach";"48,39404000";" -4,52878000"
"202400002244";"28";"11";"2024";"19:00";"5";"43";"43157";"2";"1";"1";"6";"Route de Montredon";"45,04954000";"3,89658000"
"202400002245";"27";"04";"2024";"19:50";"1";"13";"13041";"2";"1";"1";"1";"Avenue Louise Michel";"43,45113100";"5,46900300"
"202400002246";"17";"09";"2024";"07:05";"2";"27";"27681";"2";"1";"1";"2";"CHAMPOURGS (RUE DES)";"49,08819000";"1,48968000"
"202400002247";"28";"11";"2024";"08:45";"1";"43";"43157";"1";"1";"8";"2";"RN88";"45,02768000";"3,90327000"
"202400002248";"1";"05";"2024";"01:30";"3";"57";"57620";"1";"1";"1";"1";"D181a";"49,20561200";"5,99460800"
"202400002249";"29";"04";"2024";"18:20";"1";"85";"85226";"2";"1";"1";"6";"Route du Perrier";"46,76813000";" -1,96258800"
"202400002250";"17";"09";"2024";"16:55";"1";"27";"27684";"2";"6";"1";"3";"Route de Paris";"49,01553000";"1,18744000"
"202400002251";"29";"11";"2024";"18:50";"3";"35";"35051";"1";"1";"1";"4";"EST (ROCADE)";"48,11213000";" -1,58486000"
"202400002252";"30";"04";"2024";"20:45";"1";"60";"60439";"2";"2";"2";"6";"Rue de l'Abattoir";"49,31466500";"2,32240900"
"202400002253";"17";"09";"2024";"16:55";"1";"27";"27229";"2";"1";"1";"2";"DEPORTES (RUE DES)";"49,01922000";"1,15598000"
"202400002254";"29";"11";"2024";"17:10";"2";"35";"35238";"2";"1";"1";"7";"LE GUILLOUX (HENRI)";"48,11504000";" -1,69925000"
"202400002255";"29";"04";"2024";"10:23";"1";"13";"13071";"1";"1";"1";"3";"A55-Sens Martigues vers Marseille";"43,39330763";"5,29952667"
"202400002256";"17";"09";"2024";"09:05";"1";"22";"22360";"2";"6";"1";"3";"ROND POINT DE BREZILLET";"48,49354000";" -2,76148000"
"202400002257";"29";"11";"2024";"16:55";"2";"35";"35238";"2";"1";"1";"5";"LORIENT (DE)";"48,10533000";" -1,73429000"
"202400002258";"29";"04";"2024";"00:45";"5";"83";"83137";"1";"1";"1";"6";"A50";"43,12535000";"5,90660000"
"202400002259";"30";"04";"2024";"09:41";"1";"33";"33550";"1";"1";"1";"6";"N/A";"44,78136900";" -0,58132700"
"202400002260";"29";"11";"2024";"15:15";"1";"35";"35238";"1";"1";"1";"2";"RN 136";"48,12968262";" -1,71067536"
"202400002261";"17";"09";"2024";"17:35";"1";"22";"22113";"2";"9";"1";"3";"MENDES FRANCE (BOULEVARD)";"48,73042119";" -3,46910834"
"202400002262";"25";"04";"2024";"12:45";"1";"33";"33013";"1";"1";"1";"4";"N/A";"44,86884000";" -0,50454000"
"202400002263";"29";"11";"2024";"12:20";"1";"35";"35238";"2";"1";"1";"3";"LE HO (JEAN)";"48,10600000";" -1,72359000"
"202400002264";"17";"09";"2024";"09:50";"1";"19";"19031";"2";"3";"1";"3";"KENNEDY (AVENUE JOHN)";"45,16743000";"1,55049000"
"202400002265";"29";"11";"2024";"02:09";"3";"34";"34336";"1";"9";"1";"7";"MEDITERRANEE (ROND POINT DE LA)";"43,32092000";"3,29226000"
"202400002266";"17";"09";"2024";"07:54";"1";"19";"19031";"2";"2";"1";"3";"BRUNE (BOULEVARD)";"45,15297000";"1,53532000"
"202400002267";"26";"04";"2024";"22:25";"5";"62";"62193";"1";"1";"2";"6";"A16";"50,93551070";"1,86643744"
"202400002268";"29";"11";"2024";"20:00";"5";"33";"33039";"2";"3";"1";"3";"N/A";"44,81063000";" -0,57389000"
"202400002269";"17";"09";"2024";"17:30";"1";"17";"17333";"1";"1";"1";"7";"EXPRESS (voie)";"45,60302000";" -0,97343000"
"202400002270";"29";"11";"2024";"13:00";"1";"33";"33318";"1";"1";"1";"6";"N/A";"44,76842000";" -0,71924000"
"202400002271";"30";"04";"2024";"17:54";"1";"91";"91228";"1";"1";"1";"5";"AUTOROUTE A6";"48,63150000";"2,40743000"
"202400002272";"28";"11";"2024";"18:35";"5";"33";"33119";"2";"6";"1";"3";"N/A";"44,85916000";" -0,53849000"
"202400002273";"17";"09";"2024";"19:30";"5";"13";"13106";"2";"1";"3";"5";"APT (ROUTE D')";"43,40156448";"5,36431208"
"202400002274";"30";"04";"2024";"08:25";"2";"91";"91589";"1";"1";"2";"3";"AUTOROUTE A6";"48,67460000";"2,34190000"
"202400002275";"29";"11";"2024";"11:35";"1";"31";"31555";"2";"1";"1";"3";"BD DE SUISSE";"43,61997000";"1,42392000"
"202400002276";"17";"09";"2024";"17:10";"1";"13";"13214";"2";"9";"1";"6";"MORETTI (BOULEVARD)";"43,32478000";"5,38435000"
"202400002277";"30";"04";"2024";"18:05";"1";"78";"78646";"1";"1";"1";"3";"RN12";"48,79218400";"2,09413700"
"202400002278";"20";"11";"2024";"17:45";"5";"31";"31555";"2";"1";"2";"6";"GUESDE (ALL JULES) DU 1AU 3";"43,59300000";"1,44444000"
"202400002279";"17";"09";"2024";"15:50";"1";"13";"13213";"2";"1";"1";"3";"PAUL LANGEVIN (RUE)";"43,33848000";"5,43263000"
"202400002280";"30";"04";"2024";"12:00";"1";"95";"95018";"1";"1";"1";"3";"A15";"48,95858710";"2,27405291"
"202400002281";"27";"11";"2024";"15:40";"1";"31";"31555";"2";"1";"1";"2";"STRASBOURG (BD DE) DU 2AU 66";"43,60630000";"1,44827000"
"202400002282";"16";"09";"2024";"20:30";"5";"13";"13214";"2";"1";"1";"3";"SAINTE MARTHE (chemin)";"43,33382000";"5,39024000"
"202400002283";"30";"04";"2024";"07:10";"2";"93";"93010";"1";"1";"1";"2";"A3";"48,91421205";"2,47719385"
"202400002284";"29";"11";"2024";"20:54";"5";"29";"29232";"2";"1";"1";"2";"Avenue de la Liberation";"47,98524215";" -4,07386660"
"202400002285";"17";"09";"2024";"11:25";"1";"13";"13213";"2";"1";"1";"3";"ALPHONSE DAUDET (RUE)";"43,31939000";"5,40861000"
"202400002286";"30";"04";"2024";"19:30";"1";"77";"77372";"1";"1";"1";"3";"A104";"48,89416300";"2,66551100"
"202400002287";"29";"11";"2024";"20:33";"5";"25";"25539";"2";"1";"1";"1";"BERNE (RUE DE)";"47,45431000";"6,87536000"
"202400002288";"17";"09";"2024";"08:45";"1";"13";"13209";"2";"1";"7";"1";"CHE DE LA COLLINE SAINT JOSEPH";"43,25613000";"5,41156000"
"202400002289";"30";"04";"2024";"15:25";"1";"94";"94073";"1";"1";"1";"2";"A86";"48,75384198";"2,38000556"
"202400002290";"16";"09";"2024";"15:55";"1";"13";"13209";"2";"1";"1";"3";"REDON (BOULEVARD DU)";"43,25101747";"5,42207036"
"202400002291";"21";"11";"2024";"13:20";"1";"22";"22113";"2";"2";"3";"1";"PLACENN AR GUER (CHEMIN DE)";"48,74800000";" -3,45890000"
"202400002292";"30";"04";"2024";"02:45";"3";"94";"94046";"1";"1";"1";"6";"A86";"48,81309216";"2,44867926"
"202400002293";"16";"09";"2024";"08:41";"1";"13";"13207";"2";"2";"1";"3";"PAUL CODACCIONI (RUE)";"43,28795000";"5,36060000"
"202400002294";"29";"11";"2024";"11:25";"1";"17";"17415";"2";"2";"1";"1";"LORMONT RUE DE";"45,74679000";" -0,61476000"
"202400002295";"16";"09";"2024";"21:30";"5";"10";"10387";"2";"1";"1";"7";"Boulevard Danton";"48,30179000";"4,07528000"
"202400002296";"29";"04";"2024";"18:00";"1";"77";"77121";"1";"1";"1";"2";"A4";"48,83126000";"2,68235700"
"202400002297";"29";"11";"2024";"10:15";"1";"17";"17415";"2";"1";"1";"2";"PORT D'ENVAUX ROUTE DE";"45,76474000";" -0,64145000"
"202400002298";"17";"09";"2024";"19:10";"1";"07";"07281";"2";"1";"1";"6";"REPUBLIQUE (RUE DE LA)";"44,94590000";"4,84369000"
"202400002299";"27";"02";"2024";"21:00";"5";"95";"95218";"2";"1";"1";"6";"ROGER SALENGRO (AVENUE)";"49,01767600";"2,11205300"
"202400002300";"29";"11";"2024";"08:58";"1";"17";"17306";"1";"1";"7";"2";"EXPRESS (VOIE)";"45,63099000";" -1,00694000"
"202400002301";"17";"09";"2024";"10:28";"1";"01";"01344";"2";"1";"1";"2";"TREVOUX (AVENUE DE)";"46,20164000";"5,20737000"
"202400002302";"29";"11";"2024";"06:31";"5";"17";"17300";"2";"2";"1";"3";"ORBIGNY   RUE ALCIDE D'";"46,16424000";" -1,14891000"
"202400002303";"17";"09";"2024";"17:30";"1";"75";"75117";"2";"1";"1";"2";"ECHANGEUR MAILLOT";"48,88016671";"2,28125632"
"202400002304";"29";"11";"2024";"12:20";"1";"14";"14366";"2";"1";"1";"3";"37 Avenue du 6 Juin";"49,14356000";"0,21950000"
"202400002305";"17";"09";"2024";"13:13";"1";"75";"75117";"2";"2";"1";"6";"BOULEVARD DES BATIGNOLLES";"48,88303500";"2,32402300"
"202400002306";"29";"11";"2024";"09:10";"1";"14";"14167";"1";"2";"7";"3";"32 Rue Jean Monnet";"49,19135000";" -0,29564000"
"202400002307";"29";"04";"2024";"10:00";"1";"987";"98736";"1";"1";"1";"4";"CHARLES DE GAULLE (AV)";" -17,52682000";" -149,54505000"
"202400002308";"17";"09";"2024";"09:20";"1";"75";"75106";"2";"3";"1";"6";"BOULEVARD SAINT MICHEL";"48,85274800";"2,34384700"
"202400002309";"29";"11";"2024";"17:25";"5";"10";"10333";"2";"6";"1";"3";"LOMBARDS (AVENUE)";"48,27850000";"4,06660000"
"202400002310";"28";"04";"2024";"01:39";"5";"987";"98736";"2";"1";"1";"3";"ARIIPAEA POMARE (AV)";" -17,53385000";" -149,54730000"
"202400002311";"17";"09";"2024";"01:20";"5";"75";"75119";"2";"2";"1";"3";"RUE MANIN";"48,88304600";"2,38545200"
"202400002312";"29";"11";"2024";"14:00";"1";"10";"10387";"2";"2";"1";"1";"Rue de Preize";"48,31410000";"4,06130000"
"202400002313";"17";"09";"2024";"21:00";"3";"75";"75117";"2";"1";"1";"1";"BOULEVARD DE COURCELLES";"48,88115500";"2,31461500"
"202400002314";"29";"04";"2024";"16:55";"1";"974";"97416";"2";"1";"1";"3";"LEBLOND 1 (RUE MARIUS ET ARY)";" -21,33590000";"55,46901000"
"202400002315";"28";"11";"2024";"16:40";"1";"10";"10357";"2";"1";"1";"4";"ROCADE EST (RD 610)";"48,27902000";"4,12359000"
"202400002316";"16";"09";"2024";"12:30";"1";"75";"75117";"2";"2";"1";"6";"BOULEVARD BERTHIER";"48,88791300";"2,29976800"
"202400002317";"29";"04";"2024";"07:30";"1";"974";"97411";"2";"1";"1";"2";"MACE (ROUTE GABRIEL)";" -20,90830040";"55,50335276"
"202400002318";"28";"11";"2024";"14:30";"1";"10";"10387";"2";"2";"1";"6";"Boulevard Gambetta";"48,29875000";"4,07051000"
"202400002319";"17";"09";"2024";"17:45";"1";"75";"75116";"2";"2";"1";"6";"AVENUE DE VERSAILLES";"48,84071300";"2,26500900"
"202400002320";"27";"04";"2024";"05:15";"3";"973";"97302";"2";"9";"1";"7";"MADELEINE (ROUTE DE LA)";"4,91713000";" -52,32148000"
"202400002321";"29";"11";"2024";"04:45";"5";"08";"08480";"2";"9";"5";"6";"N/A";"49,74270000";"4,73939000"
"202400002322";"16";"09";"2024";"19:20";"1";"75";"75114";"2";"1";"1";"2";"RUE RAYMOND LOSSERAND";"48,83212300";"2,31472300"
"202400002323";"27";"04";"2024";"20:45";"3";"973";"97302";"1";"1";"1";"2";"ROUTE NATIONALE 1";"4,90199348";" -52,32483387"
"202400002324";"29";"11";"2024";"14:35";"1";"06";"06027";"2";"3";"1";"6";"3 Rue Hélène Boucher";"43,65881000";"7,14756000"
"202400002325";"29";"11";"2024";"19:40";"5";"05";"05061";"2";"1";"1";"3";"DESCENTE ( ROUTE DE LA )";"44,57516000";"6,08310000"
"202400002326";"17";"09";"2024";"19:30";"5";"75";"75109";"2";"2";"1";"3";"RUE DU FAUBOURG MONTMARTRE";"48,87157900";"2,34320200"
"202400002327";"29";"04";"2024";"13:10";"1";"972";"97213";"1";"1";"1";"4";"ROUTE NATIONALE 1";"14,62350000";" -60,98870000"
"202400002328";"12";"08";"2024";"17:25";"1";"06";"06069";"2";"3";"1";"1";"167 Avenue Jean Maubert (ancienne route du Plan)";"43,64298100";"6,95709000"
"202400002329";"29";"11";"2024";"10:00";"1";"75";"75113";"2";"1";"1";"2";"BOULEVARD PERIPHERIQUE INTERIEUR SUD";"48,81839700";"2,36934700"
"202400002330";"17";"09";"2024";"13:15";"1";"75";"75108";"2";"7";"8";"6";"RUE DU FAUBOURG SAINT HONORE";"48,87321600";"2,31004800"
"202400002331";"12";"08";"2024";"17:00";"1";"75";"75119";"2";"3";"1";"6";"QUAI DE LA GIRONDE";"48,89578500";"2,38359500"
"202400002332";"29";"04";"2024";"09:30";"1";"971";"97101";"1";"1";"1";"6";"RN11";"16,27670042";" -61,52475178"
"202400002333";"29";"11";"2024";"17:35";"5";"75";"75116";"2";"1";"1";"5";"BOULEVARD PERIPHERIQUE EXTERIEUR OUEST";"48,86117100";"2,26389100"
"202400002334";"17";"09";"2024";"08:45";"1";"75";"75101";"2";"2";"1";"3";"PLACE DES PYRAMIDES";"48,86398900";"2,33227000"
"202400002335";"12";"08";"2024";"17:10";"1";"75";"75118";"2";"5";"1";"6";"RUE POULET";"48,88828695";"2,35143453"
"202400002336";"29";"04";"2024";"07:00";"1";"971";"97101";"2";"1";"1";"3";"PATRICK SAINT ELOI ( AVENUE )";"16,25444000";" -61,52275000"
"202400002337";"16";"09";"2024";"18:16";"1";"75";"75104";"2";"1";"1";"7";"QUAI HENRI IV";"48,84939300";"2,36181200"
"202400002338";"29";"11";"2024";"18:00";"5";"75";"75105";"2";"2";"1";"6";"RUE GEORGES DESPLAS";"48,84141300";"2,35470800"
"202400002339";"12";"08";"2024";"12:10";"1";"75";"75118";"2";"7";"7";"3";"PLACE ALBERT KAHN";"48,89597000";"2,34601800"
"202400002340";"28";"04";"2024";"09:10";"1";"971";"97101";"2";"4";"1";"3";"ACHILLE RENE BOISNEUF (RUE)";"16,27060686";" -61,50546670"
"202400002341";"16";"09";"2024";"17:00";"1";"75";"75103";"2";"3";"1";"2";"RUE DE TURENNE";"48,85881800";"2,36451100"
"202400002342";"12";"08";"2024";"13:40";"1";"75";"75108";"2";"2";"1";"3";"RUE DE ROME";"48,87950700";"2,32182700"
"202400002343";"28";"11";"2024";"09:27";"1";"75";"75105";"2";"4";"1";"4";"RUE MONGE";"48,83972800";"2,35117800"
"202400002344";"28";"04";"2024";"01:55";"4";"971";"97113";"2";"1";"1";"7";"RN4 - SECTION RIVIERA";"16,22260000";" -61,52311000"
"202400002345";"17";"09";"2024";"15:00";"1";"94";"94052";"2";"9";"1";"3";"Avenue de Joinville";"48,83323400";"2,47134300"
"202400002346";"29";"11";"2024";"19:05";"5";"75";"75119";"2";"7";"1";"6";"PLACE DE LA PORTE DE PANTIN";"48,88988100";"2,39662300"
"202400002347";"29";"04";"2024";"08:11";"1";"88";"88413";"2";"1";"1";"7";"Avenue de l'egalité";"48,29172000";"6,94021000"
"202400002348";"17";"09";"2024";"19:00";"2";"94";"94043";"2";"1";"1";"6";"53 Avenue de Fontainebleau";"48,81261600";"2,36163800"
"202400002349";"12";"08";"2024";"09:10";"1";"75";"75108";"2";"2";"1";"3";"AVENUE FRANKLIN D ROOSEVELT";"48,87137200";"2,31006700"
"202400002350";"29";"11";"2024";"12:05";"1";"75";"75116";"2";"2";"1";"3";"BOULEVARD SUCHET";"48,85303500";"2,26187300"
"202400002351";"16";"09";"2024";"18:50";"1";"94";"94003";"2";"1";"1";"2";"111 Rue des Martyrs du 8 Fevrier 1962";"48,81089593";"2,33827740"
"202400002352";"27";"04";"2024";"06:50";"2";"87";"87085";"2";"3";"1";"3";"LECLERC (AVENUE DU GENERAL)";"45,84910259";"1,26263022"
"202400002353";"29";"11";"2024";"09:55";"1";"75";"75114";"2";"1";"1";"6";"BOULEVARD JOURDAN";"48,82174000";"2,33257200"
"202400002354";"17";"09";"2024";"19:36";"1";"94";"94065";"1";"1";"1";"2";"N186B";"48,75395000";"2,36858000"
"202400002355";"29";"04";"2024";"12:50";"1";"77";"77284";"2";"9";"1";"2";"ALLENDE (AV.SALVADOR)";"48,95200000";"2,90111000"
"202400002356";"12";"08";"2024";"02:25";"5";"75";"75102";"2";"3";"1";"3";"RUE MONTMARTRE";"48,87019200";"2,34261600"
"202400002357";"29";"11";"2024";"03:00";"5";"75";"75112";"2";"1";"1";"6";"AVENUE DE SAINT MAURICE";"48,83408200";"2,42035100"
"202400002358";"17";"09";"2024";"15:30";"1";"94";"94033";"2";"1";"1";"6";"Avenue Charles Garcia";"48,85580000";"2,48190000"
"202400002359";"29";"04";"2024";"09:00";"1";"77";"77181";"2";"1";"1";"7";"JOSEPH PAXTON (avenue de)";"48,82696400";"2,71572600"
"202400002360";"12";"08";"2024";"14:20";"1";"94";"94046";"2";"3";"1";"3";"Avenue du Général Leclerc";"48,80442000";"2,44350000"
"202400002361";"29";"11";"2024";"18:15";"5";"75";"75101";"2";"3";"1";"3";"BOULEVARD DE LA MADELEINE";"48,86957400";"2,32588700"
"202400002362";"16";"09";"2024";"08:30";"1";"94";"94028";"2";"6";"1";"3";"Place du General Pierre Billotte";"48,77738000";"2,45530000"
"202400002363";"27";"04";"2024";"13:30";"1";"76";"76447";"2";"3";"2";"3";"Avenue Antoine de Saint-Exupéry";"49,55036000";"0,17502000"
"202400002364";"29";"11";"2024";"12:20";"1";"75";"75109";"2";"2";"1";"6";"RUE DE CHATEAUDUN";"48,87574900";"2,34200200"
"202400002365";"12";"08";"2024";"09:55";"1";"94";"94079";"2";"1";"1";"2";"Rue du Général de Gaulle";"48,82660000";"2,53930000"
"202400002366";"17";"09";"2024";"15:45";"1";"94";"94054";"2";"1";"1";"6";"Av des Martyrs de Chateaubriant";"48,74495000";"2,40776000"
"202400002367";"28";"04";"2024";"16:50";"1";"76";"76351";"2";"3";"1";"3";"GEORGES BRAQUE (RUE)";"49,49526000";"0,10341000"
"202400002368";"29";"11";"2024";"12:15";"1";"75";"75109";"2";"2";"1";"6";"BOULEVARD POISSONNIERE";"48,87148000";"2,34305300"
"202400002369";"17";"09";"2024";"18:00";"1";"94";"94069";"2";"1";"1";"3";"Rue Paul Verlaine";"48,81563891";"2,45897037"
"202400002370";"12";"08";"2024";"14:40";"1";"93";"93027";"2";"1";"7";"3";"Avenue Paul Vaillant-Couturier";"48,92607000";"2,41639000"
"202400002371";"27";"04";"2024";"19:25";"1";"76";"76351";"2";"1";"2";"6";"DENIS PAPIN (PONT)";"49,49500300";"0,13800900"
"202400002372";"17";"09";"2024";"20:30";"5";"93";"93059";"2";"1";"1";"6";"EMILIE (AVENUE)";"48,96429612";"2,35921699"
"202400002373";"29";"11";"2024";"20:30";"5";"75";"75108";"2";"4";"1";"3";"AVENUE DE FRIEDLAND";"48,87490000";"2,30453500"
"202400002374";"12";"08";"2024";"12:10";"1";"93";"93014";"2";"1";"1";"6";"Allée de Gagny";"48,90715559";"2,54974902"
"202400002375";"17";"09";"2024";"15:10";"2";"93";"93072";"2";"1";"1";"3";"STALINGRAD (AVENUE DE) COTE N°7 A 49";"48,94826000";"2,37847000"
"202400002376";"29";"04";"2024";"08:35";"1";"71";"71270";"2";"3";"3";"6";"JEANTON (RUE GABRIEL)";"46,30293242";"4,82873663"
"202400002377";"29";"11";"2024";"06:05";"5";"75";"75108";"2";"5";"1";"6";"RUE DE LA PEPINIERE";"48,87485800";"2,31989300"
"202400002378";"12";"08";"2024";"09:30";"1";"93";"93001";"2";"1";"1";"3";"Rue de la Nouvelle France";"48,91330686";"2,38709172"
"202400002379";"29";"04";"2024";"14:30";"1";"69";"69092";"2";"1";"8";"6";"Ancienne Route de Beaujeu";"46,00552000";"4,71482000"
"202400002380";"28";"11";"2024";"20:50";"5";"75";"75103";"2";"4";"1";"7";"RUE DE TURENNE";"48,86271600";"2,36463100"
"202400002381";"29";"04";"2024";"08:15";"2";"66";"66136";"2";"2";"3";"6";"Chemin de la Passio-Vella";"42,68721000";"2,90052000"
"202400002382";"1";"07";"2024";"19:20";"1";"92";"92050";"2";"1";"1";"5";"JOFFRE MARECHAL AVENUE DU";"48,88572000";"2,19693000"
"202400002383";"28";"11";"2024";"20:50";"5";"94";"94076";"2";"2";"1";"3";"Avenue de l'Epi d'Or";"48,78081783";"2,35551971"
"202400002384";"12";"08";"2024";"01:30";"5";"92";"92050";"2";"1";"1";"7";"MANSARD JULES BOULEVARD";"48,89925600";"2,21005395"
"202400002385";"29";"04";"2024";"05:49";"1";"59";"59041";"2";"2";"1";"1";"CHS BRUNEHAUT";"50,21037100";"3,84977700"
"202400002386";"29";"11";"2024";"11:45";"1";"94";"94034";"2";"4";"7";"6";"Rue Roger Salengro";"48,75615363";"2,32167935"
"202400002387";"1";"08";"2024";"22:48";"5";"92";"92023";"2";"2";"1";"3";"ETANGS (RUE DES)";"48,79666000";"2,27446000"
"202400002388";"28";"04";"2024";"22:05";"3";"59";"59211";"1";"1";"1";"1";"RD 621";"50,38274000";"3,02657500"
"202400002389";"29";"11";"2024";"12:30";"1";"93";"93071";"2";"9";"1";"1";"YOURI GAGARINE (AVENUE)";"48,94832267";"2,52114773"
"202400002390";"29";"04";"2024";"10:25";"1";"57";"57672";"2";"1";"1";"6";"MANEGE (RUE DU)";"49,35915000";"6,16558000"
"202400002391";"13";"08";"2024";"18:25";"1";"35";"35165";"1";"3";"1";"3";"D107";"47,95694600";" -1,35789500"
"202400002392";"9";"08";"2024";"11:00";"1";101;101189";"2";"1";"7";"3";"19 Résidence du Golfe Valinco B";"41,69857203";"8,84142593"
"202400002393";"29";"11";"2024";"13:52";"1";"93";"93070";"2";"1";"1";"3";"CAPITAINE-GLARNER (AV)";"48,90484535";"2,32844853"
"202400002394";"29";"04";"2024";"12:10";"1";"56";"56098";"2";"3";"1";"2";"Rue Jean Jaurès";"47,76414000";" -3,36052000"
"202400002395";"13";"08";"2024";"03:30";"3";"67";"67273";"1";"1";"1";"7";"D107";"48,86151700";"7,25423800"
"202400002396";"28";"04";"2024";"17:30";"1";"56";"56121";"2";"1";"1";"6";"YEQUEL (RUE  LOUIS )";"47,75487000";" -3,36618000"
"202400002397";"29";"11";"2024";"20:00";"5";"93";"93048";"2";"9";"1";"7";"COLONEL FABIEN (AVENUE DU)";"48,87633100";"2,45445800"
"202400002398";"26";"04";"2024";"10:41";"1";"56";"56121";"2";"1";"1";"7";"Promenade du Ter";"47,73420300";" -3,39669600"
"202400002399";"13";"08";"2024";"03:15";"3";"84";"84043";"1";"4";"1";"6";"D942";"44,00821900";"4,94204500"
"202400002400";"29";"11";"2024";"12:03";"1";"93";"93047";"2";"2";"1";"3";"CHARMILLES    (AVENUE DES)";"48,88847096";"2,54766378"
"202400002401";"28";"04";"2024";"08:00";"1";"50";"50129";"2";"2";"1";"6";"SENNECEY (RUE DE)";"49,63751000";" -1,60565000"
"202400002402";"12";"08";"2024";"22:00";"3";"27";"27027";"1";"1";"1";"7";"Rue de Jumelles";"48,90127500";"1,23110200"
"202400002403";"29";"11";"2024";"16:20";"1";"93";"93031";"2";"1";"1";"6";"FITZELIN (DE)";"48,95940580";"2,30411442"
"202400002404";"9";"08";"2024";"21:30";"2";"35";"35308";"2";"1";"1";"6";"rue françois-rené de chateaubriand";"48,45664100";" -1,82650900"
"202400002405";"28";"04";"2024";"19:00";"1";"50";"50129";"2";"2";"1";"2";"SALINE (BOULEVARD DE LA)";"49,64894000";" -1,64421000"
"202400002406";"28";"11";"2024";"22:40";"5";"93";"93031";"2";"2";"1";"1";"JEAN JAURES (AVENUE)";"48,95446739";"2,31765175"
"202400002407";"29";"04";"2024";"12:10";"1";"49";"49015";"2";"6";"1";"3";"LANGEVIN RUE PAUL";"47,51847000";" -0,60713000"
"202400002408";"11";"08";"2024";"11:00";"1";"63";"63329";"1";"1";"1";"7";"D987";"46,07657182";"2,81226544"
"202400002409";"29";"11";"2024";"08:00";"1";"93";"93029";"2";"1";"1";"3";"CASTELNAU (AVENUE)";"48,92909002";"2,45826211"
"202400002410";"24";"04";"2024";"11:00";"1";"42";"42218";"2";"1";"1";"5";"Cours Fauriel";"45,42503000";"4,40693000"
"202400002411";"12";"08";"2024";"22:15";"3";"44";"44195";"1";"1";"1";"7";"N/A";"47,37164400";" -1,92731700"
"202400002412";"29";"11";"2024";"19:10";"5";"92";"92063";"2";"2";"1";"6";"REPUBLIQUE (AVENUE DE LA)";"48,88494376";"2,16906108"
"202400002413";"29";"04";"2024";"18:15";"1";"38";"38185";"2";"2";"1";"1";"BERRIAT (COURS)             1 A 55-72";"45,18788723";"5,72170839"
"202400002414";"7";"08";"2024";"17:40";"1";"87";"87020";"1";"1";"1";"3";"D920";"45,94064600";"1,31707200"
"202400002415";"29";"11";"2024";"09:38";"1";"92";"92051";"2";"1";"1";"6";"CHARLES DE GAULLE (AVENUE,N°118 A 192 +";"48,88280752";"2,26749882"
"202400002416";"29";"03";"2024";"23:25";"5";"37";"37214";"2";"2";"1";"1";"DE GAULLE (BD CHARLES)";"47,41302000";"0,67221000"
"202400002417";"12";"08";"2024";"18:19";"1";"47";"47233";"2";"8";"8";"3";"Passage à niveau 90";"44,52570100";"0,10949900"
"202400002418";"29";"11";"2024";"07:36";"5";"92";"92051";"2";"1";"1";"2";"RICHARD WALLACE (BOULEVARD)";"48,87445041";"2,25372300"
"202400002419";"29";"11";"2024";"00:15";"5";"92";"92020";"2";"1";"1";"6";"BROSSOLETTE RUE PIERRE N°3 A 13";"48,80012587";"2,28482589"
"202400002420";"29";"04";"2024";"11:30";"1";"37";"37261";"2";"6";"1";"2";"COMPAGNONS D'EMMAUS (AVENUE DES)";"47,43191000";"0,69788000"
"202400002421";"12";"08";"2024";"12:45";"1";100;100143";"1";"1";"1";"3";"Chemin Diccepone - Bagheera";"42,22081100";"9,53800000"
"202400002422";"28";"11";"2024";"23:06";"5";"92";"92049";"2";"1";"1";"7";"BROSSOLETTE AVENUE PIERRE";"48,82132107";"2,31284603"
"202400002423";"29";"04";"2024";"14:45";"1";"35";"35238";"2";"2";"1";"6";"VANEAU";"48,11084127";" -1,69253352"
"202400002424";"12";"08";"2024";"19:20";"1";"62";"62044";"1";"1";"1";"3";"D901";"50,47902591";"1,76653685"
"202400002425";"29";"11";"2024";"15:00";"1";"92";"92026";"2";"2";"1";"3";"COURBEVOIE (PONT DE)";"48,89677006";"2,26431817"
"202400002426";"11";"08";"2024";"07:51";"1";"57";"57541";"1";"1";"1";"7";"36 Route de Niederbronn";"48,97521700";"7,57365700"
"202400002427";"29";"04";"2024";"18:30";"1";"34";"34172";"2";"3";"1";"3";"LECLERC (AVENUE DU MARECHAL)";"43,59794500";"3,87842500"
"202400002428";"29";"11";"2024";"14:50";"1";"92";"92026";"2";"1";"1";"6";"GAMBETTA";"48,89343318";"2,24679789"
"202400002429";"12";"08";"2024";"17:40";"1";"57";"57311";"1";"1";"1";"1";"D29";"48,99256785";"6,84186534"
"202400002430";"29";"04";"2024";"18:30";"1";"34";"34172";"2";"1";"1";"3";"JUSTICE DE CASTELNAU (AVENUE DE LA)";"43,62643000";"3,88363000"
"202400002431";"29";"11";"2024";"18:05";"2";"92";"92025";"2";"3";"1";"6";"VALMY (BD DE)";"48,92608596";"2,25301199"
"202400002432";"12";"08";"2024";"07:30";"1";"19";"19033";"1";"1";"1";"1";"D979";"45,59534958";"1,94648128"
"202400002433";"26";"04";"2024";"14:40";"1";"34";"34032";"2";"1";"1";"6";"SOEURS GRISES (RUE DES)";"43,34552000";"3,21228000"
"202400002434";"29";"04";"2024";"21:50";"5";"33";"33281";"2";"1";"1";"6";"N/A";"44,83509000";" -0,63141000"
"202400002435";"12";"08";"2024";"12:46";"1";"19";"19023";"1";"9";"1";"3";"N/A";"45,12646900";"1,73366700"
"202400002436";"29";"11";"2024";"18:10";"5";"92";"92024";"2";"1";"1";"3";"CASTERES (RUE)";"48,89914272";"2,30321936"
"202400002437";"10";"08";"2024";"22:58";"3";"56";"56057";"2";"1";"1";"6";"saint-fiacre";"48,01507200";" -3,48625500"
"202400002438";"29";"04";"2024";"18:30";"1";"33";"33281";"2";"1";"1";"2";"N/A";"44,83100000";" -0,66500000"
"202400002439";"29";"11";"2024";"18:26";"5";"92";"92012";"2";"2";"1";"1";"GALLIENI (RUE) 55/157 - 50/140";"48,83732317";"2,24578066"
"202400002440";"13";"08";"2024";"14:11";"1";"56";"56258";"2";"1";"1";"6";"1 Rue Mané Roularde";"47,58890300";" -3,03161200"
"202400002441";"29";"04";"2024";"12:10";"1";"30";"30007";"2";"1";"1";"4";"603 Quai de Bilina";"44,13404000";"4,07672000"
"202400002442";"20";"11";"2024";"12:45";"1";"47";"47100";"2";"1";"2";"1";"1 Chemin de Bellevue";"44,21631700";"0,60549800"
"202400002443";"13";"08";"2024";"05:45";"3";"56";"56137";"1";"3";"1";"3";"Ker Guillerme";"47,72905900";" -2,69392000"
"202400002444";"28";"04";"2024";"05:20";"5";"25";"25462";"2";"1";"3";"6";"CHENIER DE (ANDRE)";"46,89352800";"6,36484500"
"202400002445";"27";"11";"2024";"21:45";"3";"60";"60646";"1";"1";"1";"6";"D901";"49,47625300";"2,06922800"
"202400002446";"12";"08";"2024";"23:00";"3";"76";"76390";"1";"1";"1";"1";"740 Route de Fecamp";"49,70688634";"0,30730247"
"202400002447";"29";"04";"2024";"21:50";"5";"17";"17300";"2";"9";"1";"3";"MAIL   ALLEE DU";"46,15593000";" -1,16324000"
"202400002448";"13";"08";"2024";"03:00";"3";"76";"76263";"1";"1";"1";"6";"Route de Nolleval";"49,47250300";"1,50954700"
"202400002449";"27";"11";"2024";"12:00";"1";"51";"51217";"2";"6";"1";"6";"rue du pont";"49,07476000";"3,63823100"
"202400002450";"29";"04";"2024";"11:30";"1";"13";"13214";"2";"1";"1";"7";"GIBBES (CHEMIN DE)";"43,32742000";"5,38469000"
"202400002451";"29";"11";"2024";"13:05";"1";"11";"11203";"1";"1";"1";"3";"N/A";"43,23877800";"2,75982100"
"202400002452";"11";"08";"2024";"22:30";"3";"80";"80443";"1";"2";"1";"3";"Rue de Selincourt";"49,86757500";"1,90520500"
"202400002453";"29";"04";"2024";"15:50";"1";"13";"13001";"1";"3";"1";"1";"RD 543";"43,51454000";"5,35104000"
"202400002454";"24";"11";"2024";"19:15";"3";"86";"86117";"1";"1";"1";"1";"D118";"46,47279600";"0,89697800"
"202400002455";"12";"08";"2024";"20:24";"1";"32";"32012";"1";"8";"1";"3";"rue de la gare";"43,65150600";"0,78842500"
"202400002456";"28";"04";"2024";"07:00";"2";"10";"10362";"2";"1";"1";"6";"Rue Paul Doumer";"48,29070000";"4,05470000"
"202400002457";"27";"04";"2024";"14:20";"1";"07";"07281";"2";"1";"1";"6";"NARVIK (RUE DE)";"44,94900000";"4,84601000"
"202400002458";"13";"08";"2024";"10:50";"1";"89";"89380";"2";"3";"1";"7";"D103";"48,07548400";"3,09257100"
"202400002459";"30";"11";"2024";"18:50";"3";"83";"83049";"1";"1";"1";"5";"D97";"43,25339200";"6,10033000"
"202400002460";"13";"08";"2024";"11:30";"1";"63";"63430";"2";"1";"1";"7";"Avenue Pierre Guérin";"45,85847100";"3,55182400"
"202400002461";"30";"11";"2024";"15:05";"1";"974";"97413";"1";"1";"2";"6";"chemin hubert delisle";" -21,17786500";"55,32778900"
"202400002462";"27";"04";"2024";"21:20";"5";"75";"75118";"2";"1";"3";"2";"BD PERIPHERIQUE EXTERIEUR";"48,90111800";"2,35484100"
"202400002463";"29";"11";"2024";"18:50";"3";"12";"12122";"1";"1";"1";"6";"Autoroute A 75 PK 230.365";"44,02852900";"3,09646000"
"202400002464";"29";"04";"2024";"17:20";"1";"75";"75105";"2";"3";"1";"3";"BOULEVARD SAINT MARCEL";"48,85041500";"2,34734500"
"202400002465";"29";"11";"2024";"19:30";"5";"62";"62344";"2";"1";"1";"6";"D69";"50,52581400";"2,34974400"
"202400002466";"13";"08";"2024";"17:30";"1";"63";"63047";"1";"1";"1";"6";"RD 996";"45,59121032";"2,72618957"
"202400002467";"21";"11";"2024";"13:55";"1";"62";"62683";"2";"1";"8";"7";"D101";"50,30737485";"2,12916470"
"202400002468";"29";"04";"2024";"13:40";"1";"75";"75117";"2";"3";"1";"3";"AVENUE DES TERNES";"48,87825400";"2,29566400"
"202400002469";"12";"08";"2024";"14:20";"1";"49";"49053";"1";"1";"1";"3";"La Maison Blanche";"47,17178800";" -0,22210800"
"202400002470";"30";"11";"2024";"01:40";"3";"56";"56248";"1";"1";"5";"2";"Motten Graetal";"47,59481300";" -2,62232400"
"202400002471";"29";"04";"2024";"12:52";"1";"75";"75115";"2";"3";"1";"2";"RUE DE LA CROIX NIVERT";"48,84663200";"2,29962400"
"202400002472";"12";"08";"2024";"15:45";"1";"12";"12195";"1";"1";"1";"6";"D999";"43,87333400";"2,76574400"
"202400002473";"12";"08";"2024";"17:10";"1";"12";"12026";"1";"1";"1";"7";"Chemin des Bourines";"44,41949800";"2,81631900"
"202400002474";"12";"08";"2024";"16:25";"1";"22";"22055";"2";"3";"1";"7";"Rue Pasteur Etables";"48,62972100";" -2,83449700"
"202400002475";"29";"11";"2024";"09:00";"1";"59";"59262";"2";"1";"9";"7";"D139";"50,79815100";"2,65008700"
"202400002476";"13";"08";"2024";"13:42";"1";"25";"25050";"1";"1";"1";"5";"D242";"47,11377300";"6,61887600"
"202400002477";"29";"11";"2024";"05:00";"3";"67";"67435";"1";"2";"9";"3";"Route de Fénétrange";"48,90052600";"7,07497800"
"202400002478";"29";"04";"2024";"18:15";"1";"75";"75111";"2";"2";"1";"2";"BOULEVARD DE BELLEVILLE";"48,86717600";"2,38279100"
"202400002479";"1";"08";"2024";"09:25";"1";"25";"25315";"2";"6";"7";"3";"rue du magny";"47,44828100";"6,58345500"
"202400002480";"29";"11";"2024";"14:30";"1";"76";"76463";"1";"1";"1";"1";"D1a";"49,41315800";"1,71142100"
"202400002481";"29";"04";"2024";"09:35";"1";"75";"75111";"2";"3";"1";"7";"RUE DE LA ROQUETTE";"48,85982500";"2,38874600"
"202400002482";"13";"08";"2024";"10:15";"1";"44";"44019";"1";"1";"1";"2";"Route de Cordemais";"47,30698300";" -1,90043100"
"202400002483";"29";"11";"2024";"20:00";"3";"82";"82171";"1";"3";"5";"7";"D14";"44,01571500";"1,17492600"
"202400002484";"29";"04";"2024";"01:15";"3";"75";"75108";"2";"3";"1";"3";"AVENUE DE FRIEDLAND";"48,87435300";"2,30102300"
"202400002485";"12";"08";"2024";"09:30";"1";"44";"44101";"2";"1";"1";"6";"7 Rue de Verdun";"47,18688700";" -1,67821000"
"202400002486";"28";"04";"2024";"20:50";"5";"75";"75113";"2";"3";"1";"6";"BOULEVARD DE PORT ROYAL";"48,83826100";"2,34206100"
"202400002487";"29";"11";"2024";"17:30";"2";"61";"61150";"1";"1";"1";"1";"D932";"48,72755200";"0,41025900"
"202400002488";"21";"06";"2024";"21:20";"3";"29";"29158";"1";"1";"3";"2";"Rue de Perinaguen";"47,81604000";" -4,32049400"
"202400002489";"13";"08";"2024";"10:00";"1";"03";"03022";"1";"1";"1";"6";"D987";"46,19732900";"3,04980000"
"202400002490";"29";"04";"2024";"16:30";"1";"94";"94076";"2";"2";"1";"3";"Avenue de Paris / Rue Dauphin";"48,80582707";"2,36362454"
"202400002491";"29";"11";"2024";"07:55";"2";"49";"49307";"1";"1";"1";"5";"Route Départementale N°347 d'Angers à Saumur (Brain)";"47,46574400";" -0,42550600"
"202400002492";"13";"08";"2024";"07:20";"2";"26";"26148";"2";"1";"7";"6";"1105 Route de la Vallée";"45,25096700";"5,01299000"
"202400002493";"29";"04";"2024";"12:45";"1";"94";"94016";"2";"1";"1";"3";"61 Avenue Carnot";"48,79928895";"2,32499023"
"202400002494";"29";"11";"2024";"15:30";"1";"42";"42181";"2";"8";"1";"3";"Rue Jean Jaurès";"45,98789000";"4,21605700"
"202400002495";"7";"08";"2024";"18:40";"1";"58";"58185";"1";"1";"1";"7";"D121";"47,15439000";"4,12353200"
"202400002496";"29";"04";"2024";"10:40";"1";"94";"94038";"2";"9";"1";"6";"Avenue du Général de Gaulle";"48,78414000";"2,34579000"
"202400002497";"13";"08";"2024";"20:20";"2";"66";"66218";"1";"6";"1";"3";"D68";"42,45094400";"1,95531400"
"202400002498";"29";"04";"2024";"00:02";"3";"94";"94073";"1";"1";"1";"6";"N186B";"48,75362300";"2,37558900"
"202400002499";"29";"11";"2024";"06:55";"2";"02";"02089";"1";"1";"5";"1";"Route de Reims";"49,36443300";"3,38166500"
"202400002500";"28";"04";"2024";"10:15";"1";"94";"94002";"2";"2";"8";"1";"Rue Charles de Gaulle / Rue Véron";"48,81452000";"2,41397000"
"202400002501";"29";"11";"2024";"07:10";"2";"02";"02782";"1";"4";"1";"3";"N/A";"49,91403800";"3,19354500"
"202400002502";"13";"08";"2024";"12:40";"1";"66";"66063";"1";"1";"1";"5";"D900";"42,47429700";"2,84915000"
"202400002503";"29";"04";"2024";"20:00";"1";"93";"93077";"2";"2";"1";"6";"Rue Robert Jumel / Rue Guilbert";"48,88837000";"2,50539000"
"202400002504";"21";"11";"2024";"18:15";"2";"26";"26326";"1";"3";"1";"3";"D59";"44,34162600";"4,79039600"
"202400002505";"10";"08";"2024";"16:50";"1";"72";"72310";"1";"9";"1";"3";"D313 PK 2 +156";"48,03485900";"0,20207800"
"202400002506";"29";"04";"2024";"06:55";"1";"92";"92078";"2";"1";"1";"3";"JEAN JAURES (RUE) (N° IMPAIRS)";"48,93249955";"2,32537687"
"202400002507";"12";"08";"2024";"22:00";"3";"06";"06163";"1";"1";"1";"6";"route départementale 6204";"44,03009900";"7,57969700"
"202400002508";"29";"04";"2024";"19:05";"1";"92";"92050";"2";"1";"1";"6";"BOILEAU RUE";"48,89051807";"2,18184704"
"202400002509";"30";"11";"2024";"07:30";"2";"09";"09173";"1";"1";"1";"6";"D11";"43,05190500";"1,57355000"
"202400002510";"11";"08";"2024";"12:40";"1";"14";"14570";"1";"1";"1";"6";"443 Route de la Petite Chapelle (Saint-Julien-de-Mailloc)";"49,07786800";"0,32669800"
"202400002511";"28";"04";"2024";"05:40";"2";"92";"92044";"2";"2";"1";"2";"ANA. FRANCE(RUE)1A75 ET 2A72";"48,89061295";"2,28639686"
"202400002512";"13";"08";"2024";"15:50";"1";"50";"50096";"1";"1";"1";"1";"La Boutronnerie";"49,63580700";" -1,37071600"
"202400002513";"29";"04";"2024";"10:30";"1";"92";"92025";"2";"7";"1";"6";"GABRIEL PERI (RUE)";"48,91457000";"2,22931000"
"202400002514";"13";"08";"2024";"15:00";"1";"50";"50491";"1";"1";"1";"1";"Château de Rochefort";"49,19520500";" -1,01081700"
"202400002515";"25";"04";"2024";"08:50";"1";"92";"92024";"2";"1";"1";"3";"ANATOLE FRANCE (RUE)";"48,89804426";"2,30450925"
"202400002516";"29";"11";"2024";"14:45";"1";"64";"64147";"1";"1";"1";"3";"D21";"43,44042500";" -1,32247400"
"202400002517";"12";"08";"2024";"20:40";"2";"90";"90028";"1";"1";"1";"6";"D21";"47,53461700";"7,09173900"
"202400002518";"29";"11";"2024";"23:35";"3";"64";"64078";"1";"1";"1";"7";"pk 16 D834";"43,45685300";" -0,32737000"
"202400002519";"13";"08";"2024";"03:30";"3";"45";"45069";"1";"1";"1";"6";"D438 PR 0 + 110";"48,05942400";"2,30123200"
"202400002520";"29";"04";"2024";"16:56";"1";"92";"92007";"2";"1";"1";"2";"PETIT (AVENUE ALBERT) N° 39 A FIN";"48,79590383";"2,31757808"
"202400002521";"30";"11";"2024";"08:18";"1";"64";"64518";"2";"1";"1";"6";"Rue de la Castagnère";"43,30770000";" -0,26077500"
"202400002522";"13";"08";"2024";"17:15";"1";"16";"16393";"1";"1";"1";"6";"N/A";"45,74433000";"0,14621300"
"202400002523";"12";"08";"2024";"15:00";"1";"24";"24516";"1";"1";"1";"7";"RD60 Route de Brive";"44,97531800";"1,33121300"
"202400002524";"15";"04";"2024";"20:30";"2";"60";"60004";"1";"2";"1";"3";"D22";"49,55865538";"1,94178790"
"202400002525";"29";"11";"2024";"03:00";"3";"53";"53096";"1";"1";"1";"6";"N12";"48,30058450";" -0,96698047"
"202400002526";"13";"08";"2024";"13:40";"1";"85";"85029";"1";"1";"1";"6";"RD 758_Route de beauvoir";"46,96392000";" -2,00474000"
"202400002527";"29";"11";"2024";"15:30";"2";"53";"53062";"2";"1";"1";"3";"10 Route de Sablé (Château-Gontier)";"47,83144228";" -0,68984270"
"202400002528";"28";"03";"2024";"08:10";"1";"60";"60403";"1";"1";"1";"4";"D901";"49,50789200";"2,01672100"
"202400002529";"12";"08";"2024";"12:25";"1";"27";"27498";"2";"3";"1";"1";"1 Rue Dupont de l?Eure";"49,14995600";"0,83036400"
"202400002530";"29";"11";"2024";"21:25";"3";"85";"85130";"1";"1";"5";"2";"RD 948";"46,77497600";" -1,67568300"
"202400002531";"28";"04";"2024";"19:45";"2";"33";"33144";"2";"2";"1";"3";"N/A";"44,38915100";" -0,22085300"
"202400002532";"13";"08";"2024";"09:35";"1";"48";"48079";"1";"1";"7";"6";"D14";"44,82869600";"3,43780900"
"202400002533";"9";"08";"2024";"03:51";"3";"48";"48034";"2";"1";"1";"6";"D998";"44,41699600";"3,23200000"
"202400002534";"30";"04";"2024";"16:15";"1";"81";"81297";"2";"1";"1";"6";"7 Avenue de la Martelle";"43,91754100";"2,07846000"
"202400002535";"28";"11";"2024";"10:35";"1";"37";"37281";"1";"3";"2";"1";"D142";"47,40459100";"0,81986500"
"202400002536";"30";"04";"2024";"16:30";"1";"01";"01288";"1";"9";"1";"7";"Route de Chanvière";"46,19915600";"5,93377600"
"202400002537";"12";"08";"2024";"11:10";"1";"48";"48094";"1";"1";"1";"3";"Route Departementale 907 Bis (Les Vignes)";"44,30300600";"3,27104000"
"202400002538";"29";"11";"2024";"12:40";"1";"30";"30212";"2";"3";"1";"3";"D6101";"43,94163000";"4,57285000"
"202400002539";"13";"08";"2024";"10:45";"1";"52";"52365";"1";"1";"1";"7";"Bricon";"48,06509873";"4,94803088"
"202400002540";"10";"04";"2024";"11:35";"1";"29";"29189";"1";"1";"2";"2";"RN165";"48,38396312";" -4,39024191"
"202400002541";"29";"04";"2024";"02:00";"3";"41";"41252";"1";"1";"9";"6";"A10, PK 141.500";"47,69289500";"1,43543200"
"202400002542";"12";"08";"2024";"17:55";"1";"67";"67176";"1";"1";"1";"1";"D1062";"48,89454800";"7,65821200"
"202400002543";"29";"04";"2024";"09:52";"1";"65";"65010";"1";"2";"2";"3";"D817";"43,19707300";"0,15652300"
"202400002544";"12";"08";"2024";"18:00";"1";"30";"30169";"1";"1";"1";"1";"D135";"43,77289100";"4,33213200"
"202400002545";"13";"08";"2024";"10:14";"1";"69";"69244";"2";"1";"1";"6";"14 Avenue Général Leclerc";"45,76103400";"4,77493800"
"202400002546";"12";"08";"2024";"07:58";"1";"07";"07031";"1";"1";"1";"7";"RD252 route du bois de paiolive (Casteljau)";"44,39354600";"4,21254900"
"202400002547";"29";"04";"2024";"15:30";"1";"51";"51163";"1";"1";"1";"3";"route départementale 243 PK 003+000";"48,84977100";"3,83950700"
"202400002548";"12";"08";"2024";"21:30";"3";"28";"28092";"1";"1";"1";"6";"Autoroute A10 PK 052+000";"48,33494200";"1,86638800"
"202400002549";"30";"04";"2024";"15:50";"1";"79";"79123";"1";"1";"1";"7";"N/A";"46,78669100";" -0,65055400"
"202400002550";"13";"08";"2024";"11:20";"1";"974";"97417";"2";"1";"1";"1";"21 Rue Leconte de Lisle";" -21,36039400";"55,76442900"
"202400002551";"29";"04";"2024";"16:35";"1";101;101228";"2";"4";"7";"3";"Intersection avec chemin de Cruciata - RD55";"41,84630200";"8,78292700"
"202400002552";"11";"08";"2024";"19:15";"3";"973";"97311";"1";"1";"1";"7";"route du fleuve";"5,36001600";" -54,08530700"
"202400002553";"29";"04";"2024";"10:30";"1";101;101130";"1";"1";"1";"1";"T40";"41,88333300";"8,95460800"
"202400002554";"5";"03";"2024";"13:45";"1";"82";"82018";"1";"2";"1";"3";"D78 / chemin de saoulous";"44,09789500";"1,51089900"
"202400002555";"25";"04";"2024";"21:00";"3";"81";"81070";"1";"1";"2";"7";"A68";"43,78815300";"1,74179600"
"202400002556";"11";"08";"2024";"19:59";"3";"973";"97312";"1";"1";"1";"1";"N1";"5,34139700";" -52,92935000"
"202400002557";"12";"08";"2024";"02:30";"3";"973";"97305";"1";"1";"1";"2";"Route Nationale PK 22.500";"5,00016700";" -52,45713100"
"202400002558";"29";"04";"2024";"17:00";"1";"89";"89268";"1";"2";"2";"1";"D84";"47,95518600";"3,61089700"
"202400002559";"13";"08";"2024";"02:50";"3";"66";"66037";"2";"1";"1";"6";"D81a";"42,69507300";"3,02524700"
"202400002560";"29";"04";"2024";"21:40";"3";"41";"41232";"1";"1";"1";"6";"Route de Marcilly";"47,43424200";"2,02652700"
"202400002561";"13";"08";"2024";"13:45";"1";"05";"05178";"1";"1";"1";"6";"D942";"44,36278539";"5,88094711"
"202400002562";"29";"04";"2024";"05:45";"2";"68";"68258";"1";"9";"1";"1";"D2";"47,82621200";"7,28522800"
"202400002563";"9";"06";"2024";"14:45";"1";"68";"68327";"1";"1";"1";"6";"Chemin de la grotte";"47,62249400";"7,41040700"
"202400002564";"30";"04";"2024";"14:50";"1";"68";"68165";"1";"1";"1";"7";"D21biii";"47,43700900";"7,34512100"
"202400002565";"13";"08";"2024";"08:40";"1";"55";"55410";"1";"1";"1";"1";"Rue Haute";"49,49353900";"5,32053700"
"202400002566";"30";"04";"2024";"09:20";"1";"31";"31493";"1";"1";"2";"2";"D5";"43,22588100";"0,74797200"
"202400002567";"9";"08";"2024";"15:30";"1";"03";"03173";"2";"1";"7";"2";"Rue de la Broche";"46,47384900";"3,95805500"
"202400002568";"14";"07";"2024";"14:27";"1";"73";"73116";"1";"1";"1";"7";"D926 Route des arves";"45,22637101";"6,30915132"
"202400002569";"30";"04";"2024";"10:50";"1";"66";"66149";"2";"3";"3";"6";"Avenue Pau Casals";"42,61545800";"2,41804400"
"202400002570";"30";"04";"2024";"13:35";"1";"64";"64273";"1";"1";"1";"7";"CD 22";"43,26559700";" -1,22779700"
"202400002571";"9";"08";"2024";"06:28";"1";"38";"38407";"1";"3";"1";"1";"Route de Voreppe";"45,31463700";"5,65083700"
"202400002572";"27";"04";"2024";"12:15";"1";"21";"21032";"1";"1";"2";"7";"D33";"46,99135700";"4,61934900"
"202400002573";"29";"04";"2024";"14:10";"1";"24";"24087";"1";"1";"2";"3";"2069 Route de Beynac (Castels)";"44,85646600";"1,06992800"
"202400002574";"9";"08";"2024";"10:35";"1";"31";"31451";"2";"2";"7";"1";"Rue Clémence Isaure";"43,45287200";"1,99376100"
"202400002575";"12";"08";"2024";"14:45";"1";"17";"17093";"2";"1";"1";"6";"8 Rue Marechal Foch";"45,88525500";" -1,19601300"
"202400002576";"30";"04";"2024";"09:50";"1";"85";"85280";"1";"1";"1";"2";"le lavre";"46,85145300";" -1,92123400"
"202400002577";"30";"04";"2024";"05:30";"3";"17";"17347";"1";"3";"1";"7";"Rue de Fossemagne";"45,92735500";" -0,51603800"
"202400002578";"11";"08";"2024";"13:25";"1";"33";"33494";"1";"1";"1";"1";"N/A";"44,94100300";" -0,83601200"
"202400002579";"29";"04";"2024";"13:00";"1";"30";"30091";"1";"1";"1";"7";"Route d'Aubais";"43,76428200";"4,15957900"
"202400002580";"9";"08";"2024";"18:09";"1";"62";"62894";"1";"1";"1";"6";"A16";"50,77568812";"1,65384039"
"202400002581";"30";"04";"2024";"07:30";"1";"52";"52438";"1";"3";"1";"1";"N19";"47,80615100";"5,55747800"
"202400002582";"10";"08";"2024";"18:40";"1";"62";"62351";"1";"1";"1";"2";"A21";"50,43180490";"2,89351717"
"202400002583";"28";"04";"2024";"16:10";"1";"08";"08412";"2";"1";"1";"7";"Rue de Fontenelle";"49,31724200";"4,83049800"
"202400002584";"5";"08";"2024";"11:15";"1";"78";"78291";"1";"1";"1";"4";"A13";"48,96907500";"1,73933800"
"202400002585";"30";"04";"2024";"12:05";"1";"973";"97307";"2";"2";"1";"3";"RN 2";"4,85432300";" -52,33264400"
"202400002586";"11";"08";"2024";"04:20";"5";"92";"92050";"1";"1";"1";"3";"A14";"48,89973557";"2,21198323"
"202400002587";"29";"04";"2024";"14:15";"1";"31";"31230";"1";"1";"2";"3";"avenue de toulouse";"43,72071500";"1,43349100"
"202400002588";"12";"08";"2024";"16:40";"1";"95";"95394";"1";"1";"1";"7";"A115";"49,05087297";"2,18852857"
"202400002589";"28";"04";"2024";"17:18";"1";"01";"01033";"1";"1";"3";"6";"A 40 PK 104+180 direction Macon";"46,16008800";"5,77889000"
"202400002590";"12";"08";"2024";"13:10";"1";"93";"93027";"1";"1";"1";"2";"AUTOROUTE A1";"48,93723664";"2,41061500"
"202400002591";"29";"04";"2024";"10:30";"1";"11";"11262";"1";"1";"3";"3";"Autoroute A61 PR 375+650";"43,15366500";"2,96109400"
"202400002592";"12";"08";"2024";"07:35";"1";"93";"93013";"1";"1";"1";"2";"AUTOROUTE A1";"48,94022999";"2,42355031"
"202400002593";"28";"04";"2024";"05:15";"3";"987";"98714";"2";"1";"1";"6";"nunue";" -16,38800000";" -151,76500000"
"202400002594";"28";"04";"2024";"11:25";"1";"987";"98722";"1";"1";"1";"1";"RT2 PK 19.200  à PAPENOO";" -17,51619600";" -149,40994300"
"202400002595";"12";"08";"2024";"00:49";"5";"93";"93029";"1";"1";"1";"3";"AUTOROUTE A86";"48,92501602";"2,42564723"
"202400002596";"28";"04";"2024";"19:50";"5";"988";"98814";"2";"3";"1";"3";"Tribu de Hnassé";" -20,91347000";"167,25971000"
"202400002597";"11";"08";"2024";"20:40";"1";"93";"93066";"1";"1";"1";"6";"AUTOROUTE A86";"48,92248535";"2,35610341"
"202400002598";"12";"08";"2024";"12:40";"1";"94";"94011";"1";"1";"1";"6";"N406";"48,76174912";"2,49312615"
"202400002599";"11";"04";"2024";"15:05";"1";"14";"14083";"2";"1";"1";"7";"Route du Cimetière";"49,21976705";"0,06970570"
"202400002600";"29";"04";"2024";"08:24";"1";"78";"78442";"2";"6";"7";"2";"Place Mancest";"48,81412500";"1,90316700"
"202400002601";"24";"02";"2024";"23:03";"3";"14";"14106";"1";"1";"9";"1";"D513";"49,22177400";" -0,23657600"
"202400002602";"29";"04";"2024";"09:00";"1";"83";"83115";"2";"1";"1";"6";"Avenue du 8 Mai 1945";"43,31114700";"6,63304400"
"202400002603";"30";"04";"2024";"01:00";"3";"83";"83042";"1";"1";"1";"6";"N 98";"43,25026300";"6,54704700"
"202400002604";"12";"08";"2024";"06:30";"2";"988";"98818";"2";"3";"1";"3";"RUE DU MONT TE/RUE MAXIMILIEN BERTHELIN";" -22,25361000";"166,45674000"
"202400002605";"27";"04";"2024";"14:30";"1";"67";"67348";"2";"1";"1";"2";"28 Route de Boersch";"48,46641300";"7,47118100"
"202400002606";"11";"08";"2024";"12:45";"1";"976";"97611";"2";"6";"1";"3";"kaweni-Grande Traverse (rue de la)";" -12,77580000";"45,22459000"
"202400002607";"11";"08";"2024";"11:00";"1";"974";"97416";"1";"1";"1";"6";"ENTRE DEUX(route de l')";" -21,29050000";"55,45091000"
"202400002608";"29";"04";"2024";"09:40";"1";"69";"69255";"1";"1";"2";"1";"18 Rue de Lyon";"45,73545900";"4,66820800"
"202400002609";"11";"08";"2024";"03:40";"5";"69";"69383";"2";"1";"1";"3";"Cours Richard Vitton";"45,75312000";"4,89460000"
"202400002610";"25";"04";"2024";"20:15";"2";"22";"22262";"2";"1";"1";"1";"Rue des Forges";"48,40485100";" -2,91034700"
"202400002611";"30";"04";"2024";"09:50";"1";"22";"22390";"1";"1";"1";"7";"Lieu Dit Pan Bras";"48,70756000";" -3,06444000"
"202400002612";"11";"08";"2024";"06:00";"2";"972";"97213";"1";"1";"1";"6";"CROIX RIVAIL";"14,60910000";" -60,95389000"
"202400002613";"28";"04";"2024";"09:35";"1";"62";"62560";"2";"1";"2";"3";"D191";"50,81553961";"1,70189065"
"202400002614";"10";"08";"2024";"23:16";"5";"972";"97213";"1";"9";"1";"3";"ROUTE NATIONALE 1";"14,61602900";" -61,00903100"
"202400002615";"29";"04";"2024";"14:00";"1";"42";"42237";"1";"1";"1";"2";"A72";"45,44522600";"4,42756300"
"202400002616";"11";"08";"2024";"08:00";"1";"69";"69202";"2";"3";"1";"3";"Avenue de l'Aqueduc de Beaunant";"45,72441527";"4,78063807"
"202400002617";"29";"04";"2024";"16:50";"1";"91";"91434";"1";"1";"1";"2";"AUTOROUTE A6";"48,66832500";"2,35436100"
"202400002618";"11";"08";"2024";"02:00";"5";"69";"69381";"2";"3";"1";"3";"Quai de la Pêcherie";"45,76681000";"4,83007000"
"202400002619";"29";"04";"2024";"18:13";"1";"92";"92002";"1";"1";"1";"3";"RN 385";"48,76006049";"2,28033350"
"202400002620";"11";"08";"2024";"20:05";"1";"91";"91136";"2";"9";"1";"3";"RTE NATIONALE 7";"48,70561100";"2,27793000"
"202400002621";"29";"04";"2024";"15:00";"1";"91";"91692";"1";"1";"1";"3";"RD 188 CHEVREUSE";"48,69280100";"2,17319300"
"202400002622";"4";"08";"2024";"01:07";"5";"86";"86194";"2";"9";"1";"2";"Rue du Fbg de la Cueille Mirebalaise";"46,59637400";"0,32943700"
"202400002623";"29";"04";"2024";"11:35";"1";"94";"94034";"1";"1";"1";"5";"A86";"48,75884006";"2,32440976"
"202400002624";"29";"04";"2024";"07:45";"1";"94";"94065";"1";"1";"1";"3";"A106";"48,76003747";"2,34634112"
"202400002625";"11";"08";"2024";"23:00";"3";"84";"84087";"1";"2";"1";"3";"ROUTE DE CHATEAUNEUF";"44,11102000";"4,80672000"
"202400002626";"28";"04";"2024";"17:35";"1";"78";"78423";"1";"1";"1";"6";"A12 W";"48,78519600";"2,03490000"
"202400002627";"11";"08";"2024";"10:20";"1";"83";"83126";"2";"5";"1";"3";"RD POINT DU 8 MAI";"43,10770000";"5,87710000"
"202400002628";"28";"04";"2024";"16:55";"1";"92";"92048";"1";"1";"1";"4";"N118";"48,79379358";"2,21880725"
"202400002629";"11";"08";"2024";"15:55";"1";"76";"76212";"2";"3";"7";"7";"Rue de la Table de Pierre";"49,44195070";"1,16497000"
"202400002630";"29";"04";"2024";"20:38";"2";"93";"93053";"1";"1";"1";"7";"A86";"48,90199338";"2,46851218"
"202400002631";"11";"08";"2024";"14:10";"1";"69";"69259";"2";"4";"1";"3";"16 Boulevard Ambroise Croizat";"45,70308000";"4,88745000"
"202400002632";"29";"04";"2024";"17:05";"1";"93";"93064";"1";"1";"1";"3";"A86";"48,87190855";"2,48124719"
"202400002633";"11";"08";"2024";"23:00";"5";"67";"67218";"2";"1";"1";"7";"GENERAL LIBERMANN (RUE DU)";"48,51978000";"7,71618700"
"202400002634";"11";"08";"2024";"20:03";"1";"67";"67482";"2";"1";"1";"6";"THUMENAU (RUE DE LA)";"48,57189000";"7,75548000"
"202400002635";"29";"04";"2024";"08:05";"1";"93";"93008";"1";"1";"1";"3";"A86";"48,90968596";"2,44631612"
"202400002636";"11";"08";"2024";"20:35";"2";"67";"67482";"2";"1";"1";"6";"MAIRE KUSS (RUE DU)";"48,58388000";"7,73734000"
"202400002637";"28";"04";"2024";"21:45";"3";"92";"92078";"1";"1";"1";"4";"AUTOROUTE A86";"48,92915584";"2,32918032"
"202400002638";"11";"08";"2024";"18:58";"1";"64";"64024";"2";"1";"1";"3";"SOURCES (PROMENADE DES)";"43,49472000";" -1,54485000"
"202400002639";"29";"04";"2024";"13:00";"1";"94";"94065";"1";"1";"1";"3";"N186";"48,75412388";"2,35158219"
"202400002640";"11";"08";"2024";"12:15";"1";"59";"59512";"2";"1";"1";"6";"NATIONS UNIES (AVENUE DES)";"50,69426000";"3,17298000"
"202400002641";"11";"08";"2024";"09:26";"1";"56";"56260";"2";"3";"1";"3";"Avenue de la Marne";"47,65994000";" -2,78695000"
"202400002642";"10";"08";"2024";"05:30";"3";"54";"54099";"1";"1";"1";"6";"D906";"49,27401000";"5,95872000"
"202400002643";"28";"04";"2024";"23:49";"3";"77";"77296";"1";"1";"1";"5";"A5b";"48,62890000";"2,62884200"
"202400002644";"10";"08";"2024";"22:40";"3";"36";"36159";"2";"3";"1";"3";"Rue de Cantinier";"46,79672989";"1,72995508"
"202400002645";"27";"04";"2024";"23:25";"5";"988";"98818";"2";"1";"1";"6";"RUE JACQUES IEKAWE";" -22,24068000";"166,47050000"
"202400002646";"18";"07";"2024";"21:15";"2";"34";"34108";"2";"1";"1";"6";"LIBERATION (AVENUE DE LA)";"43,44921000";"3,75701000"
"202400002647";"11";"08";"2024";"17:05";"1";"34";"34172";"2";"1";"1";"7";"JUVENAL (PONT)";"43,60619000";"3,89833000"
"202400002648";"11";"08";"2024";"16:30";"1";"33";"33529";"2";"1";"1";"2";"N/A";"44,61180000";" -1,20270000"
"202400002649";"10";"08";"2024";"15:00";"1";"29";"29232";"1";"1";"7";"6";"Route de Rosporden";"47,98722753";" -4,05001425"
"202400002650";"11";"08";"2024";"09:25";"1";"27";"27229";"1";"1";"1";"6";"ALLENDE (BOULEVARD DU PRESIDENT)";"49,00328000";"1,14961000"
"202400002651";"11";"08";"2024";"23:50";"3";"22";"22113";"1";"6";"1";"7";"BOUTIL (LIEU-DIT)";"48,72386000";" -3,43113000"
"202400002652";"10";"08";"2024";"12:05";"1";"14";"14117";"2";"2";"1";"3";"58 Avenue de la Brèche Buhot";"49,28592000";" -0,12257000"
"202400002653";"11";"08";"2024";"14:00";"1";"13";"13208";"2";"1";"1";"1";"MENDES FRANCE (AVENUE)";"43,25842000";"5,37873000"
"202400002654";"11";"08";"2024";"21:14";"3";"12";"12145";"1";"1";"1";"1";"D911";"44,12919327";"3,04589868"
"202400002655";"9";"08";"2024";"22:00";"5";"06";"06104";"2";"1";"1";"6";"2a Avenue Paul Doumer";"43,76067500";"7,46445200"
"202400002656";"9";"08";"2024";"11:55";"1";"75";"75112";"2";"1";"1";"2";"BD PERIPHERIQUE INTERIEUR";"48,82847100";"2,39741800"
"202400002657";"10";"08";"2024";"22:00";"5";"75";"75120";"1";"1";"1";"2";"BD PERIPHERIQUE INTERIEUR";"48,87053600";"2,41322400"
"202400002658";"11";"08";"2024";"13:25";"1";"75";"75117";"2";"2";"1";"6";"RUE GUSTAVE CHARPENTIER";"48,88260200";"2,28271100"
"202400002659";"10";"08";"2024";"20:48";"2";"75";"75117";"2";"5";"1";"3";"AVENUE DE WAGRAM";"48,88094500";"2,30028000"
"202400002660";"11";"08";"2024";"13:40";"1";"75";"75116";"2";"7";"1";"2";"PLACE VICTOR HUGO";"48,86963202";"2,28506881"
"202400002661";"11";"08";"2024";"02:45";"5";"75";"75113";"2";"1";"1";"7";"RUE JEANNE D ARC";"48,83550100";"2,36072300"
"202400002662";"11";"08";"2024";"15:19";"1";"75";"75110";"2";"3";"1";"1";"RUE DU HUIT MAI 1945";"48,87638800";"2,35751000"
"202400002663";"11";"08";"2024";"04:05";"5";"75";"75110";"2";"2";"1";"3";"BOULEVARD DE LA CHAPELLE";"48,88361800";"2,34954600"
"202400002664";"11";"08";"2024";"18:30";"1";"75";"75104";"2";"2";"1";"2";"BOULEVARD BOURDON";"48,84748400";"2,36561800"
"202400002665";"11";"08";"2024";"16:50";"1";"75";"75101";"2";"3";"1";"6";"RUE DE RIVOLI";"48,86216000";"2,33716000"
"202400002666";"10";"08";"2024";"21:30";"5";"94";"94044";"2";"1";"1";"3";"Avenue Descartes";"48,74068000";"2,48324000"
"202400002667";"11";"08";"2024";"14:33";"1";"93";"93070";"2";"9";"1";"6";"Rue des Rosiers";"48,90430900";"2,33872700"
"202400002668";"11";"08";"2024";"19:05";"1";"93";"93064";"2";"1";"1";"3";"Rue Leon Blum / Centre commercial Westfield Rosny 2";"48,88153000";"2,48012000"
"202400002669";"10";"08";"2024";"17:40";"1";"92";"92012";"2";"1";"1";"3";"JEAN JAURES (BOULEVARD) 1/61 - COTE IMPA";"48,84331808";"2,23804379"
"202400002670";"11";"08";"2024";"17:40";"1";"31";"31558";"1";"1";"1";"6";"D2";"43,47126600";"1,74011000"
"202400002671";"10";"08";"2024";"17:24";"1";"974";"97415";"2";"1";"1";"7";"184 Rue Joseph Hubert";" -21,05839800";"55,26599000"
"202400002672";"12";"08";"2024";"16:10";"1";"54";"54322";"1";"1";"1";"3";"D618";"49,47181900";"5,59674000"
"202400002673";"12";"08";"2024";"10:51";"1";"22";"22164";"1";"1";"1";"7";"RN12 PR 100+000";"48,56878400";" -3,28638000"
"202400002674";"11";"08";"2024";"14:20";"1";"62";"62086";"1";"2";"1";"3";"N25";"50,21814247";"2,57834556"
"202400002675";"11";"08";"2024";"22:40";"3";"95";"95056";"1";"1";"1";"6";"D85";"49,10141709";"2,36129769"
"202400002676";"11";"08";"2024";"19:57";"1";"62";"62759";"1";"1";"1";"6";"route du mont des anglais";"50,66715800";"1,87987400"
"202400002677";"11";"08";"2024";"18:45";"1";"19";"19058";"1";"1";"1";"6";"D1089 / Intersection D47E1";"45,47733127";"2,18012202"
"202400002678";"11";"08";"2024";"03:10";"4";"19";"19176";"2";"1";"1";"7";"D1089";"45,38049062";"2,01336508"
"202400002679";"11";"08";"2024";"15:20";"1";"56";"56251";"1";"1";"1";"6";"La Madeleine";"47,63568200";" -2,66504000"
"202400002680";"11";"08";"2024";"13:00";"1";100;100354";"1";"8";"1";"6";"RT20";"42,13646200";"9,14604300"
"202400002681";"8";"08";"2024";"08:04";"1";"69";"69108";"1";"8";"1";"3";"Route des Allumeaux";"46,17280004";"4,74119143"
"202400002682";"12";"08";"2024";"13:35";"1";"11";"11299";"1";"1";"1";"5";"N/A";"43,13805600";"2,30062700"
"202400002683";"11";"08";"2024";"09:15";"1";"61";"61126";"1";"1";"1";"7";"D251";"48,51973100";"0,38447300"
"202400002684";"9";"08";"2024";"11:05";"1";"55";"55013";"1";"5";"1";"3";"D66a";"49,41412100";"5,66314100"
"202400002685";"12";"08";"2024";"10:40";"1";"12";"12052";"2";"6";"1";"3";"Boulevard Francois Mitterrand";"44,55718300";"2,07182900"
"202400002686";"9";"08";"2024";"19:00";"1";"39";"39074";"2";"1";"1";"6";"22 Rue de la Fontaine";"47,23143200";"5,56430000"
"202400002687";"11";"08";"2024";"04:30";"3";"44";"44053";"2";"1";"1";"6";"14 Rue du Vinet";"47,47178000";" -2,05937200"
"202400002688";"11";"08";"2024";"18:30";"1";"44";"44217";"1";"1";"1";"7";"Route des Randonneurs";"47,31070700";" -1,70854600"
"202400002689";"11";"08";"2024";"10:09";"1";"29";"29173";"1";"6";"1";"3";"Rond-Point de Kergaben";"48,01162490";" -4,19671764"
"202400002690";"5";"08";"2024";"18:38";"1";"15";"15033";"1";"1";"7";"7";"RD 65";"45,01920000";"2,83969800"
"202400002691";"12";"08";"2024";"17:30";"1";"15";"15215";"1";"1";"1";"1";"RD 35";"44,97844900";"2,49234600"
"202400002692";"12";"08";"2024";"09:20";"1";"70";"70128";"1";"1";"1";"6";"D32";"47,75780500";"6,36662000"
"202400002693";"11";"08";"2024";"22:00";"5";"58";"58079";"2";"6";"1";"6";"Avenue de la République";"47,45943700";"3,52085500"
"202400002694";"6";"08";"2024";"23:57";"3";"58";"58152";"1";"1";"1";"6";"RN7 PK84 Sens NEVERS-MOULINS";"46,87087300";"3,15203200"
"202400002695";"10";"08";"2024";"00:15";"3";"72";"72087";"1";"6";"1";"1";"D1";"47,93661600";"0,74758500"
"202400002696";"8";"08";"2024";"12:22";"1";"72";"72298";"1";"2";"7";"3";"Vaudoire";"47,92270500";"0,48042700"
"202400002697";"12";"08";"2024";"03:00";"3";"50";"50568";"1";"1";"1";"6";"1 Route de Montpinchon";"49,00414500";" -1,41554900"
"202400002698";"11";"08";"2024";"18:40";"1";"90";"90093";"2";"9";"1";"7";"27 Rue de Valdoie";"47,68216900";"6,83988000"
"202400002699";"12";"08";"2024";"04:55";"3";"36";"36105";"1";"1";"1";"6";"N/A";"46,73653571";"1,02521959"
"202400002700";"12";"08";"2024";"14:30";"1";"07";"07128";"2";"1";"1";"7";"610 Route de Saint Félicien";"45,11516900";"4,54344400"
"202400002701";"12";"08";"2024";"08:50";"1";"24";"24564";"1";"2";"8";"3";"D5";"45,23171500";"0,26337100"
"202400002702";"11";"08";"2024";"20:22";"2";"24";"24352";"1";"2";"1";"6";"Route de l'Atlantique";"45,25936917";"0,29749274"
"202400002703";"10";"08";"2024";"03:48";"3";"28";"28052";"1";"1";"1";"6";"D136";"48,55492400";"1,51278700"
"202400002704";"11";"08";"2024";"11:45";"1";"87";"87064";"1";"3";"7";"2";"Charnaillat";"45,71453300";"1,76857900"
"202400002705";"11";"08";"2024";"18:15";"1";"30";"30002";"1";"1";"1";"7";"D6110";"43,96948400";"4,10100100"
"202400002706";"11";"08";"2024";"09:20";"1";"52";"52550";"2";"3";"7";"3";"Rue du Général Defrance";"48,49904700";"4,94710900"
"202400002707";"12";"08";"2024";"12:43";"1";"10";"10357";"1";"1";"1";"7";"A26";"48,28592000";"4,16464200"
"202400002708";"11";"08";"2024";"19:40";"1";"18";"18141";"1";"1";"1";"7";"N/A";"47,14070900";"2,18664400"
"202400002709";"12";"08";"2024";"07:34";"1";"18";"18245";"1";"1";"1";"6";"N/A";"46,59504474";"2,51368843"
"202400002710";"12";"08";"2024";"06:10";"2";"67";"67067";"1";"1";"1";"6";"Autoroute A4";"48,69570500";"7,72300200"
"202400002711";"10";"08";"2024";"07:50";"1";"13";"13058";"1";"1";"1";"3";"D5";"43,74744400";"4,83125900"
"202400002712";"11";"08";"2024";"18:20";"5";"976";"97616";"2";"1";"1";"6";"Avenue charif tadjidine";" -12,85107200";"45,10441300"
"202400002713";"12";"08";"2024";"19:16";"1";"69";"69264";"1";"1";"1";"6";"Autoroute 6";"45,98673500";"4,73703900"
"202400002714";"8";"08";"2024";"04:00";"3";"13";"13001";"1";"1";"1";"2";"A8";"43,52525810";"5,40539196"
"202400002715";"9";"08";"2024";"15:30";"1";"62";"62427";"1";"1";"1";"2";"A1";"50,38567100";"2,98081100"
"202400002716";"7";"08";"2024";"10:28";"1";"33";"33005";"1";"6";"1";"3";"N/A";"44,77685400";" -1,05087300"
"202400002717";"11";"08";"2024";"07:15";"1";"987";"98712";"2";"6";"1";"2";"pk 7 - Rond point Tahiti Pearl Resort";" -17,52471473";" -149,51890826"
"202400002718";"11";"08";"2024";"14:40";"1";"987";"98723";"1";"1";"1";"7";"Tapeata";" -9,77057100";" -138,96511300"
"202400002719";"9";"08";"2024";"14:40";"1";"987";"98722";"1";"1";"1";"7";"pk 23 c/mont";" -17,59200000";" -149,39100000"
"202400002720";"7";"05";"2024";"18:57";"1";"44";"44109";"2";"6";"1";"6";"78 Route de Rennes";"47,25405770";" -1,57640525"
"202400002721";"30";"04";"2024";"14:00";"1";"44";"44109";"2";"3";"1";"6";"5 Rue de l'Hôtel de Ville";"47,21774900";" -1,55537490"
"202400002722";"30";"04";"2024";"10:35";"1";"44";"44190";"2";"3";"1";"6";"Rue des Fromenteaux";"47,19060411";" -1,52172994"
"202400002723";"28";"04";"2024";"19:30";"1";"44";"44162";"2";"1";"1";"6";"Boulevard Winston Churchill";"47,20757049";" -1,61256740"
"202400002724";"23";"04";"2024";"18:25";"1";"44";"44109";"2";"1";"1";"3";"136 Boulevard des Anglais";"47,22515141";" -1,58382802"
"202400002725";"22";"04";"2024";"09:10";"1";"44";"44109";"2";"6";"1";"3";"30 Rue Charles Monselet";"47,22088454";" -1,57032858"
"202400002726";"19";"12";"2024";"14:30";"1";"88";"88388";"1";"1";"2";"3";"D51a";"48,14515200";"6,39040700"
"202400002727";"3";"11";"2024";"16:00";"1";"88";"88487";"1";"1";"1";"5";"D157";"47,95602600";"6,45210700"
"202400002728";"5";"10";"2024";"22:58";"3";"13";"13026";"1";"1";"1";"2";"A55-Sens Martigues vers Marseille";"43,37900472";"5,16585354"
"202400002729";"18";"12";"2024";"08:20";"1";"91";"91200";"2";"1";"1";"6";"Rue de Rambouillet";"48,53649900";"2,00240000"
"202400002730";"25";"12";"2024";"04:06";"5";"28";"28149";"1";"1";"1";"6";"D941";"48,60762200";"0,91496900"
"202400002731";"27";"12";"2024";"19:36";"3";"28";"28405";"1";"9";"5";"3";"N12";"48,74870500";"1,26913500"
"202400002732";"25";"11";"2024";"21:00";"5";"28";"28214";"1";"1";"2";"7";"Les Grands Pres";"48,47912700";"1,01781200"
"202400002733";"28";"09";"2024";"15:45";"1";"71";"71508";"1";"1";"1";"1";"Route des Pilloux";"46,64555200";"5,12298200"
"202400002734";"22";"12";"2024";"15:25";"1";"14";"14308";"1";"1";"8";"6";"1265 Route de Bavent";"49,22348300";" -0,11390800"
"202400002735";"30";"10";"2024";"23:45";"3";"73";"73179";"1";"1";"2";"1";"D14";"45,60823200";"5,85979500"
"202400002736";"10";"12";"2024";"17:30";"2";"28";"28108";"1";"2";"2";"3";"D927";"48,13310800";"1,60268400"
"202400002737";"27";"10";"2024";"00:15";"3";"28";"28252";"1";"1";"2";"6";"D955";"48,25511100";"0,99175800"
"202400002738";"14";"12";"2024";"12:03";"1";"57";"57463";"1";"1";"1";"7";"RN 431";"49,08899000";"6,22457000"
"202400002739";"16";"12";"2024";"14:00";"1";"14";"14555";"1";"1";"1";"2";"A13";"49,30813807";"0,29950456"
"202400002740";"3";"08";"2024";"17:30";"1";"82";"82170";"1";"3";"1";"3";"Place de l’Église";"44,14573213";"1,00584286"
"202400002741";"22";"04";"2024";"13:37";"1";"55";"55369";"1";"1";"1";"7";"N/A";"48,81040576";"5,22756100"
"202400002742";"8";"12";"2024";"02:20";"3";"987";"98729";"2";"1";"1";"7";"PK 25.500 Tiahura  RT91";" -17,49280500";" -149,90501400"
"202400002743";"29";"11";"2024";"19:30";"5";"987";"98738";"1";"1";"1";"1";"Ech. Outumaoro";" -17,57879100";" -149,61396200"
"202400002744";"22";"12";"2024";"19:50";"3";"74";"74042";"1";"1";"2";"5";"5159 Route de geneve";"46,10346048";"6,35891676"
"202400002745";"21";"12";"2024";"18:30";"5";"74";"74280";"2";"1";"1";"6";"35 Avenue d'annecy";"45,88896600";"6,31253100"
"202400002746";"11";"12";"2024";"17:20";"2";"74";"74005";"1";"1";"1";"1";"RD 903";"46,33891400";"6,45771900"
"202400002747";"15";"09";"2024";"16:15";"1";"13";"13071";"1";"1";"1";"6";"A7-Sens Lyon vers Marseille";"43,40691417";"5,32791407"
"202400002748";"12";"10";"2024";"17:20";"1";"84";"84025";"2";"1";"1";"6";"Grand Geas";"43,88968900";"5,15044200"
"202400002749";"29";"11";"2024";"19:30";"3";"43";"43137";"1";"1";"1";"1";"D12";"45,29162809";"4,14783843"
"202400002750";"24";"11";"2024";"10:45";"1";"91";"91122";"2";"1";"1";"6";"PASSAGE DE VILLEVERT";"48,69614000";"2,16239000"
"202400002751";"5";"11";"2024";"02:00";"3";"14";"14316";"1";"1";"5";"6";"Route des Hauts de Grangues";"49,25843000";" -0,05198100"
"202400002752";"11";"07";"2024";"18:30";"1";"14";"14061";"2";"5";"1";"3";"34 Route de la Bazinière (Le Bény-Bocage)";"48,93131600";" -0,84025300"
"202400002753";"31";"12";"2024";"05:44";"3";"10";"10424";"1";"1";"1";"6";"D2";"48,47582300";"4,58986000"
"202400002754";"29";"11";"2024";"23:50";"5";100;100033";"2";"3";"1";"3";"ROUTE ROYALE";"42,67644000";"9,44075000"
"202400002755";"29";"10";"2024";"12:10";"1";100;100313";"2";"6";"1";"3";"Moriani Plage";"42,37274100";"9,52971700"
"202400002756";"26";"10";"2024";"09:00";"1";100;100303";"1";"1";"8";"6";"Alistro";"42,28408800";"9,55078800"
"202400002757";"25";"10";"2024";"17:30";"2";100;100096";"2";"1";"8";"7";"T20";"42,28170600";"9,16397000"
"202400002758";"22";"10";"2024";"18:36";"1";100;100307";"2";"1";"1";"1";"Suaglione";"42,38455800";"9,53002500"
"202400002759";"22";"10";"2024";"10:45";"1";100;100029";"1";"1";"2";"5";"RD 81";"42,67599900";"9,37185300"
"202400002760";"11";"10";"2024";"19:34";"5";100;100033";"2";"1";"1";"1";"11 - RT";"42,70617000";"9,45319000"
"202400002761";"11";"10";"2024";"07:30";"2";100;100077";"1";"9";"1";"1";"Corso";"42,46692100";"9,49176900"
"202400002762";"28";"09";"2024";"15:40";"1";100;100298";"2";"9";"1";"6";"route de la cathérale";"42,68050700";"9,30256100"
"202400002763";"3";"09";"2024";"12:30";"1";100;100007";"1";"1";"1";"1";"D84";"42,28686600";"8,90536300"
"202400002764";"21";"12";"2024";"12:35";"1";"60";"60414";"2";"1";"2";"6";"Rue Jean Jaurès";"49,25680000";"2,43752000"
"202400002765";"31";"08";"2024";"19:35";"2";100;100007";"1";"1";"1";"3";"D84";"42,30683200";"8,95158300"
"202400002766";"22";"08";"2024";"09:00";"1";100;100029";"1";"1";"1";"3";"Col de Teghime (Col de montagne)";"42,67730100";"9,38534400"
"202400002767";"5";"12";"2024";"14:15";"1";"84";"84099";"1";"2";"1";"3";"CHEMIN DU FOUR À CHAUX";"43,86735100";"5,11995300"
"202400002768";"25";"11";"2024";"17:50";"3";"84";"84088";"1";"1";"1";"1";"Route de la Gasqui";"44,00309500";"5,01757600"
"202400002769";"4";"11";"2024";"11:15";"1";"84";"84088";"1";"1";"1";"3";"697 Route d'Avignon";"43,99058800";"5,04098100"
"202400002770";"29";"11";"2024";"23:10";"5";"974";"97411";"2";"1";"1";"2";"MACE (ROUTE GABRIEL)";" -20,91633000";"55,49410000"
"202400002771";"13";"12";"2024";"19:40";"3";"26";"26364";"1";"1";"9";"7";"Route du Chateau";"44,90643500";"5,38571000"
"202400002772";"21";"08";"2024";"13:15";"1";"72";"72181";"2";"9";"1";"3";"JACQUELINE DE ROMILLY (RUE)";"48,02013000";"0,14427000"
"202400002773";"10";"02";"2024";"05:50";"2";"974";"97416";"1";"1";"1";"7";"RN1";" -21,30455000";"55,42772000"
"202400002774";"3";"11";"2024";"03:45";"5";"987";"98735";"1";"1";"1";"6";"HITIAA PK 42.100 sur la RT2";" -17,59191000";" -149,30692400"
"202400002775";"23";"07";"2024";"16:30";"1";"987";"98729";"2";"1";"1";"7";"PK 22 + 400, Haapiti district de Vaiane";" -17,56061389";" -149,87158701"
"202400002776";"10";"02";"2024";"19:38";"5";"973";"97302";"2";"3";"1";"1";"MONTABO (ROUTE DE) 3";"4,94392833";" -52,30819881"
"202400002777";"22";"08";"2024";"16:50";"1";"987";"98722";"2";"1";"1";"7";"Faaripo 4 PK15.500";" -17,60201400";" -149,30361900"
"202400002778";"9";"02";"2024";"23:14";"4";"973";"97302";"1";"1";"1";"6";"ROUTE NATIONALE 3";"4,90473002";" -52,31870234"
"202400002779";"11";"08";"2024";"06:20";"3";"987";"98729";"1";"1";"1";"1";"Haapiti";" -17,52765400";" -149,90564700"
"202400002780";"10";"12";"2024";"14:40";"1";"987";"98722";"1";"1";"1";"7";"RT2 PK 32.300 à MAHAENA";" -17,57015460";" -149,31719542"
"202400002781";"10";"02";"2024";"17:55";"5";"69";"69387";"2";"2";"2";"3";"Rue de Gerland";"45,72990000";"4,83804000"
"202400002782";"31";"12";"2024";"15:35";"1";"88";"88068";"2";"1";"7";"1";"519 Chemin de la Gayére";"48,30900300";"6,80826300"
"202400002783";"10";"02";"2024";"05:50";"3";"972";"97213";"2";"6";"1";"7";"ROUTE NATIONALE 1";"14,62592299";" -60,97898742"
"202400002784";"27";"12";"2024";"15:55";"1";"88";"88181";"2";"1";"7";"1";"D23";"48,18652000";"7,00251800"
"202400002785";"10";"02";"2024";"01:10";"5";"972";"97213";"1";"1";"1";"3";"ROUTE DEPARTEMENTALE 3";"14,61653896";" -60,98989992"
"202400002786";"27";"12";"2024";"11:25";"1";"88";"88099";"1";"1";"7";"3";"D157";"48,21485100";"6,43896500"
"202400002787";"24";"12";"2024";"15:30";"1";"88";"88413";"1";"1";"1";"7";"ROUTE D'HERBAVILLE";"48,29201000";"6,92161000"
"202400002788";"17";"12";"2024";"19:20";"5";"88";"88413";"2";"1";"1";"1";"THIERS (RUE)";"48,28632000";"6,94950000"
"202400002789";"10";"02";"2024";"10:30";"1";"972";"97209";"2";"1";"1";"5";"GENERAL DE GAULLE (BLD DU)";"14,60590000";" -61,06520000"
"202400002790";"13";"12";"2024";"19:30";"5";"88";"88413";"2";"1";"1";"1";"Rue du Petit SAINT-DIE";"48,28235000";"6,94255000"
"202400002791";"9";"02";"2024";"18:20";"5";"972";"97209";"2";"1";"1";"7";"RD 41 (ROCADE)";"14,61531000";" -61,06186000"
"202400002792";"9";"12";"2024";"08:10";"1";"88";"88513";"2";"2";"1";"6";"Chemin des Saules";"48,34624200";"6,32545600"
"202400002793";"10";"02";"2024";"18:26";"5";"69";"69034";"2";"1";"2";"6";"122 Rue Pasteur";"45,79471635";"4,84693371"
"202400002794";"21";"11";"2024";"07:00";"3";"88";"88090";"1";"3";"1";"3";"Rue 75 79e Divisions Americaines";"48,37636400";"6,27143400"
"202400002795";"9";"02";"2024";"14:55";"1";"971";"97101";"2";"1";"1";"3";"DOTHEMARE";"16,27085000";" -61,51554000"
"202400002796";"21";"05";"2024";"09:40";"1";"14";"14726";"2";"1";"2";"7";"2 Rue Joseph Requeut";"48,85298900";" -0,67539800"
"202400002797";"10";"02";"2024";"20:40";"5";"95";"95585";"2";"6";"2";"6";"D316";"48,98289190";"2,37024765"
"202400002798";"20";"12";"2024";"17:00";"3";"84";"84035";"1";"1";"6";"2";"Route de Gordes";"43,85034400";"5,06465400"
"202400002799";"10";"02";"2024";"19:40";"5";"95";"95582";"2";"2";"2";"6";"D14";"48,97219618";"2,25619192"
"202400002800";"18";"12";"2024";"18:00";"3";"84";"84026";"1";"3";"1";"4";"D943";"43,71645400";"5,37551700"
"202400002801";"10";"02";"2024";"18:10";"5";"88";"88160";"2";"1";"2";"3";"RENAN (RUE ERNEST-)";"48,18696000";"6,46454000"
"202400002802";"17";"12";"2024";"11:40";"1";"84";"84116";"2";"1";"1";"6";"Route de Nyons";"44,25323000";"5,09486700"
"202400002803";"10";"02";"2024";"05:00";"5";"81";"81004";"2";"1";"2";"6";"AGRICULTEURS (DES)";"43,92429000";"2,17768000"
"202400002804";"10";"02";"2024";"11:10";"1";"78";"78551";"2";"1";"2";"6";"LYAUTEY (DU MARECHAL)";"48,89475700";"2,09721400"
"202400002805";"12";"12";"2024";"11:45";"1";"84";"84086";"1";"2";"1";"3";"Route du Four Neuf";"43,83577700";"5,17466800"
"202400002806";"9";"02";"2024";"17:04";"1";"78";"78146";"2";"1";"2";"1";"MAISONS (ROUTE DE)";"48,90432000";"2,15209000"
"202400002807";"9";"12";"2024";"18:27";"3";"84";"84118";"1";"4";"1";"6";"D943";"43,91911800";"5,38310800"
"202400002808";"9";"02";"2024";"16:50";"1";"77";"77438";"2";"1";"2";"6";"COURTILLIERE (AVENUE DE LA )";"48,86810000";"2,67610000"
"202400002809";"4";"12";"2024";"12:38";"1";"84";"84092";"1";"3";"1";"3";"Route departementale D907";"43,97656100";"4,85805500"
"202400002810";"10";"02";"2024";"19:30";"3";"76";"76319";"1";"1";"2";"3";"D938";"49,34180000";"1,01392000"
"202400002811";"25";"11";"2024";"18:00";"3";"84";"84099";"1";"1";"1";"1";"Route de Gordes";"43,87059600";"5,13134500"
"202400002812";"10";"02";"2024";"19:45";"2";"71";"71486";"2";"1";"1";"6";"JEAN DIDIER (RUE)";"46,65450000";"4,34420000"
"202400002813";"21";"11";"2024";"07:20";"2";"84";"84043";"2";"9";"1";"6";"Route d'Avignon";"44,00072200";"4,92052900"
"202400002814";"10";"02";"2024";"13:45";"1";"69";"69271";"2";"1";"3";"6";"Avenue du Dauphiné";"45,73270464";"4,97081668"
"202400002815";"9";"02";"2024";"18:30";"3";"66";"66136";"1";"1";"1";"2";"N/A";"42,67640000";"2,86731000"
"202400002816";"19";"11";"2024";"18:15";"3";"84";"84150";"1";"1";"1";"1";"D 20 Route de Richerenches";"44,32272700";"4,93957800"
"202400002817";"10";"02";"2024";"19:50";"5";"62";"62270";"2";"1";"3";"6";"D841";"50,47125405";"2,51809430"
"202400002818";"10";"11";"2024";"14:30";"1";"84";"84025";"2";"1";"1";"3";"297 Route d?Apt";"43,86813200";"5,14755700"
"202400002819";"10";"02";"2024";"18:30";"5";"59";"59098";"1";"1";"2";"6";"AUGER (RUE)";"50,76652000";"3,08635000"
"202400002820";"20";"10";"2024";"13:00";"1";"84";"84003";"1";"1";"1";"6";"d22";"43,90418500";"5,43567900"
"202400002821";"9";"02";"2024";"15:15";"1";"59";"59350";"2";"2";"1";"3";"Rue de Wazemmes";"50,62270000";"3,06413000"
"202400002822";"29";"09";"2024";"14:10";"1";"84";"84051";"1";"1";"1";"5";"D 145";"43,85979800";"5,26011200"
"202400002823";"10";"02";"2024";"18:45";"5";"54";"54395";"2";"1";"2";"6";"viaduc Louis Marin";"48,70065700";"6,18532400"
"202400002824";"11";"09";"2024";"09:30";"1";"84";"84072";"1";"2";"1";"3";"Route de Blauvac";"44,04475300";"5,15164600"
"202400002825";"10";"02";"2024";"14:07";"1";"51";"51454";"2";"1";"2";"6";"MAISON BLANCHE (RUE) DU N°1 AU 73 ET DU";"49,23883500";"4,03063500"
"202400002826";"10";"02";"2024";"02:50";"5";"51";"51454";"2";"1";"1";"6";"JAURES (AVENUE JEAN ) DU N° 61 A FIN";"49,25947000";"4,04500000"
"202400002827";"28";"08";"2024";"12:00";"1";"84";"84030";"2";"9";"1";"1";"225 Avenue de l?Europe";"44,10709000";"5,10559000"
"202400002828";"9";"02";"2024";"20:15";"5";"51";"51454";"2";"1";"2";"6";"HENRI IV (RUE)";"49,25939000";"4,03111000"
"202400002829";"23";"07";"2024";"16:50";"1";"84";"84138";"2";"9";"1";"6";"18 cours Victor Hugo";"44,38636600";"4,98983400"
"202400002830";"9";"02";"2024";"16:35";"1";"51";"51454";"2";"1";"1";"6";"LUNDY (BOULEVARD)";"49,25931800";"4,03700600"
"202400002831";"9";"02";"2024";"07:50";"2";"46";"46042";"1";"1";"2";"1";"VIEILLE ROUTE DE PARIS";"44,49763000";"1,45139000"
"202400002832";"27";"12";"2024";"16:49";"1";"28";"28415";"1";"1";"5";"4";"La Cote sous le Bois du Pr";"48,68413300";"1,44858600"
"202400002833";"10";"02";"2024";"18:45";"5";"44";"44143";"2";"9";"2";"6";"121 Rue du Château d'Eau";"47,16857000";" -1,54275000"
"202400002834";"25";"12";"2024";"01:30";"3";"33";"33143";"1";"1";"2";"4";"N/A";"44,96880000";" -0,43658000"
"202400002835";"12";"12";"2024";"00:05";"3";"14";"14543";"1";"1";"1";"7";"Route de Bayeux";"49,19996318";" -0,48401716"
"202400002836";"10";"02";"2024";"15:25";"1";"35";"35055";"2";"6";"1";"3";"LOGES (RUE DES)";"48,09003000";" -1,62339000"
"202400002837";"30";"10";"2024";"18:40";"3";"972";"97213";"1";"1";"1";"3";"ROUTE DEPARTEMENTALE 15";"14,63213000";" -61,00837000"
"202400002838";"10";"02";"2024";"18:40";"5";"34";"34172";"2";"3";"8";"1";"LA BLOTTIERE (RUE)";"43,61116000";"3,87195000"
"202400002839";"23";"10";"2024";"16:34";"1";"972";"97213";"1";"1";"1";"2";"ROUTE NATIONALE 1";"14,61705000";" -61,00839000"
"202400002840";"10";"02";"2024";"05:30";"5";"34";"34172";"2";"1";"3";"7";"MONDIAL 98 (AVENUE DU)";"43,60296000";"3,90527000"
"202400002841";"8";"09";"2024";"20:25";"3";"972";"97213";"1";"1";"9";"1";"ROUTE NATIONALE 1";"14,64255000";" -60,97628000"
"202400002842";"10";"02";"2024";"19:15";"5";"33";"33063";"2";"1";"2";"3";"N/A";"44,83849000";" -0,62157900"
"202400002843";"15";"08";"2024";"20:58";"5";"972";"97213";"2";"2";"1";"3";"HARDY DE SAINT-OMER (RUE)";"14,61557300";" -61,00105200"
"202400002844";"10";"02";"2024";"11:00";"1";"33";"33063";"2";"1";"1";"3";"N/A";"44,84789000";" -0,54765000"
"202400002845";"3";"08";"2024";"14:25";"1";"972";"97213";"1";"1";"1";"2";"AUTOROUTE A1";"14,61818000";" -61,03456000"
"202400002846";"9";"02";"2024";"20:25";"3";"30";"30243";"1";"1";"2";"7";"753 montée des Cyprès";"44,09796200";"4,08063800"
"202400002847";"16";"07";"2024";"18:00";"2";"972";"97213";"1";"1";"1";"6";"ROUTE DEPARTEMENTALE 3";"14,66842000";" -60,99314000"
"202400002848";"10";"02";"2024";"16:00";"1";"28";"28404";"2";"9";"2";"6";"NUISEMENT (CHEMIN DE)";"48,72011000";"1,37356000"
"202400002849";"20";"09";"2024";"19:15";"1";"62";"62133";"2";"1";"1";"6";"Rue Danton";"50,42256971";"2,91693766"
"202400002850";"9";"02";"2024";"15:10";"1";"28";"28134";"1";"1";"1";"4";"RN 12 (DESCENTE ET PONT FERMAINCOURT)";"48,74658000";"1,38225000"
"202400002851";"10";"02";"2024";"10:25";"1";"27";"27351";"2";"1";"2";"6";"FORET (RUE DE LA)";"49,23650400";"1,17655700"
"202400002852";"26";"04";"2024";"17:43";"1";"49";"49248";"1";"2";"1";"3";"Le Tremblay";"47,66061800";" -1,09150900"
"202400002853";"10";"02";"2024";"15:00";"1";"14";"14118";"2";"6";"1";"2";"Rue d'Auge";"49,17467000";" -0,35335000"
"202400002854";"30";"11";"2024";"09:30";"1";"91";"91552";"1";"1";"1";"5";"RTE NATIONALE 20";"48,60577000";"2,24987000"
"202400002855";"10";"02";"2024";"23:27";"5";"13";"13203";"2";"1";"1";"1";"BOUES (BOULEVARD)";"43,31184000";"5,38238000"
"202400002856";"21";"11";"2024";"08:23";"1";"91";"91333";"2";"7";"8";"6";"RUE PIERRE CURIE";"48,61562000";"2,26104000"
"202400002857";"10";"02";"2024";"20:10";"5";"13";"13206";"2";"2";"1";"3";"BAILLE (BOULEVARD)";"43,28832000";"5,39277000"
"202400002858";"8";"11";"2024";"19:52";"5";"91";"91549";"2";"7";"1";"6";"PRESIDENT FRANKLIN ROOSEVELT (PL.DU)";"48,65293000";"2,31434000"
"202400002859";"9";"02";"2024";"18:00";"5";"13";"13209";"2";"1";"2";"3";"EMILE ZOLA (RUE)";"43,24798000";"5,39959000"
"202400002860";"10";"02";"2024";"07:00";"5";"06";"06088";"2";"1";"3";"6";"Promenade des Anglais";"43,68675000";"7,23753000"
"202400002861";"6";"12";"2024";"07:40";"3";"57";"57416";"1";"1";"1";"4";"Autoroute A31";"48,99059800";"6,10478300"
"202400002862";"9";"02";"2024";"22:35";"5";"75";"75116";"2";"1";"1";"5";"PORTE MAILLOT";"48,87632300";"2,27852500"
"202400002863";"4";"12";"2024";"17:25";"3";"57";"57647";"1";"9";"8";"3";"Autoroute A30";"49,31833673";"6,07588654"
"202400002864";"8";"02";"2024";"22:35";"5";"75";"75108";"2";"2";"3";"6";"PLACE SAINT AUGUSTIN";"48,87568300";"2,31958600"
"202400002865";"26";"08";"2024";"19:00";"1";101;101330";"1";"1";"1";"7";"rt20";"42,06681740";"8,97887707"
"202400002866";"10";"02";"2024";"21:05";"5";"75";"75119";"2";"3";"2";"1";"RUE DU MAROC";"48,88732900";"2,36706000"
"202400002867";"12";"09";"2024";"23:50";"5";"72";"72181";"2";"6";"8";"3";"DEMORIEUX (BD) ENTRE HUISNE ET RD-POINT";"47,99822000";"0,18860000"
"202400002868";"10";"02";"2024";"18:40";"5";"75";"75119";"2";"3";"2";"7";"AVENUE CORENTIN CARIOU";"48,89513000";"2,38275600"
"202400002869";"22";"10";"2024";"22:25";"3";"59";"59153";"1";"1";"1";"1";"D935";"50,44500000";"3,59000000"
"202400002870";"30";"12";"2024";"22:20";"3";"13";"13215";"1";"1";"1";"7";"A55-Sens Marseille vers Martigues";"43,32627247";"5,35990923"
"202400002871";"9";"02";"2024";"23:40";"5";"75";"75118";"2";"1";"1";"5";"BOULEVARD DE ROCHECHOUART";"48,88380000";"2,34903200"
"202400002872";"19";"11";"2024";"14:55";"1";"73";"73008";"2";"1";"2";"6";"SIMOND ST AVENUE";"45,70693204";"5,91494598"
"202400002873";"10";"02";"2024";"19:30";"5";"75";"75117";"2";"2";"1";"6";"BOULEVARD DE COURCELLES";"48,87866100";"2,30085500"
"202400002874";"17";"12";"2024";"08:00";"2";"78";"78158";"2";"1";"2";"6";"N/A";"48,82555200";"2,12284100"
"202400002875";"10";"02";"2024";"03:15";"5";"75";"75117";"2";"3";"1";"6";"AVENUE DES TERNES";"48,87834700";"2,29560000"
"202400002876";"28";"12";"2024";"18:55";"5";"22";"22161";"2";"3";"1";"1";"Rue Désiré le Bonniec";"48,56502500";" -3,14256200"
"202400002877";"9";"02";"2024";"19:15";"5";"75";"75115";"2";"2";"2";"6";"AVENUE DE SUFFREN";"48,84941900";"2,30378600"
"202400002878";"30";"12";"2024";"07:10";"5";"22";"22176";"2";"6";"1";"3";"rond point de bembridge";"48,44752200";" -2,74752600"
"202400002879";"10";"02";"2024";"17:55";"1";"75";"75108";"2";"2";"2";"6";"AVENUE FRANKLIN D ROOSEVELT";"48,87256500";"2,31004100"
"202400002880";"3";"12";"2024";"21:00";"3";"22";"22171";"1";"1";"2";"3";"ldit le colombier";"48,40340200";" -2,82398500"
"202400002881";"10";"02";"2024";"01:55";"5";"75";"75108";"2";"2";"1";"3";"RUE LA BOETIE";"48,87369300";"2,31466000"
"202400002882";"30";"12";"2024";"15:30";"1";"22";"22045";"1";"3";"8";"3";"Kerlabo";"48,44501000";" -2,94797300"
"202400002883";"10";"02";"2024";"19:00";"5";"94";"94003";"2";"1";"2";"2";"65 Avenue Paul Vaillant-Couturier";"48,79912000";"2,34495400"
"202400002884";"10";"02";"2024";"14:50";"1";"94";"94076";"2";"1";"2";"1";"90 Rue de Chevilly";"48,78264757";"2,35518386"
"202400002885";"8";"11";"2024";"23:20";"3";"71";"71040";"1";"1";"1";"3";"RN 70 (ROUTE EXPRESS)";"46,69173000";"4,37877000"
"202400002886";"9";"02";"2024";"06:48";"5";"93";"93064";"2";"9";"2";"6";"Avenue du Général de Gaulle / A86";"48,88173200";"2,47635100"
"202400002887";"20";"07";"2024";"11:34";"1";"39";"39078";"1";"2";"1";"3";"N/A";"47,10584300";"5,51807600"
"202400002888";"10";"02";"2024";"03:15";"5";"93";"93006";"2";"2";"1";"3";"Rue Robespierre / Rue Victor Hugo";"48,85804347";"2,42155999"
"202400002889";"8";"11";"2024";"16:25";"1";"43";"43012";"2";"6";"1";"3";"Avenue de Firminy";"45,37117600";"4,20697000"
"202400002890";"10";"02";"2024";"12:45";"1";"92";"92046";"2";"1";"2";"6";"PIERRE VALETTE (RUE)";"48,81660100";"2,30216861"
"202400002891";"15";"11";"2024";"19:40";"2";"59";"59360";"2";"8";"1";"6";"rue Jules Ferry";"50,61358200";"3,02468100"
"202400002892";"10";"02";"2024";"16:30";"1";"92";"92051";"2";"1";"2";"6";"CHARLES DE GAULLE (AVENUE,N°118 A 192 +";"48,88276960";"2,26755363"
"202400002893";"12";"12";"2024";"07:50";"1";"84";"84087";"2";"1";"1";"1";"FOCH (AVENUE MARECHAL)";"44,13300000";"4,80000000"
"202400002894";"10";"02";"2024";"12:00";"1";"92";"92050";"2";"7";"2";"6";"FOCH MARECHAL PLACE DU";"48,88827000";"2,19345000"
"202400002895";"30";"12";"2024";"07:40";"5";"60";"60057";"2";"1";"2";"1";"Avenue Président J.F. Kennedy";"49,42382000";"2,10542000"
"202400002896";"10";"02";"2024";"13:15";"1";"92";"92049";"2";"3";"2";"3";"DORMOY AVENUE MARX N°102 A FIN";"48,81068967";"2,30792373"
"202400002897";"15";"11";"2024";"02:23";"3";"28";"28417";"1";"1";"2";"6";"D983";"48,61456900";"1,54918000"
"202400002898";"10";"02";"2024";"07:10";"5";"92";"92020";"2";"1";"1";"7";"PAIX AVENUE DE LA N°1 A 55 ET 2 A 70";"48,80555200";"2,28327702"
"202400002899";"10";"02";"2024";"20:20";"5";"92";"92012";"2";"1";"2";"3";"GEORGES GORSE (QUAI)";"48,82488913";"2,23508584"
"202400002900";"28";"11";"2024";"16:30";"1";"84";"84031";"2";"3";"1";"3";"COUBERTIN AVENUE PIERRE DE";"44,03261000";"5,05803000"
"202400002901";"22";"11";"2024";"18:32";"3";"84";"84080";"1";"1";"1";"6";"PERNES ROUTE DE";"44,02172000";"5,02353000"
"202400002902";"9";"02";"2024";"17:40";"2";"92";"92004";"2";"2";"2";"3";"MARNE   ( AVENUE DE LA )";"48,90616456";"2,28134823"
"202400002903";"11";"02";"2024";"08:45";"1";"51";"51040";"2";"1";"1";"6";"Avenue Michel";"48,79818200";"4,66581200"
"202400002904";"30";"12";"2024";"08:20";"1";"38";"38544";"2";"1";"1";"6";"BERTHELOT(AV)";"45,53836000";"4,87196000"
"202400002905";"11";"02";"2024";"00:30";"3";101;101094";"1";"1";"3";"6";"#D757 Corrano#";"41,86625479";"9,07409415"
"202400002906";"11";"02";"2024";"15:00";"1";"86";"86162";"1";"1";"8";"6";"Boué";"46,92545800";"0,45030000"
"202400002907";"16";"12";"2024";"12:00";"1";"38";"38544";"2";"6";"1";"3";"D41";"45,51818000";"4,91808000"
"202400002908";"10";"02";"2024";"20:05";"3";"11";"11069";"1";"1";"1";"2";"A61";"43,19632300";"2,29640000"
"202400002909";"15";"11";"2024";"18:20";"3";"38";"38516";"2";"1";"1";"3";"Avenue Maréchal Randon";"45,20100000";"5,74175000"
"202400002910";"9";"02";"2024";"19:00";"3";"68";"68097";"2";"1";"1";"6";"Route départementale 11";"48,16934800";"7,19445700"
"202400002911";"10";"02";"2024";"22:10";"5";"972";"97203";"2";"1";"8";"6";"route national 1";"14,86561100";" -61,11138000"
"202400002912";"19";"11";"2024";"11:20";"1";"987";"98724";"2";"1";"1";"2";"RT 111, district de Fitii  - Face boulagerie LICHON";" -16,73661900";" -151,03162800"
"202400002913";"26";"12";"2024";"13:15";"1";"62";"62160";"2";"9";"1";"3";"Boulevard de l’Europe";"50,71388092";"1,60310823"
"202400002914";"11";"02";"2024";"15:00";"1";"30";"30209";"1";"6";"1";"1";"N/A";"43,98777200";"4,74742700"
"202400002915";"20";"12";"2024";"16:00";"1";"62";"62758";"2";"3";"1";"6";"Route de Saint Omer";"50,72547196";"1,62468821"
"202400002916";"11";"02";"2024";"05:45";"3";"83";"83131";"1";"1";"1";"1";"Route Départementale 554";"43,22484900";"6,02157500"
"202400002917";"14";"12";"2024";"22:50";"3";"62";"62194";"2";"1";"8";"7";"Rue de Wavrans";"50,48799000";"2,49494000"
"202400002918";"10";"02";"2024";"21:18";"3";"62";"62611";"1";"1";"1";"6";"D5";"50,23754400";"2,82565400"
"202400002919";"11";"02";"2024";"12:00";"1";"56";"56034";"1";"1";"1";"7";"Route de Kerloquet";"47,59887800";" -3,05986400"
"202400002920";"15";"11";"2024";"18:30";"4";"62";"62555";"2";"1";"1";"6";"D70";"50,50390188";"2,51024179"
"202400002921";"10";"02";"2024";"20:20";"3";"80";"80522";"1";"1";"2";"6";"D211";"49,87600600";"1,77227200"
"202400002922";"11";"02";"2024";"01:00";"3";"11";"11254";"1";"1";"2";"6";"route départementale 119";"43,19163000";"2,10226000"
"202400002923";"10";"02";"2024";"08:30";"1";"61";"61028";"1";"1";"2";"6";"D909";"48,82692700";" -0,24066900"
"202400002924";"11";"02";"2024";"12:10";"1";"25";"25586";"1";"1";"2";"7";"la Bégelle";"47,46314800";"6,88931800"
"202400002925";"11";"02";"2024";"19:35";"3";"44";"44067";"1";"1";"1";"6";"21 la Belle Epine de Gascaigne";"47,61723700";" -1,82393400"
"202400002926";"12";"12";"2024";"17:50";"5";"44";"44132";"1";"1";"1";"3";"Route de Guérande";"47,27906800";" -2,30092477"
"202400002927";"10";"02";"2024";"20:35";"3";"44";"44146";"1";"1";"1";"7";"Le Hypean";"47,77463300";" -1,45564600"
"202400002928";"21";"12";"2024";"23:30";"3";"32";"32446";"2";"1";"3";"7";"D3";"43,47674700";"0,27349900"
"202400002929";"7";"02";"2024";"05:30";"3";"29";"29244";"1";"1";"2";"2";"D32";"48,53113232";" -4,17850299"
"202400002930";"11";"02";"2024";"04:50";"5";"31";"31033";"2";"1";"1";"6";"21 Boulevard Notre Dame";"43,34205800";"1,48632100"
"202400002931";"6";"11";"2024";"17:15";"1";"32";"32319";"2";"1";"1";"1";"Rue de Barbat";"43,60476700";"0,04359100"
"202400002932";"10";"02";"2024";"11:00";"1";"38";"38439";"1";"1";"2";"6";"d525";"45,36787100";"6,04404700"
"202400002933";"31";"12";"2024";"11:30";"1";"43";"43154";"1";"1";"1";"1";"N88";"44,76337233";"3,88501083"
"202400002934";"10";"02";"2024";"18:00";"2";"02";"02748";"1";"1";"2";"6";"Route de Dormans";"49,07803000";"3,62848200"
"202400002935";"18";"07";"2024";"19:40";"1";"91";"91521";"2";"3";"1";"3";"Rue Edmond Bonté";"48,65675000";"2,40976000"
"202400002936";"11";"02";"2024";"07:40";"1";"72";"72071";"2";"1";"1";"6";"5 Chemin de Goulard";"47,68462000";"0,41783600"
"202400002937";"24";"12";"2024";"19:40";"5";"62";"62194";"2";"2";"1";"1";"RUE DE CALONNE";"50,49425789";"2,47850516"
"202400002938";"11";"02";"2024";"02:00";"3";"60";"60026";"1";"2";"1";"3";"RD 149";"49,57480300";"2,11033000"
"202400002939";"11";"02";"2024";"17:50";"1";"43";"43218";"1";"1";"1";"1";"PK 47+300 RN 88";"45,06435200";"4,00895800"
"202400002940";"11";"02";"2024";"19:40";"3";"16";"16137";"1";"1";"1";"6";"cd 4";"45,60771800";"0,47586700"
"202400002941";"11";"02";"2024";"15:00";"1";"07";"07313";"1";"1";"3";"6";"D820";"45,31045100";"4,75532100"
"202400002942";"14";"10";"2024";"20:10";"3";"17";"17291";"1";"1";"1";"2";"N11";"46,17223100";" -1,12005100"
"202400002943";"9";"02";"2024";"19:40";"5";"08";"08282";"2";"1";"2";"6";"N/A";"49,86636900";"4,43280100"
"202400002944";"8";"02";"2024";"21:50";"4";"01";"01274";"1";"1";"2";"6";"Autoroute A40, sens MACON/GENEVE, au PK 115+100";"46,16101300";"5,65270500"
"202400002945";"26";"10";"2024";"19:15";"3";"32";"32296";"1";"1";"2";"3";"D931 PK65+584";"43,75535700";" -0,04501800"
"202400002946";"11";"02";"2024";"18:35";"3";"42";"42279";"1";"1";"1";"2";"D498";"45,51404200";"4,22408800"
"202400002947";"17";"11";"2024";"14:46";"1";"13";"13117";"2";"3";"1";"2";"MOULIN ( AVENUE JEAN)";"43,45540945";"5,24483446"
"202400002948";"9";"02";"2024";"16:30";"1";"976";"97613";"2";"1";"2";"6";"Rue de College - Chembenyoumba";" -12,75763500";"45,07996700"
"202400002949";"17";"03";"2024";"22:30";"5";"75";"75117";"2";"3";"1";"3";"AVENUE DE LA PORTE DE CLICHY";"48,89449000";"2,31341000"
"202400002950";"11";"02";"2024";"07:15";"2";"69";"69268";"1";"1";"1";"1";"Route Départementale 386";"45,64116800";"4,75407600"
"202400002951";"11";"02";"2024";"17:00";"1";"13";"13114";"1";"1";"1";"2";"Ancien Chemin d?Aix Bas";"43,54325200";"5,32468400"
"202400002952";"27";"12";"2024";"17:40";"3";"38";"38053";"1";"1";"5";"4";"JOLIOT CURIE";"45,58891000";"5,26149000"
"202400002953";"11";"02";"2024";"13:55";"1";"62";"62079";"1";"1";"2";"6";"A1";"50,09956294";"2,87168957"
"202400002954";"26";"11";"2024";"15:50";"1";"74";"74281";"2";"1";"7";"6";"RONDE (CHEMIN DE)";"46,37052000";"6,48824000"
"202400002955";"11";"02";"2024";"03:15";"3";"977";"97701";"1";"1";"2";"6";"Route de St Jean";"17,90297600";" -62,83209800"
"202400002956";"28";"12";"2024";"14:50";"1";"74";"74159";"1";"1";"8";"1";"D1205";"46,03896000";"6,61113000"
"202400002957";"15";"12";"2024";"02:00";"5";"74";"74116";"1";"3";"2";"3";"D1203";"46,05477800";"6,28480200"
"202400002958";"9";"02";"2024";"19:30";"3";"34";"34344";"1";"1";"1";"5";"D62";"43,56724300";"4,06250100"
"202400002959";"18";"12";"2024";"17:20";"3";"74";"74282";"2";"1";"1";"1";"2806 Route Impériale";"45,98567700";"6,12940500"
"202400002960";"10";"02";"2024";"06:00";"3";"83";"83068";"1";"1";"3";"1";"Route Départementale N°558";"43,27393532";"6,51322065"
"202400002961";"11";"02";"2024";"15:07";"1";"06";"06070";"1";"1";"1";"7";"Route de Gentelly";"43,80206400";"6,90200900"
"202400002962";"3";"12";"2024";"12:05";"1";"74";"74264";"2";"2";"1";"1";"29 Avenue de la colombière";"46,05394200";"6,55809200"
"202400002963";"2";"12";"2024";"17:30";"5";"74";"74264";"2";"1";"2";"7";"Avenue du mont blanc";"46,05714800";"6,55163900"
"202400002964";"11";"02";"2024";"11:38";"1";"13";"13014";"1";"1";"1";"7";"Voie Jean Pierre Lyon";"43,52034100";"5,17202300"
"202400002965";"10";"02";"2024";"14:45";"1";"57";"57303";"2";"3";"1";"3";"Route de maizières";"49,21699400";"6,17066900"
"202400002966";"2";"11";"2024";"20:15";"3";"14";"14227";"1";"1";"1";"5";"Route de Lisieux";"49,27343300";" -0,02215500"
"202400002967";"10";"02";"2024";"23:45";"3";"73";"73307";"1";"1";"1";"7";"Rue de la Chenalette";"45,17752200";"6,48788300"
"202400002968";"11";"02";"2024";"06:30";"2";"42";"42089";"1";"1";"2";"6";"1400 Route des Everts";"45,62276800";"3,97798400"
"202400002969";"10";"02";"2024";"18:30";"5";"38";"38344";"2";"1";"2";"6";"35 Route de Valence";"45,36056100";"4,80111600"
"202400002970";"29";"12";"2024";"17:25";"1";"971";"97107";"2";"1";"1";"7";"USINE (RUE DE L')";"16,05189504";" -61,56557769"
"202400002971";"8";"02";"2024";"18:40";"5";"33";"33473";"2";"1";"2";"1";"N/A";"45,13884000";" -0,44319200"
"202400002972";"29";"11";"2024";"10:00";"1";"34";"34108";"2";"6";"1";"3";"ROND POINT SALVADOR ALLENDE";"43,42325000";"3,72328000"
"202400002973";"26";"12";"2024";"20:46";"5";"78";"78190";"2";"1";"1";"6";"N/A";"48,87995000";"2,14112000"
"202400002974";"9";"02";"2024";"23:00";"3";"59";"59535";"1";"9";"1";"3";"Route du Mont Noir";"50,76924200";"2,74128000"
"202400002975";"7";"09";"2024";"21:10";"4";"33";"33281";"1";"1";"1";"6";"N/A";"44,83079000";" -0,67517000"
"202400002976";"10";"02";"2024";"06:47";"3";"13";"13071";"1";"1";"3";"6";"A51-Sens Aix en Provence vers Marseille";"43,41574000";"5,36488000"
"202400002977";"6";"12";"2024";"19:30";"5";"35";"35281";"2";"2";"1";"3";"rue des 25 Fusillés";"48,09032100";" -1,69276000"
"202400002978";"9";"02";"2024";"14:00";"1";"83";"83137";"1";"1";"2";"6";"A57";"43,13258891";"5,98224062"
"202400002979";"27";"11";"2024";"16:20";"1";"35";"35178";"1";"1";"1";"7";"N/A";"48,29428000";" -1,44561000"
"202400002980";"6";"02";"2024";"18:02";"3";"67";"67365";"1";"1";"1";"4";"M35";"48,53622000";"7,71089000"
"202400002981";"25";"09";"2024";"10:48";"1";"49";"49015";"2";"2";"2";"3";"N/A";"47,50338000";" -0,58608600"
"202400002982";"10";"02";"2024";"04:40";"5";"33";"33487";"1";"1";"3";"1";"N/A";"44,95052000";" -0,46290000"
"202400002983";"1";"12";"2024";"17:30";"1";"972";"97217";"1";"1";"1";"3";"La Duprey";"14,46863300";" -60,88204600"
"202400002984";"10";"02";"2024";"00:45";"4";"33";"33550";"1";"1";"3";"6";"N/A";"44,78244300";" -0,58531500"
"202400002985";"25";"10";"2024";"12:30";"1";"61";"61339";"2";"1";"2";"2";"D909";"48,76388700";" -0,24460600"
"202400002986";"10";"02";"2024";"18:00";"2";"91";"91136";"1";"1";"2";"6";"AUTOROUTE A10";"48,71069000";"2,28706000"
"202400002987";"27";"10";"2024";"12:55";"1";"972";"97209";"2";"1";"1";"2";"RD 41 (ROCADE)";"14,61063000";" -61,08305000"
"202400002988";"29";"10";"2024";"14:25";"1";"972";"97209";"1";"1";"1";"6";"AUTOROUTE (A1)";"14,61457000";" -61,05056000"
"202400002989";"10";"02";"2024";"14:30";"1";"78";"78640";"1";"1";"2";"6";"A86 INT";"48,77808600";"2,21340900"
"202400002990";"27";"10";"2024";"23:54";"5";"972";"97213";"1";"1";"2";"2";"AUTOROUTE A1";"14,60705000";" -61,00425000"
"202400002991";"26";"10";"2024";"18:46";"3";"972";"97213";"1";"1";"1";"1";"ROUTE DEPARTEMENTALE 3";"14,62667000";" -60,98839000"
"202400002992";"10";"02";"2024";"15:30";"1";"78";"78321";"1";"1";"3";"6";"RN12 INT";"48,79875600";"1,91554200"
"202400002993";"18";"10";"2024";"06:45";"1";"972";"97213";"1";"1";"1";"2";"ROUTE NATIONALE 5";"14,59664000";" -60,99582000"
"202400002994";"17";"10";"2024";"09:00";"1";"972";"97209";"2";"1";"1";"5";"REDOUTE (ROUTE DE LA)";"14,62000000";" -61,06000000"
"202400002995";"16";"10";"2024";"14:35";"1";"972";"97209";"2";"1";"1";"2";"RD 41 (ROCADE)";"14,61216000";" -61,07713000"
"202400002996";"10";"02";"2024";"17:45";"2";"92";"92036";"1";"1";"2";"2";"AUTOROUTE A15";"48,93788866";"2,29766722"
"202400002997";"10";"02";"2024";"10:00";"1";"95";"95241";"1";"1";"2";"6";"N104";"49,04663178";"2,45596073"
"202400002998";"9";"10";"2024";"08:15";"1";"972";"97213";"1";"2";"1";"3";"ROUTE DEPARTEMENTALE 3";"14,62150000";" -60,98820000"
"202400002999";"10";"02";"2024";"05:00";"3";"95";"95277";"1";"1";"1";"2";"A3";"48,97696983";"2,49221556"
"202400003000";"9";"02";"2024";"23:00";"5";"988";"98818";"2";"1";"1";"1";"RUE ADOLPHE ET LOUISE LAPLAGNE";" -22,25939000";"166,46691000"
"202400003001";"8";"10";"2024";"19:10";"3";"972";"97213";"1";"1";"1";"4";"ROUTE NATIONALE 5";"14,59645000";" -60,99402000"
"202400003002";"9";"02";"2024";"06:15";"2";"974";"97407";"1";"9";"1";"7";"ROUTE DU SACRE COEUR";" -20,95430000";"55,30865000"
"202400003003";"8";"10";"2024";"06:40";"1";"972";"97213";"1";"1";"1";"2";"ROUTE NATIONALE 5";"14,59572000";" -60,98576000"
"202400003004";"9";"02";"2024";"12:40";"1";"973";"97302";"2";"1";"1";"3";"BADUEL (ROUTE DE)";"4,92828491";" -52,29318649"
"202400003005";"2";"10";"2024";"02:05";"5";"972";"97213";"1";"1";"1";"2";"ROUTE DEPARTEMENTALE 15";"14,63138000";" -61,00831000"
"202400003006";"9";"02";"2024";"10:30";"1";"973";"97302";"1";"1";"1";"2";"ROUTE NATIONALE 1";"4,92854000";" -52,32900000"
"202400003007";"26";"09";"2024";"06:10";"1";"972";"97213";"1";"9";"3";"6";"ROUTE DEPARTEMENTALE 15";"14,65179000";" -61,01113000"
"202400003008";"18";"09";"2024";"18:20";"5";"972";"97209";"1";"1";"1";"2";"RD 41 (ROCADE)";"14,61662000";" -61,06037000"
"202400003009";"9";"02";"2024";"09:35";"1";"973";"97302";"1";"4";"1";"2";"ROUTE NATIONALE 1";"4,90625327";" -52,32173860"
"202400003010";"15";"09";"2024";"18:10";"4";"972";"97213";"1";"9";"1";"7";"AUTOROUTE A1";"14,59603000";" -60,99021000"
"202400003011";"9";"02";"2024";"07:45";"1";"973";"97302";"2";"1";"1";"6";"BADUEL (ROUTE DE)";"4,93395000";" -52,31051000"
"202400003012";"10";"09";"2024";"05:55";"1";"972";"97213";"1";"1";"1";"3";"ROUTE DEPARTEMENTALE 3";"14,60277000";" -60,99774900"
"202400003013";"9";"02";"2024";"10:50";"1";"69";"69387";"2";"2";"2";"3";"Avenue Tony Garnier";"45,72673203";"4,83084619"
"202400003014";"23";"08";"2024";"13:10";"1";"972";"97209";"1";"4";"1";"6";"RD 41";"14,61617000";" -61,07192000"
"202400003015";"9";"02";"2024";"01:00";"4";"972";"97213";"1";"1";"1";"7";"ROUTE DEPARTEMENTALE 3";"14,61390201";" -60,99459915"
"202400003016";"18";"08";"2024";"10:15";"1";"972";"97213";"2";"1";"1";"3";"ROUTE DEPARTEMENTALE 13";"14,63440000";" -61,01618000"
"202400003017";"9";"02";"2024";"14:45";"1";100;100037";"2";"1";"1";"2";"TOUTES RUES";"42,61988000";"9,43763000"
"202400003018";"7";"08";"2024";"16:30";"1";"972";"97213";"1";"1";"1";"3";"AUTOROUTE A1";"14,61795000";" -61,03171000"
"202400003019";"9";"02";"2024";"10:35";"1";100;100033";"2";"1";"1";"6";"SAMPIERO CORSO - AV";"42,67253000";"9,44354000"
"202400003020";"30";"07";"2024";"12:45";"1";"972";"97213";"1";"3";"1";"3";"ROUTE DEPARTEMENTALE 15";"14,63854000";" -61,01010000"
"202400003021";"8";"02";"2024";"09:45";"1";"971";"97120";"1";"1";"1";"3";"GERTY ARCHIMEDE (RESIDENCE)";"16,25066000";" -61,54397000"
"202400003022";"25";"10";"2024";"15:05";"1";"81";"81002";"1";"6";"1";"3";"N112";"43,51115300";"2,33493500"
"202400003023";"9";"02";"2024";"16:03";"1";101;101004";"2";"9";"2";"3";"ALATA ROUTE";"41,93552000";"8,73621000"
"202400003024";"28";"10";"2024";"17:15";"2";"80";"80160";"1";"1";"7";"5";"A29 - PK 198 - Sens LONGUEAU - DURY";"49,85314100";"2,35561800"
"202400003025";"9";"02";"2024";"07:30";"3";"95";"95500";"2";"3";"8";"6";"D915";"49,04484000";"2,07671000"
"202400003026";"28";"12";"2024";"23:45";"3";"28";"28229";"1";"3";"2";"2";"D939";"48,46402600";"1,42826800"
"202400003027";"9";"02";"2024";"19:00";"5";"91";"91471";"2";"9";"1";"6";"LOUISE WEISS (RUE)";"48,70608000";"2,19150000"
"202400003028";"27";"12";"2024";"23:00";"3";"28";"28405";"1";"2";"5";"2";"N12";"48,74875800";"1,26910300"
"202400003029";"9";"02";"2024";"05:20";"5";"91";"91434";"2";"2";"1";"3";"COMPIEGNE (VOIE DE)";"48,66168700";"2,36277400"
"202400003030";"12";"12";"2024";"11:50";"1";"38";"38563";"2";"1";"7";"6";"Avenue Docteur Valois";"45,35790000";"5,59257000"
"202400003031";"8";"02";"2024";"11:45";"1";"83";"83137";"2";"4";"1";"3";"LOUVOIS (BD)";"43,12937000";"5,93022000"
"202400003032";"11";"01";"2024";"14:05";"1";"78";"78640";"2";"1";"1";"6";"EUROPE (AVENUE DE L')";"48,78496500";"2,22186900"
"202400003033";"21";"12";"2024";"18:45";"5";"38";"38563";"2";"1";"1";"1";"Avenue de Paviot";"45,35159000";"5,59025000"
"202400003034";"6";"11";"2024";"13:30";"1";"24";"24557";"2";"1";"1";"6";"GRANDOU (AVENUE MICHEL)";"45,18844000";"0,75932000"
"202400003035";"7";"06";"2024";"10:30";"1";"91";"91286";"1";"1";"1";"3";"AUTOROUTE A6";"48,64819000";"2,38635000"
"202400003036";"6";"12";"2024";"07:30";"3";"84";"84095";"1";"1";"1";"2";"Jas de Puyvert";"43,75022600";"5,33262800"
"202400003037";"7";"06";"2024";"08:50";"1";"91";"91589";"1";"1";"1";"2";"AUTOROUTE A6";"48,67662000";"2,34012000"
"202400003038";"9";"02";"2024";"20:45";"5";"72";"72181";"2";"1";"2";"3";"PADERBORN (AV) CONTRE ALLEE";"48,00810000";"0,19957000"
"202400003039";"29";"11";"2024";"23:40";"5";"84";"84087";"1";"1";"1";"3";"FONTANELLE (CHEMIN)";"44,11041000";"4,84927000"
"202400003040";"6";"06";"2024";"18:45";"1";"92";"92036";"1";"1";"1";"2";"A86";"48,93684568";"2,29256988"
"202400003041";"8";"02";"2024";"20:15";"5";"72";"72181";"2";"1";"2";"2";"RUBILLARD AV N° PAIRS 2 A 116";"48,01199000";"0,18473000"
"202400003042";"1";"12";"2024";"16:40";"1";"74";"74281";"2";"1";"1";"1";"EVIAN (AVENUE D')";"46,37500000";"6,48380000"
"202400003043";"23";"11";"2024";"04:00";"5";"38";"38563";"1";"6";"9";"6";"rocade ouest";"45,37871883";"5,57182789"
"202400003044";"6";"06";"2024";"12:30";"1";"78";"78242";"1";"1";"1";"2";"A12 Y";"48,80488900";"2,04999900"
"202400003045";"9";"02";"2024";"12:35";"1";"71";"71306";"2";"1";"1";"6";"ALOUETTES (AVENUE DES)";"46,68035174";"4,36440307"
"202400003046";"19";"11";"2024";"16:00";"1";"75";"75118";"2";"1";"3";"3";"BOULEVARD DE LA CHAPELLE";"48,88453900";"2,36264500"
"202400003047";"9";"02";"2024";"15:35";"1";"71";"71270";"2";"6";"3";"3";"Rond point des médaillers militaires";"46,32380000";"4,82667000"
"202400003048";"7";"06";"2024";"11:05";"1";"93";"93053";"1";"1";"1";"2";"A86";"48,89937884";"2,46926068"
"202400003049";"25";"12";"2024";"06:50";"5";"93";"93007";"2";"3";"2";"2";"Avenue Descartes / Rue Edouard Renault";"48,94994053";"2,46395999"
"202400003050";"8";"02";"2024";"16:55";"1";"71";"71076";"2";"1";"1";"3";"LOUIS JACQUES THENARD (RUE)";"46,81223943";"4,84923767"
"202400003051";"7";"06";"2024";"11:30";"1";"93";"93027";"1";"1";"1";"2";"A86";"48,92521284";"2,39306196"
"202400003052";"15";"12";"2024";"10:04";"1";"93";"93007";"2";"1";"1";"6";"CHARLES FLOQUET (AVENUE)";"48,94003000";"2,44117000"
"202400003053";"7";"06";"2024";"11:30";"1";"93";"93001";"1";"1";"1";"2";"A86";"48,92130550";"2,37563789"
"202400003054";"9";"02";"2024";"19:50";"2";"69";"69276";"1";"6";"2";"2";"Route Départementale 312";"45,67886000";"4,85029000"
"202400003055";"8";"12";"2024";"22:00";"5";"93";"93007";"2";"1";"2";"3";"PASTEUR (AVENUE)";"48,94250417";"2,46718740"
"202400003056";"8";"10";"2024";"18:20";"1";"93";"93007";"2";"1";"2";"6";"DANIEL CASANOVA (CITE)";"48,92120826";"2,47359881"
"202400003057";"7";"06";"2024";"07:10";"1";"93";"93066";"1";"1";"1";"5";"A86";"48,92279921";"2,34859960"
"202400003058";"8";"02";"2024";"14:25";"1";"69";"69029";"2";"1";"1";"3";"Boulevard des Droits de l'Homme";"45,72937000";"4,92919000"
"202400003059";"21";"08";"2024";"13:45";"1";"93";"93007";"2";"3";"1";"3";"Avenue Paul Vaillant Couturier";"48,92670000";"2,47140000"
"202400003060";"9";"02";"2024";"18:15";"3";"67";"67267";"2";"3";"2";"6";"MOLKENBRONN (RUE DU)";"48,56424000";"7,69485000"
"202400003061";"7";"06";"2024";"02:50";"4";"93";"93048";"1";"1";"1";"2";"A3";"48,87018346";"2,43076748"
"202400003062";"19";"07";"2024";"17:30";"1";"93";"93007";"2";"3";"1";"3";"Avenue de la République / Rue Richard Wagner";"48,93554123";"2,46850515"
"202400003063";"18";"07";"2024";"02:10";"5";"93";"93007";"2";"3";"1";"6";"PASTEUR (AVENUE)";"48,93967000";"2,47178000"
"202400003064";"9";"02";"2024";"16:30";"1";"67";"67482";"2";"9";"2";"5";"M35 (BRETELLE ECHANGEUR)";"48,59501400";"7,74195700"
"202400003065";"21";"10";"2024";"07:15";"2";"17";"17224";"1";"2";"1";"3";"RD 939 / RD 121";"45,87809600";" -0,31680600"
"202400003066";"16";"02";"2024";"19:30";"5";"84";"84031";"2";"6";"1";"3";"EISENHOWER AVENUE DWIGHT";"44,03437000";"5,05109000"
"202400003067";"17";"07";"2024";"17:40";"1";"93";"93007";"2";"1";"1";"3";"Avenue de la Division Leclerc";"48,94688000";"2,45945000"
"202400003068";"6";"06";"2024";"09:00";"1";"974";"97411";"2";"1";"1";"7";"MONTHYON (RUE)";" -20,88694000";"55,45744000"
"202400003069";"9";"02";"2024";"14:15";"1";"67";"67482";"2";"8";"1";"3";"VOSGES (AVENUE DES)";"48,58862000";"7,75477000"
"202400003070";"23";"10";"2024";"15:30";"1";"87";"87103";"2";"1";"1";"6";"17 Rue du Collège";"46,00751100";"1,16891200"
"202400003071";"16";"07";"2024";"18:40";"1";"93";"93007";"2";"2";"1";"3";"Avenue du Capitaine Fonck / Avenue Marcel Alizard";"48,94656000";"2,44614000"
"202400003072";"9";"02";"2024";"15:00";"1";"65";"65226";"1";"1";"1";"6";"PAU (ROUTE DE)";"43,23930000";"0,01869000"
"202400003073";"6";"06";"2024";"13:25";"1";"973";"97302";"2";"6";"1";"3";"BADUEL (ROND POINT DE)";"4,93310660";" -52,30926919"
"202400003074";"24";"10";"2024";"07:36";"2";"08";"08491";"1";"1";"5";"6";"RD5";"49,74245100";"4,85748600"
"202400003075";"15";"12";"2024";"18:45";"3";"73";"73010";"1";"1";"1";"6";"Route de Droisette";"45,75658400";"5,95856000"
"202400003076";"9";"02";"2024";"08:10";"1";"64";"64024";"2";"6";"2";"2";"COMPAGNET (GIRATOIRE DE)";"43,46021000";" -1,49625000"
"202400003077";"6";"06";"2024";"08:00";"1";"973";"97302";"2";"3";"1";"3";"ZEPHIR (ROCADE)";"4,93436506";" -52,30881608"
"202400003078";"24";"10";"2024";"07:15";"2";"08";"08361";"1";"4";"1";"3";"D988";"49,85165400";"4,61960100"
"202400003079";"9";"02";"2024";"07:47";"1";"63";"63113";"2";"1";"1";"3";"BUGHES (PLACE DES)";"45,78539000";"3,08589000"
"202400003080";"31";"12";"2024";"04:45";"3";"28";"28398";"1";"1";"2";"2";"Autoroute A11, PK 100+000";"48,23708700";"1,05405400"
"202400003081";"6";"06";"2024";"18:30";"1";"69";"69387";"2";"4";"1";"3";"Rue Domer";"45,74668000";"4,84413000"
"202400003082";"23";"10";"2024";"19:25";"3";"68";"68066";"1";"1";"1";"3";"A35 PK 066+200";"48,07050900";"7,38521600"
"202400003083";"29";"12";"2024";"18:48";"5";"60";"60175";"2";"1";"5";"6";"Square Gerard de Nerval";"49,25088000";"2,47387000"
"202400003084";"2";"02";"2024";"11:45";"1";"59";"59501";"2";"1";"1";"4";"LANOY SUZANNE(RUE)";"50,37759700";"3,25206900"
"202400003085";"6";"06";"2024";"15:10";"1";"69";"69383";"2";"2";"2";"3";"Rue Etienne Richerand";"45,76129000";"4,86651000"
"202400003086";"8";"02";"2024";"21:29";"5";"57";"57672";"2";"1";"1";"6";"AMERIQUE (CHAUSSEE D')";"49,37156000";"6,16456000"
"202400003087";"5";"06";"2024";"17:05";"1";"972";"97209";"1";"1";"1";"2";"AUTOROUTE (A1)";"14,61627000";" -61,04360000"
"202400003088";"22";"10";"2024";"07:35";"1";"987";"98715";"2";"9";"1";"3";"Voie d'insertion aéroport de TAHITI-FAA'A";" -17,56022600";" -149,60805600"
"202400003089";"8";"02";"2024";"10:45";"1";"57";"57306";"2";"1";"2";"6";"TOURNEUR (RUE) ";"49,32851792";"6,06325150"
"202400003090";"6";"06";"2024";"16:45";"1";"971";"97105";"1";"1";"1";"6";"SIDAMBAROM(AVENUE)";"15,99962000";" -61,72380000"
"202400003091";"23";"10";"2024";"06:40";"2";"987";"98714";"1";"1";"1";"7";"Tereva";" -16,47666975";" -151,75861359"
"202400003092";"6";"06";"2024";"08:19";"1";101;101004";"2";"1";"1";"3";"N/A";"41,93076000";"8,76306000"
"202400003093";"9";"02";"2024";"12:30";"1";"56";"56098";"2";"1";"1";"3";"MITTERAND ( AV. FRANCOIS )";"47,76663000";" -3,33559000"
"202400003094";"6";"06";"2024";"14:30";"1";"95";"95585";"2";"2";"1";"6";"ALBERT CAMUS (BOULEVARD)";"48,97773126";"2,37114519"
"202400003095";"6";"06";"2024";"17:05";"1";"91";"91339";"2";"1";"1";"6";"RUE DES ECOLES";"48,63015000";"2,26756000"
"202400003096";"9";"02";"2024";"19:30";"5";"54";"54395";"2";"1";"2";"6";"Rue de Badonviller";"48,68997000";"6,14331000"
"202400003097";"24";"10";"2024";"13:27";"1";"971";"97117";"1";"3";"1";"3";"Boisvin";"16,29651800";" -61,34954500"
"202400003098";"6";"06";"2024";"08:00";"1";"91";"91477";"2";"3";"1";"1";"COSMONAUTES (AVENUE DES)";"48,71607000";"2,25988000"
"202400003099";"9";"02";"2024";"09:00";"1";"54";"54547";"2";"3";"1";"3";"Avenue du Reclus";"48,66283800";"6,16230600"
"202400003100";"24";"10";"2024";"09:55";"1";"41";"41155";"1";"1";"1";"3";"D103";"47,65991700";"1,54110100"
"202400003101";"8";"02";"2024";"15:00";"1";"54";"54395";"2";"1";"2";"6";"Rue du Faubourg des Trois Maisons";"48,70094000";"6,17761000"
"202400003102";"5";"06";"2024";"18:40";"1";"87";"87085";"2";"3";"1";"3";"GAY-LUSSAC (COURS)";"45,83620000";"1,26395000"
"202400003103";"9";"02";"2024";"10:40";"1";"51";"51454";"2";"1";"1";"6";"RUISSELET (RUE)";"49,24378000";"4,03503000"
"202400003104";"2";"10";"2024";"19:40";"5";"45";"45042";"2";"2";"2";"3";"39 Rue Nationale";"47,81342100";"2,40242200"
"202400003105";"8";"02";"2024";"18:35";"5";"51";"51454";"2";"6";"2";"6";"COURCELLES (RUE DE) DU 223 A FIN ET 102";"49,26450000";"4,01035000"
"202400003106";"22";"10";"2024";"18:35";"2";"77";"77339";"1";"1";"1";"7";"D410";"48,36188600";"2,46593200"
"202400003107";"5";"06";"2024";"10:30";"1";"84";"84007";"2";"1";"1";"4";"TARASCON ( Avenue de)";"43,92115000";"4,80923000"
"202400003108";"9";"02";"2024";"21:01";"5";"49";"49007";"2";"6";"1";"3";"ONZE NOVEMBRE 1918 AVENUE";"47,47056000";" -0,54459000"
"202400003109";"23";"10";"2024";"06:25";"5";"78";"78171";"2";"1";"5";"1";"D983";"48,74442800";"1,66060900"
"202400003110";"6";"06";"2024";"19:00";"1";"83";"83137";"2";"3";"1";"3";"FERRIE (RUE GENERAL)";"43,12831338";"5,89899918"
"202400003111";"23";"10";"2024";"16:05";"1";"30";"30155";"2";"1";"1";"7";"10 Rue du Fort";"43,81950700";"4,47324300"
"202400003112";"6";"06";"2024";"09:10";"1";"83";"83153";"2";"1";"1";"6";"MARIE FLICHE BERGIS (AV)";"43,07606963";"5,90622497"
"202400003113";"8";"02";"2024";"08:30";"1";"49";"49007";"2";"1";"2";"4";"LIBERTE BOULEVARD";"47,44877000";" -0,53535000"
"202400003114";"23";"10";"2024";"21:45";"3";"13";"13094";"1";"1";"1";"1";"D99";"43,78592600";"4,74528900"
"202400003115";"6";"06";"2024";"14:12";"1";"81";"81004";"2";"1";"1";"6";"TEYSSIER (AV DU COLONEL)";"43,92413000";"2,15440000"
"202400003116";"9";"02";"2024";"07:15";"5";"45";"45284";"2";"3";"1";"3";"72 Rue de Charbonnière";"47,91493100";"1,95832700"
"202400003117";"6";"06";"2024";"23:00";"5";"79";"79191";"2";"1";"1";"6";"N/A";"46,33656000";" -0,42186000"
"202400003118";"5";"06";"2024";"16:40";"1";"77";"77085";"2";"1";"1";"1";"Rue des Temps Modernes";"48,86219772";"2,75008057"
"202400003119";"24";"10";"2024";"19:00";"5";"25";"25284";"2";"3";"1";"3";"Rue de la Libération";"47,52253300";"6,81899100"
"202400003120";"9";"02";"2024";"19:40";"5";"44";"44109";"2";"3";"2";"3";"13 Rue de la Brasserie";"47,20845000";" -1,57399000"
"202400003121";"6";"06";"2024";"19:45";"2";"72";"72181";"2";"1";"1";"6";"CUGNOT NICOLAS (BD)";"47,99130000";"0,22754000"
"202400003122";"9";"02";"2024";"14:50";"1";"44";"44109";"2";"1";"1";"6";"Route de la Chapelle Sur Erdre";"47,26417000";" -1,57407000"
"202400003123";"24";"10";"2024";"00:58";"3";"21";"21699";"1";"1";"1";"6";"D905";"47,20492300";"5,32938800"
"202400003124";"5";"06";"2024";"08:09";"1";"71";"71270";"2";"6";"1";"1";"RD POINT DES NEUFS CLES";"46,30911000";"4,82039000"
"202400003125";"3";"02";"2024";"16:40";"1";"43";"43046";"2";"1";"1";"7";"Route de l'Observatoire";"45,06009000";"3,89737000"
"202400003126";"6";"06";"2024";"21:10";"1";"69";"69266";"2";"1";"1";"3";"Rue Henri Legay";"45,75796115";"4,91658439"
"202400003127";"23";"10";"2024";"17:36";"1";"52";"52416";"1";"1";"1";"3";"D132a";"48,04359200";"5,48015500"
"202400003128";"6";"06";"2024";"19:20";"1";"69";"69386";"2";"2";"1";"3";"Rue Garibaldi";"45,76856000";"4,85062000"
"202400003129";"6";"06";"2024";"18:00";"1";"69";"69275";"2";"1";"1";"2";"43 Rue Sully";"45,76792053";"4,97515810"
"202400003130";"9";"02";"2024";"22:05";"5";"37";"37261";"2";"3";"1";"3";"WAGNER (BOULEVARD RICHARD)";"47,37416000";"0,69866000"
"202400003131";"24";"10";"2024";"10:10";"1";"68";"68072";"1";"3";"1";"1";"D201";"47,70071100";"7,42283600"
"202400003132";"6";"06";"2024";"09:30";"1";"69";"69256";"2";"4";"1";"6";"Avenue du 8 Mai 1945";"45,78784125";"4,91436534"
"202400003133";"6";"06";"2024";"08:25";"1";"69";"69259";"2";"1";"1";"6";"Avenue Marcel Paul";"45,69967000";"4,88191000"
"202400003134";"18";"10";"2024";"08:45";"1";"57";"57433";"2";"6";"1";"6";"D112F";"49,20834607";"6,14985860"
"202400003135";"6";"06";"2024";"03:25";"5";"68";"68224";"2";"1";"1";"7";"Rue Jules Verne";"47,72989900";"7,29903100"
"202400003136";"9";"02";"2024";"13:30";"1";"35";"35278";"1";"1";"2";"4";"RD 137";"48,17986000";" -1,71923400"
"202400003137";"6";"06";"2024";"21:55";"5";"67";"67482";"2";"4";"1";"3";"JEAN MERMOZ (RUE)";"48,54624000";"7,77159000"
"202400003138";"24";"10";"2024";"18:00";"1";"42";"42037";"1";"1";"1";"5";"D8";"45,66185200";"4,04519000"
"202400003139";"7";"02";"2024";"18:35";"2";"34";"34301";"2";"1";"1";"3";"BLANC CAMILLE (BOULEVARD)";"43,41014000";"3,67614000"
"202400003140";"6";"06";"2024";"16:25";"1";"64";"64269";"2";"6";"1";"3";"TARBES DE";"43,29925000";" -0,30719000"
"202400003141";"24";"10";"2024";"07:45";"2";"17";"17146";"1";"1";"1";"1";"N/A";"45,90887600";" -0,97500400"
"202400003142";"6";"06";"2024";"16:50";"1";"64";"64348";"2";"1";"1";"3";"SALIE";"43,33698000";" -0,39109000"
"202400003143";"9";"02";"2024";"21:45";"5";"34";"34172";"2";"1";"1";"2";"RIMBAUD (RUE PAUL)";"43,61869000";"3,84630000"
"202400003144";"6";"06";"2024";"08:50";"1";"64";"64284";"2";"3";"1";"3";"GUINDALOS DE";"43,28050000";" -0,38305000"
"202400003145";"20";"09";"2024";"18:50";"1";"33";"33382";"2";"1";"1";"3";"N/A";"45,13381400";" -0,48660600"
"202400003146";"5";"06";"2024";"08:10";"1";"64";"64445";"2";"1";"1";"2";"CONDORCET";"43,31640000";" -0,36146000"
"202400003147";"9";"02";"2024";"14:24";"1";"34";"34172";"2";"1";"1";"3";"ITALIE (PLACE D')";"43,64201000";"3,81857000"
"202400003148";"6";"06";"2024";"18:15";"1";"64";"64024";"2";"1";"1";"3";"rond point de bahinos";"43,49418200";" -1,51869727"
"202400003149";"23";"10";"2024";"17:45";"1";"49";"49301";"1";"1";"7";"3";"La Petite Gaudinière (Tillières)";"47,13310800";" -1,18987100"
"202400003150";"6";"06";"2024";"15:00";"1";"64";"64024";"2";"1";"1";"2";"BAB (BOULEVARD DU)";"43,49644000";" -1,51156000"
"202400003151";"23";"10";"2024";"15:05";"1";"44";"44172";"2";"1";"1";"6";"34 Rue du Président Coty";"47,24900600";" -1,48811100"
"202400003152";"9";"02";"2024";"21:30";"5";"33";"33063";"2";"2";"1";"3";"N/A";"44,83855000";" -0,60459000"
"202400003153";"6";"06";"2024";"09:35";"1";"64";"64024";"2";"1";"1";"2";"ADOUR (AVENUE DE L')";"43,52112000";" -1,50170000"
"202400003154";"9";"02";"2024";"20:00";"5";"31";"31555";"1";"1";"1";"3";"VA007553 A61";"43,63774000";"1,47702000"
"202400003155";"22";"10";"2024";"10:20";"1";"35";"35015";"1";"1";"5";"1";"RD 178";"48,17176700";" -1,18598700"
"202400003156";"6";"06";"2024";"08:20";"1";"64";"64102";"2";"1";"1";"3";"MOLINIE (AVENUE JEAN)";"43,49264000";" -1,48327000"
"202400003157";"3";"02";"2024";"19:35";"3";"30";"30028";"2";"9";"1";"7";"N/A";"44,15692000";"4,61499000"
"202400003158";"5";"06";"2024";"18:07";"1";"64";"64102";"2";"3";"1";"3";"NAVARRE (AVENUE HENRI DE)";"43,50156000";" -1,44585000"
"202400003159";"24";"10";"2024";"18:10";"1";"02";"02443";"1";"1";"1";"6";"N/A";"49,04404300";"3,26552500"
"202400003160";"5";"06";"2024";"11:20";"1";"64";"64102";"2";"9";"1";"3";"FAIENCERIE(Rond Point de la)";"43,49374000";" -1,49147000"
"202400003161";"22";"10";"2024";"17:55";"2";"59";"59139";"2";"6";"1";"1";"Rue Stephenson";"50,12681700";"3,41810000"
"202400003162";"8";"02";"2024";"12:23";"1";"29";"29019";"1";"4";"2";"5";"chemin du Grand Kervao";"48,42308814";" -4,51076368"
"202400003163";"5";"06";"2024";"09:20";"1";"64";"64102";"2";"6";"1";"3";"RESPLANDY (AVENUE DU CAPITAINE)";"43,49128579";" -1,46884739"
"202400003164";"7";"02";"2024";"17:10";"1";"29";"29019";"2";"1";"2";"6";"rue Victor Eusen";"48,37960300";" -4,53465000"
"202400003165";"19";"10";"2024";"20:50";"3";"01";"01275";"1";"1";"1";"2";"A42 4.329 A 5.760   LYON/GEN";"45,80942000";"4,93299000"
"202400003166";"5";"06";"2024";"20:15";"1";"62";"62194";"2";"6";"1";"3";"D341";"50,48322496";"2,47414649"
"202400003167";"6";"06";"2024";"11:30";"1";"62";"62193";"2";"6";"1";"6";"Avenue Pierre de Coubertin";"50,95338188";"1,83854127"
"202400003168";"22";"10";"2024";"05:25";"3";"57";"57356";"1";"1";"1";"2";"Autoroute A31";"49,44840227";"6,11968517"
"202400003169";"5";"06";"2024";"17:20";"1";"59";"59512";"2";"3";"1";"3";"Rue Turgot";"50,70326000";"3,17378000"
"202400003170";"23";"10";"2024";"09:00";"1";"78";"78423";"1";"1";"5";"6";"RN12";"48,79432800";"2,04980100"
"202400003171";"9";"02";"2024";"07:50";"1";"27";"27375";"2";"6";"1";"2";"THOREL (PLACE ERNEST)";"49,21547000";"1,16823000"
"202400003172";"6";"06";"2024";"08:50";"1";"59";"59378";"1";"6";"1";"3";"STRATEGIQUE PAVE";"50,68673000";"3,10250000"
"202400003173";"22";"10";"2024";"05:30";"4";"78";"78402";"1";"1";"1";"6";"A13";"48,96388100";"1,77835400"
"202400003174";"8";"02";"2024";"07:55";"2";"27";"27229";"2";"9";"2";"6";"QUATORZE JUILLET (BOULEVARD)";"49,01007000";"1,16745000"
"202400003175";"5";"06";"2024";"06:40";"2";"59";"59009";"1";"1";"1";"6";"Boulevard du Breucq";"50,64855000";"3,14922000"
"202400003176";"5";"06";"2024";"15:40";"1";"59";"59183";"2";"3";"1";"6";"REPUBLIQUE";"51,02864000";"2,35184000"
"202400003177";"9";"02";"2024";"20:05";"5";"25";"25056";"2";"1";"2";"3";"CASSOTTE  RUE DE LA";"47,24599900";"6,02966100"
"202400003178";"22";"10";"2024";"21:45";"3";"93";"93005";"1";"1";"1";"4";"AUTOROUTE A3";"48,96017102";"2,47352704"
"202400003179";"5";"06";"2024";"18:32";"1";"56";"56121";"2";"2";"1";"3";"Cours Louis de Chazelles";"47,75372000";" -3,36234000"
"202400003180";"5";"02";"2024";"16:13";"1";"19";"19275";"2";"3";"1";"1";"CLERMONT (AVENUE) N° PAIRS";"45,56956235";"2,33116347"
"202400003181";"23";"10";"2024";"17:30";"1";"77";"77146";"1";"1";"1";"3";"A4.W";"48,83151000";"2,64542000"
"202400003182";"5";"06";"2024";"16:20";"1";"54";"54025";"2";"1";"1";"2";"Avenue de la Chartreuse";"48,66199000";"6,25330000"
"202400003183";"6";"02";"2024";"16:45";"1";"14";"14327";"2";"3";"1";"3";"9 Rue Abbé Lucas";"49,19522000";" -0,32785000"
"202400003184";"5";"06";"2024";"12:00";"1";"54";"54395";"2";"1";"1";"6";"Avenue Raymond Pinchard";"48,70325100";"6,15540000"
"202400003185";"23";"10";"2024";"11:40";"1";"77";"77169";"1";"1";"1";"2";"RN104";"48,82051241";"2,61575004"
"202400003186";"8";"02";"2024";"15:00";"1";"13";"13213";"2";"1";"1";"3";"CHEMIN DU MERLAN A LA ROSE ";"43,33094000";"5,40720000"
"202400003187";"17";"05";"2024";"16:45";"1";"54";"54273";"2";"1";"3";"1";"Route de Tichemont";"49,16635000";"5,88780000"
"202400003188";"22";"10";"2024";"23:50";"3";"94";"94022";"1";"1";"1";"2";"A86";"48,77678786";"2,41746090"
"202400003189";"9";"02";"2024";"19:29";"5";"13";"13001";"2";"1";"2";"1";"ROI RENE (BD DU)";"43,52455000";"5,45352000"
"202400003190";"5";"06";"2024";"18:25";"1";"51";"51058";"2";"3";"1";"3";"SACY (RUE)";"49,21977000";"3,99286000"
"202400003191";"8";"02";"2024";"19:20";"5";"12";"12202";"2";"1";"1";"7";"GINESTE (AVENUE DE LA)";"44,36256000";"2,56194000"
"202400003192";"5";"06";"2024";"12:50";"1";"51";"51454";"2";"1";"1";"2";"GERUZEZ (RUE)";"49,26386900";"4,01785300"
"202400003193";"8";"02";"2024";"10:03";"1";"10";"10387";"2";"1";"2";"6";"Avenue des Lombards";"48,27802000";"4,06760000"
"202400003194";"22";"10";"2024";"21:00";"3";"77";"77438";"1";"1";"1";"6";"A104";"48,86262798";"2,66812122"
"202400003195";"5";"06";"2024";"11:10";"1";"51";"51454";"2";"2";"1";"3";"ALBERT 1ER (BOULEVARD)";"49,27077000";"4,01110000"
"202400003196";"9";"02";"2024";"18:25";"5";"06";"06069";"2";"1";"2";"3";"Chemin des Capucins";"43,65341000";"6,92859000"
"202400003197";"8";"06";"2024";"22:00";"2";"35";"35253";"1";"2";"1";"6";"N/A";"48,25619800";" -1,41189700"
"202400003198";"5";"06";"2024";"07:27";"1";"49";"49007";"2";"1";"1";"3";"LAC DE MAINE AVENUE";"47,46467000";" -0,59369000"
"202400003199";"8";"02";"2024";"05:00";"3";"02";"02738";"1";"9";"2";"2";"N/A";"49,66396000";"3,26418000"
"202400003200";"6";"06";"2024";"08:15";"1";"47";"47001";"2";"1";"2";"6";"PONT DE PIERRE";"44,19492000";"0,61235000"
"202400003201";"9";"02";"2024";"06:55";"5";"75";"75112";"2";"1";"1";"3";"PORTE DE CHARENTON";"48,83092700";"2,40299100"
"202400003202";"6";"06";"2024";"16:30";"1";"42";"42218";"2";"2";"1";"6";"Rue Maître Simone Levaillant";"45,46370200";"4,38177200"
"202400003203";"9";"02";"2024";"07:05";"5";"75";"75119";"2";"1";"1";"6";"AVENUE DE FLANDRE";"48,89406500";"2,38103100"
"202400003204";"2";"06";"2024";"18:27";"1";"35";"35179";"1";"2";"1";"3";"La Butte";"48,50646300";" -1,88790400"
"202400003205";"8";"02";"2024";"22:05";"5";"75";"75114";"2";"2";"2";"3";"PLACE DENFERT ROCHEREAU";"48,83368800";"2,33193800"
"202400003206";"5";"06";"2024";"08:48";"1";"41";"41018";"2";"9";"1";"6";"BEGON (RUE MICHEL)  N° IMPAIRS";"47,59353000";"1,31041000"
"202400003207";"11";"10";"2024";"17:20";"1";"44";"44162";"2";"1";"1";"2";"N/A";"47,24200000";" -1,62300000"
"202400003208";"8";"02";"2024";"13:36";"1";"75";"75114";"2";"2";"2";"6";"AVENUE DE L OBSERVATOIRE";"48,83956100";"2,33672100"
"202400003209";"3";"06";"2024";"15:37";"1";"40";"40192";"2";"9";"1";"3";"VIGNAU (AV DU)";"43,88435000";" -0,46108000"
"202400003210";"10";"10";"2024";"08:50";"2";"44";"44109";"2";"6";"1";"6";"Boulevard Emile Gabory";"47,19886445";" -1,53268050"
"202400003211";"8";"02";"2024";"22:40";"5";"75";"75113";"2";"2";"2";"3";"RUE DE TOLBIAC";"48,82617300";"2,35729600"
"202400003212";"6";"06";"2024";"18:35";"1";"38";"38053";"2";"1";"1";"3";"SAINT MICHEL (BLD)";"45,58926000";"5,27621000"
"202400003213";"5";"06";"2024";"16:50";"1";"34";"34032";"2";"3";"1";"6";"22 AOUT 1944 (AVENUE DU)";"43,34339000";"3,22335000"
"202400003214";"9";"02";"2024";"15:45";"1";"75";"75111";"2";"3";"1";"3";"BOULEVARD VOLTAIRE";"48,85667200";"2,38200900"
"202400003215";"23";"08";"2024";"20:00";"1";"74";"74298";"2";"3";"1";"3";"LIVRON (ROUTE DU)";"46,18570000";"6,25150000"
"202400003216";"6";"06";"2024";"17:00";"1";"31";"31069";"2";"1";"1";"2";"COSTES (AV DIEUDONNE)";"43,63041948";"1,38028085"
"202400003217";"9";"02";"2024";"09:05";"1";"75";"75101";"2";"2";"8";"3";"RUE DE RIVOLI";"48,85852500";"2,34823100"
"202400003218";"6";"06";"2024";"23:36";"5";"31";"31555";"2";"9";"1";"3";"BD DE STRASBOURG";"43,60698000";"1,44738000"
"202400003219";"6";"06";"2024";"18:00";"1";"29";"29019";"2";"6";"1";"6";"rue de la Villeneuve";"48,40934800";" -4,46564400"
"202400003220";"13";"06";"2024";"09:05";"1";"29";"29019";"2";"2";"1";"6";"boulevard Montaigne";"48,40257000";" -4,48199400"
"202400003221";"12";"04";"2024";"19:40";"1";"69";"69275";"2";"2";"1";"5";"Rue Emile Zola";"45,76383000";"4,94561000"
"202400003222";"5";"06";"2024";"09:45";"1";"28";"28220";"2";"1";"1";"3";"MARCEAU (RUE)";"48,42513000";"1,47997000"
"202400003223";"5";"06";"2024";"12:15";"1";"23";"23096";"2";"3";"1";"6";"PASTEUR (AVENUE)";"46,17096200";"1,87783400"
"202400003224";"22";"10";"2024";"15:10";"1";"974";"97411";"1";"9";"1";"1";"BEDIER (AVENUE JOSEPH)";" -20,89720000";"55,48630000"
"202400003225";"22";"10";"2024";"09:49";"1";"973";"97302";"2";"1";"1";"7";"CABASSOU (ROUTE DE)";"4,91750000";" -52,31295000"
"202400003226";"5";"06";"2024";"17:35";"1";"18";"18033";"1";"1";"1";"2";"N/A";"47,07688000";"2,43986000"
"202400003227";"6";"06";"2024";"12:40";"1";"17";"17415";"2";"1";"1";"2";"NATIONAL 1 A 67 ET 2 A 44 COURS";"45,74725000";" -0,63450000"
"202400003228";"21";"10";"2024";"17:00";"1";"973";"97302";"2";"3";"1";"3";"SAINT ANTOINE (CHEMIN)";"4,93206000";" -52,29717000"
"202400003229";"22";"10";"2024";"15:45";"1";"69";"69383";"2";"1";"1";"6";"Rue Rabelais";"45,76281000";"4,84662000"
"202400003230";"5";"06";"2024";"09:58";"1";"17";"17300";"2";"1";"1";"4";"COLIGNY   AVENUE";"46,16191000";" -1,16560000"
"202400003231";"22";"10";"2024";"06:20";"1";"972";"97209";"2";"3";"2";"3";"PAUL NARDAL (AVENUE)";"14,61339000";" -61,07310000"
"202400003232";"5";"06";"2024";"20:45";"2";"14";"14327";"2";"2";"1";"1";"29 Avenue de la Grande Cavée";"49,20327000";" -0,32979000"
"202400003233";"22";"10";"2024";"22:55";"5";"95";"95585";"2";"9";"1";"3";"D125";"48,97841653";"2,38786722"
"202400003234";"22";"10";"2024";"09:30";"1";"95";"95280";"2";"3";"1";"6";"DIDEROT (AVENUE)";"49,02754000";"2,46368000"
"202400003235";"7";"06";"2024";"00:05";"5";"13";"13203";"2";"3";"1";"3";"PLOMBIERES (RUE DE)";"43,31896000";"5,37913000"
"202400003236";"21";"10";"2024";"15:26";"1";"95";"95572";"1";"9";"8";"3";"FOND DE VAUX (AVENUE DU)";"49,06082700";"2,14396900"
"202400003237";"7";"06";"2024";"00:40";"5";"13";"13208";"2";"2";"1";"3";"PRADO (AVENUE DU)";"43,28022000";"5,38678000"
"202400003238";"22";"10";"2024";"16:15";"1";"91";"91570";"2";"1";"1";"6";"RESIDENCE LES TILLEULS RUE RAIE TORTUE";"48,63744000";"2,30502000"
"202400003239";"6";"06";"2024";"19:10";"1";"13";"13210";"2";"1";"1";"3";"BONNEFOY (RUE)";"43,28070000";"5,40120000"
"202400003240";"22";"10";"2024";"07:25";"3";"91";"91685";"2";"3";"1";"6";"MOCQUET (RUE GUY)";"48,65554000";"2,30562000"
"202400003241";"6";"06";"2024";"02:26";"5";"13";"13201";"2";"3";"1";"3";"LÉON GAMBETTA (ALLEE)";"43,29911447";"5,38264508"
"202400003242";"22";"10";"2024";"10:00";"1";"91";"91027";"2";"1";"1";"3";"AV FRANCOIS MITTERRAND";"48,70833000";"2,37143000"
"202400003243";"5";"06";"2024";"12:30";"1";"13";"13216";"2";"6";"1";"3";"LITTORAL (CHEMIN DU)";"43,34000000";"5,34000000"
"202400003244";"22";"10";"2024";"07:10";"5";"91";"91589";"2";"1";"1";"6";"AV JEAN ALLEMANE";"48,68629000";"2,34151000"
"202400003245";"5";"06";"2024";"17:45";"1";"13";"13047";"2";"8";"1";"3";"TARTUGUES CHEMIN DES";"43,50857083";"4,97778564"
"202400003246";"17";"10";"2024";"09:25";"1";"87";"87085";"2";"3";"2";"7";"MAUVENDIERE (RUE DE LA)";"45,83313000";"1,24849000"
"202400003247";"18";"05";"2024";"11:50";"1";"12";"12013";"1";"1";"1";"1";"LYCEE (AVENUE)";"44,53478100";"2,23122100"
"202400003248";"21";"10";"2024";"09:13";"1";"87";"87085";"2";"3";"1";"3";"RUBEN (AVENUE ERNEST)";"45,82354000";"1,25114000"
"202400003249";"21";"10";"2024";"09:54";"1";"87";"87085";"2";"1";"1";"6";"VANTEAUX (BOULEVARD DE)";"45,82037000";"1,23758000"
"202400003250";"6";"06";"2024";"16:52";"1";"11";"11262";"2";"1";"1";"4";"N/A";"43,15175300";"2,97936600"
"202400003251";"17";"10";"2024";"16:15";"1";"87";"87085";"2";"3";"2";"6";"MONTMAILLER (RUE)";"45,83514000";"1,25221000"
"202400003252";"6";"06";"2024";"14:10";"1";"10";"10297";"2";"1";"1";"2";"Avenue Jules Guesde";"48,31454000";"4,09886000"
"202400003253";"21";"10";"2024";"07:54";"2";"87";"87050";"1";"3";"1";"3";"RD947";"45,89870000";"1,22210000"
"202400003254";"6";"06";"2024";"16:16";"1";"10";"10387";"2";"1";"1";"6";"Mail des Charmilles";"48,29653000";"4,08547000"
"202400003255";"22";"10";"2024";"09:40";"1";"84";"84007";"2";"2";"1";"3";"PIERRE SEMARD (AVENUE)";"43,93394000";"4,83138000"
"202400003256";"5";"06";"2024";"16:44";"1";"10";"10357";"1";"1";"1";"4";"ROCADE EST (RD 610)";"48,29570000";"4,13780000"
"202400003257";"22";"10";"2024";"06:52";"5";"83";"83137";"2";"1";"1";"6";"JOFFRE (BD MARECHAL)";"43,12368000";"5,94985000"
"202400003258";"5";"06";"2024";"18:55";"1";"09";"09225";"2";"2";"1";"3";"MARCHE AUX BOEUFS PLACE DU";"43,11110000";"1,60903000"
"202400003259";"21";"10";"2024";"15:35";"1";"81";"81004";"2";"1";"1";"6";"SAINT JUERY (AV DE) DU N° 1 AU N° 48";"43,93432000";"2,17460000"
"202400003260";"5";"06";"2024";"17:25";"1";"04";"04112";"2";"1";"1";"6";"CHAMP DE PRUNIERS (CH.)";"43,82757000";"5,79852000"
"202400003261";"21";"10";"2024";"17:54";"1";"80";"80021";"1";"1";"1";"3";"Rue Victor Hugo";"49,89273000";"2,30233000"
"202400003262";"2";"06";"2024";"10:05";"1";"04";"04112";"1";"1";"1";"1";"D907";"43,83230000";"5,76226000"
"202400003263";"21";"10";"2024";"17:34";"1";"78";"78423";"2";"1";"1";"6";"PARC (AVENUE DU)";"48,77538000";"2,02991000"
"202400003264";"5";"06";"2024";"12:10";"1";"75";"75114";"2";"1";"1";"2";"BD PERIPHERIQUE EXTERIEUR";"48,81869000";"2,33175100"
"202400003265";"22";"10";"2024";"18:20";"1";"78";"78172";"2";"2";"1";"3";"ANGLAIS (RUE DES)";"49,00536700";"2,09552400"
"202400003266";"6";"06";"2024";"19:15";"1";"75";"75119";"2";"1";"1";"6";"RUE ANDRE DANJON";"48,88582100";"2,38462000"
"202400003267";"6";"06";"2024";"19:00";"1";"75";"75118";"2";"1";"1";"6";"AVENUE DE SAINT OUEN";"48,89638900";"2,32858600"
"202400003268";"22";"10";"2024";"01:15";"4";"78";"78672";"1";"1";"2";"6";"DE VOISINS AVENUE DU PRESIDENT GILBERT";"48,92744000";"2,01492000"
"202400003269";"6";"06";"2024";"17:05";"1";"75";"75118";"2";"7";"1";"6";"RUE MARX DORMOY";"48,88489000";"2,35934800"
"202400003270";"21";"10";"2024";"08:27";"1";"77";"77495";"1";"1";"1";"2";"N 105";"48,56176000";"2,64521000"
"202400003271";"22";"10";"2024";"18:53";"5";"77";"77284";"2";"9";"8";"6";"TRINITAIRES (RUE DES)";"48,95657000";"2,87393000"
"202400003272";"5";"06";"2024";"16:05";"1";"75";"75117";"2";"2";"1";"3";"BOULEVARD PEREIRE";"48,88367700";"2,29532500"
"202400003273";"6";"06";"2024";"19:20";"1";"75";"75116";"2";"1";"1";"3";"ALLEE DES FORTIFICATIONS";"48,85133200";"2,25901500"
"202400003274";"22";"10";"2024";"17:30";"1";"69";"69266";"2";"3";"1";"2";"Avenue Paul Krüger";"45,75474611";"4,90198092"
"202400003275";"6";"06";"2024";"15:30";"1";"75";"75116";"2";"1";"1";"1";"RUE DE LA TOUR";"48,85947300";"2,28252400"
"202400003276";"22";"10";"2024";"07:35";"5";"69";"69115";"2";"6";"1";"2";"Avenue Edouard Herriot";"45,97888000";"4,73420000"
"202400003277";"6";"06";"2024";"08:45";"1";"75";"75116";"2";"1";"1";"3";"ALLEE DE LA REINE MARGUERITE";"48,85398700";"2,24187100"
"202400003278";"22";"10";"2024";"08:00";"1";"69";"69290";"1";"2";"2";"3";"Boulevard de la Porte des Alpes";"45,71504000";"4,92549000"
"202400003279";"6";"06";"2024";"14:30";"1";"75";"75115";"2";"1";"1";"3";"BOULEVARD GARIBALDI";"48,84748800";"2,30352900"
"202400003280";"6";"06";"2024";"09:35";"1";"75";"75111";"2";"2";"1";"6";"AVENUE LEDRU ROLLIN";"48,85659700";"2,37922100"
"202400003281";"21";"10";"2024";"23:05";"5";"69";"69029";"2";"1";"1";"3";"Boulevard de l'Université";"45,72283066";"4,92010074"
"202400003282";"5";"06";"2024";"08:50";"1";"75";"75111";"2";"1";"1";"3";"AVENUE PHILIPPE AUGUSTE";"48,85134200";"2,39408600"
"202400003283";"21";"10";"2024";"17:50";"1";"69";"69029";"2";"2";"1";"3";"Rue de Reims";"45,73938000";"4,91140000"
"202400003284";"5";"06";"2024";"22:35";"5";"75";"75110";"2";"2";"1";"1";"RUE DE LANCRY";"48,86981000";"2,36069000"
"202400003285";"21";"10";"2024";"16:58";"1";"69";"69290";"2";"3";"1";"2";"Boulevard des Roses";"45,68769927";"4,93500190"
"202400003286";"6";"06";"2024";"19:00";"1";"75";"75109";"2";"7";"1";"3";"PLACE D ESTIENNE D ORVES";"48,87653400";"2,33094500"
"202400003287";"21";"10";"2024";"11:30";"1";"69";"69290";"2";"3";"7";"3";"Rue d'Alsace";"45,71809842";"4,90980729"
"202400003288";"6";"06";"2024";"09:30";"1";"75";"75104";"2";"2";"1";"3";"RUE DE RIVOLI";"48,85616400";"2,35713000"
"202400003289";"21";"10";"2024";"16:45";"1";"64";"64348";"2";"1";"1";"3";"EUROPE DE L'";"43,32014000";" -0,39253000"
"202400003290";"5";"06";"2024";"17:50";"1";"75";"75104";"2";"3";"1";"6";"QUAI DE L HOTEL DE VILLE";"48,85542100";"2,35294000"
"202400003291";"22";"10";"2024";"12:15";"1";"62";"62573";"2";"1";"1";"1";"RD165";"50,49020000";"2,89155000"
"202400003292";"5";"06";"2024";"17:30";"1";"94";"94081";"2";"2";"1";"3";"Avenue Youri Gagarine / Rue Camille Groult";"48,78605000";"2,39186000"
"202400003293";"22";"10";"2024";"05:05";"5";"59";"59183";"2";"2";"2";"3";"HUGO VICTOR - BOULEVARD";"51,02653000";"2,38073000"
"202400003294";"4";"06";"2024";"18:15";"1";"94";"94068";"2";"2";"1";"3";"Avenue Louis Blanc / Boulevard de la Marne";"48,79331000";"2,49784000"
"202400003295";"21";"10";"2024";"16:42";"1";"56";"56098";"2";"2";"1";"3";"Rue Emile Combes";"47,77193000";" -3,33729000"
"202400003296";"5";"06";"2024";"04:40";"5";"94";"94011";"2";"4";"1";"6";"Rue Pierre Sémard / D60";"48,76299000";"2,47980000"
"202400003297";"21";"10";"2024";"09:05";"1";"54";"54547";"1";"1";"1";"2";"Rue Victor Basch";"48,66203000";"6,16014000"
"202400003298";"22";"10";"2024";"17:20";"1";"51";"51454";"2";"1";"1";"6";"BEAULIEU (RUE DU LIEUTENANT COLONNEL)";"49,24275000";"4,00091000"
"202400003299";"6";"06";"2024";"19:20";"1";"94";"94078";"2";"3";"1";"2";"Avenue de Choisy / Rue Madeleine";"48,74836001";"2,43544956"
"202400003300";"21";"10";"2024";"18:30";"1";"49";"49007";"2";"1";"3";"3";"MAINE";"47,47800000";" -0,54700000"
"202400003301";"15";"06";"2024";"12:00";"1";"94";"94017";"2";"1";"1";"3";"Rue Roland Martin";"48,81782000";"2,48851000"
"202400003302";"21";"10";"2024";"17:00";"1";"42";"42127";"2";"3";"1";"3";"Rue Alfred de Musset";"46,06066000";"4,05949000"
"202400003303";"5";"06";"2024";"14:49";"1";"94";"94017";"2";"3";"1";"3";"Avenue Roger Salengro / Avenue Maxime Gorki";"48,81942500";"2,48654000"
"202400003304";"21";"10";"2024";"18:15";"2";"41";"41018";"2";"1";"1";"5";"DUGAY-TROUIN (RUE)  N° IMPAIRS";"47,59093000";"1,29919000"
"202400003305";"6";"06";"2024";"16:10";"1";"93";"93051";"2";"1";"1";"3";"Avenue Aristide Briand";"48,84720518";"2,55289114"
"202400003306";"21";"10";"2024";"15:30";"1";"34";"34172";"2";"1";"1";"5";"CAMBRIDGE (RUE DE)";"43,62584000";"3,81819000"
"202400003307";"5";"06";"2024";"22:03";"5";"93";"93051";"2";"2";"1";"3";"Avenue Médéric / Chemin des Princes";"48,83030000";"2,58520000"
"202400003308";"21";"10";"2024";"14:30";"1";"34";"34129";"2";"9";"1";"1";"SORIECH (CHEMIN DE)";"43,58019000";"3,92195000"
"202400003309";"6";"06";"2024";"08:45";"1";"93";"93014";"2";"1";"1";"6";"Allée Fernand Lindet";"48,91117000";"2,54833000"
"202400003310";"21";"10";"2024";"13:35";"1";"34";"34172";"2";"6";"1";"3";"PRES D'ARENES (ROND-POINT DES)";"43,58908000";"3,89070000"
"202400003311";"6";"06";"2024";"01:15";"5";"93";"93010";"2";"3";"1";"1";"Avenue Léon Blum / Rue Odette Pain";"48,91356000";"2,47855000"
"202400003312";"17";"10";"2024";"17:40";"1";"33";"33281";"2";"5";"3";"3";"N/A";"44,85117000";" -0,64468000"
"202400003313";"5";"06";"2024";"12:05";"1";"93";"93008";"2";"3";"1";"6";"Rue des Marais / Rue des Bons Enfants";"48,90589000";"2,43776000"
"202400003314";"22";"10";"2024";"05:50";"5";"31";"31555";"2";"6";"3";"3";"VA008493 LA CRABE A624 Sortie 2";"43,61016000";"1,37256000"
"202400003315";"5";"06";"2024";"11:45";"1";"92";"92064";"2";"9";"1";"3";"PLACE CLEMENCEAU";"48,84150070";"2,22170037"
"202400003316";"5";"06";"2024";"03:20";"5";"92";"92047";"2";"1";"1";"6";"RAYMOND POINCARE";"48,83830733";"2,17364985"
"202400003317";"21";"10";"2024";"09:10";"1";"29";"29019";"2";"3";"2";"3";"rue Georges Melou";"48,39299400";" -4,46215800"
"202400003318";"6";"06";"2024";"09:10";"1";"92";"92063";"2";"3";"1";"3";"ZURICH (RUE DE)";"48,87056943";"2,18424010"
"202400003319";"22";"10";"2024";"13:10";"1";"13";"13117";"2";"4";"1";"6";"ROUTE NATIONALE 113-L'ANJOLY";"43,42366000";"5,26663000"
"202400003320";"22";"10";"2024";"17:20";"1";"13";"13039";"1";"9";"1";"2";"ROUTE NATIONALE 568";"43,47136000";"4,90720000"
"202400003321";"6";"06";"2024";"10:30";"1";"92";"92051";"2";"3";"1";"3";"CHARLES DE GAULLE (AVENUE, N° 18 A 116)";"48,88140508";"2,27127725"
"202400003322";"21";"10";"2024";"11:30";"1";"13";"13203";"2";"1";"1";"3";"NATIONAL (BOULEVARD)";"43,30916060";"5,38026349"
"202400003323";"6";"06";"2024";"20:58";"2";"92";"92044";"2";"9";"1";"7";"CHARLES PASQUA (QUAI) 32 A 58";"48,90006491";"2,28221226"
"202400003324";"21";"10";"2024";"07:25";"5";"13";"13063";"2";"1";"1";"6";"C.D 10";"43,58473398";"4,99096066"
"202400003325";"6";"06";"2024";"18:20";"1";"92";"92024";"2";"1";"1";"2";"GENERAL ROGUET (RUE DU) DE (1 A 57)   (2";"48,90480000";"2,31291000"
"202400003326";"21";"10";"2024";"18:05";"1";"13";"13001";"2";"1";"1";"3";"MONNET JEAN (AV)";"43,53202000";"5,42233000"
"202400003327";"5";"06";"2024";"23:42";"5";"92";"92002";"2";"3";"1";"6";"BONE (RUE DE)";"48,74748427";"2,30381548"
"202400003328";"21";"10";"2024";"20:50";"3";"11";"11262";"2";"1";"1";"2";"N/A";"43,19296000";"2,98055000"
"202400003329";"6";"06";"2024";"10:30";"1";"37";"37210";"1";"1";"1";"1";"D751";"47,19529892";"0,30690005"
"202400003330";"6";"06";"2024";"08:45";"1";"37";"37072";"2";"1";"1";"7";"60 Rue Paul Huet";"47,16664400";"0,25716200"
"202400003331";"21";"10";"2024";"11:40";"1";"11";"11069";"1";"1";"1";"5";"N/A";"43,22438000";"2,32808000"
"202400003332";"21";"10";"2024";"16:40";"1";"10";"10081";"1";"1";"1";"7";"ROCADE OUEST (RD 610)";"48,32860000";"4,05370000"
"202400003333";"7";"06";"2024";"12:30";"1";"80";"80193";"1";"2";"1";"1";"D14";"49,70560300";"2,39007400"
"202400003334";"21";"10";"2024";"16:30";"1";"10";"10343";"2";"1";"1";"6";"AUGUSTE TERRENOIRE (RUE)";"48,27927000";"4,09933000"
"202400003335";"5";"06";"2024";"21:30";"2";"26";"26323";"2";"1";"1";"7";"95 Rue Clair";"45,05644000";"5,10140200"
"202400003336";"5";"06";"2024";"18:03";"1";"40";"40065";"2";"3";"1";"6";"12 Av Mal de Lattre de Tassigny";"43,64457700";" -1,43491700"
"202400003337";"22";"10";"2024";"14:15";"1";"06";"06030";"2";"6";"1";"3";"24 Avenue Lacour";"43,56904000";"7,01867400"
"202400003338";"7";"06";"2024";"20:49";"5";"974";"97410";"1";"1";"1";"6";"Route Nationale 2 Deviation";" -21,03911500";"55,70874600"
"202400003339";"22";"10";"2024";"07:45";"2";"06";"06029";"2";"1";"1";"1";"Chemin de la Plaine de Laval";"43,56300000";"6,95600000"
"202400003340";"30";"05";"2024";"21:00";"5";"84";"84091";"2";"1";"1";"6";"125 Route des Valbonnettes";"44,18558200";"4,75760000"
"202400003341";"7";"06";"2024";"02:30";"3";"84";"84102";"1";"1";"1";"6";"Chemin de Sainte Croix";"43,91741400";"5,32951200"
"202400003342";"21";"10";"2024";"10:30";"1";"02";"02738";"2";"2";"1";"6";"1 Rue Jacquard";"49,65567000";"3,29909000"
"202400003343";"2";"06";"2024";"17:35";"1";"30";"30217";"2";"1";"1";"1";"D976";"43,97571700";"4,68675800"
"202400003344";"17";"10";"2024";"15:10";"1";"75";"75116";"2";"1";"1";"4";"BD PERIPHERIQUE INTERIEUR";"48,84892400";"2,25287200"
"202400003345";"6";"06";"2024";"18:30";"1";"91";"91573";"2";"4";"1";"3";"8 Rue Léon Appert";"48,62675400";"2,51738200"
"202400003346";"6";"06";"2024";"20:00";"1";"67";"67355";"2";"1";"1";"7";"5 Rue de Sarre-union";"48,99711700";"7,12827600"
"202400003347";"22";"10";"2024";"17:03";"1";"75";"75118";"2";"1";"1";"2";"BD PERIPHERIQUE EXTERIEUR";"48,90120800";"2,35347600"
"202400003348";"7";"06";"2024";"18:00";"1";"67";"67165";"1";"1";"1";"7";"D392";"48,49855000";"7,16070400"
"202400003349";"22";"10";"2024";"00:40";"5";"75";"75119";"2";"7";"2";"6";"BOULEVARD DE LA VILLETTE";"48,87774800";"2,37063900"
"202400003350";"6";"06";"2024";"16:00";"1";"12";"12223";"1";"1";"1";"1";"D921 / La violette";"44,74828000";"2,87063400"
"202400003351";"21";"10";"2024";"17:40";"1";"75";"75117";"2";"3";"1";"6";"RUE GUSTAVE CHARPENTIER";"48,87930600";"2,28069800"
"202400003352";"6";"06";"2024";"16:30";"1";"25";"25391";"1";"2";"1";"4";"D41";"47,16202900";"6,64805900"
"202400003353";"22";"10";"2024";"13:25";"1";"75";"75115";"2";"1";"1";"3";"RUE BRANCION";"48,83342400";"2,30408600"
"202400003354";"6";"06";"2024";"13:25";"1";"25";"25578";"2";"1";"1";"5";"Grande Rue";"47,14753200";"6,34391200"
"202400003355";"4";"06";"2024";"20:50";"2";"44";"44048";"1";"1";"1";"7";"130 La Pichaudiere";"47,37906100";" -1,25500000"
"202400003356";"22";"10";"2024";"08:30";"1";"75";"75115";"2";"7";"1";"3";"PLACE BALARD";"48,83677800";"2,27888500"
"202400003357";"7";"06";"2024";"06:50";"1";"44";"44158";"2";"1";"1";"3";"3 Route de Cordemais";"47,27414500";" -1,79166200"
"202400003358";"6";"06";"2024";"23:30";"3";"03";"03258";"1";"1";"1";"7";"Départementale 67";"46,19079400";"3,40790700"
"202400003359";"22";"10";"2024";"09:45";"1";"75";"75112";"2";"3";"1";"2";"RUE DE PICPUS";"48,84059346";"2,39934736"
"202400003360";"1";"06";"2024";"19:10";"1";"03";"03128";"1";"1";"2";"7";"Rue de Bellevue";"46,40409100";"2,49824200"
"202400003361";"21";"10";"2024";"16:10";"1";"75";"75112";"2";"2";"1";"3";"RUE DE CHARENTON";"48,83893700";"2,38927900"
"202400003362";"22";"10";"2024";"18:30";"2";"75";"75111";"2";"3";"1";"6";"BOULEVARD RICHARD LENOIR";"48,86023900";"2,37194500"
"202400003363";"5";"06";"2024";"12:13";"1";"66";"66150";"1";"1";"1";"7";"D115";"42,39590500";"2,49108600"
"202400003364";"22";"10";"2024";"08:48";"1";"75";"75110";"2";"3";"1";"2";"RUE DU FAUBOURG SAINT DENIS";"48,87805700";"2,35647600"
"202400003365";"6";"06";"2024";"18:45";"1";"72";"72364";"1";"2";"1";"6";"Lieu Dit la Petite Guibourgere";"47,67538600";"0,32306700"
"202400003366";"22";"10";"2024";"12:55";"1";"75";"75109";"2";"1";"1";"3";"BOULEVARD DE ROCHECHOUART";"48,88341900";"2,34799500"
"202400003367";"6";"06";"2024";"15:50";"1";"14";"14400";"1";"3";"1";"3";"Rue Arcisse de Caumont";"49,28744800";" -0,59844900"
"202400003368";"7";"06";"2024";"08:50";"1";"50";"50372";"1";"1";"1";"6";"D900";"49,31913600";" -1,53728100"
"202400003369";"21";"10";"2024";"15:10";"1";"75";"75108";"1";"3";"1";"7";"AVENUE DE FRIEDLAND";"48,87451700";"2,30218900"
"202400003370";"7";"06";"2024";"01:01";"4";"18";"18003";"2";"6";"1";"7";"Route de Bourges";"47,19428000";"2,56379800"
"202400003371";"22";"10";"2024";"17:31";"1";"75";"75107";"2";"1";"1";"3";"PONT DE LA CONCORDE";"48,86323730";"2,31942415"
"202400003372";"7";"06";"2024";"19:34";"1";"10";"10232";"1";"1";"1";"6";"D207";"48,10136528";"4,39595014"
"202400003373";"22";"10";"2024";"13:45";"1";"75";"75107";"2";"3";"1";"6";"QUAI D ORSAY";"48,86110595";"2,32418615"
"202400003374";"26";"05";"2024";"16:45";"1";"36";"36103";"1";"1";"1";"7";"Terre Neuve";"47,10390487";"1,39258121"
"202400003375";"6";"06";"2024";"20:25";"1";"16";"16416";"1";"2";"1";"7";"N/A";"45,82228000";"0,48788300"
"202400003376";"22";"10";"2024";"12:15";"1";"75";"75107";"2";"2";"1";"3";"BOULEVARD SAINT GERMAIN";"48,85444748";"2,33044615"
"202400003377";"7";"06";"2024";"14:40";"1";"07";"07216";"1";"1";"1";"3";"D533";"44,96441100";"4,62654800"
"202400003378";"22";"10";"2024";"00:20";"5";"75";"75101";"2";"2";"2";"7";"BOULEVARD DE SEBASTOPOL";"48,86341800";"2,35093700"
"202400003379";"7";"06";"2024";"16:20";"1";"07";"07338";"2";"1";"2";"6";"Allée de Prat";"44,90592900";"4,65080000"
"202400003380";"15";"10";"2024";"18:30";"1";"75";"75101";"2";"2";"1";"7";"RUE DU LOUVRE";"48,86392500";"2,34234500"
"202400003381";"6";"06";"2024";"19:00";"1";"37";"37254";"1";"1";"1";"2";"Montouvrin";"47,18393800";"0,84641900"
"202400003382";"20";"10";"2024";"19:05";"1";"75";"75103";"2";"3";"1";"3";"BOULEVARD BEAUMARCHAIS";"48,85760900";"2,36799900"
"202400003383";"6";"06";"2024";"10:55";"1";"48";"48129";"1";"3";"8";"3";"D34";"44,72117000";"3,78101300"
"202400003384";"21";"10";"2024";"19:06";"5";"94";"94074";"2";"1";"1";"1";"Rue le Bois Cerdon";"48,72773000";"2,47551000"
"202400003385";"7";"06";"2024";"01:15";"3";"24";"24568";"1";"1";"1";"6";"1 Chemin des Grands Champs";"44,84408700";"0,09352900"
"202400003386";"22";"10";"2024";"14:00";"1";"94";"94068";"2";"2";"1";"6";"Avenue Foch";"48,79939000";"2,49907000"
"202400003387";"22";"10";"2024";"00:15";"5";"94";"94043";"2";"1";"2";"3";"Avenue de Fontainebleau";"48,81299000";"2,36131000"
"202400003388";"6";"06";"2024";"17:35";"1";"973";"97309";"2";"2";"1";"1";"Route du Mahury";"4,88558700";" -52,27582500"
"202400003389";"7";"06";"2024";"12:45";"1";"68";"68278";"1";"1";"1";"6";"A35 PK 103.800";"47,74896566";"7,42054687"
"202400003390";"22";"10";"2024";"08:50";"1";"94";"94041";"2";"1";"1";"3";"Boulevard du Colonel Fabien";"48,81457253";"2,40329146"
"202400003391";"22";"10";"2024";"00:10";"5";"94";"94028";"2";"1";"2";"6";"Avenue de Verdun";"48,79872194";"2,46521160"
"202400003392";"6";"06";"2024";"10:25";"1";"38";"38150";"2";"4";"1";"1";"Chemin de Malvaisin";"45,20621500";"5,84939800"
"202400003393";"7";"06";"2024";"08:15";"1";"06";"06088";"1";"1";"1";"4";"Voie liaison boulevard de la Madeleine - chemin de la Costière";"43,72245827";"7,22431944"
"202400003394";"21";"10";"2024";"04:45";"5";"94";"94017";"2";"3";"1";"3";"Rue Louis Talamoni";"48,81271000";"2,51410000"
"202400003395";"22";"10";"2024";"09:00";"1";"93";"93059";"2";"1";"1";"6";"CLOS (SENTIER DU)";"48,96352553";"2,35591761"
"202400003396";"1";"06";"2024";"10:15";"1";"971";"97121";"2";"1";"1";"3";"RN2";"16,21563300";" -61,78271100"
"202400003397";"22";"10";"2024";"20:42";"5";"93";"93066";"2";"5";"1";"3";"""LANDY RD 20, NR IMPAIRS 1 A 144""";"48,91538000";"2,35779000"
"202400003398";"4";"06";"2024";"18:20";"1";"33";"33527";"2";"3";"1";"1";"N/A";"44,63097000";" -1,03205100"
"202400003399";"21";"10";"2024";"22:37";"5";"93";"93032";"2";"3";"2";"3";"PAUL VAILLANT COUTURIER (RUE)";"48,87917972";"2,54657857"
"202400003400";"6";"06";"2024";"08:20";"1";"91";"91041";"1";"1";"1";"3";"N20";"48,56410500";"2,22895900"
"202400003401";"6";"06";"2024";"19:53";"1";"91";"91200";"1";"9";"1";"2";"Route de Liphard";"48,53646500";"2,01536800"
"202400003402";"22";"10";"2024";"16:50";"1";"93";"93079";"2";"3";"1";"3";"SAINT LEU (ROUTE)";"48,95412052";"2,33517850"
"202400003403";"7";"06";"2024";"08:44";"1";"66";"66013";"1";"1";"1";"3";"N/A";"42,57605800";"2,51863700"
"202400003404";"21";"10";"2024";"22:00";"5";"93";"93029";"2";"1";"2";"6";"JEAN JAURES (AVENUE) N°";"48,91933000";"2,45240000"
"202400003405";"22";"10";"2024";"12:00";"1";"93";"93010";"2";"1";"1";"6";"VILLEMOMBLE (RTE DE) DE 132 A 169";"48,89195290";"2,48925979"
"202400003406";"6";"06";"2024";"16:20";"1";"83";"83030";"1";"1";"1";"1";"D43";"43,37592000";"6,08850700"
"202400003407";"21";"10";"2024";"08:00";"5";"92";"92064";"1";"1";"1";"6";"MARECHAL JUIN";"48,83405461";"2,22211428"
"202400003408";"6";"06";"2024";"15:00";"1";"52";"52269";"2";"1";"1";"6";"Avenue de la Gare de la Bonnelle (Pont)";"47,85462400";"5,32470000"
"202400003409";"22";"10";"2024";"19:04";"1";"92";"92051";"2";"2";"1";"3";"ROULE (AVENUE DU, N° 29 A 91 ET 30 A 86)";"48,88186975";"2,28017226"
"202400003410";"7";"06";"2024";"17:26";"1";"88";"88474";"1";"1";"1";"2";"D164";"48,29892600";"5,73212700"
"202400003411";"21";"10";"2024";"20:07";"5";"92";"92049";"2";"1";"1";"3";"BARBUSSE RUE HENRI N°1A 3 ET2 A 10";"48,81476351";"2,30995148"
"202400003412";"7";"06";"2024";"11:55";"1";"57";"57360";"1";"3";"7";"3";"D31";"49,15779243";"6,96911162"
"202400003413";"19";"10";"2024";"16:50";"1";"84";"84143";"1";"1";"1";"7";"Route de l'Appié";"43,99031000";"5,15935200"
"202400003414";"5";"06";"2024";"17:40";"1";"73";"73253";"1";"1";"1";"6";"N90";"45,50954148";"6,56512028"
"202400003415";"23";"10";"2024";"14:00";"1";"95";"95487";"2";"1";"1";"3";"D78";"49,14879827";"2,28055644"
"202400003416";"7";"06";"2024";"08:32";"1";"01";"01185";"1";"9";"1";"1";"Route départementale 8";"45,98129600";"5,57538400"
"202400003417";"22";"10";"2024";"18:30";"1";"41";"41055";"1";"1";"7";"2";"D952";"47,49843000";"1,22865600"
"202400003418";"7";"06";"2024";"03:30";"3";"69";"69249";"1";"1";"1";"6";"Route de Saint-Martin En Haut";"45,67728953";"4,63530961"
"202400003419";"23";"10";"2024";"11:40";"1";"21";"21529";"1";"1";"1";"2";"A6";"47,40946600";"4,34207800"
"202400003420";"23";"10";"2024";"17:25";"2";"83";"83073";"1";"1";"1";"7";"Dn7";"43,39578700";"6,29164700"
"202400003421";"4";"06";"2024";"16:08";"1";"69";"69273";"2";"1";"1";"3";"32 Rue Colière";"45,68379600";"4,93277000"
"202400003422";"22";"10";"2024";"18:30";"1";"56";"56165";"2";"6";"1";"3";"giratoire henri thebault";"47,94308400";" -2,39724000"
"202400003423";"6";"06";"2024";"14:35";"1";"79";"79049";"1";"1";"1";"2";"N/A";"46,89651500";" -0,47367800"
"202400003424";"22";"10";"2024";"22:45";"5";"63";"63178";"2";"1";"2";"6";"Chemin du Bout du Monde";"45,54346887";"3,25531125"
"202400003425";"7";"06";"2024";"07:25";"2";"17";"17385";"1";"1";"1";"7";"Route de Matha à Saint Pierre";"45,93207600";" -1,30311900"
"202400003426";"23";"10";"2024";"12:24";"1";"12";"12021";"1";"1";"1";"5";"D648";"44,29523500";"2,10717600"
"202400003427";"6";"06";"2024";"16:25";"1";"44";"44103";"1";"1";"1";"3";"32 Rue de la Chalandière";"47,32995600";" -2,18227200"
"202400003428";"22";"10";"2024";"12:20";"1";"22";"22354";"1";"1";"1";"1";"COZ PARCOU";"48,57118400";" -3,24467900"
"202400003429";"5";"06";"2024";"14:15";"1";"22";"22161";"1";"6";"1";"6";"rue saint loup";"48,57480400";" -3,14349000"
"202400003430";"22";"10";"2024";"10:30";"1";"39";"39478";"2";"1";"2";"1";"Route de Lyon";"46,38074400";"5,83278500"
"202400003431";"7";"06";"2024";"15:45";"1";"27";"27315";"1";"1";"1";"1";"D125";"49,24761000";"1,52143500"
"202400003432";"22";"10";"2024";"09:30";"2";"29";"29077";"1";"1";"7";"6";"34 Route du Curnic";"48,63592100";" -4,41832100"
"202400003433";"6";"06";"2024";"17:30";"1";"76";"76043";"1";"1";"1";"7";"378 Rue d?Yvetot";"49,59922400";"0,72839100"
"202400003434";"19";"10";"2024";"05:30";"3";"02";"02382";"1";"3";"1";"1";"N/A";"49,86503600";"3,21175200"
"202400003435";"6";"06";"2024";"18:00";"1";"60";"60589";"1";"1";"1";"4";"D44";"49,21238300";"2,43251200"
"202400003436";"7";"06";"2024";"13:44";"1";"80";"80461";"1";"3";"1";"5";"D1";"49,90271800";"2,39092500"
"202400003437";"20";"10";"2024";"12:00";"1";"72";"72316";"1";"1";"2";"3";"D2";"48,33487100";"0,37855600"
"202400003438";"6";"06";"2024";"19:40";"1";"62";"62471";"2";"4";"1";"6";"D198";"50,67182900";"2,24340000"
"202400003439";"23";"10";"2024";"16:45";"1";"14";"14336";"1";"1";"1";"7";"2 Route Le Vesque";"49,14152600";" -0,65294300"
"202400003440";"23";"10";"2024";"10:45";"1";"50";"50304";"1";"3";"1";"1";"Le Mesnil-Aubert";"48,94430300";" -1,38961000"
"202400003441";"7";"06";"2024";"13:55";"1";"59";"59401";"1";"3";"1";"6";"not boone straete";"50,77210300";"2,67437700"
"202400003442";"23";"10";"2024";"15:55";"1";"60";"60151";"1";"1";"1";"6";"N31";"49,43450200";"2,86348900"
"202400003443";"6";"06";"2024";"19:05";"1";"83";"83137";"1";"1";"1";"6";"A50 TUNNEL TUBE NORD";"43,12779581";"5,92583657"
"202400003444";"20";"10";"2024";"01:15";"5";"60";"60104";"2";"4";"5";"6";"Rue de Paris";"49,62782300";"2,30033800"
"202400003445";"14";"10";"2024";"19:30";"5";"64";"64495";"2";"3";"2";"3";"D918";"43,35624900";" -1,56919700"
"202400003446";"22";"10";"2024";"12:15";"1";"36";"36021";"2";"1";"1";"6";"N/A";"46,98174801";"1,97428093"
"202400003447";"6";"06";"2024";"17:10";"1";"33";"33122";"1";"1";"1";"4";"N/A";"44,75292000";" -0,69081000"
"202400003448";"6";"06";"2024";"16:33";"1";"33";"33039";"1";"1";"1";"3";"N/A";"44,79145000";" -0,54019000"
"202400003449";"22";"10";"2024";"18:15";"1";"36";"36065";"1";"2";"1";"5";"N/A";"47,05017910";"2,02437086"
"202400003450";"15";"10";"2024";"15:00";"1";"24";"24183";"1";"1";"1";"6";"Chemin de la Rosière de Tursac";"45,00415183";"1,05330348"
"202400003451";"4";"06";"2024";"10:35";"1";"33";"33550";"1";"1";"1";"4";"N/A";"44,77790000";" -0,56450000"
"202400003452";"6";"06";"2024";"03:08";"3";"94";"94065";"1";"1";"1";"6";"A106";"48,75032218";"2,35570164"
"202400003453";"19";"10";"2024";"12:55";"1";"85";"85028";"2";"2";"2";"3";"RD24";"46,39040800";" -0,68850400"
"202400003454";"23";"10";"2024";"08:00";"2";"27";"27105";"1";"2";"5";"3";"RD313";"49,31101200";"0,84997300"
"202400003455";"5";"06";"2024";"15:49";"1";"92";"92047";"1";"1";"1";"4";"A13";"48,83595348";"2,18276684"
"202400003456";"23";"10";"2024";"07:45";"2";"30";"30294";"1";"9";"1";"7";"Route de Bagnols";"44,13044100";"4,12375200"
"202400003457";"23";"10";"2024";"08:00";"1";"06";"06018";"1";"6";"1";"1";"105 Route des Chappes";"43,61539000";"7,08087100"
"202400003458";"22";"10";"2024";"15:00";"1";"987";"98715";"2";"1";"7";"3";"pk 4.3, au niveau de NEW FAI";" -17,55429300";" -149,60154900"
"202400003459";"22";"10";"2024";"18:00";"2";"33";"33468";"1";"1";"1";"1";"N/A";"44,80013200";"0,03247400"
"202400003460";"22";"10";"2024";"16:30";"1";"11";"11202";"1";"1";"1";"7";"N/A";"42,85659600";"3,03223700"
"202400003461";"5";"06";"2024";"07:53";"1";"92";"92048";"1";"9";"1";"4";"N118";"48,80367737";"2,21401506"
"202400003462";"23";"10";"2024";"08:45";"1";"77";"77344";"1";"1";"5";"1";"Route départementale 41";"49,05796600";"2,79909500"
"202400003463";"6";"06";"2024";"12:00";"1";"93";"93005";"1";"1";"1";"2";"A3";"48,95493345";"2,47355044"
"202400003464";"6";"06";"2024";"02:50";"3";"92";"92078";"1";"1";"1";"6";"AUTOROUTE A86";"48,92764791";"2,33254761"
"202400003465";"17";"10";"2024";"16:25";"1";"13";"13105";"2";"2";"1";"3";"Chemin Donne";"43,74521200";"5,07093100"
"202400003466";"23";"10";"2024";"16:20";"1";"17";"17155";"2";"1";"1";"6";"71 Rue Charles Hérve";"45,73121700";" -1,09715000"
"202400003467";"21";"10";"2024";"19:15";"2";"33";"33533";"1";"1";"1";"7";"N/A";"44,56446900";" -0,27731900"
"202400003468";"22";"10";"2024";"18:40";"1";"22";"22326";"1";"1";"1";"6";"L'Hotier";"48,44404500";" -2,41039400"
"202400003469";"22";"10";"2024";"13:21";"1";"60";"60341";"1";"6";"1";"2";"Avenue de la gare";"49,09725800";"2,74035400"
"202400003470";"22";"10";"2024";"18:28";"1";"13";"13001";"1";"1";"1";"2";"A51-Sens Marseille vers Aix en Provence";"43,47648474";"5,40781310"
"202400003471";"22";"10";"2024";"10:00";"1";"13";"13081";"1";"1";"1";"2";"A7-Sens Lyon vers Marseille";"43,47811878";"5,23904762"
"202400003472";"21";"10";"2024";"07:45";"3";"33";"33448";"1";"1";"1";"2";"N/A";"44,71544800";" -0,51851100"
"202400003473";"16";"10";"2024";"18:30";"2";"59";"59581";"1";"1";"1";"2";"AUTOROUTE A25";"50,69661000";"2,80243000"
"202400003474";"22";"10";"2024";"14:20";"1";"91";"91228";"1";"1";"1";"4";"AUTOROUTE A6";"48,62831000";"2,41236000"
"202400003475";"21";"10";"2024";"19:57";"2";"92";"92025";"1";"1";"1";"2";"A86";"48,91903976";"2,22360689"
"202400003476";"22";"10";"2024";"18:25";"2";"93";"93066";"1";"1";"1";"6";"AUTOROUTE A1";"48,93311271";"2,37578530"
"202400003477";"22";"10";"2024";"11:00";"1";"93";"93064";"1";"1";"1";"5";"AUTOROUTE A103";"48,88657000";"2,48270000"
"202400003478";"21";"10";"2024";"19:45";"3";"95";"95582";"1";"1";"1";"2";"A115";"48,98269853";"2,24130481"
"202400003479";"22";"10";"2024";"08:00";"2";"94";"94079";"1";"1";"1";"2";"A4";"48,83544590";"2,53871181"
"202400003480";"22";"10";"2024";"06:40";"5";"94";"94052";"1";"1";"2";"2";"A86";"48,84229175";"2,49300327"
"202400003481";"4";"04";"2024";"12:00";"1";"75";"75106";"2";"4";"8";"6";"RUE DAUPHINE";"48,85418100";"2,33894400"
"202400003482";"13";"06";"2024";"17:40";"1";"74";"74118";"1";"1";"1";"3";"A411";"46,18191000";"6,22619000"
"202400003483";"21";"08";"2024";"13:57";"1";"74";"74243";"1";"1";"1";"1";"D1206";"46,14216700";"6,09632300"
"202400003484";"24";"06";"2024";"11:15";"1";"74";"74193";"1";"1";"1";"7";"D215";"46,11898557";"6,18008047"
"202400003485";"20";"07";"2024";"11:55";"1";"74";"74043";"1";"4";"1";"3";"D35";"46,26188900";"6,35666900"
"202400003486";"17";"08";"2024";"12:30";"1";"74";"74118";"1";"1";"1";"2";"ZONE (ROUTE DE)";"46,17195472";"6,21076890"
"202400003487";"21";"07";"2024";"09:10";"1";"74";"74206";"2";"3";"2";"5";"Route du lyaud";"46,32008900";"6,49860600"
"202400003488";"4";"08";"2024";"03:15";"5";"74";"74012";"2";"1";"1";"1";"GARE (RUE DE LA)";"46,19420000";"6,23375000"
"202400003489";"9";"08";"2024";"22:45";"5";"74";"74008";"2";"1";"1";"3";"JEAN-JAURES (RUE)";"46,19440000";"6,22412000"
"202400003490";"10";"08";"2024";"11:10";"1";"74";"74275";"1";"9";"1";"7";"D42";"45,81673400";"6,24439500"
"202400003491";"20";"08";"2024";"16:20";"1";"74";"74080";"1";"1";"1";"7";"D909";"45,87984422";"6,44777083"
"202400003492";"24";"07";"2024";"17:39";"1";"74";"74058";"1";"1";"1";"7";"D22";"46,28212400";"6,82001000"
"202400003493";"2";"07";"2024";"10:45";"1";"74";"74043";"1";"1";"1";"2";"Avenue des fully";"46,27299200";"6,34197600"
"202400003494";"5";"07";"2024";"20:00";"1";"74";"74006";"2";"1";"1";"6";"559 Route du chef lieu";"46,00095800";"6,11788500"
"202400003495";"27";"07";"2024";"16:55";"1";"74";"74105";"2";"1";"1";"2";"Avenue du bas chablais";"46,31026300";"6,30162500"
"202400003496";"29";"06";"2024";"16:40";"1";"74";"74010";"2";"1";"1";"6";"2 Rue de sansy (Annecy)";"45,88838400";"6,11548000"
"202400003497";"21";"07";"2024";"22:45";"3";"74";"74312";"1";"1";"1";"7";"A40";"46,06998000";"6,47608000"
"202400003498";"24";"06";"2024";"18:55";"1";"74";"74043";"2";"6";"1";"6";"Avenue louis armand";"46,26595300";"6,36831000"
"202400003499";"22";"03";"2024";"17:45";"1";"75";"75112";"2";"1";"1";"3";"QUAI DE BERCY";"48,83290000";"2,38350000"
"202400003500";"22";"03";"2024";"12:10";"1";"75";"75111";"2";"7";"1";"2";"PLACE DE LA BASTILLE";"48,85351700";"2,36955300"
"202400003501";"22";"03";"2024";"07:40";"1";"75";"75111";"2";"7";"1";"6";"BOULEVARD VOLTAIRE";"48,85770700";"2,38037600"
"202400003502";"22";"03";"2024";"18:44";"2";"75";"75110";"2";"4";"1";"6";"RUE DU FAUBOURG SAINT MARTIN";"48,87610242";"2,36062843"
"202400003503";"22";"03";"2024";"13:17";"1";"75";"75104";"2";"3";"1";"7";"QUAI DE L HOTEL DE VILLE";"48,85443400";"2,35502100"
"202400003504";"22";"03";"2024";"13:40";"1";"94";"94074";"2";"1";"1";"2";"Avenue Henri Barbusse";"48,76515514";"2,44172913"
"202400003505";"21";"03";"2024";"19:45";"5";"94";"94068";"2";"2";"1";"3";"Boulevard de la Marne / Avenue de Bonneuil";"48,79169534";"2,50363049"
"202400003506";"21";"03";"2024";"13:10";"1";"94";"94068";"2";"1";"1";"3";"Avenue Raspail";"48,78624000";"2,48568000"
"202400003507";"22";"03";"2024";"16:45";"1";"94";"94076";"2";"2";"1";"6";"Rue Jean Baptiste Clément / Boulevard Paul Vaillant Couturier";"48,79577700";"2,36764800"
"202400003508";"21";"03";"2024";"05:07";"5";"94";"94037";"2";"9";"1";"3";"Rue Gabriel Péri / Rue Jacques Destrée";"48,81570158";"2,35612075"
"202400003509";"21";"03";"2024";"09:55";"1";"94";"94033";"2";"1";"1";"6";"Avenue du Val de Fontenay";"48,85378702";"2,48785615"
"202400003510";"22";"03";"2024";"09:00";"1";"93";"93048";"2";"2";"1";"6";"Rue Parmentier / Rue Etienne Marcel";"48,85763000";"2,42771000"
"202400003511";"22";"03";"2024";"18:20";"1";"93";"93057";"2";"3";"1";"6";"Avenue Aristide Briand / Rue Georges";"48,90787000";"2,49385900"
"202400003512";"22";"03";"2024";"08:00";"1";"93";"93005";"2";"2";"1";"5";"Rue Paul Cézanne / Rue Fernand de Magellan";"48,95287700";"2,49448000"
"202400003513";"22";"03";"2024";"00:10";"5";"92";"92046";"2";"1";"1";"6";"CAMELINAT";"48,81233672";"2,29934514"
"202400003514";"22";"03";"2024";"22:10";"5";"92";"92050";"2";"1";"2";"6";"REPUBLIQUE AVENUE DE LA";"48,90964366";"2,21753526"
"202400003515";"21";"03";"2024";"07:43";"1";"92";"92050";"2";"3";"1";"3";"GRANDS PRES RUE DES";"48,91006358";"2,21511680"
"202400003516";"21";"03";"2024";"08:10";"1";"92";"92050";"1";"4";"1";"2";"PREMIER MAI RUE DU";"48,91867237";"2,22263512"
"202400003517";"22";"03";"2024";"07:00";"2";"92";"92048";"2";"1";"1";"7";"SORRIERES (RUE DES)";"48,81625395";"2,24470791"
"202400003518";"22";"03";"2024";"18:20";"1";"92";"92036";"2";"3";"1";"3";"GRESILLONS (AVENUE DES) (103/139)";"48,91805388";"2,30924816"
"202400003519";"21";"03";"2024";"17:50";"1";"92";"92036";"2";"1";"1";"6";"GABRIEL PERI (AVENUE) (147/177)";"48,92339175";"2,29471993"
"202400003520";"22";"03";"2024";"00:10";"5";"92";"92036";"2";"3";"1";"3";"SORTIE A 86";"48,93818781";"2,30049200"
"202400003521";"22";"03";"2024";"14:30";"1";"92";"92026";"2";"1";"1";"3";"VERDUN (DE 01 A 61)";"48,89985074";"2,26136148"
"202400003522";"22";"03";"2024";"13:05";"1";"92";"92026";"2";"1";"1";"6";"PRÉSIDENT PAUL DOUMER (QUAI DU)";"48,89117376";"2,25759512"
"202400003523";"21";"03";"2024";"20:15";"2";"92";"92023";"2";"6";"1";"1";"HENRI BARBUSSE (AVENUE)";"48,80538476";"2,25922018"
"202400003524";"22";"03";"2024";"12:45";"1";"92";"92019";"2";"3";"1";"6";"DIVISION LECLERC (AVENUE DE LA)";"48,76552161";"2,26034492"
"202400003525";"21";"03";"2024";"08:55";"1";"92";"92012";"2";"1";"1";"3";"ANDRE MORIZET (AVENUE) 1/47 - 2/52";"48,83519313";"2,24099225"
"202400003526";"21";"03";"2024";"10:24";"1";"92";"92004";"2";"3";"1";"6";"PIERRE DURAND";"48,90971430";"2,28987318"
"202400003527";"7";"03";"2024";"11:50";"1";"49";"49092";"2";"6";"1";"3";"Rue du Docteur Joseph Barbary (Chemillé)";"47,21678800";" -0,72063400"
"202400003528";"22";"03";"2024";"19:50";"3";"76";"76041";"1";"1";"2";"3";"A29 PK 068+200";"49,64304700";"0,75573700"
"202400003529";"22";"03";"2024";"15:40";"1";"972";"97213";"1";"1";"7";"3";"Pelletier";"14,65510700";" -60,97315600"
"202400003530";"23";"03";"2024";"12:30";"1";"63";"63446";"1";"2";"1";"5";"D2009 / D83";"46,05418400";"3,20735100"
"202400003531";"22";"03";"2024";"14:50";"1";"29";"29053";"1";"1";"8";"6";"N165";"48,30351320";" -4,18494774"
"202400003532";"22";"03";"2024";"20:55";"3";"47";"47233";"1";"1";"1";"1";"Bordeneuve";"44,54507320";"0,08754680"
"202400003533";"22";"03";"2024";"14:34";"1";"62";"62499";"1";"3";"2";"3";"D901";"50,37822474";"1,72883892"
"202400003534";"23";"03";"2024";"14:05";"1";"56";"56033";"1";"1";"1";"6";"Lezalain";"47,81658700";" -2,08492400"
"202400003535";"22";"03";"2024";"21:40";"5";"77";"77159";"2";"1";"1";"7";"24 Rue du Montpensier";"48,47965700";"3,13953600"
"202400003536";"22";"03";"2024";"17:30";"1";"76";"76228";"1";"2";"2";"5";"Route de la Voie Romaine";"49,63649500";"0,82038000"
"202400003537";"23";"03";"2024";"13:30";"1";100;100319";"1";"1";"1";"6";"RT10";"42,41430100";"9,52992100"
"202400003538";"22";"03";"2024";"20:40";"3";"65";"65284";"1";"1";"1";"4";"Route de Juillan";"43,18644300";"0,01725700"
"202400003539";"23";"03";"2024";"14:50";"1";"63";"63453";"2";"1";"1";"7";"Avenue Jean Moulin";"45,78506700";"3,29014800"
"202400003540";"23";"03";"2024";"12:00";"1";"76";"76711";"2";"3";"1";"3";"Avenue Jules Massenet";"50,05653300";"1,38420200"
"202400003541";"21";"03";"2024";"19:45";"3";"49";"49008";"1";"1";"1";"2";"D770";"47,57665200";" -0,94728600"
"202400003542";"21";"03";"2024";"14:00";"1";"42";"42234";"1";"3";"1";"3";"Route de Fontanès";"45,52781700";"4,38410300"
"202400003543";"22";"03";"2024";"21:15";"3";"25";"25240";"1";"1";"1";"1";"D461";"47,04758800";"6,63940100"
"202400003544";"22";"03";"2024";"15:22";"1";"25";"25529";"2";"1";"1";"3";"1 Route de Clerval";"47,30915400";"6,59453800"
"202400003545";"21";"03";"2024";"08:20";"1";"38";"38044";"2";"4";"7";"3";"D520";"45,49181800";"5,38544700"
"202400003546";"23";"03";"2024";"11:20";"1";"02";"02665";"1";"1";"1";"5";"N/A";"49,25424900";"3,36812500"
"202400003547";"23";"03";"2024";"00:30";"3";"02";"02261";"2";"1";"2";"3";"Rue de Crécy";"49,70013200";"3,68221700"
"202400003548";"22";"03";"2024";"15:45";"1";"54";"54076";"2";"9";"1";"2";"Rue de la Gare";"48,55946000";"6,39958000"
"202400003549";"23";"03";"2024";"06:00";"3";"72";"72021";"1";"1";"1";"6";"Lieu Dit Chambourdon";"47,86453300";" -0,16072900"
"202400003550";"22";"03";"2024";"05:45";"3";"72";"72143";"1";"1";"1";"1";"D304";"47,84451500";"0,48196100"
"202400003551";"23";"03";"2024";"12:00";"1";"14";"14578";"1";"1";"1";"3";"D579";"49,36969800";"0,21011400"
"202400003552";"23";"03";"2024";"15:00";"1";"90";"90007";"1";"1";"1";"1";"RN 19";"47,59181000";"6,79860600"
"202400003553";"23";"03";"2024";"18:30";"1";"09";"09189";"1";"1";"1";"1";"Les Bordes d?En Haut";"42,63004000";"1,82577500"
"202400003554";"23";"03";"2024";"09:10";"1";"09";"09328";"1";"1";"1";"1";"RN 20";"42,79072937";"1,68438032"
"202400003555";"22";"03";"2024";"17:00";"1";"21";"21614";"1";"2";"1";"3";"D112";"47,44157300";"5,21042000"
"202400003556";"23";"03";"2024";"15:10";"1";"21";"21196";"1";"1";"1";"1";"RD974";"46,93327400";"4,75186300"
"202400003557";"22";"03";"2024";"17:50";"1";"85";"85254";"1";"2";"1";"3";"D960 bis";"46,79854600";" -0,72511900"
"202400003558";"23";"03";"2024";"07:50";"1";"52";"52550";"1";"9";"1";"6";"Rue de la Madeleine";"48,50887200";"4,94032900"
"202400003559";"22";"03";"2024";"18:20";"1";"52";"52425";"1";"1";"7";"3";"D 140 A";"47,64058700";"5,22419800"
"202400003560";"22";"03";"2024";"18:00";"2";"18";"18140";"1";"1";"1";"3";"N/A";"47,13935100";"1,96406400"
"202400003561";"8";"07";"2024";"01:40";"3";"82";"82051";"1";"1";"1";"6";"Route de Moissac";"44,17786400";"1,13476800"
"202400003562";"9";"07";"2024";"17:55";"1";"82";"82088";"2";"1";"1";"7";"D922";"44,15162400";"1,97730800"
"202400003563";"22";"03";"2024";"20:45";"3";"31";"31161";"1";"1";"1";"2";"Autoroute A61, point kilomérique 250+980";"43,48145269";"1,55249411"
"202400003564";"9";"07";"2024";"21:00";"2";"65";"65119";"1";"1";"1";"6";"D7";"43,41591200";"0,03510500"
"202400003565";"23";"03";"2024";"10:15";"1";"51";"51507";"1";"1";"4";"7";"autoroute A4";"49,08640300";"4,97036900"
"202400003566";"23";"03";"2024";"15:45";"1";"988";"98827";"1";"1";"1";"7";"Presqu'île de Muéo - Népoui";" -21,31922100";"164,99402800"
"202400003567";"9";"07";"2024";"21:35";"3";"71";"71173";"1";"2";"2";"3";"5 Route de Quain";"46,74901400";"5,17721600"
"202400003568";"22";"03";"2024";"16:00";"1";"973";"97306";"1";"1";"1";"1";"CD 9 PK 30";"5,59853300";" -53,70629000"
"202400003569";"9";"07";"2024";"11:55";"1";"63";"63430";"1";"1";"1";"6";"D906";"45,83625600";"3,50634500"
"202400003570";"10";"07";"2024";"14:55";"1";"12";"12177";"1";"4";"1";"1";"D45";"44,41338300";"2,88316000"
"202400003571";"9";"07";"2024";"17:45";"1";"12";"12224";"2";"1";"1";"7";"Route des Plantiers";"44,46974500";"2,96890000"
"202400003572";"23";"03";"2024";"09:30";"1";"30";"30010";"1";"1";"1";"1";"Anduze";"44,04159200";"3,98478600"
"202400003573";"9";"07";"2024";"23:45";"5";"12";"12048";"2";"1";"2";"6";"Route d'Entraygues Lieu-dit Banhars";"44,67131100";"2,57897900"
"202400003574";"23";"03";"2024";"15:10";"1";"34";"34128";"2";"1";"1";"1";"Rue du Chemin Neuf";"43,91899000";"3,72649000"
"202400003575";"9";"07";"2024";"18:35";"1";"68";"68134";"2";"2";"1";"3";"D1";"48,01668300";"7,30847200"
"202400003576";"23";"03";"2024";"18:25";"2";"13";"13084";"1";"4";"1";"1";"D561";"43,72399400";"5,31552700"
"202400003577";"9";"07";"2024";"22:50";"3";"39";"39056";"1";"1";"2";"1";"N/A";"46,75293800";"5,43953000"
"202400003578";"18";"03";"2024";"08:00";"1";"67";"67313";"2";"1";"2";"6";"60 Rue du Marechal Foch";"48,53856600";"7,45375000"
"202400003579";"23";"03";"2024";"12:20";"1";"42";"42051";"1";"9";"1";"7";"Montée du Château d'Eau";"45,48417600";"4,71381100"
"202400003580";"9";"07";"2024";"21:56";"5";"25";"25240";"1";"2";"1";"1";"D437";"47,07569700";"6,61779300"
"202400003581";"21";"03";"2024";"13:00";"1";"26";"26085";"1";"2";"1";"3";"Route Nationale 7";"44,50452500";"4,74379800"
"202400003582";"8";"07";"2024";"22:40";"3";"44";"44130";"1";"1";"1";"1";"N/A";"47,10899000";" -1,54508500"
"202400003583";"23";"03";"2024";"17:30";"1";"07";"07324";"1";"1";"1";"6";"197 Route de Lamastre";"45,06516000";"4,79353100"
"202400003584";"10";"07";"2024";"12:45";"1";"44";"44223";"2";"1";"1";"6";"3 Rue  Jean-Baptiste Legeay";"47,05557800";" -1,51287900"
"202400003585";"23";"03";"2024";"11:05";"1";"01";"01043";"2";"1";"1";"3";"Route Departementale 1084";"45,83314300";"4,99185400"
"202400003586";"10";"07";"2024";"05:30";"3";"44";"44119";"1";"1";"1";"6";"1 le Grenit";"46,98476800";" -1,78368500"
"202400003587";"22";"03";"2024";"00:10";"3";"85";"85016";"1";"1";"1";"6";"RD978";"46,65826000";" -1,62316000"
"202400003588";"22";"03";"2024";"17:00";"1";"60";"60342";"2";"1";"1";"6";"D262";"49,31137500";"2,44916000"
"202400003589";"10";"07";"2024";"12:20";"1";"35";"35023";"2";"6";"1";"3";"TOURNEBRIDE";"48,20842900";" -1,94149200"
"202400003590";"9";"07";"2024";"13:00";"1";"35";"35117";"1";"1";"3";"2";"D166";"48,13006200";" -2,23217700"
"202400003591";"10";"07";"2024";"06:25";"2";"29";"29220";"1";"1";"1";"7";"Rue des Déportés";"47,85750500";" -4,22410400"
"202400003592";"22";"03";"2024";"23:00";"5";"60";"60057";"2";"2";"1";"3";"Rue Pierre et Marie Curie";"49,40849300";"2,11245400"
"202400003593";"10";"07";"2024";"13:15";"1";"58";"58245";"1";"1";"1";"1";"Saint-Hilaire-Fontaine";"46,80705800";"3,64928500"
"202400003594";"22";"03";"2024";"15:50";"1";"59";"59611";"1";"1";"2";"1";"Rue de Lambersart";"50,67225800";"3,00318900"
"202400003595";"23";"03";"2024";"03:50";"3";"59";"59044";"1";"1";"1";"6";"Rue de Tournai";"50,60759100";"3,26508500"
"202400003596";"10";"07";"2024";"15:35";"1";"66";"66036";"1";"1";"1";"1";"RD 66";"42,52119506";"2,20713615"
"202400003597";"22";"03";"2024";"16:47";"1";"13";"13211";"1";"1";"1";"2";"A50-Sens Aubagne vers Marseille";"43,29060006";"5,48826347"
"202400003598";"10";"07";"2024";"11:30";"1";"06";"06120";"1";"9";"1";"7";"route de la bonette";"44,30570100";"6,90495000"
"202400003599";"7";"07";"2024";"12:40";"1";"06";"06073";"1";"1";"1";"6";"M97";"44,19843600";"7,12562100"
"202400003600";"22";"03";"2024";"21:45";"5";"33";"33550";"1";"1";"1";"3";"N/A";"44,77167600";" -0,55528300"
"202400003601";"9";"07";"2024";"06:33";"2";"90";"90091";"1";"6";"7";"2";"D83";"47,68983800";"6,95990300"
"202400003602";"20";"03";"2024";"17:20";"1";"33";"33162";"1";"1";"1";"4";"N/A";"44,87884000";" -0,62907000"
"202400003603";"9";"07";"2024";"10:00";"1";"21";"21071";"1";"1";"1";"7";"D30h";"47,45843200";"5,30328500"
"202400003604";"7";"07";"2024";"20:45";"1";"40";"40011";"1";"1";"1";"6";"577 route d'amou";"43,57563593";" -0,78661859"
"202400003605";"21";"03";"2024";"04:35";"4";"59";"59359";"1";"1";"1";"5";"AUTOROUTE A16";"50,98405000";"2,22903000"
"202400003606";"9";"07";"2024";"16:35";"1";"24";"24520";"2";"1";"1";"6";"31 Avenue de la Dordogne";"44,87225631";"1,20986044"
"202400003607";"22";"03";"2024";"15:00";"1";"91";"91549";"1";"1";"1";"4";"RN 104";"48,62537000";"2,33599000"
"202400003608";"10";"07";"2024";"08:20";"1";"85";"85289";"1";"1";"1";"6";"D128";"46,67516170";" -0,65538380"
"202400003609";"22";"03";"2024";"11:56";"1";"91";"91136";"1";"1";"1";"4";"AUTOROUTE A10";"48,71353900";"2,28667500"
"202400003610";"14";"06";"2024";"18:10";"1";"85";"85108";"2";"3";"1";"3";"17 Rue georges clemenceau";"46,90678100";" -1,37768700"
"202400003611";"22";"03";"2024";"18:05";"1";"78";"78073";"1";"1";"1";"2";"RN12 EXT";"48,79871000";"2,00248000"
"202400003612";"22";"03";"2024";"13:00";"1";"92";"92023";"1";"1";"1";"2";"RN385";"48,77619602";"2,22827948"
"202400003613";"10";"07";"2024";"12:47";"1";"27";"27448";"1";"1";"1";"1";"N13  PK N° 011+328";"49,01158800";"1,32568200"
"202400003614";"9";"07";"2024";"13:30";"1";"987";"98714";"1";"1";"1";"2";"faanui";" -16,48230400";" -151,74917200"
"202400003615";"21";"03";"2024";"08:00";"1";"78";"78640";"1";"1";"1";"4";"A86 EXT";"48,78023200";"2,18532900"
"202400003616";"22";"03";"2024";"16:45";"1";"95";"95582";"1";"1";"1";"3";"A15";"48,96713514";"2,25481677"
"202400003617";"9";"07";"2024";"18:45";"1";"77";"77094";"1";"1";"1";"7";"N3";"48,95583400";"2,78543800"
"202400003618";"21";"03";"2024";"19:30";"5";"93";"93066";"1";"1";"1";"2";"A1";"48,91030991";"2,35797606"
"202400003619";"6";"07";"2024";"19:30";"1";"78";"78003";"2";"1";"1";"3";"9 Rue des 3 Moulins";"48,51033000";"1,83895200"
"202400003620";"22";"03";"2024";"11:07";"1";"94";"94052";"1";"1";"1";"5";"A86";"48,83730625";"2,49415341"
"202400003621";"22";"03";"2024";"10:03";"1";"94";"94074";"1";"1";"1";"2";"N406";"48,76556759";"2,45886624"
"202400003622";"9";"07";"2024";"18:10";"1";"66";"66037";"2";"1";"1";"3";"Avenue Mediterranee";"42,69839300";"3,02387400"
"202400003623";"22";"03";"2024";"05:40";"3";"75";"75112";"1";"1";"1";"7";"A4";"48,82033000";"2,46061000"
"202400003624";"19";"01";"2024";"11:10";"1";"33";"33069";"2";"1";"1";"2";"Avenue de l'Hippodrome";"44,87451000";" -0,62719000"
"202400003625";"9";"07";"2024";"19:30";"1";"06";"06015";"1";"1";"1";"1";"1735 Route des Escaillouns";"43,82701900";"7,34209700"
"202400003626";"20";"03";"2024";"18:32";"2";"987";"98735";"2";"6";"1";"2";"POMARE (BVD BLOC MARINE)";" -17,53301000";" -149,56900000"
"202400003627";"10";"07";"2024";"14:30";"1";"04";"04039";"1";"1";"1";"1";"D952";"43,83827200";"6,49388600"
"202400003628";"21";"03";"2024";"16:40";"1";"974";"97416";"1";"1";"1";"6";"DE VILLIERS 5CHEMIN ADAM)";" -21,30333000";"55,42446000"
"202400003629";"8";"07";"2024";"13:25";"1";"71";"71024";"1";"1";"1";"6";"Lieu-dit ""l'Étang du Verne""";"46,33178300";"4,02274900"
"202400003630";"21";"03";"2024";"07:55";"1";"974";"97416";"1";"1";"1";"4";"RN3 (2)";" -21,31602000";"55,49148000"
"202400003631";"3";"07";"2024";"18:00";"1";"69";"69190";"2";"6";"1";"3";"Rue Marcel Mérieux";"45,76071000";"4,70588000"
"202400003632";"21";"03";"2024";"11:40";"1";"973";"97309";"2";"1";"1";"3";"TIGRE (ROUTE DU)";"4,90563863";" -52,30478704"
"202400003633";"20";"03";"2024";"17:50";"1";"973";"97302";"2";"1";"1";"3";"TIGRE (ROUTE DU)";"4,91016385";" -52,30817199"
"202400003634";"20";"03";"2024";"15:00";"1";"973";"97302";"2";"1";"1";"2";"MADELEINE (ROUTE DE LA)";"4,91821000";" -52,32155000"
"202400003635";"5";"07";"2024";"13:25";"1";"69";"69207";"1";"1";"1";"3";"12 Avenue Jacques Brel";"45,88558773";"4,80955297"
"202400003636";"10";"07";"2024";"13:10";"1";"65";"65463";"1";"1";"1";"2";"D918";"42,87896400";"0,02444000"
"202400003637";"18";"03";"2024";"12:15";"1";"973";"97302";"2";"3";"1";"3";"ZEPHIR (ROCADE)";"4,93795854";" -52,30645001"
"202400003638";"10";"07";"2024";"00:06";"3";"79";"79048";"1";"6";"2";"7";"N/A";"46,34750500";" -0,31028300"
"202400003639";"21";"03";"2024";"09:15";"1";"69";"69387";"2";"3";"1";"2";"Avenue Debourg";"45,73150189";"4,82988314"
"202400003640";"21";"03";"2024";"17:31";"1";"69";"69381";"2";"1";"1";"2";"Quai Saint Vincent";"45,76684000";"4,83002000"
"202400003641";"9";"07";"2024";"15:00";"1";"17";"17336";"1";"3";"1";"1";"D137";"45,77672400";" -0,69864700"
"202400003642";"20";"03";"2024";"21:20";"3";"971";"97101";"1";"1";"1";"1";"Rue Hubert FAROUIL";"16,27386000";" -61,49951000"
"202400003643";"7";"07";"2024";"01:35";"3";"33";"33168";"1";"1";"1";"6";"N/A";"44,83780300";"0,03139300"
"202400003644";"20";"03";"2024";"13:30";"1";"971";"97120";"2";"1";"1";"6";"FAIDHERBE (BOULEVARD)";"16,24114000";" -61,53586000"
"202400003645";"10";"07";"2024";"10:15";"1";"85";"85178";"2";"9";"1";"2";"Rue du puy chabot";"46,77151500";" -1,51530900"
"202400003646";"21";"03";"2024";"23:30";"5";"95";"95219";"2";"3";"1";"2";"MARECHAL FOCH (RUE DU)";"48,99257571";"2,26060599"
"202400003647";"10";"07";"2024";"13:30";"1";"85";"85240";"2";"1";"1";"3";"17 Rue des vendéens";"46,93058700";" -0,90063800"
"202400003648";"21";"03";"2024";"07:16";"2";"95";"95127";"1";"1";"1";"3";"N14";"49,05566980";"2,04861760"
"202400003649";"21";"03";"2024";"08:00";"1";"91";"91589";"2";"3";"1";"6";"AV JEAN JAURES";"48,68217000";"2,35591000"
"202400003650";"8";"07";"2024";"18:30";"1";"44";"44037";"1";"2";"1";"3";"Les Landes Bernard";"47,12681900";" -1,45045300"
"202400003651";"20";"03";"2024";"09:15";"1";"91";"91432";"2";"6";"7";"3";"AV FERDINAND DE LESSEPS";"48,70140000";"2,33916000"
"202400003652";"9";"07";"2024";"13:10";"1";"22";"22262";"2";"1";"2";"6";"Grand' Rue";"48,40328400";" -2,91087800"
"202400003653";"19";"03";"2024";"16:20";"1";"88";"88209";"2";"1";"9";"3";"ABBE HAUSTETE (RUE)";"48,19735000";"6,43712000"
"202400003654";"7";"07";"2024";"10:00";"1";"76";"76473";"2";"1";"1";"6";"Rue du Petit Pont";"49,49666800";"0,75962800"
"202400003655";"21";"03";"2024";"14:00";"1";"86";"86214";"2";"1";"7";"3";"Avenue du Onze Novembre";"46,56300000";"0,34584400"
"202400003656";"8";"07";"2024";"07:00";"1";"13";"13106";"1";"1";"1";"2";"A7-Sens Marseille vers Lyon";"43,38849000";"5,35109000"
"202400003657";"20";"03";"2024";"11:25";"1";"86";"86027";"2";"2";"1";"1";"Rue Nungesser";"46,57876500";"0,31484800"
"202400003658";"8";"07";"2024";"09:35";"1";"13";"13026";"1";"1";"1";"2";"A55-Sens Marseille vers Martigues";"43,37860000";"5,16740000"
"202400003659";"12";"03";"2024";"10:00";"1";"84";"84007";"2";"2";"1";"3";"FOLIE (Avenue de la)";"43,94800000";"4,82222000"
"202400003660";"8";"07";"2024";"22:15";"3";"69";"69297";"1";"1";"1";"2";"Autoroute 7";"45,62084413";"4,81315864"
"202400003661";"21";"03";"2024";"13:55";"1";"78";"78133";"2";"1";"1";"3";"MANTES (ROUTE DE)";"48,91000000";"2,03943000"
"202400003662";"21";"03";"2024";"10:35";"1";"78";"78172";"2";"1";"1";"6";"AMBASSADEUR (RUE DE L')";"49,00711300";"2,11559700"
"202400003663";"6";"07";"2024";"23:50";"3";"54";"54557";"1";"1";"1";"2";"Autoroute A 31";"48,69236739";"6,06554747"
"202400003664";"21";"03";"2024";"07:50";"1";"77";"77243";"2";"9";"1";"3";"SAINT DENIS  (RUE   )";"48,87900000";"2,70895000"
"202400003665";"8";"07";"2024";"15:40";"1";"78";"78238";"1";"1";"1";"6";"A13";"48,97052600";"1,88499900"
"202400003666";"20";"03";"2024";"17:25";"1";"77";"77181";"2";"3";"1";"3";"ORANGERIE (ALLEE DE L')";"48,82315000";"2,70712000"
"202400003667";"9";"07";"2024";"14:15";"1";"95";"95277";"1";"1";"1";"3";"A3";"48,97380183";"2,48838243"
"202400003668";"21";"03";"2024";"22:35";"3";"76";"76382";"1";"1";"5";"5";"RD 109";"49,58905000";"0,53603000"
"202400003669";"9";"07";"2024";"07:00";"1";"95";"95582";"1";"1";"1";"3";"A15";"48,97562164";"2,24024027"
"202400003670";"21";"03";"2024";"18:00";"1";"74";"74010";"2";"1";"1";"6";"GENEVE (AVENUE DE)(SECTEUR 410)";"45,91007000";"6,12377000"
"202400003671";"8";"07";"2024";"17:30";"1";"93";"93053";"1";"1";"1";"3";"A86";"48,88711502";"2,47350081"
"202400003672";"20";"03";"2024";"20:40";"5";"72";"72181";"2";"7";"1";"6";"ROOSEVELT FRANKLIN PL HAUT RUE NATIONALE";"48,00130000";"0,19766000"
"202400003673";"9";"07";"2024";"16:45";"1";"94";"94018";"1";"1";"1";"3";"A4";"48,81991032";"2,40340948"
"202400003674";"20";"03";"2024";"15:30";"1";"69";"69276";"1";"1";"1";"3";"Avenue Albert Ramboz";"45,67808840";"4,84665589"
"202400003675";"9";"07";"2024";"10:10";"1";"94";"94074";"1";"1";"1";"4";"N406";"48,76541000";"2,45926000"
"202400003676";"21";"03";"2024";"17:20";"1";"68";"68066";"2";"3";"1";"1";"BLEICH (RUE DE LA)";"48,07871000";"7,37084000"
"202400003677";"22";"02";"2024";"19:30";"5";"73";"73008";"2";"6";"2";"3";"D1201 - HOPITAUX CARREFOUR DES";"45,69696000";"5,90750000"
"202400003678";"18";"02";"2024";"19:05";"5";"64";"64445";"2";"1";"1";"3";"MOHEDAN DU";"43,31135581";" -0,36963781"
"202400003679";"21";"03";"2024";"08:50";"1";"64";"64122";"2";"1";"1";"6";"DOMREMY(RD-PT)";"43,48370000";" -1,54390000"
"202400003680";"29";"06";"2024";"05:00";"3";"44";"44162";"1";"1";"8";"3";"N/A";"47,20116286";" -1,61989696"
"202400003681";"14";"04";"2024";"19:00";"1";"82";"82079";"1";"1";"1";"7";"725 Route de Montauban";"43,93492400";"1,36021300"
"202400003682";"21";"03";"2024";"17:10";"1";"64";"64024";"2";"1";"1";"3";"ADOUR (AVENUE DE L')";"43,51562750";" -1,50125627"
"202400003683";"10";"04";"2024";"09:55";"3";"82";"82124";"1";"1";"9";"6";"Route de Castelsarrasin";"44,01777700";"1,30476100"
"202400003684";"21";"03";"2024";"12:40";"1";"64";"64102";"2";"1";"1";"2";"GRENET (AVENUE HENRI)";"43,50315000";" -1,47526000"
"202400003685";"5";"05";"2024";"22:25";"3";"14";"14175";"2";"1";"2";"6";"Route de Juaye Mondaye";"49,21513700";" -0,65449100"
"202400003686";"20";"03";"2024";"13:24";"1";"63";"63113";"2";"9";"1";"6";"CLEMENTEL (BD ETIENNE)";"45,81119000";"3,10930000"
"202400003687";"20";"03";"2024";"17:01";"1";"62";"62573";"2";"1";"1";"6";"D166";"50,49532000";"2,89549000"
"202400003688";"20";"04";"2024";"19:45";"1";"29";"29039";"2";"1";"1";"6";"Rue de Quimper";"47,88375000";" -3,91932000"
"202400003689";"20";"03";"2024";"17:15";"1";"62";"62244";"2";"3";"1";"3";"D127";"50,92960000";"1,86988000"
"202400003690";"27";"04";"2024";"20:15";"1";"29";"29019";"2";"7";"1";"3";"place des F.F.I.";"48,41627600";" -4,49224900"
"202400003691";"21";"03";"2024";"12:15";"1";"62";"62178";"2";"1";"1";"3";"Avenue de la Liberation";"50,49754000";"2,58163000"
"202400003692";"8";"07";"2024";"09:15";"1";"987";"98736";"1";"1";"1";"3";"HAMUTA VAL (RUE)";" -17,53991718";" -149,54545856"
"202400003693";"21";"03";"2024";"08:15";"1";"60";"60057";"2";"1";"1";"6";"Avenue de l'Europe";"49,44045000";"2,07667000"
"202400003694";"8";"07";"2024";"09:26";"1";"973";"97302";"2";"1";"1";"6";"MONTABO (ROUTE DE) 3";"4,93516000";" -52,29372000"
"202400003695";"20";"03";"2024";"19:17";"1";"56";"56260";"2";"1";"1";"6";"DELESTRAINT(AVENUE DU GENERAL)";"47,65678000";" -2,73810000"
"202400003696";"8";"07";"2024";"10:30";"1";"972";"97213";"2";"1";"1";"2";"AUTOROUTE A1";"14,61834000";" -61,03115000"
"202400003697";"8";"07";"2024";"13:50";"1";"972";"97209";"1";"1";"1";"3";"AUTOROUTE (A1)";"14,61853000";" -61,03932000"
"202400003698";"21";"03";"2024";"17:48";"1";"56";"56260";"2";"1";"1";"2";"Boulevard de Pontivy";"47,68173000";" -2,76870000"
"202400003699";"21";"03";"2024";"12:20";"1";"56";"56260";"2";"1";"1";"3";"Rue de Normandie";"47,64811000";" -2,78556000"
"202400003700";"6";"07";"2024";"21:10";"3";"971";"97113";"1";"1";"1";"3";"SECTION TOMBEAU";"16,22491000";" -61,47735000"
"202400003701";"21";"03";"2024";"00:11";"3";"56";"56121";"2";"6";"1";"7";"Parking du Carrefour";"47,76506000";" -3,39577000"
"202400003702";"21";"03";"2024";"07:05";"1";"54";"54357";"2";"2";"1";"3";"Rue Gambetta";"48,71293000";"6,16710000"
"202400003703";"8";"07";"2024";"19:46";"2";101;101004";"2";"1";"1";"6";"#BONAPARTE CHARLES  BD#";"41,93400000";"8,74900000"
"202400003704";"20";"03";"2024";"15:30";"1";"54";"54395";"2";"2";"1";"6";"Boulevard Insurection du Ghetto Varsovie";"48,68571900";"6,18136800"
"202400003705";"8";"07";"2024";"19:40";"1";101;101004";"1";"1";"1";"1";"1 Lotissement San Biaggio";"41,94785000";"8,73503800"
"202400003706";"7";"07";"2024";"07:36";"2";"95";"95491";"2";"9";"1";"6";"PASTEUR (RUE)";"48,99930000";"2,23979000"
"202400003707";"21";"03";"2024";"17:35";"1";"49";"49328";"2";"2";"1";"6";"BEAUREPAIRE (RUE)";"47,25951400";" -0,07875300"
"202400003708";"20";"03";"2024";"12:15";"1";"49";"49007";"2";"1";"1";"7";"ONZE NOVEMBRE 1918 AVENUE";"47,47084000";" -0,54531000"
"202400003709";"8";"07";"2024";"15:10";"1";"91";"91201";"2";"1";"1";"1";"RUE ALPHONSE DAUDET";"48,66052000";"2,42807700"
"202400003710";"21";"03";"2024";"13:35";"1";"47";"47201";"1";"1";"1";"3";"CONDOM(ROUTE DE)";"44,16517840";"0,59605551"
"202400003711";"8";"07";"2024";"08:05";"1";"83";"83144";"2";"9";"1";"6";"UNIVERSITE (AVE DE L')";"43,13697582";"6,00265503"
"202400003712";"21";"03";"2024";"08:45";"1";"45";"45286";"2";"1";"1";"1";"D951 PR 90 + 150";"47,88922000";"1,92438000"
"202400003713";"7";"07";"2024";"20:55";"1";"80";"80021";"2";"2";"1";"1";"ASSAS (RUE D')";"49,87540172";"2,31449425"
"202400003714";"21";"03";"2024";"07:43";"1";"45";"45234";"2";"2";"1";"3";"Allées Pierre Chevallier";"47,90077000";"1,87667000"
"202400003715";"21";"03";"2024";"11:00";"1";"44";"44109";"2";"1";"1";"3";"Pont Général Audibert";"47,20835000";" -1,54925000"
"202400003716";"7";"07";"2024";"00:01";"3";"77";"77186";"1";"6";"1";"1";"D606 de l'obélisque à limite MORET";"48,39704000";"2,69320000"
"202400003717";"21";"03";"2024";"09:30";"1";"44";"44109";"2";"2";"1";"3";"32 Boulevard de Launay";"47,21059000";" -1,57359000"
"202400003718";"21";"03";"2024";"08:20";"1";"37";"37261";"2";"1";"1";"6";"CHURCHILL (BOULEVARD WINSTON)";"47,37365000";"0,67910000"
"202400003719";"6";"07";"2024";"16:35";"1";"76";"76341";"1";"1";"1";"4";"RD 6015";"49,50973000";"0,19851000"
"202400003720";"20";"03";"2024";"19:57";"5";"34";"34301";"2";"3";"1";"6";"VERDUN (BOULEVARD DE)";"43,41240000";"3,68595000"
"202400003721";"8";"07";"2024";"08:30";"1";"76";"76351";"2";"2";"1";"3";"EMILE RENOUF";"49,48938000";"0,10299000"
"202400003722";"21";"03";"2024";"12:13";"1";"34";"34172";"2";"1";"1";"6";"MOULINS (AVENUE DES";"43,62649000";"3,83852000"
"202400003723";"6";"07";"2024";"19:05";"1";"76";"76351";"2";"1";"1";"6";"WINSTON CHURCHILL";"49,49396000";"0,13634000"
"202400003724";"21";"03";"2024";"08:45";"1";"34";"34172";"2";"1";"1";"3";"GREZES (RUE DES)";"43,61149000";"3,82843000"
"202400003725";"21";"03";"2024";"09:45";"1";"34";"34172";"2";"1";"1";"6";"VENDEMIAIRE (RUE)";"43,60483000";"3,89830000"
"202400003726";"4";"07";"2024";"09:40";"1";"73";"73065";"2";"3";"1";"3";"VERNIER (RUE DU DR)";"45,57659567";"5,91944152"
"202400003727";"20";"03";"2024";"16:40";"1";"34";"34172";"2";"1";"8";"3";"Avenue de la Liberté";"43,61226000";"3,82399000"
"202400003728";"7";"07";"2024";"19:15";"1";"72";"72181";"2";"9";"1";"3";"LOUIS BLANC (QUAI)";"48,00661000";"0,19225400"
"202400003729";"21";"03";"2024";"19:00";"1";"33";"33063";"2";"3";"1";"3";"N/A";"44,82980000";" -0,59616000"
"202400003730";"8";"07";"2024";"07:50";"1";"71";"71306";"2";"6";"1";"3";"LUCY (RUE DE)";"46,66350000";"4,34070000"
"202400003731";"21";"03";"2024";"16:15";"1";"33";"33281";"2";"1";"1";"2";"N/A";"44,84712000";" -0,71564000"
"202400003732";"21";"03";"2024";"04:40";"5";"31";"31555";"2";"3";"1";"3";"AV ETIENNE BILLIERES";"43,59712694";"1,42709747"
"202400003733";"8";"07";"2024";"18:55";"1";"69";"69275";"2";"2";"1";"3";"Avenue Jean Macé";"45,76395000";"4,95640000"
"202400003734";"21";"03";"2024";"14:00";"1";"29";"29232";"1";"1";"1";"6";"RN 165";"48,03732559";" -4,07945257"
"202400003735";"8";"07";"2024";"18:05";"1";"67";"67482";"2";"1";"1";"7";"PORTE DE L HOPITAL (RUE DE LA)";"48,57544000";"7,74999000"
"202400003736";"21";"03";"2024";"16:37";"1";"29";"29039";"1";"2";"1";"3";"Rue de Kerambec";"47,89426000";" -3,88981300"
"202400003737";"8";"07";"2024";"17:55";"1";"67";"67482";"2";"1";"1";"1";"Quai Jean-Pierre Mayno";"48,56924800";"7,73494600"
"202400003738";"19";"03";"2024";"20:20";"5";"29";"29019";"2";"8";"1";"3";"avenue 1ère D.F.L.";"48,37579481";" -4,55489169"
"202400003739";"8";"07";"2024";"20:45";"1";"59";"59599";"2";"3";"1";"3";"MAGENTA (RUE)";"50,70886000";"3,15973000"
"202400003740";"8";"07";"2024";"18:20";"1";"59";"59220";"2";"9";"1";"6";"NOUVELLE RUE";"50,60355100";"3,07506100"
"202400003741";"21";"03";"2024";"07:40";"1";"27";"27229";"2";"1";"1";"2";"CHURCHILL (AVENUE WINSTON)";"49,01879000";"1,16429000"
"202400003742";"21";"03";"2024";"08:00";"1";"18";"18033";"2";"6";"1";"7";"Avenue de Lattre de Tassigny";"47,10183000";"2,41314000"
"202400003743";"21";"06";"2024";"21:44";"1";"58";"58194";"2";"3";"1";"3";"LOUIS VICAT";"46,99490000";"3,15292000"
"202400003744";"8";"07";"2024";"14:00";"1";"56";"56260";"2";"1";"1";"2";"Rue de Bernus";"47,65315000";" -2,76944000"
"202400003745";"20";"03";"2024";"17:10";"1";"17";"17300";"2";"4";"1";"6";"GUITON   AVENUE JEAN (343-371)";"46,15948000";" -1,19971000"
"202400003746";"21";"03";"2024";"17:30";"1";"13";"13208";"2";"1";"1";"3";"TURCAT MERY ALLÉE (ALLEE)";"43,28070579";"5,38826335"
"202400003747";"7";"07";"2024";"06:50";"1";"54";"54547";"2";"9";"1";"6";"Route de Mirecourt";"48,66731000";"6,19013000"
"202400003748";"11";"03";"2024";"04:30";"2";"13";"13211";"2";"3";"1";"6";"EMMANUEL ALLARD (RUE)";"43,29006473";"5,44102057"
"202400003749";"8";"07";"2024";"11:30";"1";"50";"50218";"2";"9";"2";"2";"MATIGNON (AV DES)";"48,83797000";" -1,56667000"
"202400003750";"5";"07";"2024";"12:50";"1";"50";"50129";"2";"1";"2";"7";"LOGES (CHEMIN DE LA)";"49,61707000";" -1,61726000"
"202400003751";"20";"03";"2024";"16:25";"1";"13";"13211";"2";"1";"1";"2";"JEAN LOMBARD (AVENUE)";"43,28900000";"5,43211000"
"202400003752";"21";"03";"2024";"17:00";"1";"13";"13028";"2";"1";"1";"1";"Puits de brunet (Chemin)";"43,18648000";"5,60002000"
"202400003753";"14";"05";"2024";"15:00";"1";"46";"46042";"1";"1";"1";"7";"Départementale 820";"44,44703000";"1,41968000"
"202400003754";"21";"03";"2024";"20:30";"5";"13";"13001";"2";"3";"1";"3";"RD 10";"43,53376000";"5,46293000"
"202400003755";"7";"07";"2024";"20:25";"1";"45";"45004";"2";"2";"1";"3";"127 Rue du Marchais Rouge";"47,98658000";"2,80230000"
"202400003756";"21";"03";"2024";"07:50";"1";"11";"11069";"2";"9";"1";"3";"22bis Boulevard de Varsovie";"43,21577000";"2,34840000"
"202400003757";"6";"07";"2024";"18:35";"1";"45";"45208";"2";"2";"1";"3";"37 Rue Victor Méric";"48,00135000";"2,72430000"
"202400003758";"7";"07";"2024";"23:58";"5";"42";"42186";"2";"1";"1";"1";"Rue Edouard Vaillant";"45,52169800";"4,59873200"
"202400003759";"22";"03";"2024";"01:04";"5";"06";"06088";"2";"1";"1";"7";"Promenade des Anglais";"43,69427000";"7,25771000"
"202400003760";"7";"07";"2024";"17:55";"1";"41";"41018";"2";"1";"1";"7";"TUILERIES (LEVEE DES)";"47,59423400";"1,35236600"
"202400003761";"8";"07";"2024";"13:52";"1";"37";"37261";"2";"6";"1";"2";"LOUIS XI (BOULEVARD)";"47,37361000";"0,67829000"
"202400003762";"21";"03";"2024";"19:00";"2";"01";"01053";"2";"2";"1";"3";"HERRIOT ( BOULEVARD EDOUARD COTE PAIR)";"46,21024000";"5,22151000"
"202400003763";"8";"07";"2024";"13:08";"1";"37";"37195";"2";"3";"1";"7";"PROUDHON (AVENUE)";"47,39350000";"0,66283000"
"202400003764";"21";"03";"2024";"18:20";"1";"75";"75115";"2";"1";"1";"3";"BD PERIPHERIQUE EXTERIEUR";"48,83494100";"2,26804000"
"202400003765";"21";"03";"2024";"16:40";"1";"75";"75117";"2";"1";"1";"2";"ECHANGEUR MAILLOT";"48,88264301";"2,28318608"
"202400003766";"8";"07";"2024";"10:05";"1";"35";"35238";"2";"2";"2";"3";"BRETAGNE (PLACE DE)";"48,10977616";" -1,68421000"
"202400003767";"21";"03";"2024";"08:55";"1";"75";"75117";"2";"1";"1";"6";"BD PERIPHERIQUE INTERIEUR";"48,88013700";"2,28189500"
"202400003768";"21";"03";"2024";"08:10";"1";"75";"75117";"2";"1";"1";"2";"BD PERIPHERIQUE INTERIEUR";"48,87927300";"2,28152900"
"202400003769";"9";"07";"2024";"00:01";"5";"31";"31555";"2";"3";"1";"3";"AV DU GENERAL EISENHOWER";"43,56218000";"1,39044100"
"202400003770";"3";"07";"2024";"11:01";"1";"28";"28220";"1";"9";"1";"3";"ROUTE NATIONALE 123";"48,41618000";"1,46373000"
"202400003771";"21";"03";"2024";"14:00";"1";"75";"75118";"2";"3";"1";"3";"AVENUE DE LA PORTE D AUBERVILLIERS";"48,90094000";"2,37013000"
"202400003772";"7";"07";"2024";"08:00";"1";"26";"26362";"1";"1";"1";"6";"RN7";"44,90231755";"4,88389813"
"202400003773";"21";"03";"2024";"01:15";"5";"75";"75116";"2";"7";"1";"6";"PLACE DE VARSOVIE";"48,85998200";"2,29038500"
"202400003774";"21";"03";"2024";"08:15";"1";"75";"75114";"2";"4";"1";"7";"RUE D ALESIA";"48,82779000";"2,32896500"
"202400003775";"8";"07";"2024";"22:00";"2";"25";"25056";"2";"4";"1";"3";"VESOUL RUE DE (inf 52)";"47,25246000";"6,01674000"
"202400003776";"21";"03";"2024";"22:16";"5";"75";"75113";"2";"4";"1";"6";"RUE DE PATAY";"48,82767300";"2,37131100"
"202400003777";"8";"07";"2024";"04:50";"2";"25";"25056";"2";"2";"1";"3";"BERTHELOT RUE";"47,23554000";"5,98280000"
"202400003778";"21";"03";"2024";"17:00";"1";"75";"75113";"2";"4";"1";"3";"RUE DE TOLBIAC";"48,82573100";"2,34798100"
"202400003779";"8";"07";"2024";"04:00";"4";"14";"14059";"2";"1";"1";"6";"33 Avenue du Littoral";"49,34857000";"0,05015000"
"202400003780";"19";"03";"2024";"19:20";"5";"75";"75112";"2";"1";"1";"4";"QUAI DE BERCY";"48,82839200";"2,38836600"
"202400003781";"8";"07";"2024";"11:45";"1";"13";"13117";"1";"1";"1";"2";"CD 9 ESTROUBLANS";"43,42761000";"5,26172000"
"202400003782";"21";"03";"2024";"17:25";"1";"75";"75110";"2";"3";"1";"7";"RUE DU FAUBOURG SAINT MARTIN";"48,87490800";"2,35892900"
"202400003783";"8";"07";"2024";"12:24";"1";"05";"05023";"2";"1";"1";"6";"BALPIN (CHEMIN)";"44,88713100";"6,63909800"
"202400003784";"21";"03";"2024";"08:40";"1";"75";"75109";"2";"4";"1";"3";"BOULEVARD DES CAPUCINES";"48,87100000";"2,33413200"
"202400003785";"21";"03";"2024";"12:20";"1";"75";"75107";"2";"3";"1";"3";"AVENUE FREDERIC LE PLAY";"48,85385800";"2,30478200"
"202400003786";"7";"07";"2024";"22:13";"5";"75";"75112";"2";"1";"1";"2";"PORTE DOREE";"48,82876800";"2,39871600"
"202400003787";"21";"03";"2024";"07:49";"1";"75";"75107";"2";"4";"1";"6";"BOULEVARD RASPAIL";"48,85221700";"2,32675300"
"202400003788";"7";"07";"2024";"21:00";"5";"75";"75115";"2";"3";"1";"6";"QUAI BRANLY";"48,85746818";"2,29106516"
"202400003789";"20";"03";"2024";"18:35";"1";"94";"94081";"2";"3";"1";"6";"Avenue Jean Jaurès / Rue Désiré Granet";"48,79376100";"2,39886700"
"202400003790";"8";"07";"2024";"09:43";"1";"75";"75119";"2";"2";"1";"3";"AVENUE DE FLANDRE";"48,88577600";"2,37095700"
"202400003791";"21";"03";"2024";"08:05";"1";"94";"94046";"2";"3";"1";"3";"Rue de Mulhouse / Rue Jean Jaurès";"48,79618300";"2,43369800"
"202400003792";"8";"07";"2024";"06:40";"2";"75";"75116";"2";"7";"1";"3";"PLACE CLEMENT ADER";"48,85129200";"2,27849900"
"202400003793";"20";"03";"2024";"17:15";"1";"94";"94011";"2";"6";"1";"2";"Avenue Rhin et Danube / Avenue de Boissy";"48,76844000";"2,48844000"
"202400003794";"7";"07";"2024";"13:30";"1";"75";"75115";"2";"1";"1";"3";"BOULEVARD DE VAUGIRARD";"48,84638900";"2,31744300"
"202400003795";"21";"03";"2024";"07:30";"1";"94";"94055";"2";"9";"1";"2";"Route de Provins / Rue Lavoisier";"48,79690000";"2,54843000"
"202400003796";"21";"03";"2024";"17:09";"1";"93";"93070";"2";"1";"1";"3";"Rue du Docteur Bauer";"48,90949417";"2,33866525"
"202400003797";"8";"07";"2024";"01:17";"5";"75";"75114";"2";"2";"1";"3";"BOULEVARD JOURDAN";"48,82136316";"2,33436137"
"202400003798";"8";"07";"2024";"12:23";"1";"75";"75113";"2";"3";"1";"1";"RUE DU CHEVALERET";"48,82734800";"2,37727300"
"202400003799";"21";"03";"2024";"08:11";"1";"93";"93066";"2";"1";"1";"4";"Avenue du Président Wilson";"48,91394584";"2,35753012"
"202400003800";"7";"07";"2024";"09:00";"1";"75";"75120";"2";"1";"1";"6";"BOULEVARD MORTIER";"48,86996000";"2,40878000"
"202400003801";"8";"07";"2024";"16:15";"1";"75";"75108";"2";"2";"1";"6";"AVENUE DES CHAMPS ELYSEES";"48,87051800";"2,30524500"
"202400003802";"8";"07";"2024";"10:40";"1";"75";"75108";"2";"7";"1";"3";"PLACE DES TERNES";"48,87778000";"2,29827000"
"202400003803";"21";"03";"2024";"12:30";"1";"93";"93055";"2";"1";"1";"2";"Rue Victor Hugo";"48,89362000";"2,41026000"
"202400003804";"8";"07";"2024";"09:50";"1";"75";"75108";"2";"2";"1";"3";"RUE DE COURCELLES";"48,87503100";"2,30919600"
"202400003805";"21";"03";"2024";"08:30";"1";"93";"93007";"2";"2";"1";"3";"Avenue de Bel-abbès / Avenue Edouard Lucy";"48,92803400";"2,47968700"
"202400003806";"8";"07";"2024";"09:40";"1";"75";"75107";"2";"1";"1";"6";"QUAI D ORSAY";"48,86276205";"2,31842905"
"202400003807";"8";"07";"2024";"09:40";"1";"75";"75101";"2";"3";"1";"7";"RUE DE RIVOLI";"48,86465900";"2,32931600"
"202400003808";"20";"03";"2024";"22:30";"5";"93";"93007";"2";"1";"1";"3";"Avenue Descartes";"48,95017700";"2,45573000"
"202400003809";"20";"03";"2024";"18:46";"1";"92";"92078";"2";"1";"1";"3";"MARECHAL LECLERC (AVENUE) (N° IMPAIRS)";"48,93498000";"2,32497000"
"202400003810";"7";"07";"2024";"17:50";"1";"75";"75102";"2";"2";"1";"3";"RUE DE RICHELIEU";"48,87053950";"2,33937174"
"202400003811";"21";"03";"2024";"11:00";"1";"92";"92048";"2";"2";"1";"3";"GENERAL DE GAULLE (AVENUE DU)";"48,78768725";"2,22776055"
"202400003812";"7";"07";"2024";"14:15";"1";"94";"94043";"2";"2";"1";"6";"Avenue Charles Gide";"48,80796300";"2,35693100"
"202400003813";"8";"07";"2024";"08:05";"1";"94";"94077";"2";"1";"1";"6";"Rue Saint Martin";"48,73720514";"2,40842816"
"202400003814";"20";"03";"2024";"18:50";"1";"92";"92036";"2";"3";"1";"6";"GENEAL DE GAULLE (AVENUE) (1/41)";"48,93377586";"2,31338149"
"202400003815";"8";"07";"2024";"12:22";"1";"94";"94079";"2";"2";"8";"1";"Rue P Doboeuf et Michel Lafon";"48,83276000";"2,54427000"
"202400003816";"19";"03";"2024";"19:35";"5";"92";"92025";"2";"2";"1";"6";"EDGARD QUINET (BD)";"48,92566019";"2,24720138"
"202400003817";"8";"07";"2024";"20:20";"1";"94";"94018";"2";"3";"1";"6";"Rue des Bordeaux";"48,82172000";"2,40978000"
"202400003818";"20";"03";"2024";"20:20";"5";"92";"92019";"2";"2";"1";"2";"QUATRE CHEMINS (AVENUE DES)";"48,77644993";"2,27827728"
"202400003819";"8";"07";"2024";"06:30";"2";"93";"93064";"2";"7";"1";"3";"Boulevard Gabriel Péri / Rue Richard Gardebled";"48,87742000";"2,48446000"
"202400003820";"8";"07";"2024";"09:25";"1";"93";"93055";"2";"2";"1";"3";"Avenue Anatole France / Rue Pierre Brossolette";"48,89309000";"2,42414000"
"202400003821";"8";"07";"2024";"16:32";"1";"92";"92072";"2";"2";"1";"3";"GRANDE RUE";"48,82642047";"2,21927834"
"202400003822";"8";"07";"2024";"06:12";"1";"92";"92051";"2";"2";"1";"3";"WINSTON CHURCHILL (PLACE)";"48,88341177";"2,27350507"
"202400003823";"7";"07";"2024";"02:39";"4";"92";"92024";"2";"1";"1";"6";"GUSTAVE EIFFEL (RUE)";"48,90409912";"2,29499133"
"202400003824";"8";"07";"2024";"11:00";"1";"92";"92004";"2";"1";"1";"6";"MOURINOUX ( RUE DES )";"48,93175066";"2,27588511"
"202400003825";"7";"07";"2024";"18:20";"1";"34";"34088";"1";"1";"1";"5";"Route de Fabrègues";"43,54640200";"3,73899900"
"202400003826";"8";"07";"2024";"16:40";"1";"54";"54192";"1";"1";"1";"2";"D112";"48,56264977";"6,28679752"
"202400003827";"8";"07";"2024";"19:50";"1";101;101348";"2";"1";"1";"6";"1240 Promenade de la plage";"42,11552000";"8,68923800"
"202400003828";"9";"07";"2024";"13:50";"1";"24";"24372";"1";"1";"1";"3";"2 Route de Montanceix";"45,14822336";"0,54395199"
"202400003829";"9";"07";"2024";"19:10";"1";"43";"43185";"1";"1";"1";"1";"D656";"45,38553119";"3,31847704"
"202400003830";"8";"07";"2024";"13:30";"1";"974";"97422";"2";"1";"1";"1";"60 Rue Charles Baudelaire";" -21,25925700";"55,50293400"
"202400003831";"9";"07";"2024";"08:50";"1";"972";"97207";"1";"9";"1";"3";"Fond d'Or";"14,60157700";" -60,95307100"
"202400003832";"8";"07";"2024";"14:35";"1";"972";"97208";"1";"1";"1";"2";"N3";"14,73066400";" -61,09988500"
"202400003833";"7";"07";"2024";"16:16";"1";"88";"88256";"1";"1";"7";"7";"D50";"48,15473500";"6,75697800"
"202400003834";"9";"07";"2024";"05:25";"2";"36";"36018";"1";"1";"1";"3";"N/A";"46,63269065";"1,10264540"
"202400003835";"9";"07";"2024";"15:25";"1";"50";"50546";"1";"1";"1";"6";"Route du Manoir (La Mancellière-sur-Vire)";"49,05844300";" -1,09728600"
"202400003836";"9";"07";"2024";"14:20";"1";"50";"50363";"1";"1";"1";"6";"Route du Carrefour Paris";"48,99580500";" -1,16816600"
"202400003837";"2";"07";"2024";"13:35";"1";"62";"62211";"2";"1";"3";"1";"Rue d'Agnières";"50,35383800";"2,61767200"
"202400003838";"8";"07";"2024";"17:40";"1";"34";"34309";"1";"1";"1";"1";"croisement D145 et rue du montferrier";"43,67923200";"3,90943800"
"202400003839";"9";"07";"2024";"16:30";"1";"57";"57556";"2";"9";"1";"2";"rue du lac";"49,05106700";"6,91123200"
"202400003840";"9";"07";"2024";"09:15";"1";"51";"51380";"2";"1";"1";"3";"la chaussée a chateauneuf";"48,87303300";"3,52450800"
"202400003841";"9";"07";"2024";"17:30";"1";"19";"19252";"1";"2";"1";"6";"la crouzade";"45,42087787";"2,45662196"
"202400003842";"3";"06";"2024";"16:00";"1";"56";"56234";"2";"1";"1";"5";"Le Fort Penthievre";"47,54255100";" -3,13486100"
"202400003843";"9";"07";"2024";"02:00";"3";"56";"56157";"1";"1";"2";"6";"Kermarec";"47,77481700";" -2,71960400"
"202400003844";"8";"07";"2024";"16:25";"1";100;100012";"1";"1";"1";"6";"314";"42,22950200";"9,27512200"
"202400003845";"9";"07";"2024";"14:00";"1";100;100319";"1";"9";"1";"4";"Valle Longhe";"42,42046700";"9,52866000"
"202400003846";"8";"07";"2024";"22:48";"3";"82";"82076";"1";"1";"1";"7";"Route de Molieres";"44,12059000";"1,35404300"
"202400003847";"9";"07";"2024";"17:30";"1";"63";"63148";"1";"3";"1";"5";"D224 / chemin de la Grenouillère";"45,88860054";"3,18241246"
"202400003848";"8";"07";"2024";"17:40";"1";"61";"61181";"2";"1";"1";"5";"Voie Communale";"48,78658700";"0,30049800"
"202400003849";"7";"07";"2024";"19:40";"1";"12";"12186";"1";"1";"1";"6";"rd999";"43,87726300";"2,58504900"
"202400003850";"8";"07";"2024";"16:56";"1";"47";"47226";"1";"3";"1";"3";"D668";"44,62503800";"0,31263800"
"202400003851";"7";"07";"2024";"12:10";"1";"34";"34261";"1";"1";"7";"7";"D4";"43,74856000";"3,58154300"
"202400003852";"9";"07";"2024";"07:10";"1";"25";"25578";"1";"1";"1";"3";"D50";"47,14675100";"6,32866100"
"202400003853";"2";"07";"2024";"17:30";"1";"44";"44217";"1";"3";"1";"3";"la Bosse Billy";"47,30990219";" -1,74800992"
"202400003854";"8";"07";"2024";"22:40";"3";"31";"31345";"1";"1";"1";"5";"D820";"43,38422400";"1,43935900"
"202400003855";"8";"07";"2024";"12:30";"1";"72";"72089";"2";"9";"1";"5";"20 Grande Rue";"48,12318600";" -0,01676400"
"202400003856";"9";"07";"2024";"12:09";"1";"05";"05056";"2";"1";"1";"7";"Rue de la Charrière";"44,64523100";"6,13152400"
"202400003857";"4";"07";"2024";"11:37";"1";"64";"64547";"1";"4";"1";"1";"Chemin de Halage";"43,42615200";" -1,46017800"
"202400003858";"9";"07";"2024";"12:50";"1";"07";"07334";"1";"1";"1";"7";"d901";"44,41112900";"4,16066400"
"202400003859";"8";"07";"2024";"13:25";"1";"04";"04075";"1";"1";"1";"1";"Route de la Clue";"44,20565000";"5,98696900"
"202400003860";"9";"07";"2024";"00:45";"3";"87";"87072";"1";"1";"1";"6";"D82a2";"45,66287200";"1,43732100"
"202400003861";"27";"06";"2024";"19:10";"1";"87";"87154";"1";"1";"1";"7";"Le Pont du Dérot";"45,91642600";"0,91718700"
"202400003862";"9";"07";"2024";"08:08";"1";"87";"87017";"1";"1";"1";"6";"RN 145 Pk 4+400";"46,14410200";"1,10077900"
"202400003863";"8";"07";"2024";"17:18";"1";"30";"30004";"2";"1";"1";"1";"Rue de la Gare";"43,73334800";"4,18436900"
"202400003864";"9";"07";"2024";"10:00";"1";"30";"30073";"1";"1";"1";"3";"D19a";"43,95496200";"4,55670300"
"202400003865";"9";"07";"2024";"10:30";"1";"30";"30188";"1";"3";"1";"3";"D936";"44,03030000";"4,15091200"
"202400003866";"7";"07";"2024";"23:55";"3";"88";"88408";"1";"6";"1";"6";"ROND POINT DES MEIX";"47,93645700";"6,63978700"
"202400003867";"9";"07";"2024";"14:25";"1";"77";"77333";"1";"1";"1";"2";"A6 > PARIS";"48,26188693";"2,72336744"
"202400003868";"20";"06";"2024";"08:15";"1";"44";"44020";"1";"1";"1";"3";"N/A";"47,17509500";" -1,61180000"
"202400003869";"9";"07";"2024";"08:00";"1";"37";"37079";"1";"2";"1";"3";"Rue de Beauregard";"47,34078200";"1,03673800"
"202400003870";"5";"07";"2024";"18:00";"1";"28";"28372";"1";"1";"1";"1";"D101";"48,64436600";"1,58992800"
"202400003871";"7";"07";"2024";"21:50";"3";100;100298";"2";"9";"1";"7";"Route du pont de fer";"42,67335700";"9,30189000"
"202400003872";"9";"07";"2024";"09:15";"1";"66";"66008";"1";"6";"1";"3";"N/A";"42,55090800";"3,00634900"
"202400003873";"3";"07";"2024";"19:55";"1";"66";"66144";"1";"3";"1";"3";"N/A";"42,62238364";"2,86717415"
"202400003874";"3";"07";"2024";"22:00";"5";"34";"34090";"2";"3";"1";"3";"route départementale 613";"43,64060900";"3,93877300"
"202400003875";"9";"07";"2024";"09:35";"1";"06";"06091";"1";"1";"1";"1";"D53";"43,79732900";"7,40482400"
"202400003876";"6";"07";"2024";"15:24";"1";"04";"04171";"1";"1";"1";"3";"RD 952";"43,79515200";"6,38643600"
"202400003877";"8";"07";"2024";"15:00";"1";"26";"26002";"1";"1";"1";"3";"Autoroute A7";"45,24126400";"4,84261000"
"202400003878";"4";"07";"2024";"20:00";"1";"70";"70279";"2";"6";"1";"3";"rue du chemin neuf";"47,44867800";"5,58032500"
"202400003879";"8";"07";"2024";"10:00";"1";"68";"68329";"1";"1";"1";"1";"Route de la Schlucht";"48,05163374";"7,10712063"
"202400003880";"4";"07";"2024";"18:50";"1";"42";"42328";"1";"1";"1";"2";"Route du Mongenet";"45,57354200";"3,98559100"
"202400003881";"9";"07";"2024";"08:35";"1";"38";"38277";"1";"1";"1";"1";"Départementale 529";"45,00284700";"5,69969400"
"202400003882";"9";"07";"2024";"03:05";"3";"17";"17409";"1";"1";"1";"7";"Route du Stade";"45,67747600";" -1,02282300"
"202400003883";"30";"06";"2024";"19:00";"1";"33";"33035";"2";"2";"1";"3";"N/A";"45,05624300";" -0,60068600"
"202400003884";"9";"07";"2024";"15:00";"1";"85";"85083";"1";"1";"1";"1";"RD96";"46,98735200";" -2,27310800"
"202400003885";"6";"07";"2024";"22:30";"3";"44";"44179";"1";"1";"1";"1";"10 bellevue";"47,33091200";" -1,45570000"
"202400003886";"9";"07";"2024";"10:30";"1";"76";"76489";"1";"1";"2";"1";"Route du Hamelet";"49,50988500";"0,31246700"
"202400003887";"8";"07";"2024";"18:30";"1";"59";"59254";"2";"1";"1";"2";"Rue du Nord";"50,29078000";"3,19729000"
"202400003888";"8";"07";"2024";"16:55";"1";"33";"33249";"1";"1";"1";"7";"N/A";"44,88442000";" -0,51280000"
"202400003889";"8";"07";"2024";"17:25";"1";"91";"91340";"1";"1";"1";"2";"AUTOROUTE A6";"48,60188000";"2,43843000"
"202400003890";"17";"09";"2024";"05:58";"5";"93";"93005";"2";"9";"1";"7";"JACQUES DAGUERRE (AVENUE)";"48,95267000";"2,46773000"
"202400003891";"17";"09";"2024";"19:00";"1";"93";"93062";"2";"1";"1";"3";"RESISTANCE (AVENUE DE LA)";"48,89564000";"2,51428000"
"202400003892";"17";"09";"2024";"08:55";"1";"93";"93051";"2";"6";"1";"2";"RU DE NESLE (BOULEVARD)";"48,83785715";"2,58171737"
"202400003893";"17";"09";"2024";"09:50";"1";"93";"93053";"2";"2";"1";"3";"ARISTIDE BRIAND (BOULEVARD)";"48,87868389";"2,45787330"
"202400003894";"17";"09";"2024";"14:10";"1";"93";"93027";"2";"5";"1";"3";"PALMERS (PONT)";"48,92616000";"2,39678000"
"202400003895";"17";"09";"2024";"03:30";"5";"93";"93010";"2";"1";"1";"6";"ETOILE (AL. DE L')";"48,89213381";"2,48591942"
"202400003896";"17";"09";"2024";"17:25";"1";"93";"93007";"2";"2";"1";"3";"MASCOTTES (RUE DES)";"48,92019000";"2,47024000"
"202400003897";"17";"09";"2024";"15:30";"1";"93";"93027";"2";"1";"1";"3";"VAILLANT-COUTURIER (AVENUE PAUL)";"48,92440968";"2,41446672"
"202400003898";"17";"09";"2024";"18:30";"1";"92";"92063";"2";"1";"1";"6";"BONAPARTE (AVENUE NAPOLEON) NORD";"48,87204601";"2,16194652"
"202400003899";"17";"09";"2024";"22:20";"5";"92";"92040";"2";"6";"1";"2";"FRERES VOISIN (BOULEVARD DES)";"48,82784922";"2,27369159"
"202400003900";"17";"09";"2024";"20:15";"5";"62";"62534";"2";"6";"1";"3";"D342";"50,70780900";"2,11874100"
"202400003901";"7";"09";"2024";"05:30";"5";"95";"95487";"2";"1";"2";"3";"D4Z";"49,15369081";"2,27290881"
"202400003902";"17";"09";"2024";"15:25";"1";"84";"84137";"2";"1";"1";"7";"Avenue Ulysse Fabre";"44,23869200";"5,06383300"
"202400003903";"7";"09";"2024";"11:57";"1";"22";"22093";"1";"1";"1";"4";"RN12";"48,46404300";" -2,54358500"
"202400003904";"18";"09";"2024";"08:00";"1";"30";"30141";"1";"3";"1";"3";"N 580";"44,12136000";"4,68499000"
"202400003905";"17";"09";"2024";"20:55";"2";"61";"61497";"1";"1";"1";"6";"Aire de la Dentelle";"48,45670500";"0,12756800"
"202400003906";"16";"09";"2024";"16:50";"1";"51";"51530";"2";"3";"1";"3";"22 rue du 11 novembre";"49,15013500";"4,25369600"
"202400003907";"14";"09";"2024";"19:15";"1";"51";"51161";"2";"1";"1";"7";"Rue du 8 Mai";"49,04203200";"4,17688600"
"202400003908";"18";"09";"2024";"16:15";"1";"76";"76452";"1";"1";"1";"7";"D44";"49,55503865";"1,09224379"
"202400003909";"18";"09";"2024";"11:00";"1";"82";"82184";"1";"1";"1";"6";"1280 Route de Nègrepelisse";"44,03963600";"1,55763900"
"202400003910";"18";"09";"2024";"07:45";"2";"11";"11437";"1";"1";"1";"1";"N/A";"43,23809800";"2,24315300"
"202400003911";"18";"09";"2024";"16:05";"1";"25";"25326";"1";"1";"1";"7";"D11";"47,23348500";"5,78594000"
"202400003912";"16";"09";"2024";"17:40";"1";"35";"35306";"1";"3";"1";"3";"D117";"48,58019900";" -1,94993400"
"202400003913";"18";"09";"2024";"12:25";"1";"29";"29158";"2";"2";"1";"3";"Rue du 19 Mars 1962";"47,81175300";" -4,34013500"
"202400003914";"17";"09";"2024";"18:00";"1";"38";"38126";"2";"2";"1";"6";"Chemin Charles Pajon";"45,21608200";"5,75443800"
"202400003915";"18";"09";"2024";"13:15";"1";"02";"02693";"1";"1";"1";"7";"D2";"49,25100000";"3,29669200"
"202400003916";"18";"09";"2024";"07:15";"3";"26";"26357";"1";"1";"1";"7";"Route d'Orange";"44,26680300";"4,90489700"
"202400003917";"18";"09";"2024";"12:00";"1";"72";"72080";"1";"4";"1";"3";"Lieu Dit la Justiere";"48,14655100";"0,67137837"
"202400003918";"17";"09";"2024";"14:00";"1";"18";"18138";"1";"1";"1";"3";"N/A";"47,09169600";"2,28859500"
"202400003919";"16";"09";"2024";"17:15";"1";"18";"18242";"1";"1";"1";"7";"N/A";"46,83671000";"2,94942100"
"202400003920";"18";"09";"2024";"10:00";"1";"07";"07346";"2";"3";"1";"3";"1 Faubourg de la Madeleine";"44,48545500";"4,68127500"
"202400003921";"17";"09";"2024";"17:46";"1";"38";"38249";"1";"3";"1";"1";"D11 / A41s";"45,22304400";"5,82146900"
"202400003922";"11";"09";"2024";"14:45";"1";"17";"17228";"1";"1";"1";"1";"route centre europe atlantique";"45,66307400";" -0,94582700"
"202400003923";"18";"09";"2024";"12:55";"1";"973";"97311";"2";"3";"1";"3";"Avenue Gaston Monnerville - Chemin de fatima";"5,49353458";" -54,01196659"
"202400003924";"15";"09";"2024";"04:30";"5";"91";"91662";"2";"1";"1";"6";"1 Route de Montflix";"48,51309000";"2,11916500"
"202400003925";"16";"09";"2024";"11:15";"1";"91";"91180";"1";"1";"1";"6";"D372";"48,45004400";"2,50547300"
"202400003926";"17";"09";"2024";"11:25";"1";"83";"83016";"1";"1";"1";"3";"Dn8";"43,21421900";"5,81141900"
"202400003927";"30";"11";"2024";"01:00";"3";"49";"49248";"1";"1";"1";"7";"Rd 71";"47,75963700";" -0,99422000"
"202400003928";"17";"09";"2024";"19:00";"1";"13";"13100";"1";"1";"1";"1";"D99";"43,79474200";"4,81626000"
"202400003929";"17";"09";"2024";"16:00";"1";"71";"71176";"2";"3";"1";"2";"11 Rue des Blattiers";"46,49108800";"4,00287500"
"202400003930";"30";"11";"2024";"02:13";"3";"06";"06123";"1";"1";"1";"4";"A8 PK 184.000 Nord";"43,66429400";"7,18004800"
"202400003931";"17";"09";"2024";"06:14";"3";"71";"71325";"2";"1";"1";"1";"D979";"46,49208500";"3,96019600"
"202400003932";"17";"09";"2024";"11:00";"1";"42";"42265";"1";"2";"1";"3";"Route de Chuyer";"45,44438600";"4,72923300"
"202400003933";"29";"11";"2024";"21:00";"3";"59";"59488";"1";"1";"1";"5";"A2 sens VALENCIENNES vers PARIS PK 031.400";"50,19397600";"3,20292200"
"202400003934";"18";"09";"2024";"12:45";"1";"42";"42261";"2";"3";"1";"6";"Route de Lyon";"45,72086600";"4,35322000"
"202400003935";"28";"11";"2024";"13:15";"1";"987";"98722";"2";"1";"1";"1";"pk 19";" -17,59200000";" -149,39100000"
"202400003936";"16";"09";"2024";"08:40";"1";"38";"38507";"1";"1";"1";"3";"rue de la chapelle";"45,73891600";"5,18382300"
"202400003937";"30";"11";"2024";"12:30";"1";"988";"98802";"1";"1";"1";"7";"Route menant à Bouraké";" -21,86934500";"166,03912400"
"202400003938";"16";"09";"2024";"10:00";"1";"01";"01297";"1";"1";"1";"1";"D22";"45,87925400";"5,08855800"
"202400003939";"29";"11";"2024";"19:15";"3";"986";"98613";"1";"6";"1";"1";"Ahoa";" -13,28506300";" -176,23568100"
"202400003940";"30";"11";"2024";"12:00";"1";"45";"45010";"2";"1";"5";"6";"D921 PR 22 + 880";"48,12904100";"2,25256200"
"202400003941";"1";"08";"2024";"20:30";"1";"35";"35206";"2";"3";"1";"2";"D837";"48,06259586";" -1,69932157"
"202400003942";"30";"11";"2024";"14:45";"1";"77";"77145";"1";"1";"5";"1";"D1036";"48,61459800";"2,74808400"
"202400003943";"18";"09";"2024";"12:45";"1";"76";"76495";"2";"1";"1";"2";"Rue Pihet";"49,57085700";"0,94830500"
"202400003944";"28";"11";"2024";"23:55";"3";"78";"78305";"1";"1";"9";"7";"D45 intersection chemin de Poissy";"48,91472000";"1,88147300"
"202400003945";"30";"11";"2024";"01:50";"4";"66";"66182";"1";"6";"1";"2";"D81";"42,73245000";"3,02596600"
"202400003946";"17";"09";"2024";"17:40";"1";"02";"02555";"1";"2";"1";"3";"D11";"48,93718200";"3,31697000"
"202400003947";"29";"11";"2024";"13:05";"1";"34";"34050";"1";"1";"1";"3";"D106";"43,62970800";"4,05511400"
"202400003948";"30";"11";"2024";"04:47";"3";"05";"05151";"1";"1";"1";"6";"Route Nationale de Prelles";"44,86081200";"6,59108900"
"202400003949";"16";"09";"2024";"12:00";"1";"59";"59400";"2";"2";"1";"3";"Place de la Libération";"50,64291700";"2,63947600"
"202400003950";"30";"11";"2024";"05:15";"3";"13";"13042";"1";"1";"1";"1";"D8n";"43,26701900";"5,65141400"
"202400003951";"17";"09";"2024";"08:00";"1";"91";"91286";"1";"1";"1";"2";"AUTOROUTE A6";"48,64365425";"2,39086211"
"202400003952";"16";"09";"2024";"14:45";"1";"93";"93063";"1";"1";"1";"2";"AUTOROUTE A3";"48,87725188";"2,44440551"
"202400003953";"29";"11";"2024";"18:30";"5";"38";"38087";"2";"9";"1";"6";"1799 Avenue Frédéric Mistral";"45,57349000";"4,81082600"
"202400003954";"16";"09";"2024";"13:00";"1";"93";"93027";"1";"1";"1";"4";"AUTOROUTE A1";"48,93608477";"2,40504069"
"202400003955";"29";"11";"2024";"07:05";"3";"38";"38215";"1";"2";"5";"6";"Route des Moilles";"45,57287000";"4,95738200"
"202400003956";"27";"11";"2024";"12:40";"1";"38";"38276";"2";"1";"1";"6";"D 1085";"45,56425900";"5,30343000"
"202400003957";"16";"09";"2024";"06:30";"3";"93";"93064";"1";"1";"1";"2";"AUTOROUTE A86";"48,88186621";"2,47323178"
"202400003958";"30";"11";"2024";"15:20";"1";"69";"69009";"1";"1";"1";"1";"Route de Lyon";"45,92581200";"4,72769400"
"202400003959";"15";"09";"2024";"07:25";"2";"93";"93005";"1";"1";"1";"2";"AUTOROUTE A1";"48,96248856";"2,47096625"
"202400003960";"26";"11";"2024";"08:23";"2";"35";"35047";"2";"6";"1";"6";"Rue du Champ Niguel";"48,02588600";" -1,73437800"
"202400003961";"16";"09";"2024";"18:40";"1";"93";"93051";"1";"1";"1";"6";"A4";"48,83463546";"2,58281480"
"202400003962";"8";"04";"2024";"19:00";"1";"55";"55029";"2";"1";"1";"6";"SCHUMAN ( RUE ROBERT )";"48,77480000";"5,16837000"
"202400003963";"18";"11";"2024";"07:42";"1";"60";"60134";"1";"1";"8";"4";"D1016";"49,31597953";"2,44268391"
"202400003964";"31";"05";"2024";"16:10";"1";"84";"84088";"1";"1";"1";"1";"318 Route de Patris";"44,00748600";"5,02267200"
"202400003965";"29";"11";"2024";"18:48";"3";"13";"13210";"1";"1";"1";"2";"A50-Sens Aubagne vers Marseille";"43,28489979";"5,41754007"
"202400003966";"17";"07";"2024";"21:25";"2";"57";"57597";"1";"1";"1";"7";"CD9";"49,25818000";"6,07810000"
"202400003967";"28";"11";"2024";"14:55";"1";"83";"83137";"2";"1";"1";"2";"A50 TUNNEL TUBE NORD";"43,12018223";"5,94855286"
"202400003968";"17";"07";"2024";"17:30";"1";"28";"28085";"2";"3";"1";"3";"COURTILLE (BOULEVARD DE LA)";"48,44203000";"1,49344000"
"202400003969";"21";"11";"2024";"06:00";"2";"69";"69029";"1";"1";"1";"3";"Route Départementale 383";"45,73338106";"4,90053351"
"202400003970";"28";"11";"2024";"20:15";"5";"42";"42005";"1";"1";"1";"2";"A72";"45,52856000";"4,28612000"
"202400003971";"30";"03";"2024";"04:10";"4";"75";"75112";"2";"1";"3";"2";"QUAI DE BERCY";"48,83309100";"2,38334000"
"202400003972";"19";"07";"2024";"18:40";"1";"57";"57690";"2";"3";"1";"2";"40 Rue du Wenheck";"49,09179200";"6,71052300"
"202400003973";"29";"11";"2024";"18:56";"3";"33";"33318";"1";"1";"1";"4";"N/A";"44,78803600";" -0,63262400"
"202400003974";"16";"09";"2024";"11:14";"1";"987";"98735";"2";"1";"1";"2";"CLEMENCEAU (RUE QTIER MAMAO)";" -17,53666300";" -149,56032200"
"202400003975";"28";"11";"2024";"10:05";"1";"33";"33550";"1";"1";"1";"4";"N/A";"44,77400700";" -0,55628500"
"202400003976";"16";"09";"2024";"10:45";"1";"987";"98736";"2";"9";"1";"3";"CHARLES DE GAULLE (AV)";" -17,53071000";" -149,55293000"
"202400003977";"27";"11";"2024";"18:45";"4";"33";"33249";"1";"1";"1";"4";"N/A";"44,87420000";" -0,50725000"
"202400003978";"15";"09";"2024";"15:57";"1";"987";"98736";"1";"6";"1";"3";"ARIIPAEA POMARE (AV)";" -17,53425000";" -149,54863000"
"202400003979";"29";"11";"2024";"15:43";"1";"78";"78640";"1";"1";"1";"3";"N118";"48,78224800";"2,22311500"
"202400003980";"16";"09";"2024";"13:28";"1";"976";"97611";"2";"1";"3";"3";"doujani-Mouhindi Hassani (rue )";" -12,80183500";"45,21015400"
"202400003981";"23";"11";"2024";"23:40";"5";"92";"92051";"1";"1";"1";"3";"RN13";"48,88162963";"2,27055354"
"202400003982";"16";"09";"2024";"08:45";"1";"974";"97416";"2";"9";"1";"3";"HIPPOLYTE  PIOT (RUE)";" -21,29603000";"55,44986000"
"202400003983";"29";"11";"2024";"14:00";"1";"95";"95018";"1";"1";"1";"3";"A15";"48,96242661";"2,26643738"
"202400003984";"16";"09";"2024";"06:50";"1";"974";"97416";"2";"9";"1";"6";"LIGNE PARADIS(ROUTE DE LA)";" -21,31167000";"55,47276000"
"202400003985";"29";"11";"2024";"07:20";"3";"95";"95018";"1";"1";"1";"2";"A15";"48,96133067";"2,26860430"
"202400003986";"15";"09";"2024";"17:00";"1";"974";"97411";"1";"1";"1";"3";"JAURES (BOULEVARD JEAN)";" -20,89624000";"55,47368000"
"202400003987";"29";"11";"2024";"04:00";"5";"93";"93005";"1";"1";"1";"2";"AUTOROUTE A3";"48,94229860";"2,47831903"
"202400003988";"15";"09";"2024";"20:30";"3";"973";"97302";"2";"1";"1";"6";"FELIX EBOUE(ROCADE)";"4,92744278";" -52,31825021"
"202400003989";"28";"11";"2024";"10:05";"1";"95";"95256";"1";"1";"1";"3";"N184";"49,05753412";"2,20816076"
"202400003990";"14";"09";"2024";"23:55";"4";"973";"97302";"2";"1";"1";"7";"REPUBLIQUE (BD DE LA)";"4,93785000";" -52,32372000"
"202400003991";"28";"11";"2024";"09:08";"1";"93";"93005";"1";"1";"1";"2";"AUTOROUTE A3";"48,95088858";"2,47455129"
"202400003992";"27";"11";"2024";"17:50";"1";"92";"92036";"1";"1";"1";"3";"AUTOROUTE A15";"48,94651571";"2,28277090"
"202400003993";"16";"09";"2024";"17:30";"1";"69";"69383";"2";"2";"8";"3";"Rue André Philip";"45,75354000";"4,85196000"
"202400003994";"27";"11";"2024";"10:30";"1";"93";"93027";"1";"1";"1";"3";"BDL";"48,93280145";"2,40322190"
"202400003995";"29";"11";"2024";"08:00";"1";"77";"77121";"1";"1";"1";"2";"A104";"48,83662222";"2,66498382"
"202400003996";"15";"09";"2024";"19:50";"3";"972";"97213";"1";"1";"1";"2";"ROUTE NATIONALE 5";"14,59590000";" -60,98834000"
"202400003997";"14";"09";"2024";"08:50";"1";"69";"69384";"2";"1";"1";"3";"85 Boulevard de la Croix-Rousse";"45,77384915";"4,82402802"
"202400003998";"24";"07";"2024";"20:35";"1";"34";"34301";"2";"6";"1";"3";"AVENUE GILBERT MARTELLI";"43,41739500";"3,72358900"
"202400003999";"15";"09";"2024";"12:00";"1";"971";"97101";"1";"1";"1";"2";"ROUTE DE CHAZEAU";"16,28423558";" -61,44647956"
"202400004000";"14";"09";"2024";"18:30";"5";"971";"97113";"1";"1";"1";"3";"SECTION BESSON";"16,23744000";" -61,50104000"
"202400004001";"16";"09";"2024";"12:10";"1";101;101004";"2";"1";"1";"6";"#226 Salario#";"41,92794000";"8,70654000"
"202400004002";"15";"09";"2024";"18:40";"1";"95";"95582";"2";"3";"1";"3";"D14";"48,96756421";"2,27183848"
"202400004003";"26";"07";"2024";"22:30";"4";"34";"34301";"1";"1";"1";"3";"BALARUC (ROUTE DE)";"43,41622000";"3,70633000"
"202400004004";"16";"09";"2024";"11:55";"1";"91";"91027";"2";"1";"1";"3";"AV DU 18 AVRIL";"48,70119000";"2,38599000"
"202400004005";"28";"06";"2024";"12:59";"1";"93";"93029";"2";"1";"1";"3";"Avenue Henri Barbusse";"48,92037787";"2,45247812"
"202400004006";"21";"06";"2024";"21:15";"2";"93";"93029";"2";"3";"1";"6";"Avenue Jean Jaures / Avenue de la Saussaye";"48,91711178";"2,45675462"
"202400004007";"16";"09";"2024";"12:15";"1";"91";"91326";"2";"2";"1";"6";"MONTTESSUY (RUE DE)";"48,68895000";"2,38506000"
"202400004008";"25";"06";"2024";"20:45";"2";"93";"93029";"2";"1";"1";"3";"Avenue de la Concorde";"48,91512810";"2,46392818"
"202400004009";"21";"06";"2024";"08:20";"1";"93";"93029";"2";"1";"2";"6";"Rue Saint Stenay / Centre Commercial Avenir";"48,91867512";"2,42032584"
"202400004010";"17";"06";"2024";"16:40";"1";"93";"93029";"2";"1";"1";"6";"Rue Anatole France";"48,93293000";"2,45554000"
"202400004011";"16";"09";"2024";"07:00";"2";"91";"91027";"2";"2";"1";"3";"AV FRANCOIS MITTERRAND";"48,70875000";"2,37140000"
"202400004012";"16";"06";"2024";"22:50";"5";"93";"93029";"2";"1";"1";"6";"Rue Emmanuel Vinson";"48,92670000";"2,42799000"
"202400004013";"8";"06";"2024";"13:45";"1";"93";"93029";"2";"9";"1";"1";"Rue de la Republique";"48,92527472";"2,43598255"
"202400004014";"16";"09";"2024";"08:30";"1";"91";"91433";"1";"1";"1";"2";"R.D. 20";"48,45855000";"2,17727000"
"202400004015";"7";"06";"2024";"13:50";"1";"93";"93029";"2";"1";"1";"6";"Rue Sadi Carnot";"48,92492882";"2,44178423"
"202400004016";"7";"09";"2024";"07:19";"1";"88";"88413";"1";"9";"1";"7";"RUE DE L ANCIENNE FECULERIE";"48,32009000";"6,91485000"
"202400004017";"16";"09";"2024";"10:04";"1";"87";"87085";"2";"1";"1";"6";"PERRIN (RUE FRANCOIS)";"45,82377000";"1,22389000"
"202400004018";"3";"06";"2024";"07:16";"1";"93";"93029";"2";"3";"1";"2";"Avenue Henri Barbusse / Rue Pegoud";"48,92275070";"2,45741308"
"202400004019";"13";"09";"2024";"16:46";"1";"87";"87065";"2";"1";"1";"6";"RD979";"45,81832000";"1,29672000"
"202400004020";"1";"06";"2024";"15:40";"1";"93";"93029";"2";"3";"3";"3";"Avenue Jean Jaures / Avenue Garibaldi";"48,92070000";"2,44967000"
"202400004021";"13";"09";"2024";"18:52";"1";"86";"86158";"2";"1";"7";"6";"Rue de Nanteuil";"46,63412000";"0,33068000"
"202400004022";"7";"07";"2024";"10:15";"1";"13";"13099";"1";"3";"1";"1";"Chemin Departemental 952";"43,68790700";"5,70071300"
"202400004023";"16";"09";"2024";"07:20";"1";"84";"84080";"2";"6";"1";"6";"PASTEUR BOULEVARD";"44,03348000";"4,99546000"
"202400004024";"28";"11";"2024";"15:50";"1";"988";"98818";"2";"2";"1";"6";"RUE SUZANNE ULM/RUE DES DAHLIAS";" -22,23935000";"166,47614000"
"202400004025";"16";"09";"2024";"10:45";"1";"84";"84007";"2";"2";"1";"3";"TARASCON (AVENUE DE)";"43,92859000";"4,80952000"
"202400004026";"28";"11";"2024";"17:40";"1";"974";"97416";"1";"1";"1";"2";"ENTRE DEUX(route de l')";" -21,29932000";"55,43668000"
"202400004027";"16";"09";"2024";"18:05";"1";"83";"83062";"2";"1";"1";"2";"BARTOLINI (RUE JEAN)";"43,12442442";"6,01591372"
"202400004028";"28";"11";"2024";"14:00";"1";"974";"97409";"2";"3";"1";"5";"DU LYCEE(RUE)";" -20,96452000";"55,65233000"
"202400004029";"15";"09";"2024";"14:10";"1";"80";"80674";"1";"1";"1";"6";"ROCADE NORD EST RN 25";"49,91160663";"2,34365197"
"202400004030";"15";"09";"2024";"10:30";"1";"80";"80674";"1";"1";"1";"7";"ROCADE NORD RN 1";"49,90671000";"2,34714000"
"202400004031";"29";"11";"2024";"00:40";"5";"974";"97407";"2";"1";"1";"2";"COMMUNE DE PARIS (AVENUE)";" -20,94311000";"55,29214000"
"202400004032";"15";"09";"2024";"02:50";"5";"80";"80021";"2";"1";"1";"7";"Rue Vanmarcke";"49,89670000";"2,30059000"
"202400004033";"28";"11";"2024";"01:00";"3";"972";"97209";"1";"1";"1";"6";"Chateauboeuf  (Pont de)";"14,61764000";" -61,03967000"
"202400004034";"15";"09";"2024";"06:59";"2";"77";"77288";"1";"1";"1";"3";"D605";"48,55101000";"2,67226000"
"202400004035";"28";"11";"2024";"08:25";"1";"69";"69384";"2";"1";"2";"5";"20 Montée de la Boucle";"45,78159531";"4,83911248"
"202400004036";"14";"09";"2024";"18:30";"1";"76";"76447";"1";"6";"1";"7";"RD 31";"49,54423587";"0,20101256"
"202400004037";"14";"09";"2024";"19:10";"1";"76";"76351";"2";"2";"1";"3";"DENIS CORDONNIER (RUE)";"49,52240300";"0,10470600"
"202400004038";"15";"09";"2024";"09:40";"1";"72";"72181";"2";"6";"7";"3";"MAILLETS (RUE DES) IMP 161 ET plus";"48,01755000";"0,21850000"
"202400004039";"27";"11";"2024";"19:20";"3";100;100037";"2";"8";"1";"3";"TOUTES RUES";"42,06000000";"9,43000000"
"202400004040";"28";"11";"2024";"15:00";"1";"971";"97101";"2";"1";"1";"2";"GRAND CAMP(SECTION)";"16,25388000";" -61,53873000"
"202400004041";"16";"09";"2024";"15:45";"1";"69";"69092";"1";"2";"1";"3";"Route de Tarare";"45,98124000";"4,69373000"
"202400004042";"16";"09";"2024";"21:45";"3";"64";"64373";"1";"1";"1";"6";"D802";"43,27731000";" -0,36231000"
"202400004043";"27";"11";"2024";"15:53";"1";"971";"97113";"2";"2";"1";"3";"GRAND BAIE ( RN4)";"16,21659000";" -61,50919000"
"202400004044";"28";"11";"2024";"10:15";"1";"95";"95585";"2";"6";"1";"6";"D125";"48,97854000";"2,38757000"
"202400004045";"16";"09";"2024";"21:18";"5";"64";"64445";"2";"2";"1";"1";"JEAN MERMOZ";"43,31372653";" -0,37759898"
"202400004046";"28";"11";"2024";"10:30";"1";"95";"95277";"1";"1";"1";"2";"D170";"48,97799000";"2,45082000"
"202400004047";"16";"09";"2024";"13:24";"1";"63";"63075";"2";"1";"1";"2";"ROYAT (AVENUE DE)";"45,77561000";"3,06639000"
"202400004048";"28";"11";"2024";"13:30";"1";"95";"95598";"2";"1";"1";"7";"ANDILLY (RUE D')";"48,99150000";"2,29922000"
"202400004049";"11";"09";"2024";"13:10";"1";"62";"62065";"2";"1";"1";"2";"Rue Charles Helle";"50,40398456";"2,83560365"
"202400004050";"28";"11";"2024";"16:00";"1";"95";"95488";"2";"1";"7";"6";"D106";"49,00257000";"2,18599000"
"202400004051";"12";"09";"2024";"01:45";"5";"62";"62270";"2";"1";"2";"7";"Rue Maurice Thorez";"50,47218000";"2,51476000"
"202400004052";"28";"11";"2024";"13:15";"1";"91";"91589";"2";"3";"1";"3";"RUE DE L EGLISE";"48,67427000";"2,35283000"
"202400004053";"12";"09";"2024";"17:45";"1";"62";"62642";"2";"1";"1";"1";"D941";"50,45520000";"2,48054000"
"202400004054";"16";"09";"2024";"11:37";"1";"60";"60463";"2";"1";"1";"6";"Rue Ronsard";"49,27077000";"2,46547000"
"202400004055";"15";"09";"2024";"12:15";"1";"60";"60159";"2";"1";"1";"6";"Avenue Royale";"49,41635000";"2,83255000"
"202400004056";"27";"11";"2024";"17:57";"5";"91";"91286";"2";"2";"2";"3";"EMILE ALLIAUD (AVENUE)";"48,64910800";"2,37919700"
"202400004057";"28";"11";"2024";"19:00";"5";"91";"91174";"2";"1";"1";"6";"RUE LAMARTINE";"48,60297000";"2,47764000"
"202400004058";"13";"09";"2024";"09:14";"1";"59";"59585";"2";"8";"1";"3";"Rue Edouard Watrelot";"50,57531265";"3,04951854"
"202400004059";"28";"04";"2024";"17:45";"1";"974";"97416";"1";"1";"1";"2";"RN1 (ROUTE NATIONALE)";" -21,29944000";"55,42254000"
"202400004060";"27";"11";"2024";"17:20";"5";"91";"91228";"2";"1";"2";"6";"BD DES COQUIBUS";"48,62496000";"2,45139000"
"202400004061";"28";"04";"2024";"16:30";"1";"974";"97416";"1";"1";"1";"6";"CONCESSION CONDE(CHEMIN)";" -21,29832000";"55,49826000"
"202400004062";"16";"09";"2024";"12:50";"1";"56";"56260";"2";"9";"1";"3";"Boulevard du Colonel Rémy";"47,65343600";" -2,78363400"
"202400004063";"27";"11";"2024";"22:35";"3";"30";"30011";"1";"1";"1";"7";"ARAMON (ROUTE D')";"43,93316000";"4,74510000"
"202400004064";"28";"04";"2024";"06:05";"3";"974";"97411";"2";"1";"1";"6";"DIGUE (ROUTE)";" -20,88885000";"55,47220000"
"202400004065";"16";"09";"2024";"13:50";"1";"56";"56083";"2";"1";"1";"6";"Rue Gérard Philipe";"47,80687000";" -3,26912350"
"202400004066";"27";"11";"2024";"09:30";"1";"84";"84007";"2";"1";"1";"6";"PINEDE (AVENUE DE LA) MTF";"43,92475000";"4,87891000"
"202400004067";"27";"04";"2024";"18:20";"5";"974";"97411";"2";"1";"1";"3";"BRIDET";" -20,89267153";"55,48564535"
"202400004068";"14";"09";"2024";"17:11";"1";"56";"56121";"2";"6";"1";"2";"Place du Bourgneuf";"47,75834020";" -3,39010630"
"202400004069";"27";"11";"2024";"08:30";"1";"84";"84007";"2";"1";"1";"2";"EUROPE (PONT DE L')";"43,94483000";"4,79405000"
"202400004070";"15";"09";"2024";"16:20";"1";"51";"51454";"2";"1";"1";"7";"ARBALETE (RUE)";"49,25643000";"4,03247000"
"202400004071";"28";"04";"2024";"17:50";"1";"972";"97213";"2";"1";"1";"1";"LEOPOLD BISSOL (RUE)";"14,61785000";" -60,99913000"
"202400004072";"27";"11";"2024";"16:50";"2";"83";"83090";"2";"1";"1";"1";"Boulevard de Léry prolongé";"43,12266959";"5,84747433"
"202400004073";"15";"09";"2024";"12:15";"1";"51";"51172";"2";"1";"1";"7";"ROUSSILLON (AVENUE)";"49,22208000";"4,04057000"
"202400004074";"28";"04";"2024";"23:15";"5";"95";"95585";"2";"9";"1";"2";"D316";"48,98619759";"2,37748439"
"202400004075";"14";"09";"2024";"17:50";"1";"51";"51454";"2";"2";"1";"7";"MONT D'ARENE (RUE)";"49,26226000";"4,02117000"
"202400004076";"27";"11";"2024";"14:40";"1";"83";"83137";"2";"6";"1";"3";"MIRASOULEOU (AVE)";"43,13156000";"5,98181000"
"202400004077";"28";"04";"2024";"04:00";"5";"84";"84080";"2";"6";"1";"6";"VERDUN BOULEVARD DE";"44,03620000";"4,99878000"
"202400004078";"15";"09";"2024";"10:13";"1";"45";"45338";"2";"4";"1";"7";"D961 PR 6 + 120";"47,99057800";"2,70712600"
"202400004079";"28";"11";"2024";"19:10";"5";"83";"83126";"2";"3";"1";"6";"COLLINES DE TAMARIS (LES)";"43,09821897";"5,89790940"
"202400004080";"28";"04";"2024";"23:00";"5";"83";"83137";"2";"1";"1";"2";"BRIAND (AVE ARISTIDE PROLONGEE)";"43,12199282";"5,89453483"
"202400004081";"27";"11";"2024";"14:20";"1";"80";"80021";"2";"1";"1";"3";"Avenue de la Défense Passive";"49,90790000";"2,31901000"
"202400004082";"15";"09";"2024";"17:30";"1";"41";"41018";"2";"1";"1";"1";"WILSON (AVENUE DU PRESIDENT)";"47,58628000";"1,32977000"
"202400004083";"28";"04";"2024";"18:30";"1";"83";"83123";"1";"1";"1";"6";"BANDOL (ROUTE)N° IMPAIRS";"43,13861000";"5,77244000"
"202400004084";"27";"11";"2024";"10:15";"1";"80";"80021";"2";"1";"1";"7";"Avenue Jules Vallès";"49,91600000";"2,24933000"
"202400004085";"15";"09";"2024";"10:30";"1";"37";"37261";"2";"1";"1";"6";"PILAIN (ALLEE ROLAND)";"47,37535000";"0,66531000"
"202400004086";"28";"11";"2024";"17:30";"3";"78";"78297";"1";"1";"1";"2";"CD 91";"48,78120000";"2,09763000"
"202400004087";"27";"04";"2024";"18:30";"1";"81";"81060";"2";"2";"1";"3";"RODEZ  (AVENUE DE)";"44,05353000";"2,15964000"
"202400004088";"15";"09";"2024";"01:40";"5";"37";"37233";"1";"1";"1";"1";"DUCLOS (AVENUE JACQUES)";"47,38080000";"0,73226000"
"202400004089";"28";"11";"2024";"19:55";"5";"77";"77083";"2";"1";"1";"6";"AMPERE (AVENUE)";"48,84345000";"2,58339000"
"202400004090";"27";"11";"2024";"18:10";"5";"77";"77374";"2";"1";"2";"6";"RUE DE LA GARE";"48,79429228";"2,70133657"
"202400004091";"16";"09";"2024";"07:55";"1";"35";"35238";"2";"1";"1";"3";"QUINELEU (DE)";"48,10212000";" -1,66825000"
"202400004092";"16";"09";"2024";"08:30";"1";"34";"34172";"2";"1";"1";"6";"EUROPE (AVENUE DE L')";"43,63587000";"3,82248000"
"202400004093";"27";"11";"2024";"08:00";"2";"77";"77330";"2";"1";"2";"6";"Chemin de Crecy";"48,92589142";"2,88431857"
"202400004094";"28";"04";"2024";"17:30";"1";"77";"77199";"2";"1";"1";"6";"CABON (RUE)";"48,93819000";"2,93835000"
"202400004095";"27";"11";"2024";"13:55";"1";"77";"77276";"2";"6";"2";"1";"TESSAN (RUE FRANCOIS DE)";"48,94260000";"2,87934000"
"202400004096";"16";"09";"2024";"18:20";"1";"33";"33318";"2";"3";"1";"6";"N/A";"44,81785100";" -0,60427700"
"202400004097";"28";"04";"2024";"09:55";"1";"77";"77085";"2";"3";"8";"3";"AV DE LA FERME BRIARDE";"48,85507000";"2,75239000"
"202400004098";"28";"11";"2024";"18:00";"5";"77";"77132";"2";"1";"1";"3";"AV ROBERT SCHUMAN";"48,87046200";"2,79575100"
"202400004099";"16";"09";"2024";"17:45";"1";"33";"33318";"2";"9";"1";"1";"N/A";"44,80283000";" -0,64519000"
"202400004100";"27";"04";"2024";"17:00";"1";"74";"74012";"2";"2";"1";"3";"ANNEXION (RUE DE L')";"46,18623000";"6,23765000"
"202400004101";"28";"11";"2024";"20:10";"3";"76";"76157";"1";"1";"1";"2";"A150";"49,46104000";"1,04182000"
"202400004102";"8";"09";"2024";"20:40";"2";"31";"31555";"2";"1";"1";"7";"MARNE (BD DE LA) DU 1AU 28";"43,58699100";"1,46033400"
"202400004103";"28";"04";"2024";"13:15";"1";"67";"67482";"2";"3";"1";"7";"JACQUES KABLE (RUE)";"48,59230000";"7,74405000"
"202400004104";"27";"11";"2024";"18:10";"5";"76";"76351";"2";"2";"1";"3";"LENINGRAD (BD DE)";"49,49861000";"0,15933000"
"202400004105";"15";"09";"2024";"03:55";"5";"31";"31555";"2";"3";"1";"1";"BD DE SUISSE";"43,62170000";"1,42500000"
"202400004106";"26";"11";"2024";"18:25";"4";"76";"76351";"2";"1";"1";"6";"FOURRIER";"49,51378900";"0,17504000"
"202400004107";"14";"09";"2024";"22:24";"5";"31";"31555";"2";"1";"1";"3";"ETATS UNIS (AV DES) DU 1AU 281";"43,64282568";"1,42820254"
"202400004108";"25";"04";"2024";"14:10";"1";"67";"67180";"2";"1";"1";"3";"EXUPERY (RUE SAINT)";"48,79357000";"7,80761000"
"202400004109";"28";"11";"2024";"16:00";"1";"76";"76217";"2";"1";"1";"6";"BASTILLE (DE LA)";"49,93052000";"1,09137000"
"202400004110";"28";"04";"2024";"04:55";"5";"64";"64122";"2";"6";"1";"7";"MILADY (AVENUE DE LA)";"43,46224000";" -1,57060000"
"202400004111";"16";"09";"2024";"18:50";"1";"29";"29232";"2";"1";"1";"3";"Route de Pont l'Abbe";"47,98795500";" -4,11977800"
"202400004112";"23";"11";"2024";"16:00";"1";"76";"76217";"2";"1";"1";"6";"NATIONALE (PLACE)";"49,92629801";"1,07870277"
"202400004113";"16";"09";"2024";"11:45";"1";"29";"29039";"2";"2";"1";"6";"Rue Courcy";"47,87323800";" -3,92171400"
"202400004114";"28";"04";"2024";"10:40";"1";"64";"64125";"2";"9";"1";"6";"GRANDE PLAGE (AVENUE DE LA)";"43,43931607";" -1,59023345"
"202400004115";"16";"09";"2024";"09:30";"1";"26";"26362";"2";"1";"7";"6";"GAULLE BOULEVARD DU GENERAL DE";"44,93034427";"4,89344358"
"202400004116";"27";"11";"2024";"16:00";"1";"72";"72181";"2";"2";"1";"3";"GENESLAY FELIX (AV) N° IMP 1 A 151";"47,97777000";"0,20813000"
"202400004117";"28";"04";"2024";"01:45";"5";"63";"63164";"2";"1";"1";"6";"SUND DU PUY (RUE DU)";"45,83725000";"3,14484000"
"202400004118";"27";"11";"2024";"08:20";"2";"72";"72181";"2";"1";"1";"7";"CHAMPION HENRI (RUE) N° PAIRS";"47,98246000";"0,22885000"
"202400004119";"15";"09";"2024";"20:57";"5";"18";"18033";"2";"2";"1";"3";"199 Avenue du Général Charles de Gaulle";"47,10633300";"2,41133700"
"202400004120";"25";"11";"2024";"08:20";"3";"72";"72181";"2";"9";"3";"6";"NEGRIER GENERAL (BD) N° IMP";"48,01010000";"0,20690000"
"202400004121";"14";"04";"2024";"11:15";"1";"62";"62041";"2";"5";"1";"3";"Rue Baudimont";"50,29648419";"2,76294708"
"202400004122";"28";"11";"2024";"14:15";"1";"69";"69256";"2";"3";"2";"1";"Rue du 19 Mars 1962";"45,78159000";"4,93167000"
"202400004123";"26";"11";"2024";"14:22";"1";"68";"68066";"2";"2";"1";"5";"Rue du Ladhof";"48,09077000";"7,37063000"
"202400004124";"28";"11";"2024";"16:40";"5";"67";"67447";"2";"1";"1";"6";"SELESTAT (RUE DE)";"48,60931000";"7,73866000"
"202400004125";"28";"04";"2024";"22:45";"5";"60";"60057";"2";"1";"1";"2";"Avenue Salvador Allendé";"49,44196000";"2,10319000"
"202400004126";"14";"09";"2024";"02:00";"3";"30";"30032";"1";"1";"1";"1";"FOURQUES ROUTE DE";"43,75666000";"4,61437000"
"202400004127";"28";"11";"2024";"07:15";"2";"67";"67482";"2";"1";"1";"6";"BISCHWILLER (ROUTE DE)";"48,59714000";"7,74169000"
"202400004128";"27";"11";"2024";"11:05";"1";"67";"67482";"2";"1";"1";"6";"HAUTE MONTEE (RUE DE LA)";"48,58430830";"7,74596505"
"202400004129";"16";"09";"2024";"16:50";"1";"11";"11262";"2";"1";"1";"2";"63 Avenue de Bordeaux";"43,18178000";"2,98475000"
"202400004130";"28";"04";"2024";"19:35";"1";"59";"59650";"2";"2";"1";"3";"PHILIPPOT (RUE GEORGES)";"50,71104000";"3,20706000"
"202400004131";"28";"11";"2024";"12:30";"1";"66";"66136";"2";"1";"1";"6";"SAINT-ASSISCLE (BOULEVARD DE)";"42,69725000";"2,87811000"
"202400004132";"16";"09";"2024";"19:50";"1";"06";"06069";"2";"1";"1";"2";"2 Boulevard Marechal Leclerc";"43,65017000";"6,92030000"
"202400004133";"26";"11";"2024";"14:10";"1";"66";"66136";"2";"1";"1";"6";"Avenue Fernand de Chefdebien";"42,68765375";"2,88562238"
"202400004134";"28";"04";"2024";"19:00";"1";"59";"59068";"2";"1";"1";"3";"AULNOYE (RUE D')";"50,20413700";"3,81866500"
"202400004135";"16";"09";"2024";"16:45";"1";"06";"06155";"2";"9";"7";"2";"Avenue Clement Massier";"43,56906000";"7,07035000"
"202400004136";"29";"11";"2024";"00:30";"3";"62";"62628";"2";"2";"1";"6";"Rue de Lorraine";"50,42354000";"2,88446000"
"202400004137";"16";"09";"2024";"10:45";"1";"75";"75114";"2";"4";"1";"3";"BD PERIPHERIQUE EXTERIEUR";"48,82469724";"2,30442792"
"202400004138";"27";"11";"2024";"17:40";"5";"62";"62065";"2";"1";"1";"6";"Rue Paul Daumont";"50,40684000";"2,82422000"
"202400004139";"28";"04";"2024";"02:00";"5";"59";"59350";"2";"1";"2";"1";"Rue de Cambrai";"50,61553393";"3,04829836"
"202400004140";"16";"09";"2024";"09:45";"1";"75";"75116";"2";"1";"1";"7";"ECHANGEUR MAILLOT";"48,87692600";"2,27646100"
"202400004141";"28";"11";"2024";"07:50";"1";"62";"62563";"2";"1";"1";"6";"D75";"50,47690369";"2,73149152"
"202400004142";"26";"04";"2024";"14:00";"1";"59";"59273";"2";"9";"1";"3";"ENROCHEMENTS (ROUTE DES)";"51,00706000";"2,13343000"
"202400004143";"16";"09";"2024";"08:55";"1";"75";"75117";"2";"3";"1";"7";"RUE CARDINET";"48,89109200";"2,31801600"
"202400004144";"28";"11";"2024";"19:25";"5";"62";"62178";"2";"1";"1";"3";"D841";"50,49212161";"2,56780243"
"202400004145";"28";"04";"2024";"08:50";"1";"54";"54367";"1";"1";"1";"7";"RN52";"49,50251000";"5,79246000"
"202400004146";"14";"09";"2024";"08:15";"1";"75";"75115";"2";"2";"1";"3";"Boulevard Garibaldi";"48,84501500";"2,31069200"
"202400004147";"28";"11";"2024";"19:20";"3";"56";"56098";"1";"1";"8";"2";"Haut Locoyarne";"47,78972000";" -3,29342000"
"202400004148";"28";"04";"2024";"19:00";"1";"38";"38185";"2";"1";"2";"2";"Cours de la Libération et du Général de Gaulle";"45,17972903";"5,71612269"
"202400004149";"16";"09";"2024";"12:23";"1";"75";"75114";"2";"3";"1";"6";"AVENUE PAUL VAILLANT COUTURIER";"48,81698000";"2,33215400"
"202400004150";"27";"11";"2024";"15:40";"1";"54";"54431";"2";"2";"1";"3";"Rue Gambetta";"48,90572000";"6,05992000"
"202400004151";"26";"04";"2024";"17:49";"1";"34";"34172";"2";"1";"1";"2";"RECAMBALE (AVENUE DE LA)";"43,60083000";"3,84001000"
"202400004152";"16";"09";"2024";"14:15";"1";"75";"75109";"2";"5";"1";"6";"RUE DE SEZE";"48,86992000";"2,32800300"
"202400004153";"28";"11";"2024";"14:35";"1";"54";"54382";"2";"4";"7";"3";"Route de Longwy";"49,53513000";"5,76597000"
"202400004154";"27";"04";"2024";"00:25";"5";"34";"34172";"2";"3";"2";"3";"FLAHAULT (AVENUE CHARLES";"43,61993000";"3,86532000"
"202400004155";"16";"09";"2024";"13:15";"1";"75";"75108";"2";"5";"1";"7";"AVENUE FRANKLIN D ROOSEVELT";"48,86491700";"2,31027900"
"202400004156";"28";"11";"2024";"13:35";"1";"51";"51454";"1";"1";"1";"2";"RN 44 (de Cambrai à Chalons)";"49,22472000";"4,10859000"
"202400004157";"16";"09";"2024";"09:40";"1";"75";"75107";"2";"3";"1";"2";"RUE DES SAINTS PERES";"48,85761300";"2,33271200"
"202400004158";"28";"04";"2024";"15:00";"1";"33";"33318";"2";"1";"1";"7";"N/A";"44,77157700";" -0,72631000"
"202400004159";"27";"11";"2024";"16:50";"5";"51";"51454";"2";"1";"2";"1";"GOULET (RUE MODESTE)";"49,27339000";"4,05753000"
"202400004160";"16";"09";"2024";"10:00";"1";"75";"75107";"2";"2";"1";"2";"Quai d'Orsay";"48,86267700";"2,31040400"
"202400004161";"28";"04";"2024";"03:15";"3";"31";"31555";"2";"1";"1";"6";"AV DE CASSELARDIT";"43,61293000";"1,40218000"
"202400004162";"27";"11";"2024";"14:53";"1";"51";"51454";"2";"1";"2";"6";"LUNDY (BOULEVARD)";"49,25814000";"4,03832000"
"202400004163";"13";"09";"2024";"10:00";"1";"94";"94068";"2";"3";"9";"2";"Quai du Port au Fouarre";"48,79915000";"2,47122000"
"202400004164";"27";"11";"2024";"14:10";"1";"51";"51172";"2";"1";"2";"6";"ALSACE LORRAINE (BOULEVARD)";"49,21699000";"4,04683000"
"202400004165";"26";"04";"2024";"13:00";"1";"22";"22113";"1";"1";"1";"6";"QUATRE VENTS (LIEU-DIT LES)";"48,71478000";" -3,39709000"
"202400004166";"27";"11";"2024";"08:53";"2";"49";"49328";"2";"3";"8";"3";"GAMBETTA (RUE)";"47,25912000";" -0,08265000"
"202400004167";"28";"11";"2024";"16:41";"1";"47";"47201";"1";"1";"1";"3";"PYRENEES (AVENUE DES)";"44,17073000";"0,60848000"
"202400004168";"16";"09";"2024";"10:46";"1";"94";"94041";"2";"2";"1";"3";"Rue Jean-Jacques Rousseau";"48,82145000";"2,39032000"
"202400004169";"28";"04";"2024";"11:20";"1";"13";"13054";"1";"6";"8";"3";"BRICARD (QRT )";"43,39370000";"5,19342000"
"202400004170";"28";"11";"2024";"13:30";"1";"44";"44162";"2";"1";"8";"6";"4 Rue de la Gironde";"47,21039540";" -1,61390400"
"202400004171";"16";"09";"2024";"18:30";"1";"94";"94021";"2";"1";"1";"2";"Avenue du Général de Gaulle";"48,77257300";"2,34073900"
"202400004172";"28";"04";"2024";"06:00";"5";"13";"13208";"2";"1";"2";"6";"RABATAU (BOULEVARD)";"43,27637200";"5,39760600"
"202400004173";"16";"09";"2024";"11:20";"1";"94";"94038";"2";"1";"1";"1";"Avenue du Général Leclerc";"48,77456000";"2,33014000"
"202400004174";"27";"11";"2024";"19:57";"3";"39";"39150";"1";"1";"8";"6";"N/A";"47,06210800";"5,44392000"
"202400004175";"22";"04";"2024";"12:05";"1";"11";"11262";"2";"6";"1";"3";"N/A";"43,15788000";"2,98563900"
"202400004176";"15";"09";"2024";"22:15";"5";"94";"94054";"2";"1";"1";"3";"Voie des Saules";"48,74636280";"2,41376683"
"202400004177";"28";"11";"2024";"16:15";"1";"34";"34172";"2";"1";"7";"6";"RECH (RUE HIPPOLYTE)";"43,61895000";"3,86381000"
"202400004178";"28";"04";"2024";"10:48";"1";"06";"06088";"2";"1";"8";"6";"Avenue Alfred Borriglione";"43,71971400";"7,26235700"
"202400004179";"16";"09";"2024";"17:45";"1";"94";"94017";"2";"1";"1";"3";"Avenue Roger Salengro";"48,81990352";"2,48386838"
"202400004180";"28";"11";"2024";"11:50";"1";"34";"34172";"2";"1";"1";"3";"TOULOUSE (AVENUE DE";"43,59534000";"3,86172000"
"202400004181";"27";"04";"2024";"22:05";"3";"04";"04070";"1";"1";"1";"1";"RN 85 ( route )";"44,07591000";"6,19012000"
"202400004182";"28";"11";"2024";"10:50";"1";"34";"34172";"2";"1";"1";"6";"MAURIN (AVENUE DE";"43,59554000";"3,87489000"
"202400004183";"16";"09";"2024";"07:30";"1";"93";"93071";"2";"3";"1";"3";"BRETAGNE (RUE DE)";"48,92817000";"2,53811000"
"202400004184";"15";"09";"2024";"14:00";"1";"93";"93070";"2";"9";"1";"6";"GODILLOT(RUE)";"48,90982067";"2,34179417"
"202400004185";"28";"11";"2024";"08:40";"1";"34";"34172";"2";"3";"1";"3";"MAURIN (AVENUE DE";"43,59166000";"3,87311000"
"202400004186";"28";"04";"2024";"16:48";"1";"03";"03321";"1";"4";"1";"3";"RD 779";"46,57769000";"3,37629000"
"202400004187";"16";"09";"2024";"16:30";"1";"93";"93039";"2";"3";"1";"3";"GERAUX ARNOLD";"48,93838500";"2,33838719"
"202400004188";"28";"11";"2024";"20:00";"5";"33";"33039";"2";"9";"1";"3";"N/A";"44,81623000";" -0,55001000"
"202400004189";"27";"04";"2024";"11:52";"1";"03";"03190";"2";"9";"1";"6";"Rue Henri Barbusse";"46,55217000";"3,33528000"
"202400004190";"16";"09";"2024";"14:40";"1";"93";"93048";"2";"3";"1";"1";"COLBERT (RUE)";"48,86331389";"2,43648211"
"202400004191";"28";"11";"2024";"07:30";"2";"32";"32013";"2";"3";"1";"3";"PREMIERE ARMEE FRANCAISE (AVENUE DE LA)";"43,64976000";"0,59812000"
"202400004192";"26";"04";"2024";"19:51";"1";"01";"01283";"2";"1";"1";"3";"FRANCE (RUE A. DU 1-5 ET 143 AU158)";"46,26079000";"5,65868000"
"202400004193";"15";"09";"2024";"18:50";"1";"93";"93032";"2";"1";"1";"6";"PEUPLIERS  (RUE DES)";"48,87139575";"2,56890714"
"202400004194";"28";"11";"2024";"16:40";"1";"31";"31483";"2";"1";"1";"6";"LAVOISIER (RUE)";"43,10836000";"0,71632000"
"202400004195";"27";"04";"2024";"16:15";"1";"75";"75115";"2";"1";"2";"3";"BD PERIPHERIQUE EXTERIEUR";"48,82579300";"2,29959300"
"202400004196";"28";"11";"2024";"12:15";"1";"30";"30007";"2";"1";"1";"2";"GIBERTINE (AVE DE LA)";"44,12364000";"4,09159000"
"202400004197";"16";"09";"2024";"08:10";"1";"93";"93079";"2";"3";"1";"5";"JEAN ALLEMANE";"48,96002788";"2,35060073"
"202400004198";"28";"11";"2024";"15:30";"1";"29";"29232";"1";"9";"5";"6";"Rond-Point de Kernevez";"48,00186361";" -4,14317768"
"202400004199";"27";"04";"2024";"13:15";"1";"75";"75115";"2";"1";"1";"4";"BD PERIPHERIQUE INTERIEUR";"48,82647400";"2,29707600"
"202400004200";"15";"09";"2024";"21:10";"5";"93";"93010";"2";"1";"1";"6";"CARNOT (AV.) DE 56 A 129";"48,89744967";"2,48038790"
"202400004201";"28";"04";"2024";"07:50";"1";"75";"75117";"2";"1";"1";"2";"BOULEVARD DU FORT DE VAUX";"48,89340600";"2,30312300"
"202400004202";"28";"04";"2024";"21:00";"4";"75";"75110";"2";"3";"1";"6";"AVENUE PARMENTIER";"48,87130600";"2,37031500"
"202400004203";"16";"09";"2024";"20:15";"5";"93";"93005";"2";"2";"1";"3";"CLERMONT TONNERRE (AVENUE DE)";"48,92268000";"2,49564000"
"202400004204";"28";"11";"2024";"11:30";"1";"13";"13204";"2";"1";"1";"1";"ALEX. FLEMING (BOULEVARD)";"43,31499000";"5,40294000"
"202400004205";"27";"11";"2024";"14:45";"1";"13";"13028";"2";"1";"1";"3";"REPUBLIQUE (BOULEVARD DE LA)";"43,17647879";"5,60627592"
"202400004206";"16";"09";"2024";"12:50";"1";"93";"93007";"2";"1";"1";"1";"ALBERT EINSTEIN (AVENUE)";"48,94793000";"2,46710000"
"202400004207";"28";"04";"2024";"15:00";"1";"75";"75108";"2";"7";"8";"2";"PLACE CHARLES DE GAULLE";"48,87382326";"2,29587972"
"202400004208";"15";"09";"2024";"22:25";"3";"93";"93007";"2";"1";"1";"6";"""PAUL VAILLANT COUTURIER (AVENUE """"DU 13";"48,92615000";"2,46747000"
"202400004209";"28";"11";"2024";"20:00";"5";"11";"11262";"2";"1";"1";"6";"Boulevard Marechal Joffre";"43,18359000";"2,99880000"
"202400004210";"28";"04";"2024";"18:00";"1";"75";"75101";"2";"3";"1";"7";"QUAI DE LA MEGISSERIE";"48,85721700";"2,34746100"
"202400004211";"28";"11";"2024";"16:20";"1";"11";"11069";"2";"1";"1";"7";"N/A";"43,21229000";"2,35707000"
"202400004212";"15";"09";"2024";"23:40";"5";"92";"92033";"2";"2";"1";"3";"BUZENVAL";"48,85182547";"2,20544782"
"202400004213";"28";"04";"2024";"21:30";"5";"94";"94043";"2";"6";"1";"2";"Avenue de Fontainebleau / Rue Edmond Michelet";"48,80950000";"2,36245000"
"202400004214";"28";"11";"2024";"19:40";"5";"06";"06069";"2";"1";"1";"3";"229 Route de Cannes";"43,63032000";"6,95892000"
"202400004215";"16";"09";"2024";"08:30";"1";"92";"92049";"2";"3";"1";"3";"BARBES RUE";"48,81706824";"2,33142301"
"202400004216";"28";"11";"2024";"06:50";"5";"06";"06069";"2";"1";"1";"3";"57 Route de Cannes";"43,64353000";"6,94615000"
"202400004217";"16";"09";"2024";"09:00";"1";"92";"92049";"2";"1";"8";"3";"BARBES RUE";"48,81735715";"2,32723027"
"202400004218";"28";"04";"2024";"01:00";"5";"94";"94073";"2";"2";"2";"2";"Avenue de Versailles / Rue Gabriel Péri";"48,75956000";"2,39677000"
"202400004219";"28";"04";"2024";"14:00";"1";"94";"94028";"2";"1";"1";"6";"D1";"48,78510000";"2,45794000"
"202400004220";"28";"11";"2024";"08:50";"1";"03";"03321";"2";"1";"1";"3";"route de Lyon";"46,54294000";"3,34320000"
"202400004221";"16";"09";"2024";"08:30";"1";"92";"92048";"2";"6";"1";"3";"MORANE SAULNIER (AVENUE)";"48,78653000";"2,22355000"
"202400004222";"16";"09";"2024";"06:25";"2";"92";"92036";"2";"1";"1";"6";"LOUIS CALMEL (RUE) (2/16)";"48,92640000";"2,29243000"
"202400004223";"28";"11";"2024";"14:21";"1";"03";"03185";"2";"6";"2";"3";"PRESIDENT AURIOL (AVENUE)";"46,33694000";"2,58728000"
"202400004224";"28";"04";"2024";"12:30";"1";"94";"94017";"2";"1";"1";"4";"Rue Charles Floquet";"48,81455000";"2,48095000"
"202400004225";"14";"09";"2024";"18:50";"1";"92";"92036";"2";"3";"1";"6";"GENERAL DE GAULLE (AVENUE) (43/129)";"48,93375871";"2,31337823"
"202400004226";"27";"11";"2024";"20:30";"5";"75";"75112";"2";"1";"1";"5";"BD PERIPHERIQUE EXTERIEUR";"48,83679600";"2,41261100"
"202400004227";"16";"09";"2024";"16:47";"1";"92";"92023";"2";"1";"1";"3";"GENERAL DE GAULLE (AVENUE DU) N°2 A 132";"48,79191325";"2,26754934"
"202400004228";"16";"09";"2024";"10:00";"1";"92";"92012";"2";"9";"1";"7";"JEAN BAPTISTE CLEMENT (AVENUE) 49/FIN -";"48,84227460";"2,23047763"
"202400004229";"27";"11";"2024";"14:15";"1";"75";"75116";"2";"1";"2";"4";"BD PERIPHERIQUE EXTERIEUR";"48,84408500";"2,25468100"
"202400004230";"15";"09";"2024";"23:40";"5";"92";"92007";"2";"3";"1";"6";"PARTICIPATION (RUE DE LA)";"48,79600331";"2,31853209"
"202400004231";"28";"04";"2024";"17:30";"1";"93";"93078";"2";"6";"1";"4";"CLEMENCEAU (AVENUE GEORGES)";"48,96157000";"2,55496000"
"202400004232";"15";"09";"2024";"11:20";"1";"65";"65175";"1";"1";"1";"7";"D925";"42,91824900";"0,51313900"
"202400004233";"27";"11";"2024";"16:15";"1";"75";"75118";"2";"2";"2";"3";"BOULEVARD BARBES";"48,88556000";"2,34953100"
"202400004234";"28";"04";"2024";"17:56";"1";"93";"93072";"2";"3";"1";"3";"Boulevard Maxime Gorki / Rue Salvador Allende";"48,94670000";"2,38647000"
"202400004235";"16";"09";"2024";"08:05";"2";"33";"33352";"2";"5";"7";"6";"N/A";"44,58022000";" -0,03427300"
"202400004236";"27";"11";"2024";"16:30";"2";"75";"75117";"2";"7";"1";"3";"AVENUE DE LA PORTE DES TERNES";"48,88092800";"2,28395500"
"202400004237";"27";"04";"2024";"23:39";"5";"92";"92012";"2";"1";"2";"6";"QUATRE SEPTEMBRE (QUAI DU)";"48,84133000";"2,22543000"
"202400004238";"17";"09";"2024";"10:45";"1";"77";"77478";"1";"1";"1";"6";"A4 PK 54+0800";"48,97431600";"3,06846900"
"202400004239";"16";"09";"2024";"10:30";"1";"972";"97227";"2";"1";"1";"1";"N5";"14,46981700";" -60,92234900"
"202400004240";"28";"11";"2024";"08:20";"1";"75";"75116";"2";"7";"1";"3";"PLACE DU TROCADERO ET DU 11 NOVEMBRE";"48,86274700";"2,28746700"
"202400004241";"28";"04";"2024";"12:45";"1";101;101249";"2";"6";"1";"3";"D319a";"41,67389400";"8,90170700"
"202400004242";"17";"09";"2024";"08:48";"1";"29";"29181";"1";"1";"1";"4";"N12";"48,48627491";" -4,27639992"
"202400004243";"28";"11";"2024";"20:00";"5";"75";"75115";"2";"2";"1";"3";"QUAI DE GRENELLE";"48,84944600";"2,28163400"
"202400004244";"27";"04";"2024";"12:35";"1";"22";"22182";"1";"2";"1";"3";"la Ville Richard";"48,54336300";" -2,96127700"
"202400004245";"28";"11";"2024";"17:05";"2";"75";"75115";"2";"1";"1";"1";"RUE DE LA CONVENTION";"48,84234900";"2,28515300"
"202400004246";"17";"09";"2024";"07:32";"1";"29";"29095";"1";"1";"1";"2";"PK 63+200";"48,45800984";" -4,36340456"
"202400004247";"17";"09";"2024";"17:05";"1";"974";"97410";"1";"1";"1";"2";"150 Chemin de Ceinture";" -21,10242700";"55,71609200"
"202400004248";"28";"11";"2024";"09:26";"1";"75";"75113";"2";"2";"1";"3";"BOULEVARD KELLERMANN";"48,82099100";"2,35079300"
"202400004249";"28";"04";"2024";"04:00";"3";"67";"67430";"1";"1";"1";"7";"Saint-Pierre-Bois";"48,34197079";"7,36778710"
"202400004250";"17";"09";"2024";"14:50";"1";"84";"84039";"1";"1";"1";"1";"D907";"44,10546100";"4,85715900"
"202400004251";"27";"11";"2024";"18:00";"5";"75";"75113";"2";"1";"2";"6";"BOULEVARD MASSENA";"48,82323200";"2,37404500"
"202400004252";"29";"04";"2024";"17:00";"1";"76";"76534";"1";"1";"1";"1";"Rue des Six Chemins";"49,58950912";"0,22966482"
"202400004253";"17";"09";"2024";"15:00";"1";"34";"34270";"2";"1";"1";"6";"35 Avenue Georges Clemenceau";"43,57970300";"3,82289400"
"202400004254";"28";"04";"2024";"19:25";"2";"41";"41223";"1";"1";"1";"7";"A10";"47,61944200";"1,23574700"
"202400004255";"28";"11";"2024";"11:37";"1";"75";"75109";"2";"2";"1";"6";"RUE SAINT LAZARE";"48,87625700";"2,33189600"
"202400004256";"16";"09";"2024";"11:40";"1";"51";"51227";"1";"1";"1";"1";"RD977";"48,89220273";"4,29690427"
"202400004257";"28";"04";"2024";"17:34";"1";"974";"97413";"1";"1";"1";"6";"Chemin la Surprise";" -21,15626800";"55,29718800"
"202400004258";"16";"09";"2024";"15:00";"1";"80";"80710";"1";"2";"1";"3";"D928";"50,00520100";"1,72509000"
"202400004259";"26";"04";"2024";"09:15";"1";"974";"97413";"2";"1";"1";"6";"Chemin Dubuisson";" -21,17358700";"55,29518200"
"202400004260";"27";"11";"2024";"17:15";"5";"75";"75108";"2";"3";"1";"6";"AVENUE DE FRIEDLAND";"48,87407700";"2,29820800"
"202400004261";"14";"09";"2024";"09:40";"1";"34";"34107";"1";"1";"1";"7";"D14";"43,59854400";"2,84615600"
"202400004262";"29";"04";"2024";"05:50";"3";"34";"34199";"1";"1";"3";"6";"A75";"43,44467800";"3,42106100"
"202400004263";"17";"09";"2024";"08:33";"1";"25";"25212";"2";"3";"1";"2";"3 Rue de Châtillon";"47,27871200";"5,99347100"
"202400004264";"28";"11";"2024";"13:56";"1";"75";"75107";"2";"3";"1";"7";"RUE DE BEAUNE";"48,85925200";"2,33023400"
"202400004265";"28";"04";"2024";"17:40";"1";"58";"58086";"1";"1";"1";"2";"A77 au PK 105+800";"47,37347700";"2,92330700"
"202400004266";"16";"09";"2024";"20:00";"2";"29";"29241";"1";"1";"1";"1";"Lieu Dit Kervatal";"47,98397600";" -3,80205800"
"202400004267";"27";"04";"2024";"11:33";"1";"57";"57345";"2";"1";"1";"6";"16a Route d'Elzange";"49,35009400";"6,29902800"
"202400004268";"26";"11";"2024";"19:45";"5";"75";"75104";"2";"3";"8";"6";"RUE SAINT ANTOINE";"48,85509700";"2,36167900"
"202400004269";"15";"09";"2024";"11:50";"1";"15";"15154";"1";"4";"1";"3";"RD 157";"44,94242300";"2,61164500"
"202400004270";"28";"04";"2024";"15:35";"1";"51";"51212";"1";"1";"1";"2";"D12";"48,77413574";"4,29193284"
"202400004271";"28";"11";"2024";"10:35";"1";"94";"94068";"2";"2";"1";"1";"Rue Jules Ferry";"48,79802670";"2,48986486"
"202400004272";"15";"09";"2024";"16:30";"1";"01";"01141";"2";"3";"1";"7";"Route de l’Eglise";"45,81676200";"5,67793600"
"202400004273";"27";"04";"2024";"20:30";"3";101;101017";"1";"1";"1";"6";"D381";"42,00376225";"8,71040494"
"202400004274";"28";"11";"2024";"12:30";"1";"94";"94076";"2";"3";"1";"6";"Rue Jean Jaurès";"48,79258142";"2,36652911"
"202400004275";"17";"09";"2024";"18:35";"1";"72";"72115";"1";"1";"1";"7";"Route de Marthe";"47,66037300";"0,44727400"
"202400004276";"28";"11";"2024";"13:00";"1";"94";"94022";"2";"1";"1";"6";"Avenue Jean Jaurès";"48,76550000";"2,40901000"
"202400004277";"17";"09";"2024";"15:30";"1";"06";"06059";"1";"3";"8";"3";"Chemin du Ret Supérieur";"43,72875100";"7,37148300"
"202400004278";"28";"11";"2024";"17:10";"5";"94";"94071";"2";"1";"8";"6";"Avenue Winston Churchill";"48,76989400";"2,52283500"
"202400004279";"28";"04";"2024";"20:45";"2";"80";"80354";"2";"1";"1";"6";"11 Rue Principale";"49,98469600";"1,76816600"
"202400004280";"17";"09";"2024";"10:30";"1";"50";"50130";"1";"1";"1";"1";"Route du Bourg Neuf";"48,80648200";" -1,19226300"
"202400004281";"29";"04";"2024";"10:40";"1";"33";"33226";"1";"1";"1";"7";"N/A";"44,70029800";" -0,35453400"
"202400004282";"28";"11";"2024";"01:50";"5";"93";"93073";"2";"4";"8";"2";"CHAPIT RE ( RUE DU)";"49,00718411";"2,55828927"
"202400004283";"29";"04";"2024";"08:20";"1";"89";"89088";"1";"1";"1";"6";"Route départementale D 955";"47,84740300";"3,32377200"
"202400004284";"17";"09";"2024";"18:34";"1";"60";"60277";"2";"1";"1";"1";"Rue Jean Jaurès";"49,42300300";"2,04249400"
"202400004285";"28";"11";"2024";"17:15";"5";"93";"93072";"2";"1";"1";"6";"JEAN DURAND (RUE) COTE N°1 AU 45";"48,95578383";"2,37808743"
"202400004286";"28";"04";"2024";"18:15";"1";"86";"86086";"1";"3";"1";"3";"Lieu Dit la Belle Indienne";"46,82332700";"0,69183500"
"202400004287";"24";"11";"2024";"00:10";"5";"93";"93050";"2";"1";"1";"6";"VILLE BOIS MAREUIL (RUE)";"48,85656923";"2,52418363"
"202400004288";"16";"09";"2024";"17:50";"1";"64";"64368";"1";"2";"1";"3";"70 Route de Saint-Palais";"43,39013600";" -1,09731600"
"202400004289";"28";"04";"2024";"21:45";"3";"39";"39223";"1";"1";"2";"1";"N/A";"46,92814300";"5,65002000"
"202400004290";"17";"09";"2024";"13:00";"1";"16";"16009";"2";"3";"1";"6";"N/A";"45,97905200";"0,56861000"
"202400004291";"16";"09";"2024";"21:10";"3";"04";"04088";"1";"1";"1";"6";"Ancienne Route de Dauphin";"43,92675300";"5,79110900"
"202400004292";"27";"11";"2024";"20:20";"5";"93";"93032";"2";"2";"2";"4";"GEORGES POMPIDOU (AV DU)";"48,88272315";"2,53509521"
"202400004293";"29";"04";"2024";"08:30";"1";"38";"38130";"2";"3";"8";"6";"Avenue du Marechal Joffre";"45,39318800";"5,26663000"
"202400004294";"13";"09";"2024";"08:00";"2";"30";"30062";"1";"3";"7";"6";"D40";"43,79219400";"4,20544600"
"202400004295";"15";"09";"2024";"00:05";"5";"38";"38030";"2";"1";"1";"6";"rue Louis Durand";"45,34114400";"5,47202800"
"202400004296";"27";"11";"2024";"19:10";"5";"93";"93029";"2";"3";"1";"3";"BOIS DE GROSLAY (DES)";"48,91786000";"2,46664000"
"202400004297";"29";"04";"2024";"15:50";"1";"02";"02643";"1";"1";"1";"5";"N/A";"49,39776400";"3,15320500"
"202400004298";"28";"11";"2024";"12:40";"1";"93";"93008";"2";"1";"1";"6";"SEMARD (AVENUE PIERRE)";"48,90890000";"2,44578000"
"202400004299";"15";"09";"2024";"08:10";"2";"35";"35353";"1";"1";"1";"6";"RN12";"48,12564489";" -1,73514515"
"202400004300";"28";"11";"2024";"07:50";"2";"93";"93053";"2";"1";"1";"7";"PARIS (RUE DE)";"48,90386000";"2,46910000"
"202400004301";"17";"09";"2024";"16:00";"1";"42";"42279";"1";"1";"1";"6";"Les bruyas";"45,48031400";"4,24064200"
"202400004302";"29";"04";"2024";"11:15";"1";"02";"02424";"1";"1";"1";"1";"Route départemental 1";"49,41422400";"3,34304100"
"202400004303";"17";"09";"2024";"09:29";"1";"71";"71187";"1";"1";"1";"6";"Le Creusot TGV (Gare) Parking";"46,76423000";"4,49856000"
"202400004304";"28";"11";"2024";"11:35";"1";"93";"93001";"2";"2";"1";"6";"PAUL DOUMER (RUE)";"48,91743000";"2,38690000"
"202400004305";"29";"04";"2024";"08:20";"2";"14";"14371";"1";"1";"1";"6";"Route de Meulles";"48,98641000";"0,31967600"
"202400004306";"16";"09";"2024";"16:40";"1";"13";"13103";"1";"1";"1";"2";"Autoroute A7 - PK 231+000 - sens LYON /MARSEILLE";"43,67507300";"5,09525300"
"202400004307";"28";"11";"2024";"13:45";"1";"92";"92078";"2";"1";"1";"6";"ANCIENNES ECOLES (RUE)";"48,93429143";"2,33183831"
"202400004308";"27";"04";"2024";"20:36";"3";"50";"50124";"2";"3";"2";"1";"Route de la Mare de la Lande (La Mancellière)";"48,67013900";" -1,14256700"
"202400004309";"17";"09";"2024";"01:35";"3";"28";"28092";"1";"1";"1";"2";"A10";"48,35842300";"1,87723500"
"202400004310";"28";"11";"2024";"09:00";"1";"92";"92050";"2";"1";"1";"6";"REPUBLIQUE AVENUE DE LA";"48,91230906";"2,22395673"
"202400004311";"29";"04";"2024";"07:50";"1";"64";"64106";"1";"2";"2";"3";"CD 933";"43,30681800";" -1,00970100"
"202400004312";"11";"08";"2024";"18:45";"5";"974";"97420";"2";"1";"2";"6";"140 Avenue Pierre Mendès France";" -20,90912000";"55,60962200"
"202400004313";"16";"09";"2024";"09:00";"1";"37";"37027";"2";"2";"1";"1";"Avenue du 11 Novembre";"47,32503600";"1,00597300"
"202400004314";"27";"11";"2024";"18:00";"5";"92";"92026";"2";"3";"1";"6";"SAINT-DENIS BD (120 A 174 / DE 199 A 315";"48,90217131";"2,27370392"
"202400004315";"28";"04";"2024";"22:00";"4";"16";"16347";"1";"1";"1";"7";"N/A";"45,27976800";"0,12760870"
"202400004316";"27";"11";"2024";"17:50";"5";"92";"92023";"2";"1";"3";"6";"PORTE DE TRIVAUX (RUE DE) N°57 A 197 ET";"48,79140950";"2,26222873"
"202400004317";"17";"09";"2024";"16:00";"1";"58";"58214";"2";"1";"1";"1";"237 Rue du Manoir";"47,07615000";"3,10645900"
"202400004318";"11";"08";"2024";"14:00";"1";"973";"97305";"1";"1";"1";"2";"Route Nationale PK 13";"4,92423500";" -52,38938900"
"202400004319";"29";"04";"2024";"16:50";"1";"24";"24082";"1";"1";"1";"5";"D704a";"44,86262000";"1,26460300"
"202400004320";"28";"11";"2024";"13:45";"1";"92";"92002";"2";"3";"1";"3";"ABBAYE (RUE DE L')";"48,75189518";"2,29797408"
"202400004321";"15";"09";"2024";"19:30";"2";"67";"67313";"2";"1";"1";"2";"45 Rue du Marechal Foch";"48,53852100";"7,45494800"
"202400004322";"11";"08";"2024";"06:45";"1";"971";"97115";"1";"1";"1";"1";"Route Nationale 2";"16,27106000";" -61,65401800"
"202400004323";"28";"11";"2024";"20:30";"3";"35";"35146";"1";"1";"8";"6";"LE PRE DE PENABAT";"48,24842898";" -1,78889796"
"202400004324";"8";"09";"2024";"03:50";"3";"67";"67131";"2";"1";"2";"7";"M468";"48,48645200";"7,72945000"
"202400004325";"12";"08";"2024";"02:30";"3";"977";"97701";"2";"1";"1";"7";"Grand Fond";"17,89300100";" -62,80976100"
"202400004326";"28";"04";"2024";"18:30";"1";"24";"24354";"1";"1";"1";"1";"Avenue de la Double";"45,14021700";"0,04574800"
"202400004327";"14";"11";"2024";"03:00";"3";"21";"21599";"1";"1";"1";"1";"A31";"47,64748400";"5,17836400"
"202400004328";"9";"08";"2024";"10:41";"1";"33";"33165";"1";"6";"1";"1";"N/A";"44,82619200";" -0,43181400"
"202400004329";"27";"04";"2024";"19:10";"1";"24";"24311";"2";"1";"3";"1";"Avenue du Génèral de Gaulle";"45,52225130";"0,66052079"
"202400004330";"16";"09";"2024";"17:56";"2";"73";"73284";"2";"4";"1";"3";"D915 Avenue des thermes";"45,47702100";"6,52757700"
"202400004331";"29";"11";"2024";"03:00";"3";"71";"71150";"1";"1";"1";"6";"Aire de Crêches (Aire de repos)";"46,23513900";"4,79460400"
"202400004332";"7";"08";"2024";"16:08";"1";"41";"41220";"1";"1";"1";"5";"D951";"47,71178700";"1,60230600"
"202400004333";"29";"04";"2024";"10:15";"1";"37";"37050";"2";"2";"1";"5";"avenue de la république";"47,34105500";"0,72295200"
"202400004334";"29";"11";"2024";"13:15";"1";"27";"27230";"2";"2";"1";"3";"44 Rue Octave Lenoir";"48,86476100";"1,41540200"
"202400004335";"12";"08";"2024";"01:55";"2";"95";"95370";"1";"1";"1";"7";"D28";"49,15204867";"1,97881301"
"202400004336";"26";"11";"2024";"07:28";"2";"11";"11421";"2";"3";"1";"3";"N/A";"43,21417600";"2,86134800"
"202400004337";"11";"08";"2024";"08:00";"1";"34";"34162";"1";"6";"1";"2";"D613";"43,46507400";"3,50873600"
"202400004338";"28";"04";"2024";"19:27";"1";"08";"08038";"1";"4";"1";"3";"D26";"49,46811000";"4,24059400"
"202400004339";"28";"11";"2024";"14:30";"1";"63";"63181";"1";"1";"2";"5";"D2144";"46,01711449";"3,08748948"
"202400004340";"28";"04";"2024";"15:15";"1";"90";"90015";"1";"1";"2";"6";"Autoroute A36, barreau 19-36M, PK 000.700";"47,59161546";"6,85644731"
"202400004341";"11";"08";"2024";"16:35";"1";"83";"83150";"2";"1";"1";"6";"Route de Gréoux";"43,73294900";"5,82884800"
"202400004342";"28";"11";"2024";"19:55";"5";"23";"23176";"2";"6";"2";"7";"2 Avenue de la République";"46,23868304";"1,49371147"
"202400004343";"28";"04";"2024";"09:14";"1";"69";"69235";"1";"1";"3";"1";"2230 Route de Rive-de-Gier";"45,53180100";"4,85145600"
"202400004344";"29";"11";"2024";"05:30";"3";"62";"62009";"1";"1";"5";"7";"D35";"50,19156124";"2,69419021"
"202400004345";"10";"08";"2024";"10:00";"1";"05";"05065";"1";"6";"1";"3";"intersection RN94 RD 902A";"44,66584500";"6,61462800"
"202400004346";"29";"04";"2024";"10:15";"1";"78";"78569";"1";"1";"1";"2";"Autoroute A11, PK 025+800 direction Paris";"48,54623200";"1,91288000"
"202400004347";"28";"11";"2024";"17:42";"5";"57";"57097";"2";"1";"1";"6";"Rue du General Newinger";"49,17969900";"6,49671800"
"202400004348";"24";"04";"2024";"15:30";"1";"37";"37072";"2";"1";"1";"7";"Rue du Grand Ballet";"47,19389700";"0,23273000"
"202400004349";"29";"11";"2024";"11:45";"1";100;100050";"1";"1";"1";"6";"Route de l?Aeroport";"42,53807000";"8,79037100"
"202400004350";"18";"04";"2024";"15:45";"1";"28";"28007";"2";"9";"1";"7";"10 Route de Boncourt";"48,85244700";"1,44594100"
"202400004351";"24";"02";"2024";"16:00";"1";"13";"13027";"1";"2";"1";"3";"D571";"43,86247400";"4,84949800"
"202400004352";"28";"04";"2024";"18:10";"1";"78";"78128";"1";"1";"8";"1";"D24";"48,67450500";"1,95580200"
"202400004353";"28";"11";"2024";"19:45";"5";"71";"71591";"1";"6";"1";"2";"D906";"46,44955300";"4,88642100"
"202400004354";"28";"04";"2024";"21:50";"3";"13";"13099";"1";"1";"1";"6";"D952";"43,71568600";"5,78311600"
"202400004355";"11";"08";"2024";"17:45";"1";"67";"67229";"1";"4";"1";"3";"carrefour D883  - D683";"48,66982200";"7,42115700"
"202400004356";"29";"11";"2024";"09:00";"1";"89";"89186";"1";"1";"1";"6";"Grande Rue";"48,00555100";"3,79720300"
"202400004357";"27";"04";"2024";"16:20";"1";"33";"33029";"1";"1";"3";"6";"N/A";"44,65170900";" -0,74258000"
"202400004358";"12";"08";"2024";"12:05";"1";"63";"63213";"1";"1";"1";"7";"D1093";"45,84365900";"3,27478400"
"202400004359";"25";"04";"2024";"19:00";"1";"44";"44215";"1";"1";"1";"1";"Route des Sorinières";"47,16179500";" -1,49214500"
"202400004360";"27";"11";"2024";"15:43";"1";"63";"63362";"2";"4";"1";"3";"Place de la Halle";"45,91877239";"3,24817121"
"202400004361";"28";"04";"2024";"14:56";"1";"22";"22379";"2";"1";"1";"7";"Voie Communale Vieille Côte de Trestel";"48,81746100";" -3,35620500"
"202400004362";"12";"08";"2024";"16:45";"1";"87";"87161";"1";"1";"1";"1";"Lieu Dit Eycouveaux";"45,86130200";"1,51660700"
"202400004363";"28";"11";"2024";"17:45";"2";"63";"63087";"1";"1";"2";"6";"RD 142";"45,42559400";"3,08372500"
"202400004364";"12";"08";"2024";"17:45";"1";"33";"33104";"1";"1";"1";"3";"N/A";"45,03297500";" -0,78757700"
"202400004365";"29";"11";"2024";"20:01";"3";"61";"61474";"1";"1";"1";"3";"D926";"48,74905800";"0,01626400"
"202400004366";"29";"04";"2024";"14:45";"1";"62";"62474";"2";"1";"1";"3";"D901";"50,67725464";"1,64613836"
"202400004367";"28";"11";"2024";"20:54";"3";"12";"12021";"1";"1";"1";"6";"La Combe Haute (La Bastide-l'Évêque)";"44,31247200";"2,12562900"
"202400004368";"12";"08";"2024";"10:10";"1";"33";"33312";"1";"1";"1";"3";"N/A";"44,96686700";" -0,55322400"
"202400004369";"27";"04";"2024";"12:50";"1";"13";"13071";"1";"1";"1";"2";"A51-Sens Marseille vers Aix en Provence";"43,41222988";"5,36422948"
"202400004370";"28";"11";"2024";"09:55";"1";"31";"31247";"2";"1";"1";"6";"5 Place Jules Massenet";"43,08112900";"0,67187200"
"202400004371";"10";"08";"2024";"14:40";"1";"85";"85003";"1";"1";"1";"3";"la gouinière";"46,74071300";" -1,56689300"
"202400004372";"28";"11";"2024";"17:20";"3";"38";"38315";"2";"1";"2";"6";"Avenue de la Bergerie";"45,53554300";"5,66036200"
"202400004373";"27";"04";"2024";"00:10";"3";"69";"69204";"1";"1";"1";"5";"Autoroute 450 ";"45,68716494";"4,81057022"
"202400004374";"21";"07";"2024";"16:45";"1";"56";"56007";"2";"2";"1";"3";"Avenue Yves Kerroux";"47,67535800";" -2,98839900"
"202400004375";"29";"11";"2024";"11:00";"1";"06";"06032";"1";"1";"1";"6";"Route Moyenne Corniche";"43,72483600";"7,39398100"
"202400004376";"23";"04";"2024";"16:30";"1";"67";"67152";"1";"1";"1";"4";"M35";"48,52730000";"7,68470000"
"202400004377";"12";"08";"2024";"09:30";"1";"22";"22242";"1";"1";"1";"6";"D 89- la ville neuve";"48,59945027";" -2,38441400"
"202400004378";"25";"11";"2024";"02:00";"3";"64";"64276";"1";"1";"1";"6";"D918";"43,10585500";" -0,64924500"
"202400004379";"28";"04";"2024";"22:30";"3";"94";"94021";"1";"1";"1";"7";"A6B";"48,77137155";"2,34509948"
"202400004380";"9";"08";"2024";"17:00";"1";"62";"62627";"1";"1";"7";"7";"Rue de Sailly";"50,30389700";"3,01742100"
"202400004381";"27";"11";"2024";"23:00";"4";"53";"53271";"2";"1";"2";"6";"Rue de la Boorie";"48,34084300";" -0,28355600"
"202400004382";"28";"04";"2024";"00:20";"5";"93";"93066";"1";"1";"1";"2";"A1";"48,91224353";"2,35780750"
"202400004383";"10";"08";"2024";"15:27";"1";"59";"59618";"2";"1";"1";"1";"Rue de Marpent";"50,32427838";"4,04697163"
"202400004384";"28";"11";"2024";"23:25";"5";"04";"04088";"2";"1";"1";"1";"Avenue du Général de Gaulle";"43,95544100";"5,77526300"
"202400004385";"27";"04";"2024";"19:20";"1";"95";"95572";"1";"1";"2";"6";"A15";"49,03286050";"2,10794605"
"202400004386";"26";"11";"2024";"07:30";"5";"27";"27543";"2";"1";"8";"6";"23 Route de Dreux";"48,78578800";"1,36341800"
"202400004387";"12";"08";"2024";"11:30";"1";"59";"59158";"2";"1";"7";"1";"D938";"50,45003800";"3,19854500"
"202400004388";"28";"04";"2024";"13:48";"1";"94";"94028";"1";"1";"1";"2";"A86";"48,79983715";"2,44627859"
"202400004389";"10";"08";"2024";"01:55";"3";"59";"59465";"1";"1";"1";"6";"Rue du Corbeau";"50,11520900";"3,57063700"
"202400004390";"28";"11";"2024";"08:10";"1";"17";"17057";"1";"3";"1";"3";"D115";"46,16762200";" -0,83635400"
"202400004391";"27";"04";"2024";"20:00";"1";"77";"77294";"1";"1";"3";"2";"A104";"48,97017700";"2,59721300"
"202400004392";"5";"05";"2024";"21:38";"3";"13";"13117";"1";"1";"1";"7";"A7-Sens Marseille vers Lyon";"43,47635000";"5,23763000"
"202400004393";"11";"08";"2024";"19:15";"1";"13";"13085";"1";"1";"1";"7";"A50-Sens Toulon vers Aubagne";"43,26240000";"5,58960000"
"202400004394";"27";"04";"2024";"12:00";"1";"93";"93051";"1";"1";"1";"2";"A4";"48,83662815";"2,54787956"
"202400004395";"28";"11";"2024";"16:55";"2";"30";"30224";"1";"1";"1";"5";"D22";"43,91853800";"4,24102300"
"202400004396";"27";"04";"2024";"07:20";"1";"94";"94046";"1";"1";"1";"6";"A86 EXT";"48,80856288";"2,44905786"
"202400004397";"28";"11";"2024";"17:05";"2";"66";"66172";"2";"1";"1";"6";"Avenue de la Mirande";"42,71408600";"2,85170900"
"202400004398";"11";"08";"2024";"06:50";"2";"13";"13212";"2";"1";"1";"2";"A507 sens Aubagne- Marseille";"43,30933966";"5,42489187"
"202400004399";"24";"02";"2024";"04:30";"3";"74";"74282";"1";"1";"1";"1";"A410 ";"46,03678155";"6,24024452"
"202400004400";"9";"08";"2024";"01:40";"5";"13";"13202";"1";"9";"1";"7";"TVPCM-Sens Saint Victor vers Les Ports";"43,29430000";"5,36396000"
"202400004401";"23";"11";"2024";"10:15";"1";"13";"13103";"1";"1";"1";"3";"A54, PK 72+700, direction NIMES";"43,62643000";"5,11857700"
"202400004402";"20";"02";"2024";"17:20";"1";"74";"74236";"2";"9";"1";"6";"Route de megève ";"45,90501000";"6,70045300"
"202400004403";"22";"11";"2024";"18:35";"4";"971";"97116";"1";"1";"1";"3";"Route de l?Etoile";"16,32045300";" -61,48912700"
"202400004404";"28";"11";"2024";"11:50";"1";"971";"97126";"1";"1";"1";"7";"Lieu Dit Pelisson";"15,93984100";" -61,27014600"
"202400004405";"10";"08";"2024";"15:20";"1";"83";"83144";"1";"1";"1";"4";"A57";"43,13924220";"5,99734560"
"202400004406";"11";"02";"2024";"06:00";"3";"74";"74019";"1";"1";"8";"1";"Voie des Aravis (Pont) ";"45,93768600";"6,14455200"
"202400004407";"7";"02";"2024";"18:15";"5";"74";"74225";"2";"1";"2";"6";"Rue du Mont-Blanc ";"45,85915100";"5,95027700"
"202400004408";"9";"08";"2024";"11:45";"1";"69";"69256";"1";"1";"1";"2";"Rocade Est";"45,79631160";"4,94410421"
"202400004409";"24";"11";"2024";"05:20";"3";"77";"77420";"1";"1";"1";"2";"N2";"49,04819200";"2,69439700"
"202400004410";"4";"02";"2024";"08:30";"1";"74";"74070";"1";"1";"1";"7";"RD 1005 ";"46,29105138";"6,27150226"
"202400004411";"11";"08";"2024";"18:09";"1";"77";"77251";"1";"1";"1";"7";"AUTOROUTE A5A";"48,61945800";"2,55362200"
"202400004412";"29";"11";"2024";"16:45";"2";"77";"77183";"2";"1";"1";"6";"Rue Jean-jaurès";"48,94544100";"3,12520300"
"202400004413";"3";"02";"2024";"15:30";"1";"74";"74311";"1";"1";"1";"6";"Route des brasses ";"46,16180200";"6,41151500"
"202400004414";"11";"08";"2024";"16:30";"1";"94";"94021";"1";"1";"1";"2";"A106";"48,76360182";"2,34384403"
"202400004415";"19";"11";"2024";"17:35";"3";"77";"77440";"2";"1";"3";"1";"D21p";"48,94908800";"3,07351000"
"202400004416";"28";"11";"2024";"18:00";"2";"77";"77217";"1";"1";"1";"3";"D319";"48,67693900";"2,66578900"
"202400004417";"28";"01";"2024";"01:20";"3";"74";"74272";"2";"1";"1";"5";"Route de Nonglard ";"45,94550600";"6,03906900"
"202400004418";"11";"08";"2024";"11:56";"1";"94";"94076";"1";"1";"1";"4";"A6B";"48,79406378";"2,34526514"
"202400004419";"28";"11";"2024";"16:15";"1";"66";"66171";"2";"6";"1";"6";"Rue Roland Dorgelès";"42,62222800";"3,01014100"
"202400004420";"1";"01";"2024";"05:00";"3";"74";"74211";"1";"1";"1";"6";"480 Route de moussy ";"46,10044300";"6,26896600"
"202400004421";"28";"11";"2024";"19:10";"5";"66";"66171";"1";"1";"1";"6";"N/A";"42,62549700";"3,02338600"
"202400004422";"11";"08";"2024";"08:05";"1";"94";"94034";"1";"1";"1";"2";"A6A";"48,75120273";"2,32960518"
"202400004423";"26";"04";"2024";"08:59";"1";"987";"98735";"2";"2";"1";"6";"DESTREMEAU (RUE BLOC ECOLE MATERNELLE PA";" -17,54468600";" -149,57562400"
"202400004424";"9";"08";"2024";"05:45";"3";"77";"77251";"1";"1";"1";"2";"RN 104";"48,64509329";"2,54658043"
"202400004425";"27";"11";"2024";"07:40";"2";"34";"34022";"2";"3";"1";"3";"Rue du Colombier";"43,65786100";"4,01147200"
"202400004426";"27";"04";"2024";"18:40";"4";"974";"97407";"2";"1";"1";"3";"ROMERO(AVENUE)";" -20,94769000";"55,29594000"
"202400004427";"29";"11";"2024";"09:15";"1";"34";"34327";"1";"1";"1";"2";"RD68";"43,66902000";"3,96832800"
"202400004428";"11";"08";"2024";"15:50";"1";"92";"92064";"1";"1";"1";"2";"A13";"48,83949368";"2,20466483"
"202400004429";"26";"04";"2024";"22:13";"5";"972";"97213";"1";"1";"1";"2";"ROUTE DEPARTEMENTALE 14";"14,64615364";" -61,02329688"
"202400004430";"11";"08";"2024";"08:45";"1";"92";"92050";"1";"1";"1";"7";"A14";"48,90203098";"2,19992423"
"202400004431";"28";"11";"2024";"18:20";"5";"71";"71176";"2";"2";"3";"6";"15 Rue de la Faïencerie";"46,48606300";"3,99028200"
"202400004432";"27";"04";"2024";"10:00";"1";"972";"97213";"2";"4";"1";"3";"";"14,62275000";" -61,01893000"
"202400004433";"29";"11";"2024";"14:30";"1";"54";"54305";"2";"3";"1";"6";"Rue du Baron de Courcelles";"48,74807700";"6,20088300"
"202400004434";"27";"04";"2024";"10:40";"1";"972";"97213";"2";"1";"1";"2";"NELSON MANDELA";"14,61081000";" -61,00189000"
"202400004435";"10";"08";"2024";"19:45";"1";"92";"92047";"1";"1";"1";"4";"A13";"48,83231571";"2,15438418"
"202400004436";"27";"04";"2024";"08:40";"1";"971";"97113";"1";"1";"1";"7";"Section Port Blanc";"16,23102000";" -61,46655000"
"202400004437";"27";"04";"2024";"02:50";"4";"971";"97101";"2";"9";"2";"7";"PERRIN (SECTEUR)";"16,29408000";" -61,51131000"
"202400004438";"11";"08";"2024";"07:00";"1";"95";"95018";"1";"1";"1";"2";"A15";"48,95863789";"2,27437326"
"202400004439";"10";"08";"2024";"20:00";"1";"95";"95582";"2";"1";"1";"6";"A115";"48,97702211";"2,24108916"
"202400004440";"26";"04";"2024";"23:15";"5";"971";"97101";"2";"1";"1";"2";"RN1-  HAUTEUR DE SORTIE LAURICISQUE";"16,25324518";" -61,54762298"
"202400004441";"31";"05";"2024";"17:05";"1";"74";"74147";"2";"1";"1";"6";"395 Route de marceau";"45,77838600";"6,20298800"
"202400004442";"27";"04";"2024";"11:40";"1";"91";"91479";"2";"9";"1";"3";"AV DE VERDUN";"48,70576000";"2,36345000"
"202400004443";"27";"04";"2024";"15:00";"1";"83";"83126";"2";"2";"1";"3";"STALINGRAD (BD)";"43,10604557";"5,86717602"
"202400004444";"24";"04";"2024";"21:13";"3";"74";"74256";"1";"3";"2";"3";"Avenue de geneve";"45,97306500";"6,63015200"
"202400004445";"23";"04";"2024";"07:55";"1";"83";"83061";"2";"1";"1";"6";"D8";"43,43315000";"6,72198000"
"202400004446";"27";"04";"2024";"03:38";"5";"81";"81004";"2";"1";"1";"6";"THOMAS (AV ALBERT)";"43,93672000";"2,14682000"
"202400004447";"7";"05";"2024";"19:50";"1";"74";"74109";"1";"1";"2";"5";"D1508";"46,07058100";"5,85502600"
"202400004448";"28";"03";"2024";"11:45";"1";"78";"78350";"2";"1";"1";"6";"GENERAL DE GAULLE (RUE DU)";"48,86102200";"2,12241600"
"202400004449";"28";"05";"2024";"10:30";"1";"74";"74104";"1";"1";"1";"3";"Route d'Annecy";"45,79510600";"6,21316600"
"202400004450";"27";"04";"2024";"23:45";"5";"78";"78498";"2";"3";"2";"6";"SAINT SEBASTIEN RUE";"48,93901000";"2,05930000"
"202400004451";"20";"05";"2024";"10:45";"1";"74";"74063";"2";"1";"1";"6";"265 Route du taude";"46,27544700";"6,83853900"
"202400004452";"27";"04";"2024";"18:58";"1";"77";"77384";"1";"1";"1";"1";"CHEMIN DES PLAINES";"48,60138900";"2,60777800"
"202400004453";"27";"04";"2024";"07:20";"2";"77";"77487";"2";"1";"2";"1";"CLOS SAINT MARTIN  (DU)";"48,52264000";"2,69345000"
"202400004454";"26";"05";"2024";"11:20";"1";"74";"74256";"1";"3";"1";"3";"1806 Route de megève";"45,92329700";"6,63421900"
"202400004455";"27";"04";"2024";"08:30";"1";"77";"77433";"1";"1";"1";"7";"D 15";"48,75854400";"3,07075000"
"202400004456";"25";"05";"2024";"22:00";"3";"74";"74112";"2";"1";"1";"3";"N/A";"45,92972200";"6,12039300"
"202400004457";"27";"04";"2024";"03:20";"3";"76";"76497";"1";"1";"3";"7";"N138";"49,37943406";"1,05019856"
"202400004458";"27";"04";"2024";"20:05";"2";"74";"74010";"2";"1";"1";"6";"MARECHAL LECLERC (PROMENADE/RUE)";"45,91489000";"6,11794000"
"202400004459";"24";"05";"2024";"07:30";"1";"74";"74267";"2";"1";"1";"7";"N/A";"45,84638400";"6,14746500"
"202400004460";"27";"05";"2024";"06:30";"2";"74";"74065";"1";"1";"2";"7";"RD 992";"46,03473261";"5,96896623"
"202400004461";"27";"04";"2024";"22:45";"5";"71";"71270";"2";"3";"1";"3";"INTER  Quai Lamartine-Pont Saint-Laurent";"46,30532000";"4,83584000"
"202400004462";"27";"04";"2024";"04:01";"4";"71";"71445";"2";"1";"1";"6";"LOUIS ALPHONSE POITEVIN (RUE)";"46,76841000";"4,86616000"
"202400004463";"21";"05";"2024";"09:20";"1";"74";"74236";"2";"1";"1";"6";"N/A";"45,90686525";"6,70419216"
"202400004464";"16";"04";"2024";"17:00";"1";"74";"74291";"1";"1";"8";"1";"D1508";"46,03896700";"5,88854300"
"202400004465";"26";"04";"2024";"11:30";"1";"69";"69266";"2";"3";"2";"3";"9 Rue Léon Blum";"45,75954022";"4,89191398"
"202400004466";"21";"02";"2024";"09:41";"1";"74";"74002";"1";"3";"1";"3";"D1201";"45,82002600";"6,02622600"
"202400004467";"27";"04";"2024";"11:50";"1";"66";"66136";"2";"1";"2";"6";"DELAGE Louis";"42,73990246";"2,89016604"
"202400004468";"17";"01";"2024";"10:15";"1";"35";"35238";"2";"1";"1";"3";"Rue Anatole Le Braz";"48,11857800";" -1,66257500"
"202400004469";"27";"04";"2024";"23:54";"5";"64";"64102";"2";"1";"2";"7";"AQUITAINE (AVENUE DE L')";"43,48643000";" -1,47064000"
"202400004470";"27";"04";"2024";"18:40";"1";"64";"64102";"2";"1";"2";"7";"ARITXAGUE (BD D')";"43,47119000";" -1,49153000"
"202400004471";"21";"02";"2024";"15:30";"1";"84";"84039";"1";"1";"1";"3";"A7";"44,07259750";"4,88279972"
"202400004472";"21";"02";"2024";"04:35";"3";"84";"84087";"1";"1";"1";"6";"Autoroute A7 pk 173.100";"44,10818800";"4,85151500"
"202400004473";"27";"04";"2024";"23:45";"5";"63";"63113";"2";"7";"2";"6";"BLATIN (RUE)";"45,77716000";"3,08159000"
"202400004474";"14";"02";"2024";"13:00";"1";"84";"84071";"2";"1";"1";"6";"157 Avenue du Tourail";"43,86739000";"5,14668700"
"202400004475";"27";"04";"2024";"19:15";"1";"63";"63164";"1";"2";"1";"2";"CEBAZAT (RTE DE) ";"45,82382000";"3,13425000"
"202400004476";"23";"01";"2024";"18:00";"3";"84";"84129";"1";"3";"1";"1";"1951 Avenue d'Orange";"44,02479800";"4,87264000"
"202400004477";"17";"01";"2024";"17:45";"2";"84";"84129";"2";"1";"2";"3";"Allée de la Traille";"43,99134000";"4,86908500"
"202400004478";"12";"02";"2024";"07:30";"3";"84";"84129";"1";"1";"1";"6";"Chemin de la Lionne";"44,02403600";"4,84456300"
"202400004479";"10";"08";"2024";"21:40";"5";"988";"98818";"2";"3";"1";"4";"AVENUE DU MARECHAL FOCH/Rue SUFFREN";" -22,27879000";"166,44318000"
"202400004480";"9";"08";"2024";"16:55";"1";"976";"97611";"2";"7";"1";"7";"m'tsapere-Nationale 2 (route)";" -12,79448000";"45,21684000"
"202400004481";"26";"04";"2024";"15:50";"1";"62";"62193";"1";"1";"1";"5";"A216";"50,94978000";"1,90548000"
"202400004482";"6";"08";"2024";"10:20";"1";"976";"97611";"1";"1";"1";"2";"m'tsapere-Nationale 2 (route)";" -12,79302000";"45,21997000"
"202400004483";"27";"04";"2024";"17:50";"1";"56";"56260";"2";"3";"2";"6";"Avenue Edgar Degas";"47,67345000";" -2,76309000"
"202400004484";"26";"04";"2024";"17:25";"1";"54";"54547";"2";"9";"1";"3";"Rue Raymond Poincaré";"48,66906883";"6,19506061"
"202400004485";"9";"08";"2024";"09:20";"1";"976";"97611";"2";"7";"1";"3";"mamoudzou centre-Mariage (place -mamoudz";" -12,77750000";"45,23169000"
"202400004486";"10";"08";"2024";"05:00";"5";"974";"97416";"2";"1";"1";"3";"AERODROME (CHEMIN DE L')";" -21,32352000";"55,44525000"
"202400004487";"27";"04";"2024";"16:50";"1";"51";"51454";"2";"1";"1";"4";"POMMERY (BOULEVARD)";"49,24658300";"4,05090900"
"202400004488";"10";"08";"2024";"23:50";"5";"974";"97411";"2";"1";"2";"2";"JAURES (BLD 1 JEAN)";" -20,89013000";"55,46508000"
"202400004489";"27";"04";"2024";"18:44";"1";"49";"49267";"1";"1";"1";"3";"A87N";"47,46635000";" -0,51624000"
"202400004490";"27";"04";"2024";"23:59";"3";"49";"49267";"1";"1";"1";"7";"A87N";"47,46700000";" -0,51520000"
"202400004491";"10";"08";"2024";"18:58";"2";"974";"97411";"2";"1";"1";"3";"RIVIERE DES PLUIES (ROUTE DE LA)";" -20,90364000";"55,50342000"
"202400004492";"27";"04";"2024";"14:50";"1";"49";"49007";"2";"1";"1";"1";"PETITES MUSSES";"47,45557000";" -0,57113000"
"202400004493";"7";"08";"2024";"17:00";"1";"973";"97302";"2";"3";"1";"3";"MONTABO (ROUTE DE) 3";"4,94176436";" -52,30414876"
"202400004494";"27";"04";"2024";"15:45";"1";"45";"45234";"2";"2";"8";"3";"D14 PR 8 + 570";"47,84622000";"1,94090000"
"202400004495";"6";"08";"2024";"16:10";"1";"973";"97302";"1";"1";"1";"2";"ROUTE NATIONALE 3";"4,90578000";" -52,32086000"
"202400004496";"26";"04";"2024";"20:30";"1";"38";"38185";"2";"5";"1";"3";"Cours de la Libération et du Général de Gaulle";"45,15894000";"5,70941000"
"202400004497";"9";"08";"2024";"12:20";"1";"973";"97302";"2";"1";"1";"2";"TROUBIRAN (CHEMIN DE)";"4,92160165";" -52,30399811"
"202400004498";"27";"04";"2024";"19:00";"1";"37";"37122";"2";"1";"1";"2";"JEAN JAURES";"47,34725000";"0,65250000"
"202400004499";"9";"08";"2024";"00:51";"3";"972";"97213";"1";"1";"2";"6";"AUTOROUTE A1";"14,61816400";" -61,02889600"
"202400004500";"27";"04";"2024";"21:05";"5";"37";"37261";"2";"1";"1";"2";"PONT DU LAC ";"47,36742000";"0,69820000"
"202400004501";"10";"08";"2024";"14:00";"1";"69";"69384";"2";"1";"1";"4";"Cours d'Herbouville";"45,77524000";"4,83926000"
"202400004502";"27";"04";"2024";"16:30";"1";"33";"33550";"2";"2";"3";"6";"N/A";"44,78403000";" -0,56630900"
"202400004503";"9";"08";"2024";"20:05";"5";"971";"97101";"2";"9";"1";"6";"BOULEVARD DES HEROS";"16,24972000";" -61,52357000"
"202400004504";"27";"04";"2024";"11:40";"1";"33";"33119";"2";"1";"1";"2";"N/A";"44,85522864";" -0,53160042"
"202400004505";"9";"08";"2024";"11:50";"1";"971";"97103";"1";"1";"1";"2";"AEROPORT SUD";"16,27072000";" -61,54980000"
"202400004506";"27";"04";"2024";"11:00";"1";"33";"33063";"2";"6";"8";"3";"N/A";"44,83034000";" -0,60285000"
"202400004507";"8";"08";"2024";"09:30";"1";"971";"97107";"2";"1";"1";"6";"PAUL LACAVE ( AVENUE )";"16,04552000";" -61,56290000"
"202400004508";"26";"04";"2024";"16:15";"1";"29";"29051";"1";"1";"1";"3";"RN 165";"47,99880102";" -4,04937996"
"202400004509";"26";"04";"2024";"21:25";"5";"28";"28404";"2";"9";"2";"3";"RD 828A";"48,71918800";"1,34882900"
"202400004510";"10";"08";"2024";"12:15";"1";101;101004";"2";"1";"1";"2";"ROUTE DU STILETTO";"41,94653000";"8,76483000"
"202400004511";"10";"08";"2024";"18:38";"1";"95";"95585";"2";"1";"1";"2";"D208";"48,98474761";"2,39917821"
"202400004512";"27";"04";"2024";"08:45";"1";"25";"25056";"2";"3";"1";"1";"BELFORT RUE DE BELFORT (sup 144)4";"47,25986000";"6,04660000"
"202400004513";"27";"04";"2024";"09:40";"1";"22";"22360";"2";"6";"1";"7";"RD700";"48,49314000";" -2,76093000"
"202400004514";"10";"08";"2024";"19:45";"1";"91";"91201";"2";"4";"1";"3";"RUE PIERRE BROSSOLETTE";"48,68622000";"2,41812000"
"202400004515";"26";"04";"2024";"19:11";"1";"21";"21617";"2";"1";"1";"6";"Avenue du Mail";"47,33912000";"4,99729000"
"202400004516";"6";"08";"2024";"08:10";"1";"91";"91432";"1";"1";"1";"2";"AUT DU SUD";"48,69407179";"2,31977820"
"202400004517";"26";"04";"2024";"18:49";"1";"19";"19031";"2";"1";"1";"3";"LAGRANGE (AVENUE LEO)";"45,15988863";"1,54564369"
"202400004518";"6";"08";"2024";"06:55";"1";"83";"83123";"1";"1";"1";"6";"TOULON (ANCIEN CHEMIN DE)";"43,14231657";"5,77822065"
"202400004519";"26";"04";"2024";"17:22";"1";"19";"19031";"2";"3";"2";"3";"CHAUMEIL (RUE PIERRE)";"45,15708656";"1,50624365"
"202400004520";"10";"08";"2024";"19:10";"1";"80";"80021";"2";"1";"1";"2";"Rue de Paris";"49,88832000";"2,28972000"
"202400004521";"26";"04";"2024";"17:00";"1";"14";"14118";"2";"2";"8";"3";"19 Rue d'Authie";"49,18393000";" -0,38639000"
"202400004522";"10";"08";"2024";"17:25";"1";"80";"80021";"2";"1";"1";"3";"Place Alphonse Fiquet";"49,89120000";"2,30670000"
"202400004523";"26";"04";"2024";"12:30";"1";"13";"13103";"1";"1";"2";"3";"VIEILLE ROUTE DE PELISSANNE-RD 17";"43,63562022";"5,12702385"
"202400004524";"27";"04";"2024";"19:40";"1";"11";"11069";"2";"2";"2";"3";"92 Avenue Bunau Varilla";"43,20800000";"2,33684000"
"202400004525";"10";"08";"2024";"06:20";"2";"79";"79259";"1";"3";"5";"3";"N/A";"46,94454400";" -0,23400000"
"202400004526";"27";"04";"2024";"02:17";"5";"06";"06088";"2";"2";"8";"3";"Promenade des Anglais";"43,69497000";"7,26638000"
"202400004527";"10";"08";"2024";"12:20";"1";"77";"77475";"2";"1";"1";"6";"VERDUN (AVENUE DE)";"48,95824000";"2,96264000"
"202400004528";"26";"04";"2024";"19:30";"2";"75";"75118";"2";"1";"1";"2";"PORTE DE SAINT OUEN";"48,90070100";"2,33445200"
"202400004529";"10";"08";"2024";"10:10";"1";"77";"77058";"2";"1";"1";"3";"GENERAL DE GAULLE  (AVENUE DU)";"48,83971000";"2,72705000"
"202400004530";"26";"04";"2024";"19:45";"1";"75";"75120";"2";"1";"1";"4";"BD PERIPHERIQUE INTERIEUR";"48,87611000";"2,40960000"
"202400004531";"26";"04";"2024";"19:05";"1";"75";"75112";"2";"1";"1";"3";"BD PERIPHERIQUE INTERIEUR";"48,83367100";"2,40809900"
"202400004532";"9";"08";"2024";"17:00";"1";"76";"76561";"2";"3";"1";"2";"Rue Marcel Touchard";"49,29844000";"1,03006000"
"202400004533";"27";"04";"2024";"14:45";"1";"75";"75105";"2";"2";"2";"6";"AVENUE DE L OBSERVATOIRE";"48,83966900";"2,33666300"
"202400004534";"10";"08";"2024";"15:00";"1";"72";"72181";"2";"2";"1";"1";"CHAMPION HENRI (RUE) N° PAIRS";"47,98220000";"0,22580000"
"202400004535";"27";"04";"2024";"15:00";"1";"75";"75119";"2";"2";"3";"7";"BOULEVARD SERURIER";"48,87725700";"2,40679400"
"202400004536";"12";"07";"2024";"15:26";"1";"71";"71076";"2";"1";"1";"6";"CHARGEURS (RUE DES )";"46,78420000";"4,85447000"
"202400004537";"27";"04";"2024";"11:15";"1";"75";"75119";"2";"1";"1";"6";"RUE CLAVEL";"48,87515800";"2,38424800"
"202400004538";"26";"04";"2024";"15:45";"1";"75";"75118";"2";"3";"1";"3";"AVENUE DE SAINT OUEN";"48,89587500";"2,32845700"
"202400004539";"11";"08";"2024";"00:15";"5";"69";"69259";"2";"2";"1";"3";"Avenue d'Oschatz";"45,69526000";"4,88022000"
"202400004540";"27";"04";"2024";"19:05";"1";"75";"75115";"2";"5";"2";"2";"PLACE CHARLES MICHELS";"48,84677800";"2,28556330"
"202400004541";"27";"04";"2024";"02:45";"5";"75";"75111";"2";"7";"2";"6";"PLACE DE LA BASTILLE";"48,85348400";"2,36961000"
"202400004542";"10";"08";"2024";"15:40";"1";"69";"69259";"2";"3";"1";"6";"Rue Max Barel";"45,69892000";"4,89997000"
"202400004543";"27";"04";"2024";"00:50";"5";"75";"75111";"2";"3";"2";"6";"AVENUE PHILIPPE AUGUSTE";"48,85299900";"2,39303900"
"202400004544";"10";"08";"2024";"09:55";"1";"67";"67447";"2";"3";"7";"3";"ABATTOIR (RUE DE L )";"48,60384000";"7,75601000"
"202400004545";"27";"04";"2024";"14:55";"1";"75";"75101";"2";"2";"2";"6";"RUE ETIENNE MARCEL";"48,86419700";"2,34760700"
"202400004546";"10";"08";"2024";"13:25";"1";"65";"65286";"2";"3";"1";"3";"8 Avenue Jean Prat";"43,10815000";" -0,06790000"
"202400004547";"26";"04";"2024";"23:45";"5";"94";"94081";"2";"2";"2";"3";"Avenue Rouget de Lisle / Rue Watteau";"48,77812000";"2,39650000"
"202400004548";"27";"04";"2024";"02:50";"5";"94";"94059";"2";"1";"2";"6";"avenue maurice berteaux";"48,80603173";"2,57155645"
"202400004549";"10";"08";"2024";"11:25";"1";"64";"64483";"2";"6";"1";"3";"RD810";"43,39717000";" -1,64472000"
"202400004550";"27";"04";"2024";"16:00";"1";"94";"94060";"1";"1";"2";"6";"Chemin des Marmouzets";"48,77143000";"2,58578000"
"202400004551";"27";"04";"2024";"11:10";"1";"94";"94071";"2";"3";"1";"3";"Avenue du Piple / Rue Albert Dru";"48,76275127";"2,51944113"
"202400004552";"10";"08";"2024";"12:15";"1";"63";"63014";"2";"1";"1";"2";"PERRET (AVENUE NESTOR)";"45,74482000";"3,10844000"
"202400004553";"27";"04";"2024";"15:30";"1";"93";"93051";"2";"2";"2";"2";"Boulevard du Mont d'Est / Rue Monge";"48,84305000";"2,54541000"
"202400004554";"27";"04";"2024";"11:20";"1";"93";"93050";"2";"1";"1";"2";"Rue Paul et Camille Thomoux";"48,86233000";"2,52999000"
"202400004555";"10";"08";"2024";"10:00";"1";"63";"63113";"2";"2";"1";"6";"Rue de Blanzat / rue de Chauffour";"45,78319000";"3,08427000"
"202400004556";"27";"04";"2024";"07:20";"1";"93";"93050";"2";"1";"1";"6";"Avenue Léon Blum";"48,86760000";"2,53282000"
"202400004557";"10";"08";"2024";"20:35";"1";"62";"62270";"1";"9";"1";"3";"D301";"50,47455000";"2,51820000"
"202400004558";"26";"04";"2024";"21:00";"5";"93";"93032";"2";"3";"1";"6";"Avenue Jean Jaurès / Avenue Sainte Foy";"48,88342000";"2,52896000"
"202400004559";"10";"08";"2024";"20:45";"1";"59";"59163";"2";"1";"1";"6";"DEUX MOULINS (AVENUE)";"50,67928000";"3,15441000"
"202400004560";"10";"08";"2024";"12:57";"1";"56";"56121";"2";"1";"1";"6";"Boulevard Yves Demaine";"47,75223000";" -3,37858000"
"202400004561";"27";"04";"2024";"20:00";"1";"92";"92073";"2";"1";"2";"5";"SELLIER (BOULEVARD HENRI)";"48,86681000";"2,22099000"
"202400004562";"10";"08";"2024";"03:10";"5";"54";"54521";"2";"4";"1";"6";"Chemin du Gronde";"49,47497800";"5,90689600"
"202400004563";"27";"04";"2024";"16:35";"1";"92";"92050";"2";"1";"2";"4";"PREMIER MAI RUE DU";"48,91080000";"2,21578000"
"202400004564";"10";"08";"2024";"17:08";"1";"50";"50218";"2";"1";"1";"2";"ARISTIDE BRIAND (AVENUE)";"48,83570000";" -1,58006000"
"202400004565";"27";"04";"2024";"21:45";"5";"92";"92024";"2";"6";"3";"3";"CLICHY (QUAI DE) DE (8 A 60)";"48,90343278";"2,28968722"
"202400004566";"10";"08";"2024";"14:50";"1";"49";"49007";"2";"2";"1";"4";"FOCH BOULEVARD";"47,47043000";" -0,54759000"
"202400004567";"27";"04";"2024";"21:40";"5";"92";"92071";"2";"1";"3";"7";"HOUDAN (RUE)";"48,77896407";"2,29094803"
"202400004568";"10";"08";"2024";"12:30";"1";"49";"49007";"2";"2";"1";"2";"LETANDUERE";"47,45711000";" -0,55406000"
"202400004569";"10";"08";"2024";"10:37";"1";"45";"45302";"2";"1";"1";"3";"D2020 PR 22 + 115";"47,96299000";"1,88872000"
"202400004570";"6";"08";"2024";"22:20";"3";"43";"43089";"2";"1";"1";"7";"Route de Langeac";"45,05087871";"3,84599521"
"202400004571";"10";"08";"2024";"10:55";"1";"43";"43041";"2";"1";"1";"3";"Route de Coubon";"45,04810000";"3,91663000"
"202400004572";"10";"08";"2024";"18:45";"1";"41";"41269";"2";"1";"1";"7";"VILLIERS (ROUTE DE)";"47,79978000";"1,03266000"
"202400004573";"27";"04";"2024";"19:15";"1";"92";"92004";"2";"2";"2";"3";"REDOUTE ( AVENUE DE LA  )";"48,92948109";"2,28188869"
"202400004574";"5";"08";"2024";"21:05";"1";"37";"37261";"2";"1";"1";"7";"BREL (RUE JACQUES)";"47,43346000";"0,69906000"
"202400004575";"28";"04";"2024";"01:00";"3";"43";"43110";"1";"1";"3";"6";"Route de Brioude";"45,30560627";"3,40969621"
"202400004576";"9";"03";"2024";"00:25";"5";"34";"34301";"2";"1";"1";"2";"BLANC CAMILLE (BOULEVARD)";"43,40728000";"3,66702000"
"202400004577";"10";"08";"2024";"18:40";"1";"33";"33069";"2";"1";"1";"6";"N/A";"44,87022000";" -0,61234000"
"202400004578";"9";"08";"2024";"16:50";"1";"30";"30243";"1";"3";"1";"3";"PORTAL JOSEPH (CHEMIN)";"44,09596000";"4,08000000"
"202400004579";"27";"04";"2024";"20:30";"2";"95";"95487";"2";"6";"2";"4";"D4";"49,15748954";"2,26403154"
"202400004580";"10";"08";"2024";"22:45";"4";"29";"29019";"2";"3";"1";"3";"rue de Kerbriant";"48,39392100";" -4,43443000"
"202400004581";"27";"04";"2024";"23:20";"3";"36";"36228";"2";"1";"8";"6";"N/A";"47,15512170";"1,56865782"
"202400004582";"10";"08";"2024";"13:50";"1";"26";"26198";"2";"6";"1";"3";"Chemin de Ravaly";"44,54175156";"4,75268126"
"202400004583";"27";"04";"2024";"04:45";"5";"974";"97422";"2";"1";"1";"1";"136 Rue Marius et Ary Leblond";" -21,28340300";"55,52380200"
"202400004584";"10";"08";"2024";"11:45";"1";"22";"22113";"2";"1";"1";"2";"AEROPORT";"48,75869000";" -3,47038000"
"202400004585";"10";"08";"2024";"08:08";"1";"17";"17306";"2";"9";"1";"6";"GRANDE CONCHE (DE LA) (AV)";"45,62351000";" -1,01931000"
"202400004586";"10";"08";"2024";"12:15";"1";"15";"15014";"2";"6";"1";"3";"RD 120";"44,92227000";"2,42778000"
"202400004587";"27";"04";"2024";"17:10";"1";"22";"22354";"1";"1";"1";"7";"N12 PR99+0200";"48,57149600";" -3,26384100"
"202400004588";"10";"08";"2024";"11:00";"1";"13";"13005";"2";"1";"1";"2";"NAPOLLON (ROUTE DE)";"43,31709754";"5,58650259"
"202400004589";"9";"08";"2024";"10:30";"1";"13";"13004";"1";"1";"1";"4";"RTE N113 MARSEILLE A BORBEAUX";"43,64903000";"4,68213000"
"202400004590";"10";"08";"2024";"07:50";"1";"13";"13001";"2";"5";"1";"3";"GALICE (RTE)";"43,52840000";"5,42809000"
"202400004591";"10";"08";"2024";"11:55";"1";"10";"10387";"2";"3";"1";"6";"JULES GUESDE (RUE)";"48,28591000";"4,08277000"
"202400004592";"10";"08";"2024";"13:47";"1";"06";"06088";"2";"2";"1";"6";"31 Rue de Lépante";"43,70641000";"7,26856000"
"202400004593";"10";"08";"2024";"07:50";"1";"06";"06104";"1";"1";"1";"3";"CHEMINS (CARREFOUR DES 4)";"43,76026000";"7,45239000"
"202400004594";"10";"08";"2024";"05:25";"5";"06";"06030";"2";"6";"1";"3";"115 Boulevard Sadi Carnot";"43,56764000";"7,01643000"
"202400004595";"9";"08";"2024";"16:50";"1";"01";"01053";"2";"2";"1";"3";"BAD KREUZNACH  (AVENUE DE - N° PAIRS)";"46,22275000";"5,25100000"
"202400004596";"10";"08";"2024";"20:00";"2";"75";"75115";"2";"1";"1";"2";"BD PERIPHERIQUE INTERIEUR";"48,83246900";"2,28064400"
"202400004597";"10";"08";"2024";"16:05";"1";"75";"75119";"2";"1";"1";"6";"BOULEVARD DE LA VILLETTE";"48,88440200";"2,36595200"
"202400004598";"10";"08";"2024";"12:50";"1";"75";"75116";"2";"3";"1";"3";"RUE DE LA TOUR";"48,85968400";"2,28209700"
"202400004599";"10";"08";"2024";"17:15";"1";"75";"75104";"2";"3";"1";"3";"BOULEVARD HENRI IV";"48,85152300";"2,36370700"
"202400004600";"10";"08";"2024";"15:07";"1";"75";"75110";"2";"2";"1";"6";"Rue la Fayette";"48,88160017";"2,36574322"
"202400004601";"10";"08";"2024";"15:12";"1";"75";"75109";"2";"2";"1";"3";"RUE DE PROVENCE";"48,87414400";"2,33730800"
"202400004602";"10";"08";"2024";"18:40";"1";"94";"94081";"2";"3";"1";"3";"Rue Eugene Henaff";"48,79378000";"2,41353000"
"202400004603";"10";"08";"2024";"16:30";"1";"94";"94041";"2";"3";"1";"6";"Avenue de Verdun";"48,81580000";"2,36837000"
"202400004604";"10";"08";"2024";"01:30";"5";"93";"93066";"2";"1";"1";"6";"Avenue Romain Rolland";"48,94112903";"2,38653422"
"202400004605";"10";"08";"2024";"05:37";"2";"93";"93055";"2";"3";"1";"6";"Avenue Édouard Vaillant / Avenue du Général Leclerc";"48,89655219";"2,40082784"
"202400004606";"10";"08";"2024";"22:20";"5";"93";"93048";"2";"2";"1";"3";"Boulevard Aristide Briand / Rue Saint-Denis";"48,87295034";"2,45354221"
"202400004607";"10";"08";"2024";"08:20";"1";"93";"93031";"2";"1";"1";"6";"Avenue de la République";"48,94941000";"2,33096000"
"202400004608";"10";"08";"2024";"22:15";"5";"93";"93027";"2";"3";"1";"4";"Avenue Paul Vaillant-Couturier / Rue Giuseppe Garibaldi";"48,92305000";"2,41314000"
"202400004609";"10";"08";"2024";"15:50";"1";"93";"93008";"2";"6";"1";"3";"Rue de Stalingrad / Avenue Louis Aragon";"48,91307891";"2,43654915"
"202400004610";"17";"08";"2024";"14:20";"1";"92";"92064";"2";"1";"3";"3";"MONT VALERIEN";"48,85501448";"2,21550548"
"202400004611";"28";"12";"2024";"11:45";"1";"60";"60159";"1";"1";"1";"6";"Avenue Marcelin Berthelot";"49,39098000";"2,78813000"
"202400004612";"12";"12";"2024";"21:15";"3";"60";"60352";"1";"6";"8";"7";"D915";"49,23682300";"1,80888200"
"202400004613";"10";"08";"2024";"10:40";"1";"92";"92063";"1";"6";"1";"3";"HUGO (AVENUE VICTOR)";"48,88310000";"2,18026000"
"202400004614";"10";"08";"2024";"16:00";"1";"92";"92050";"2";"3";"1";"3";"PREMIER MAI RUE DU";"48,91008681";"2,21508253"
"202400004615";"27";"08";"2024";"11:10";"1";"27";"27681";"2";"2";"1";"3";"MONTGOMERY (AVENUE DU MARECHAL)";"49,08900000";"1,47550000"
"202400004616";"20";"08";"2024";"23:40";"3";"27";"27165";"2";"1";"1";"1";"Route de Breteuil";"48,95022500";"0,94684100"
"202400004617";"10";"08";"2024";"08:40";"1";"92";"92040";"2";"2";"1";"3";"GOUVERNEUR GAL EBOUE DU 02 AU 64";"48,82523571";"2,26774818"
"202400004618";"19";"07";"2024";"16:34";"1";"27";"27518";"1";"1";"1";"6";"Autoroute A131";"49,45799900";"0,51754800"
"202400004619";"10";"08";"2024";"00:30";"5";"92";"92060";"2";"9";"1";"3";"ARISTIDE BRIAND (AVENUE) A PARTIR N°17";"48,78023593";"2,25799727"
"202400004620";"21";"11";"2024";"19:30";"5";"38";"38053";"2";"3";"2";"3";"Rue Louis Legrand";"45,58669000";"5,27440000"
"202400004621";"11";"08";"2024";"05:15";"2";"24";"24135";"1";"1";"1";"1";"Impasse des Tavernes";"45,23854800";"0,78887500"
"202400004622";"2";"12";"2024";"20:56";"3";"38";"38053";"1";"1";"3";"7";"CD 522";"45,62228000";"5,28111000"
"202400004623";"10";"08";"2024";"18:30";"1";"63";"63302";"2";"1";"1";"7";"chemin du stade";"45,71410048";"3,13800216"
"202400004624";"11";"08";"2024";"10:00";"1";"24";"24442";"1";"1";"1";"1";"D6089";"45,10328949";"0,49125295"
"202400004625";"17";"11";"2024";"09:30";"1";"34";"34301";"2";"6";"1";"3";"MARTELLI GILBERT (AVENUE)";"43,40915000";"3,70505000"
"202400004626";"11";"08";"2024";"12:25";"1";"28";"28177";"1";"1";"1";"6";"A 11, PK 057.540";"48,43824100";"1,52446600"
"202400004627";"30";"12";"2024";"19:02";"5";"93";"93066";"2";"2";"1";"1";"CARNOT (BOULEVARD)";"48,93854000";"2,35081000"
"202400004628";"8";"02";"2024";"08:10";"2";"94";"94068";"2";"3";"2";"6";"Boulevard du Général Giraud / Boulevard de Créteil";"48,79883200";"2,47350800"
"202400004629";"11";"08";"2024";"13:00";"1";"974";"97412";"2";"1";"1";"2";"Rue Charles Baudelaire";" -21,38147500";"55,64865400"
"202400004630";"27";"12";"2024";"13:55";"1";"93";"93066";"2";"1";"1";"6";"Allée Camelinat";"48,94806925";"2,35177696"
"202400004631";"9";"02";"2024";"08:15";"1";"94";"94042";"2";"5";"2";"3";"Pont de Joinville / Quai de la Marne";"48,82018000";"2,46734000"
"202400004632";"22";"12";"2024";"22:20";"5";"93";"93066";"2";"3";"2";"3";"CITE DANIELLE CASANOVA";"48,92505672";"2,36771944"
"202400004633";"10";"08";"2024";"20:06";"2";"63";"63143";"1";"3";"7";"3";"D984";"46,04543900";"3,25945800"
"202400004634";"8";"02";"2024";"14:30";"1";"94";"94003";"2";"3";"2";"1";"Rue du Colonel Fabien / Rue de la Citadelle";"48,79890144";"2,34103230"
"202400004635";"11";"08";"2024";"05:25";"3";"46";"46148";"1";"1";"1";"6";"2116 Route de Vaylats";"44,33734000";"1,57419900"
"202400004636";"19";"12";"2024";"06:45";"5";"93";"93066";"2";"2";"2";"3";"LIBERATION RD14 (BOULEVARD)";"48,92955449";"2,34100615"
"202400004637";"11";"08";"2024";"11:55";"1";"26";"26247";"1";"1";"1";"6";"N7";"45,16319607";"4,82640622"
"202400004638";"9";"02";"2024";"19:20";"5";"94";"94021";"2";"2";"1";"5";"Avenue du 11 novembre 1918 / Avenue de la République";"48,76069000";"2,36455000"
"202400004639";"28";"11";"2024";"11:30";"1";"93";"93066";"2";"3";"1";"2";"CROIZAT AMBROISE RD 29 BIS";"48,93024731";"2,35049907"
"202400004640";"11";"08";"2024";"16:15";"1";"79";"79057";"2";"3";"1";"7";"N/A";"46,15445600";" -0,23026900"
"202400004641";"9";"02";"2024";"18:45";"5";"94";"94016";"2";"3";"1";"6";"Av du Mal de Lattre de Tassigny / Rue des Saussaies";"48,78847100";"2,33263900"
"202400004642";"21";"11";"2024";"23:25";"5";"93";"93066";"2";"1";"4";"2";"PORTE DE PARIS (PLACE)";"48,92872000";"2,35675000"
"202400004643";"7";"08";"2024";"09:45";"1";101;101269";"1";"9";"1";"5";"Cala d'Oru";"41,82659500";"9,40449800"
"202400004644";"9";"02";"2024";"05:00";"5";"94";"94077";"2";"2";"1";"3";"Rue Marcel Risser / Avenue Pasteur";"48,73742300";"2,41923700"
"202400004645";"19";"11";"2024";"13:20";"1";"93";"93066";"2";"3";"2";"3";"""POULLAIN AUGUSTE, NR 1 A 51""";"48,94075323";"2,35660672"
"202400004646";"9";"02";"2024";"20:42";"5";"94";"94017";"2";"6";"1";"6";"Avenue Maurice Thorez / Voie Sonia Delaunay";"48,81143000";"2,53652100"
"202400004647";"25";"09";"2024";"13:24";"1";"44";"44154";"2";"1";"3";"3";"Avenue Guy Lafontaine";"47,24297600";" -2,15764400"
"202400004648";"9";"02";"2024";"08:00";"2";"94";"94017";"2";"6";"8";"6";"Avenue Maurice Thorez / Route de la Libération";"48,80595000";"2,53377000"
"202400004649";"10";"08";"2024";"09:10";"1";"69";"69066";"1";"3";"1";"2";"Route de Thizy";"46,08277500";"4,31153000"
"202400004650";"4";"10";"2024";"17:25";"1";"44";"44054";"1";"2";"1";"3";"N/A";"47,63514055";" -1,30209446"
"202400004651";"8";"02";"2024";"20:45";"5";"94";"94071";"2";"2";"1";"2";"Avenue Olivier d'Ormesson / Rue du Pont de Chennevières";"48,78090000";"2,51221000"
"202400004652";"11";"08";"2024";"10:50";"1";"71";"71015";"1";"1";"1";"6";"2 Route de Chalon";"46,95339700";"4,37837400"
"202400004653";"8";"12";"2024";"02:45";"5";"25";"25056";"2";"1";"2";"6";"CLEMENCEAU AVENUE G.";"47,23817000";"6,00814000"
"202400004654";"9";"02";"2024";"16:04";"1";"93";"93073";"2";"3";"1";"6";"Avenue de la Station / Avenue la Fontaine";"48,95650000";"2,57249000"
"202400004655";"10";"12";"2024";"16:50";"2";"61";"61394";"2";"1";"1";"6";"19 Avenue de la République";"48,27840100";"0,60443900"
"202400004656";"10";"08";"2024";"14:00";"1";"71";"71009";"1";"1";"1";"1";"20 Rue Andre Basdevant";"47,07785300";"4,10055400"
"202400004657";"10";"08";"2024";"02:30";"3";"61";"61230";"1";"1";"1";"6";"RD918";"48,55672700";"0,74508500"
"202400004658";"9";"02";"2024";"20:00";"4";"93";"93059";"2";"1";"1";"2";"Chemin Latéral";"48,95349000";"2,35587000"
"202400004659";"28";"12";"2024";"23:34";"5";"74";"74010";"2";"3";"5";"3";"PONT NEUF";"45,89642000";"6,11168000"
"202400004660";"11";"08";"2024";"16:45";"1";"55";"55527";"1";"1";"1";"7";"RD38 PK005 +340";"49,21117673";"5,01168126"
"202400004661";"9";"02";"2024";"15:40";"1";"93";"93071";"2";"3";"2";"1";"Avenue Dumont d'Urville / Rue Charles Conrad";"48,94679200";"2,52391200"
"202400004662";"5";"12";"2024";"18:50";"5";"24";"24557";"1";"1";"2";"4";"GRANDOU (AVENUE MICHEL)";"45,18906978";"0,75374946"
"202400004663";"9";"02";"2024";"10:00";"1";"93";"93066";"2";"2";"2";"3";"Avenue Lénine / Rue Robert Desnos";"48,93957900";"2,36899100"
"202400004664";"7";"08";"2024";"06:00";"4";"82";"82186";"2";"6";"2";"2";"Cours de Verdun";"44,11261400";"0,88281200"
"202400004665";"8";"07";"2024";"10:30";"1";"49";"49069";"1";"2";"1";"3";"D 23";"47,28000100";" -1,20675800"
"202400004666";"19";"12";"2024";"12:55";"1";"32";"32312";"1";"1";"2";"6";"D626";"43,61676500";"0,67574500"
"202400004667";"8";"02";"2024";"16:50";"1";"93";"93066";"2";"9";"2";"3";"Avenue Romain Rolland";"48,93912762";"2,37981797"
"202400004668";"11";"08";"2024";"12:10";"1";"12";"12238";"1";"1";"1";"6";"La Glène";"44,21415600";"3,01170200"
"202400004669";"9";"12";"2024";"16:50";"1";"32";"32312";"1";"1";"2";"6";"route départementale 626 - PK 47+460";"43,61908898";"0,67109257"
"202400004670";"9";"02";"2024";"14:00";"1";"93";"93053";"2";"3";"1";"3";"Rue du Parc / Rue Mozart";"48,89450000";"2,44360000"
"202400004671";"27";"10";"2024";"14:30";"1";"91";"91312";"2";"8";"1";"6";"FRAISES (CHEMIN DES)";"48,73712000";"2,23155000"
"202400004672";"10";"08";"2024";"05:15";"4";"47";"47210";"1";"8";"1";"3";"le Pigeonnier";"44,26086000";"0,35052200"
"202400004673";"10";"08";"2024";"19:45";"2";"22";"22135";"1";"1";"1";"6";"Lieu Dit Kermaria";"48,57505800";" -3,37793600"
"202400004674";"9";"02";"2024";"14:20";"1";"93";"93050";"2";"2";"1";"6";"Rue Paul et Camille Thomoux / Avenue du General de Gaulle";"48,85717500";"2,53115800"
"202400004675";"5";"12";"2024";"18:15";"3";"84";"84095";"1";"1";"1";"1";"D139";"43,74273200";"5,34321800"
"202400004676";"8";"02";"2024";"18:00";"4";"93";"93048";"2";"3";"2";"6";"Rue Hoche / Rue Désiré Préaux";"48,86379488";"2,43126154"
"202400004677";"9";"12";"2024";"13:55";"1";"28";"28391";"1";"1";"8";"1";"RD 2020";"48,21884000";"1,95084600"
"202400004678";"9";"08";"2024";"11:30";"1";"39";"39350";"1";"3";"1";"3";"N/A";"46,99077200";"5,64464300"
"202400004679";"5";"12";"2024";"06:00";"5";"28";"28280";"2";"1";"2";"7";"21 Rue Saint-hilaire";"48,32366300";"0,81541700"
"202400004680";"9";"02";"2024";"14:50";"1";"93";"93005";"2";"2";"8";"6";"Avenue du 14 Juillet / Avenue Dumont";"48,92919000";"2,49526600"
"202400004681";"1";"11";"2024";"03:20";"3";"28";"28140";"2";"9";"1";"6";"29ter Rue Normande";"48,61308800";"1,67427300"
"202400004682";"10";"08";"2024";"21:45";"5";"25";"25527";"1";"1";"1";"2";"D673";"47,18619400";"5,82350000"
"202400004683";"9";"02";"2024";"17:20";"1";"92";"92046";"2";"2";"1";"3";"JACQUES JEZEQUEL (AVENUE)";"48,81825268";"2,29226956"
"202400004684";"17";"10";"2024";"18:00";"1";"28";"28121";"1";"1";"1";"1";"route départementale 154";"48,11396400";"1,86063800"
"202400004685";"10";"08";"2024";"18:50";"1";"29";"29111";"1";"1";"1";"2";"Trofagan";"48,57706306";" -4,23090582"
"202400004686";"9";"02";"2024";"14:00";"1";"92";"92046";"2";"1";"1";"3";"DE STALINGRAD";"48,81494479";"2,28251266"
"202400004687";"28";"11";"2024";"08:45";"1";"13";"13001";"1";"1";"1";"3";"LEDOUX CLAUDE NICOLAS (RUE)";"43,48229800";"5,38548900"
"202400004688";"16";"07";"2024";"15:15";"1";"971";"97117";"1";"1";"1";"1";"1888 Route de Saint-françois";"16,32513800";" -61,32839800"
"202400004689";"8";"02";"2024";"20:10";"3";"92";"92077";"2";"3";"2";"3";"SEVRES (RUE DE)";"48,82667262";"2,19010279"
"202400004690";"9";"02";"2024";"14:40";"1";"92";"92064";"2";"1";"1";"6";"REPUBLIQUE";"48,85080645";"2,21330217"
"202400004691";"9";"08";"2024";"10:00";"1";"31";"31487";"1";"9";"7";"6";"1490 Route de Boulogne";"43,16370581";"0,68970601"
"202400004692";"30";"10";"2024";"10:30";"1";"24";"24053";"1";"1";"1";"1";"ATUR (ROUTE D')";"45,11496000";"0,77374000"
"202400004693";"8";"02";"2024";"00:50";"5";"92";"92033";"2";"1";"2";"6";"SURESNES";"48,84549043";"2,18715513"
"202400004694";"9";"08";"2024";"12:50";"1";"84";"84017";"1";"1";"1";"7";"Route du Mont-ventoux";"44,12431700";"5,26049900"
"202400004695";"9";"02";"2024";"13:00";"1";"92";"92050";"2";"1";"1";"3";"FONTANOT RUE DES TROIS";"48,89633875";"2,21990275"
"202400004696";"16";"04";"2024";"22:15";"5";"93";"93008";"2";"2";"1";"6";"Avenue du Président Salvador Allende / Boulevard Maurice Thorez";"48,90668300";"2,44560800"
"202400004697";"11";"08";"2024";"03:00";"3";"26";"26376";"1";"1";"1";"7";"D570";"44,43913500";"5,28804000"
"202400004698";"9";"02";"2024";"07:05";"5";"92";"92040";"2";"9";"1";"3";"CAMILLE DESMOULINS";"48,83019080";"2,26531130"
"202400004699";"11";"12";"2024";"05:25";"2";"59";"59400";"2";"1";"1";"6";"101 Rue du General de Gaulle";"50,63754600";"2,64122200"
"202400004700";"10";"08";"2024";"17:45";"1";"66";"66187";"1";"1";"1";"1";"D117";"42,80411244";"2,43994117"
"202400004701";"9";"02";"2024";"18:50";"5";"92";"92025";"2";"3";"1";"3";"E.VAILLANT > 116   95 (RUE)";"48,91671451";"2,23779165"
"202400004702";"31";"05";"2024";"23:30";"5";"972";"97213";"1";"6";"1";"2";"ROUTE NATIONALE 1";"14,65673000";" -60,97276000"
"202400004703";"9";"02";"2024";"08:50";"1";"92";"92012";"2";"5";"8";"3";"QUATRE SEPTEMBRE (QUAI DU)";"48,84122000";"2,22528000"
"202400004704";"4";"08";"2024";"08:20";"1";"14";"14318";"2";"3";"1";"6";"5 Chemin de Banville";"49,32698200";" -0,47048600"
"202400004705";"31";"05";"2024";"08:35";"1";"972";"97213";"1";"1";"1";"2";"AUTOROUTE A1";"14,61841000";" -61,02457000"
"202400004706";"9";"02";"2024";"13:30";"1";"92";"92002";"2";"9";"1";"6";"GARENNES (RUE DES)";"48,73967804";"2,28615296"
"202400004707";"10";"08";"2024";"18:37";"1";"90";"90104";"1";"1";"1";"7";"Rue de Chèvremont";"47,61003800";"6,91417100"
"202400004708";"24";"05";"2024";"09:00";"1";"972";"97213";"1";"1";"1";"2";"ROUTE DEPARTEMENTALE 14";"14,62100000";" -61,02100000"
"202400004709";"9";"02";"2024";"08:12";"1";"92";"92002";"2";"1";"1";"3";"GENERAL DE GAULLE (PLACE DU)";"48,76326706";"2,30901074"
"202400004710";"11";"08";"2024";"10:25";"1";"64";"64257";"1";"1";"1";"1";"Route des Labasseres";"43,15050700";" -0,32763700"
"202400004711";"9";"02";"2024";"14:00";"1";"24";"24164";"2";"6";"2";"7";"Avenue André Audy";"45,33264400";"1,04859400"
"202400004712";"19";"05";"2024";"21:15";"3";"972";"97213";"1";"1";"1";"3";"ROUTE DEPARTEMENTALE 3";"14,60262200";" -60,99763700"
"202400004713";"10";"08";"2024";"11:20";"1";"07";"07023";"1";"1";"1";"7";"Route de Chauzon";"44,52012900";"4,34711000"
"202400004714";"10";"08";"2024";"18:55";"1";"85";"85012";"2";"6";"1";"7";"RD38C";"46,88487200";" -2,11799000"
"202400004715";"7";"05";"2024";"13:30";"1";"972";"97213";"2";"1";"1";"3";"ROUTE DEPARTEMENTALE 15";"14,61770000";" -61,00532000"
"202400004716";"9";"02";"2024";"12:40";"1";"22";"22237";"1";"6";"7";"3";"Rond-point de la Millière";"48,52630400";" -2,25131200"
"202400004717";"30";"04";"2024";"10:20";"1";"972";"97213";"1";"1";"1";"2";"ROUTE NATIONALE 6";"14,59652000";" -60,97785000"
"202400004718";"10";"02";"2024";"09:39";"1";"85";"85223";"1";"1";"1";"1";"RD948";"46,57729000";" -1,10457900"
"202400004719";"10";"08";"2024";"14:45";"1";"27";"27126";"2";"3";"1";"3";"Route de la Haute Voie";"49,32805900";"0,56416500"
"202400004720";"11";"08";"2024";"09:20";"1";"37";"37117";"2";"1";"1";"2";"10 Rue des Maisons Rouges";"47,42280930";"0,29608566"
"202400004721";"29";"04";"2024";"07:20";"1";"972";"97213";"1";"3";"8";"3";"ROUTE DEPARTEMENTALE 14";"14,64420000";" -61,02339000"
"202400004722";"9";"02";"2024";"20:15";"3";"85";"85153";"1";"1";"1";"1";"RD48";"46,74999000";" -1,10103600"
"202400004723";"9";"08";"2024";"19:20";"1";"30";"30352";"1";"1";"1";"1";"D6110";"43,81195500";"4,09413500"
"202400004724";"10";"02";"2024";"00:10";"3";"51";"51287";"1";"1";"2";"2";"D951";"49,08235500";"3,96235200"
"202400004725";"25";"04";"2024";"08:50";"1";"972";"97213";"1";"1";"1";"4";"AUTOROUTE A1";"14,61812000";" -61,02189000"
"202400004726";"11";"08";"2024";"13:32";"1";"10";"10363";"1";"9";"1";"6";"Autoroute A5";"48,22110000";"4,12840000"
"202400004727";"9";"02";"2024";"15:10";"1";"78";"78031";"2";"1";"1";"3";"63 Route de Houdan";"48,94627000";"1,69522600"
"202400004728";"24";"04";"2024";"22:30";"5";"972";"97213";"1";"1";"1";"7";"LONG BOIS (CHEMIN)";"14,64121965";" -60,99302448"
"202400004729";"9";"02";"2024";"17:55";"2";"61";"61404";"1";"1";"8";"6";"RD 932";"48,56174000";"0,50560700"
"202400004730";"11";"08";"2024";"05:03";"3";"13";"13069";"2";"1";"1";"3";"Chemin de la Petite Brulière";"43,63298300";"5,15040200"
"202400004731";"13";"04";"2024";"07:40";"1";"972";"97213";"1";"1";"2";"2";"AUTOROUTE A1";"14,61800000";" -61,01900000"
"202400004732";"9";"02";"2024";"22:55";"3";"42";"42212";"1";"1";"1";"6";"N7";"45,96693200";"4,13495800"
"202400004733";"10";"08";"2024";"16:50";"1";"01";"01331";"2";"1";"1";"6";"N/A";"46,10649700";"5,45365200"
"202400004734";"12";"04";"2024";"07:55";"1";"972";"97213";"1";"1";"1";"4";"AUTOROUTE A1";"14,61822000";" -61,02097000"
"202400004735";"10";"02";"2024";"09:00";"1";"42";"42013";"2";"1";"2";"5";"Avenue des Farges";"45,64643300";"4,28980700"
"202400004736";"10";"08";"2024";"19:45";"2";"38";"38048";"1";"1";"7";"3";"CD124";"45,60718500";"5,11015500"
"202400004737";"10";"02";"2024";"06:00";"3";"47";"47097";"1";"1";"2";"6";"D930";"44,24461175";"0,38370895"
"202400004738";"29";"12";"2024";"20:35";"5";"84";"84054";"2";"1";"1";"2";"675 Cours Fernande Peyre";"43,92533500";"5,06251900"
"202400004739";"22";"12";"2024";"23:10";"5";"84";"84031";"2";"1";"2";"6";"VILLEMARIE AVENUE DE";"44,05230000";"5,03726000"
"202400004740";"9";"02";"2024";"14:45";"1";"35";"35248";"1";"1";"1";"6";"Le Racognet";"48,54410854";" -1,60877690"
"202400004741";"22";"12";"2024";"05:50";"5";"84";"84031";"2";"1";"1";"6";"HERMITAGE CHEMIN DE L'";"44,08270000";"5,06741000"
"202400004742";"11";"08";"2024";"08:25";"1";"63";"63430";"1";"1";"1";"2";"A89 - PK 429+010";"45,86136984";"3,50105353"
"202400004743";"10";"02";"2024";"08:45";"1";"29";"29207";"1";"4";"8";"3";"Cosquer .";"48,54630262";" -3,81693042"
"202400004744";"19";"12";"2024";"16:05";"1";"84";"84026";"1";"1";"1";"6";"D943";"43,71851200";"5,37718500"
"202400004745";"10";"08";"2024";"23:30";"3";"36";"36200";"1";"1";"1";"2";"N/A";"46,61255235";"1,52657926"
"202400004746";"16";"12";"2024";"09:50";"1";"84";"84031";"2";"1";"1";"3";"PEYRIERE CHEMIN DE";"44,06731000";"5,07117000"
"202400004747";"9";"02";"2024";"15:50";"1";"29";"29037";"1";"3";"1";"2";"Menez Veil Avel";"47,87871391";" -4,13838010"
"202400004748";"10";"02";"2024";"03:40";"3";"58";"58207";"1";"1";"1";"6";"route de bizy";"47,09510700";"3,18579900"
"202400004749";"10";"08";"2024";"14:10";"1";"11";"11379";"1";"1";"1";"2";"PK 208.800, sur A9";"43,02711400";"2,95236100"
"202400004750";"16";"12";"2024";"21:07";"5";"49";"49007";"2";"2";"1";"3";"Rue Pierre Blandin";"47,47799000";" -0,59200000"
"202400004751";"10";"02";"2024";"14:40";"1";"58";"58021";"2";"1";"2";"6";"Route de Chantenay";"46,78482900";"3,22925600"
"202400004752";"10";"08";"2024";"09:30";"1";"987";"98733";"2";"1";"1";"6";"pk 26.300 C/mer à hauteur de la serviture MAHATIA ROA";" -17,73150900";" -149,57964600"
"202400004753";"7";"11";"2024";"07:30";"3";"80";"80109";"1";"1";"5";"1";"D928";"50,26218700";"1,97438500"
"202400004754";"4";"02";"2024";"17:00";"1";"66";"66053";"2";"6";"1";"7";"D114, Rond Point de la Corniche";"42,52941300";"3,07699800"
"202400004755";"11";"08";"2024";"12:14";"1";"91";"91593";"1";"1";"1";"6";"Route du Tertre";"48,54054500";"2,07714600"
"202400004756";"22";"06";"2024";"23:17";"5";"93";"93008";"2";"3";"1";"1";"Avenue Henri Barbusse / Rue Nelson Mandela";"48,91193000";"2,43491000"
"202400004757";"11";"08";"2024";"07:20";"1";100;100093";"1";"1";"1";"6";"Zone Artisanale";"42,61085100";"8,89126000"
"202400004758";"8";"11";"2024";"08:30";"1";"85";"85194";"2";"9";"1";"6";"Rue édouard belin";"46,51670000";" -1,78350000"
"202400004759";"9";"02";"2024";"17:30";"2";"16";"16253";"1";"1";"1";"1";"route de chef boutonne";"46,04095600";"0,03500800"
"202400004760";"11";"08";"2024";"12:55";"1";"71";"71176";"2";"1";"1";"2";"76 Avenue du General de Gaulle";"46,48418000";"3,98732000"
"202400004761";"7";"03";"2024";"21:30";"5";"93";"93014";"2";"1";"1";"6";"Allée Henri Barbusse";"48,90616000";"2,55112000"
"202400004762";"3";"02";"2024";"10:50";"1";"07";"07230";"1";"3";"1";"3";"Col d'Auriolles";"44,68623000";"4,46692900"
"202400004763";"11";"08";"2024";"12:35";"1";"88";"88273";"1";"1";"1";"1";"D46";"48,21767600";"6,50569000"
"202400004764";"15";"12";"2024";"21:14";"5";"03";"03310";"2";"2";"1";"3";"avenue de la liberté";"46,12607300";"3,43666000"
"202400004765";"6";"02";"2024";"08:00";"1";"34";"34153";"1";"1";"1";"7";"departementale 17 E3";"43,72856900";"3,80056100"
"202400004766";"11";"08";"2024";"10:00";"1";"63";"63150";"2";"1";"1";"7";"5 Avenue de la Libération";"45,89836000";"3,04940300"
"202400004767";"23";"11";"2024";"10:00";"1";"03";"03023";"2";"2";"1";"3";"avenue de Russie";"46,11637000";"3,40949900"
"202400004768";"9";"08";"2024";"18:00";"1";"63";"63284";"2";"2";"1";"2";"avenue Roger Coulon";"45,79822384";"3,24042467"
"202400004769";"9";"02";"2024";"20:50";"3";"21";"21042";"1";"1";"1";"6";"Autoroute A36, PK 202+000";"47,03058500";"5,09012200"
"202400004770";"12";"11";"2024";"11:00";"1";"03";"03095";"2";"1";"1";"3";"avenue de Vichy";"46,13456000";"3,44349000"
"202400004771";"10";"08";"2024";"16:55";"1";"73";"73006";"2";"6";"1";"3";"D990 Avenue de la tarentaise";"45,55504600";"6,64401900"
"202400004772";"20";"10";"2024";"20:40";"3";"03";"03023";"2";"1";"1";"3";"Avenue de Vichy";"46,12472800";"3,40195800"
"202400004773";"27";"09";"2024";"18:25";"1";"03";"03310";"2";"1";"2";"6";"Rue Marechal Foch";"46,12354000";"3,42128000"
"202400004774";"9";"02";"2024";"21:30";"3";"77";"77071";"1";"1";"1";"5";"A6, PK 85+300 vers Paris";"48,19606000";"2,80917400"
"202400004775";"11";"08";"2024";"16:33";"1";"07";"07042";"2";"1";"1";"7";"Rue du Dieu Mithra";"44,36888900";"4,64344200"
"202400004776";"24";"10";"2024";"12:00";"1";"75";"75105";"2";"3";"1";"6";"BOULEVARD SAINT MARCEL";"48,83763200";"2,35438200"
"202400004777";"9";"08";"2024";"10:59";"1";"01";"01027";"2";"6";"1";"2";"D84b";"45,84200800";"5,11195800"
"202400004778";"7";"02";"2024";"16:50";"2";"77";"77238";"1";"1";"2";"3";"D402";"48,86872300";"3,09172900"
"202400004779";"5";"04";"2024";"17:30";"1";"03";"03095";"2";"1";"7";"3";"Rue des Peupliers";"46,13536800";"3,43470300"
"202400004780";"8";"08";"2024";"19:02";"1";"69";"69160";"1";"1";"1";"6";"Route de Claveisolles";"46,13657900";"4,49083300"
"202400004781";"10";"02";"2024";"07:50";"1";"83";"83065";"1";"1";"3";"6";"D559";"43,22652500";"6,57216000"
"202400004782";"9";"02";"2024";"06:30";"2";"13";"13018";"1";"6";"2";"7";"D24";"43,86021500";"4,96290200"
"202400004783";"25";"03";"2024";"12:40";"1";"03";"03095";"2";"6";"1";"2";"N/A";"46,13754200";"3,44783200"
"202400004784";"10";"08";"2024";"12:10";"1";"17";"17058";"2";"2";"1";"3";"D728";"45,83315000";" -1,12688200"
"202400004785";"28";"12";"2024";"18:15";"5";"28";"28404";"2";"9";"1";"6";"CHAPPEY (AVE MARC)";"48,73109000";"1,33974000"
"202400004786";"9";"02";"2024";"17:35";"2";"01";"01249";"2";"2";"3";"1";"2215 Grande Rue";"45,82674300";"4,96812700"
"202400004787";"10";"02";"2024";"16:45";"1";"69";"69171";"1";"1";"2";"6";"Route Départementale 24E2";"45,80710494";"4,60290536"
"202400004788";"24";"12";"2024";"07:25";"3";"28";"28404";"2";"1";"2";"6";"FRANKLIN (RUE BENJAMIN)";"48,72847000";"1,32186000"
"202400004789";"10";"08";"2024";"21:40";"5";"33";"33300";"1";"2";"1";"5";"N/A";"45,24871400";" -1,00279500"
"202400004790";"10";"02";"2024";"11:10";"1";"85";"85088";"2";"6";"1";"3";"RD754";"46,70869500";" -1,91772000"
"202400004791";"19";"12";"2024";"19:00";"5";"28";"28134";"2";"9";"2";"6";"Jean Hieaux";"48,73233000";"1,35921000"
"202400004792";"10";"08";"2024";"07:20";"1";"33";"33439";"2";"6";"1";"6";"N/A";"45,11607100";" -0,40070100"
"202400004793";"10";"02";"2024";"09:45";"1";"29";"29179";"1";"6";"8";"6";"Rue Jacques Marquette";"48,56162000";" -4,32148400"
"202400004794";"15";"12";"2024";"11:25";"1";"28";"28134";"2";"1";"1";"6";"FERRY (BLD JULES)";"48,72471000";"1,36895000"
"202400004795";"9";"02";"2024";"21:30";"3";"29";"29180";"1";"1";"2";"6";"Kerloussouarn";"48,42694000";" -4,11741226"
"202400004796";"22";"11";"2024";"20:22";"3";"60";"60176";"1";"1";"9";"6";"Crépy-en-Valois";"49,23375946";"2,92538881"
"202400004797";"10";"02";"2024";"10:00";"1";"80";"80784";"1";"1";"8";"1";"RD1";"49,93225800";"2,55161300"
"202400004798";"17";"12";"2024";"07:25";"2";"84";"84089";"2";"1";"1";"6";"217 rue albert delsome, pertuis";"43,68459400";"5,50482600"
"202400004799";"9";"02";"2024";"23:30";"3";"59";"59430";"1";"1";"2";"1";"D955";"50,13973331";"3,52137079"
"202400004800";"8";"02";"2024";"07:45";"1";"13";"13001";"1";"1";"1";"2";"A51-Sens Marseille vers Aix en Provence";"43,49249000";"5,41253000"
"202400004801";"27";"12";"2024";"19:59";"3";"32";"32013";"1";"1";"5";"5";"AGEN (ROUTE D')";"43,65683998";"0,59712946"
"202400004802";"9";"02";"2024";"05:45";"5";"83";"83069";"1";"1";"2";"2";"A570";"43,11621422";"6,11089349"
"202400004803";"30";"11";"2024";"17:25";"2";"13";"13118";"1";"1";"1";"7";"A7 direction LYON";"43,55346200";"5,23706700"
"202400004804";"8";"02";"2024";"08:14";"1";"83";"83137";"1";"1";"1";"3";"A50";"43,12460846";"5,90378780"
"202400004805";"8";"11";"2024";"14:40";"1";"41";"41161";"2";"8";"1";"1";"Rue des Bruyères";"47,53471800";"2,03296400"
"202400004806";"8";"02";"2024";"10:50";"1";"59";"59271";"1";"1";"3";"6";"AUTOROUTE A16";"51,00768000";"2,32408000"
"202400004807";"9";"02";"2024";"10:20";"1";"91";"91086";"1";"1";"1";"3";"RN 104";"48,62415800";"2,38050900"
"202400004808";"23";"11";"2024";"06:27";"3";"88";"88475";"1";"1";"4";"1";"D1";"48,10405000";"5,72164500"
"202400004809";"24";"11";"2024";"02:30";"3";"88";"88101";"1";"1";"1";"1";"Route d'Epinal";"48,14880100";"6,57811800"
"202400004810";"9";"02";"2024";"00:25";"5";"94";"94043";"1";"1";"2";"3";"A6B";"48,80756706";"2,34698475"
"202400004811";"22";"12";"2024";"14:30";"1";"88";"88440";"1";"1";"4";"6";"A31 - PK 182+350 - sens ""vers NANCY""";"48,26769800";"5,86206400"
"202400004812";"9";"02";"2024";"00:57";"5";"94";"94037";"1";"1";"2";"6";"A6A";"48,81566207";"2,33656078"
"202400004813";"27";"12";"2024";"10:40";"1";"88";"88486";"2";"3";"7";"1";"Rue d'Ouffet";"48,00593900";"6,71773200"
"202400004814";"9";"02";"2024";"19:10";"3";"78";"78043";"1";"1";"1";"3";"A13Y";"48,84975000";"2,07035300"
"202400004815";"21";"12";"2024";"10:18";"1";"88";"88181";"2";"1";"1";"1";"4 Route de Guerreau";"48,18325200";"7,00903000"
"202400004816";"9";"02";"2024";"17:05";"1";"78";"78007";"1";"1";"1";"4";"A13W";"48,89538500";"2,00712500"
"202400004817";"21";"12";"2024";"18:45";"3";"88";"88101";"1";"1";"3";"1";"D11";"48,14394800";"6,60487500"
"202400004818";"9";"02";"2024";"11:20";"1";"92";"92051";"1";"1";"1";"6";"RN13";"48,88483447";"2,26044686"
"202400004819";"9";"02";"2024";"05:50";"3";"78";"78140";"1";"1";"1";"6";"A13";"48,96110000";"1,93012200"
"202400004820";"21";"12";"2024";"15:53";"1";"88";"88047";"1";"1";"2";"5";"D165";"48,20582800";"6,16955300"
"202400004821";"8";"02";"2024";"22:10";"5";"92";"92063";"1";"1";"2";"3";"A86";"48,89000239";"2,17016741"
"202400004822";"20";"12";"2024";"18:55";"3";"88";"88372";"2";"1";"1";"2";"Rue du Général Sarrail";"48,39373900";"6,81576700"
"202400004823";"8";"02";"2024";"08:20";"1";"92";"92064";"1";"1";"2";"5";"A13";"48,83737301";"2,18864290"
"202400004824";"17";"12";"2024";"09:04";"1";"88";"88321";"2";"3";"8";"2";"3 Rue Moulaune";"48,35374700";"5,69629300"
"202400004825";"8";"02";"2024";"07:30";"2";"92";"92025";"1";"1";"2";"2";"A86";"48,92210032";"2,22649712"
"202400004826";"16";"12";"2024";"16:35";"2";"88";"88161";"2";"1";"8";"1";"Route de Lerrain";"48,12949900";"6,17630100"
"202400004827";"15";"12";"2024";"19:55";"4";"88";"88415";"2";"6";"1";"1";"Grande Rue";"48,02136000";"6,61003000"
"202400004828";"7";"02";"2024";"20:50";"4";"92";"92023";"1";"1";"2";"2";"A86 INT";"48,77706717";"2,22483516"
"202400004829";"7";"12";"2024";"09:20";"1";"88";"88268";"1";"1";"2";"1";"N159";"48,28597200";"7,06886400"
"202400004830";"14";"11";"2024";"18:00";"3";"84";"84106";"2";"3";"1";"3";"D 976";"44,23064800";"4,88067600"
"202400004831";"30";"12";"2024";"11:50";"1";"84";"84137";"2";"1";"1";"6";"20 rue du vercors";"44,25097500";"5,06102900"
"202400004832";"8";"02";"2024";"12:30";"1";"95";"95241";"1";"1";"2";"2";"N104";"49,04574620";"2,45093450"
"202400004833";"3";"12";"2024";"12:45";"1";"84";"84019";"2";"1";"1";"6";"Boulevard Leon Gambetta";"44,27982400";"4,74593300"
"202400004834";"28";"12";"2024";"18:30";"4";"74";"74105";"2";"1";"5";"3";"ESSERTS (RUE DES)";"46,29836000";"6,30877000"
"202400004835";"28";"10";"2024";"05:41";"3";"74";"74002";"1";"1";"1";"1";"1160 route d'Aix les bains";"45,81974500";"6,00813700"
"202400004836";"7";"02";"2024";"20:00";"3";"95";"95572";"1";"1";"2";"5";"A15";"49,03172857";"2,11685610"
"202400004837";"31";"08";"2024";"14:56";"1";"74";"74099";"2";"2";"1";"1";"106 Route de sallanches";"45,86890800";"6,62843000"
"202400004838";"9";"02";"2024";"07:00";"2";"93";"93051";"1";"1";"1";"5";"A4";"48,83558148";"2,56793626"
"202400004839";"9";"02";"2024";"00:30";"3";"77";"77468";"1";"1";"3";"6";"A104";"48,84990300";"2,66141800"
"202400004840";"26";"02";"2024";"21:55";"4";"93";"93005";"2";"1";"2";"2";"ANDRE CITROEN (BOULEVARD)";"48,95880950";"2,48577911"
"202400004841";"8";"02";"2024";"07:35";"1";"974";"97416";"2";"1";"1";"2";"LIGNE DES BAMBOUS(ROUTE)";" -21,29955000";"55,49075000"
"202400004842";"18";"11";"2024";"23:50";"3";"91";"91179";"1";"1";"3";"3";"AUTOROUTE A6";"48,57168200";"2,46887000"
"202400004843";"27";"12";"2024";"20:40";"3";"44";"44020";"2";"1";"1";"6";"N/A";"47,18141220";" -1,61159635"
"202400004844";"7";"02";"2024";"16:00";"2";"974";"97411";"2";"1";"1";"3";"RIVIERE DES PLUIES (ROUTE DE LA)";" -20,90147000";"55,50059000"
"202400004845";"28";"12";"2024";"17:15";"1";"84";"84065";"1";"1";"1";"7";"Chemin de Roque Hauturiere";"43,74108800";"5,29939100"
"202400004846";"6";"02";"2024";"18:05";"1";"974";"97411";"2";"9";"1";"6";"GAULLE (DU GENERAL DE)";" -20,88559000";"55,45410000"
"202400004847";"26";"12";"2024";"12:25";"1";"84";"84101";"1";"1";"1";"7";"route de saint antoine";"43,97321400";"5,09594000"
"202400004848";"8";"02";"2024";"11:30";"1";"973";"97302";"2";"3";"1";"3";"ZEPHIR (ROCADE)";"4,93483000";" -52,30848000"
"202400004849";"13";"12";"2024";"20:30";"5";"84";"84003";"2";"2";"2";"6";"809 Avenue Victor Hugo";"43,88050700";"5,38467400"
"202400004850";"7";"02";"2024";"06:00";"2";"973";"97302";"2";"1";"1";"6";"BADUEL (ROUTE DE)";"4,92903000";" -52,29692000"
"202400004851";"25";"12";"2024";"01:00";"5";"44";"44109";"2";"1";"1";"6";"Boulevard Salvador Allende";"47,20707127";" -1,57359362"
"202400004852";"8";"02";"2024";"07:00";"2";100;100033";"2";"1";"1";"1";"TOUTES RUES";"42,68065000";"9,44683000"
"202400004853";"18";"12";"2024";"08:20";"1";"44";"44109";"2";"1";"1";"6";"7 Boulevard Albert Einstein";"47,25962074";" -1,55864686"
"202400004854";"29";"11";"2024";"03:50";"3";"44";"44190";"1";"1";"1";"6";"N/A";"47,21131140";" -1,48474935"
"202400004855";"7";"02";"2024";"21:00";"4";"91";"91552";"1";"1";"2";"6";"RN 20";"48,60416000";"2,24865000"
"202400004856";"25";"11";"2024";"00:10";"3";"44";"44162";"2";"1";"1";"6";"Boulevard Charles Gautier";"47,22508500";" -1,62076600"
"202400004857";"8";"02";"2024";"06:20";"5";"91";"91027";"2";"1";"2";"2";"BOURBONNAIS (AVENUE DU)";"48,70594000";"2,40000000"
"202400004858";"7";"02";"2024";"07:55";"2";"91";"91228";"2";"3";"2";"3";"LAC (AVENUE DU)";"48,62187800";"2,42521000"
"202400004859";"30";"11";"2024";"18:08";"3";"24";"24037";"1";"1";"1";"5";"D709 (Rte de Mussidan)";"44,89205957";"0,45681953"
"202400004860";"19";"11";"2024";"14:30";"1";"91";"91659";"1";"1";"3";"3";"AUTOROUTE A6";"48,57707100";"2,46415500"
"202400004861";"7";"02";"2024";"11:50";"1";"84";"84007";"2";"2";"1";"5";"PIERRE SEMARD (avenue)";"43,93384000";"4,83156000"
"202400004862";"19";"11";"2024";"15:15";"1";"91";"91521";"1";"1";"2";"3";"RN 104";"48,63370000";"2,40079000"
"202400004863";"8";"02";"2024";"04:40";"5";"83";"83069";"2";"6";"1";"1";"BERNARD ( RUE MARIO )";"43,11196000";"6,11637000"
"202400004864";"19";"11";"2024";"06:10";"3";"91";"91617";"1";"1";"2";"6";"RN 104";"48,63804517";"2,53555536"
"202400004865";"7";"02";"2024";"09:50";"1";"80";"80674";"2";"9";"2";"3";"Avenue de la Défense Passive";"49,91158000";"2,33517000"
"202400004866";"18";"11";"2024";"20:25";"3";"91";"91235";"1";"1";"2";"3";"RN 104";"48,62542994";"2,35934615"
"202400004867";"17";"11";"2024";"19:00";"3";"91";"91064";"1";"1";"1";"2";"RD 444";"48,74680000";"2,21952000"
"202400004868";"18";"10";"2024";"09:00";"1";"91";"91377";"1";"1";"1";"2";"AUTOROUTE A10";"48,72749700";"2,30380500"
"202400004869";"8";"02";"2024";"13:20";"1";"77";"77243";"1";"1";"1";"6";"D934";"48,87051000";"2,71472000"
"202400004870";"18";"12";"2024";"08:55";"1";"69";"69387";"2";"1";"1";"6";"Avenue Claude Bernard";"45,78027000";"4,86378000"
"202400004871";"26";"09";"2024";"11:30";"1";"34";"34032";"2";"1";"1";"6";"N/A";"43,33680200";"3,21752300"
"202400004872";"8";"02";"2024";"08:45";"1";"76";"76351";"2";"3";"2";"4";"LOUIS BLERIOT";"49,52257000";"0,08851000"
"202400004873";"17";"11";"2024";"17:40";"5";"84";"84003";"2";"1";"1";"3";"519 Avenue Victor Hugo";"43,87846900";"5,38660500"
"202400004874";"14";"10";"2024";"16:20";"1";"84";"84003";"2";"1";"2";"7";"435 Avenue Philippe de Girard";"43,87605700";"5,38757700"
"202400004875";"7";"02";"2024";"12:45";"1";"76";"76351";"2";"2";"2";"3";"GEORGE SAND";"49,51839000";"0,11846000"
"202400004876";"31";"08";"2024";"17:15";"1";"84";"84118";"1";"1";"1";"7";"D230";"43,99182700";"5,38905100"
"202400004877";"8";"02";"2024";"07:29";"5";"74";"74218";"2";"1";"2";"1";"THONON (AVENUE DE)";"46,38287000";"6,51197000"
"202400004878";"30";"11";"2024";"10:45";"1";"91";"91468";"1";"1";"1";"2";"AUTOROUTE A6";"48,57331697";"2,46729963"
"202400004879";"8";"02";"2024";"08:55";"1";"73";"73008";"2";"6";"1";"7";"D991 Av Alsace Lorraine";"45,69428703";"5,90861499"
"202400004880";"28";"11";"2024";"21:49";"3";"91";"91174";"1";"1";"1";"6";"RN 104";"48,62410000";"2,46890000"
"202400004881";"7";"02";"2024";"19:10";"5";"71";"71059";"2";"1";"2";"3";"PASTEUR (RUE LOUIS)";"46,81376000";"4,48170000"
"202400004882";"29";"10";"2024";"18:30";"3";"91";"91689";"1";"1";"1";"3";"AUTOROUTE A6";"48,73790000";"2,31772000"
"202400004883";"22";"11";"2024";"09:00";"2";"44";"44143";"2";"1";"1";"3";"32 Rue Augustin Mouillé";"47,17766240";" -1,54696290"
"202400004884";"8";"02";"2024";"06:20";"5";"69";"69266";"2";"2";"1";"2";"Rue Antoine Bernoux";"45,77106000";"4,88756000"
"202400004885";"13";"11";"2024";"07:20";"5";"44";"44114";"2";"1";"1";"3";"14 Route du Croisy";"47,25485142";" -1,62908193"
"202400004886";"8";"02";"2024";"14:00";"1";"69";"69264";"2";"1";"1";"6";"Rue Nationale";"45,99274000";"4,71887000"
"202400004887";"23";"10";"2024";"09:10";"2";"44";"44114";"2";"1";"1";"6";"Chemin du Plessis Buron";"47,28280016";" -1,61768629"
"202400004888";"25";"11";"2024";"07:25";"3";"91";"91689";"1";"1";"2";"7";"AUTOROUTE A6B";"48,74768000";"2,32706000"
"202400004889";"8";"02";"2024";"09:10";"1";"69";"69092";"2";"3";"2";"3";"Rue des Acacias";"45,99275000";"4,70494000"
"202400004890";"6";"10";"2024";"09:50";"1";"44";"44114";"2";"6";"1";"7";"333 Route de Vannes";"47,24841592";" -1,60960352"
"202400004891";"8";"02";"2024";"16:50";"1";"69";"69290";"2";"1";"1";"3";"Route de Grenoble";"45,70830000";"4,98347000"
"202400004892";"1";"09";"2024";"22:40";"5";"44";"44109";"2";"3";"1";"6";"14 Rue Colonel Desgrées du Lou";"47,21556475";" -1,57491686"
"202400004893";"7";"02";"2024";"22:00";"5";"67";"67043";"2";"1";"1";"6";"PERIGUEUX (AVENUE DE)";"48,61407000";"7,75204000"
"202400004894";"23";"08";"2024";"08:05";"1";"44";"44109";"2";"6";"1";"7";"2 Rue du Moulin de la Garde";"47,25959942";" -1,51108819"
"202400004895";"7";"02";"2024";"09:00";"1";"67";"67218";"2";"8";"2";"6";"RHIN (ROUTE DU)";"48,52939000";"7,73272000"
"202400004896";"7";"08";"2024";"11:10";"1";"44";"44109";"2";"1";"1";"3";"51 Allée des Généraux Patton et Wood ";"47,21725237";" -1,54426077"
"202400004897";"4";"08";"2024";"00:05";"5";"44";"44109";"2";"1";"1";"6";"58 Rue des Renards";"47,25739740";" -1,56627778"
"202400004898";"7";"02";"2024";"17:20";"1";"66";"66136";"2";"1";"1";"2";"N/A";"42,69158103";"2,87216842"
"202400004899";"2";"08";"2024";"09:05";"1";"44";"44109";"2";"6";"1";"3";"Rue du Bêle";"47,26652940";" -1,51371562"
"202400004900";"27";"07";"2024";"22:20";"5";"44";"44109";"2";"1";"1";"7";"87 Quai de la Fosse";"47,20831400";" -1,56911934"
"202400004901";"8";"02";"2024";"19:22";"5";"63";"63113";"2";"5";"1";"1";"MOULIN (BD JEAN)/rue Pierre Estienne";"45,77299000";"3,12090000"
"202400004902";"8";"02";"2024";"07:50";"5";"61";"61001";"2";"1";"2";"6";"D204";"48,43909000";"0,08314000"
"202400004903";"2";"07";"2024";"18:05";"1";"44";"44114";"2";"1";"1";"3";"180 Route de Vannes";"47,24188280";" -1,59460494"
"202400004904";"8";"02";"2024";"07:40";"5";"61";"61001";"2";"6";"2";"3";"RD 438";"48,43432000";"0,09356000"
"202400004905";"27";"12";"2024";"14:15";"1";"74";"74312";"1";"1";"8";"6";"Route d'hermy";"46,06504300";"6,50749000"
"202400004906";"14";"12";"2024";"16:35";"1";"74";"74168";"1";"1";"1";"1";"D1508";"46,01036100";"5,99680800"
"202400004907";"8";"02";"2024";"11:40";"1";"59";"59599";"2";"2";"2";"3";"Rue de Roubaix";"50,71172925";"3,16617128"
"202400004908";"26";"12";"2024";"22:50";"4";"74";"74238";"2";"1";"1";"7";"Route des grandes alpes";"46,22751300";"6,65920100"
"202400004909";"8";"02";"2024";"13:45";"1";"59";"59272";"2";"9";"8";"6";"GRAVELINES (RUE DE)";"50,99675000";"2,10654000"
"202400004910";"16";"12";"2024";"11:15";"1";"74";"74044";"2";"6";"7";"3";"21 Chemin des bornants";"46,14592700";"6,14820800"
"202400004911";"7";"02";"2024";"12:59";"1";"57";"57630";"2";"1";"3";"6";"PHALSBOURG";"48,73902000";"7,06724000"
"202400004912";"16";"12";"2024";"17:25";"3";"74";"74016";"1";"1";"1";"2";"Route d'annecy";"46,13491400";"6,12644900"
"202400004913";"7";"02";"2024";"14:35";"1";"56";"56121";"2";"2";"2";"3";"RUE LOUIS GUIGUEN";"47,75572000";" -3,35483000"
"202400004914";"26";"12";"2024";"16:45";"1";"74";"74012";"2";"1";"1";"2";"Avenue Henri Barbusse";"46,19260100";"6,24128900"
"202400004915";"7";"02";"2024";"18:02";"5";"54";"54439";"2";"3";"1";"2";"Avenue Charles de Gaulle";"48,70482000";"6,25640000"
"202400004916";"17";"12";"2024";"00:10";"3";"74";"74159";"2";"1";"9";"6";"D1205";"46,02730700";"6,61836100"
"202400004917";"25";"12";"2024";"14:25";"1";"74";"74012";"2";"1";"1";"6";"FLORISSANT (AVENUE)";"46,19675400";"6,24093800"
"202400004918";"8";"02";"2024";"15:20";"1";"53";"53034";"1";"9";"1";"5";"CORBINIERE ( LIEU DIT LA )";"48,06748100";" -0,66357500"
"202400004919";"20";"12";"2024";"15:35";"1";"74";"74081";"2";"9";"1";"6";"Gare routière";"46,06172800";"6,58251600"
"202400004920";"8";"02";"2024";"07:50";"5";"51";"51454";"2";"1";"2";"4";"CHAMPAGNE AVENUE DE";"49,23175000";"4,03608000"
"202400004921";"22";"12";"2024";"15:30";"1";"74";"74275";"1";"1";"4";"7";"Route de rovagny";"45,83394200";"6,23676900"
"202400004922";"8";"02";"2024";"07:55";"2";"51";"51454";"2";"3";"2";"7";"ZOLA (RUE EMILE) COTE PAIR";"49,26662000";"4,02755000"
"202400004923";"25";"12";"2024";"01:10";"3";"74";"74081";"1";"1";"8";"1";"D1205";"46,05043200";"6,59329400"
"202400004924";"8";"02";"2024";"08:00";"1";"51";"51453";"1";"1";"2";"1";"CD 1";"48,99756696";"4,30263175"
"202400004925";"20";"12";"2024";"15:15";"1";"74";"74256";"2";"3";"1";"6";"372 Avenue andré lasquin";"45,94282100";"6,63813500"
"202400004926";"8";"02";"2024";"19:40";"3";"46";"46042";"2";"1";"2";"1";"ORMEAUX (COTE DES)";"44,45983330";"1,43199945"
"202400004927";"22";"12";"2024";"06:28";"3";"74";"74080";"2";"1";"3";"7";"D909";"45,90681200";"6,42057500"
"202400004928";"3";"02";"2024";"14:15";"1";"43";"43157";"2";"1";"1";"6";"32 Avenue Marechal Foch";"45,03960000";"3,88816000"
"202400004929";"8";"02";"2024";"13:20";"1";"37";"37233";"2";"6";"2";"3";"FARGES (AVENUE YVES)";"47,38493000";"0,73664000"
"202400004930";"16";"12";"2024";"15:50";"1";"74";"74169";"2";"1";"2";"1";"Avenue des lechères";"46,06774900";"6,53380200"
"202400004931";"16";"12";"2024";"17:30";"3";"74";"74220";"1";"1";"1";"6";"934 Route de l'eculaz";"46,14006600";"6,28202900"
"202400004932";"8";"02";"2024";"12:55";"1";"37";"37261";"2";"3";"2";"7";"STENDHAL (AVENUE)";"47,36841000";"0,71032000"
"202400004933";"16";"12";"2024";"13:56";"1";"74";"74035";"1";"1";"1";"1";"Route de rumilly";"45,81261900";"5,95094200"
"202400004934";"8";"02";"2024";"11:50";"1";"37";"37261";"2";"9";"2";"6";"ROTONDE (ROND-POINT DE LA)";"47,38143000";"0,70671000"
"202400004935";"7";"02";"2024";"12:15";"1";"37";"37122";"2";"1";"2";"6";"DOUZILLIERE (RUE DE LA)";"47,34037000";"0,65421000"
"202400004936";"14";"12";"2024";"10:05";"1";"74";"74223";"1";"1";"4";"1";"Route du Fer à cheval";"46,09597200";"6,61920400"
"202400004937";"8";"02";"2024";"07:20";"4";"35";"35238";"1";"6";"2";"3";"ALMA (DE L')";"48,08143000";" -1,67459000"
"202400004938";"29";"06";"2024";"00:24";"5";"44";"44109";"2";"3";"1";"3";"15 Boulevard Joliot Curie";"47,19537894";" -1,53533570"
"202400004939";"8";"02";"2024";"08:00";"5";"35";"35238";"2";"1";"2";"3";"CLEMENCEAU (BD GEORGES)";"48,09421484";" -1,68125305"
"202400004940";"28";"06";"2024";"09:30";"1";"44";"44143";"2";"1";"1";"6";"1 Rue Victor Hugo";"47,18904500";" -1,55180120"
"202400004941";"7";"02";"2024";"10:10";"1";"34";"34172";"2";"6";"1";"2";"SAINT MAUR (AVENUE DE)";"43,62141000";"3,89476000"
"202400004942";"20";"12";"2024";"16:25";"1";"84";"84035";"1";"1";"6";"1";"AVIGNON-RD973 (ROUTE D')";"43,85898000";"5,01142000"
"202400004943";"28";"11";"2024";"10:00";"1";100;100050";"1";"1";"1";"6";"RT 30";"42,55170900";"8,77285700"
"202400004944";"8";"02";"2024";"17:50";"1";"32";"32013";"2";"1";"8";"3";"TAPIS VERT";"43,64860000";"0,57966000"
"202400004945";"8";"02";"2024";"21:19";"5";"31";"31069";"2";"1";"2";"6";"PAILLE (CH DE LA)";"43,64694000";"1,37138000"
"202400004946";"25";"11";"2024";"21:39";"3";"91";"91661";"1";"1";"1";"2";"AUTOROUTE A10";"48,69410000";"2,23110000"
"202400004947";"8";"02";"2024";"15:00";"1";"31";"31555";"2";"2";"1";"3";"BD PIERRE ET MARIE CURIE";"43,62613000";"1,43723000"
"202400004948";"30";"12";"2024";"09:52";"1";"30";"30189";"2";"3";"1";"6";"BIR HAKEIM (AVENUE)";"43,84230000";"4,38500000"
"202400004949";"7";"10";"2024";"09:25";"1";"60";"60138";"1";"1";"1";"4";"D1330";"49,21333600";"2,60556200"
"202400004950";"7";"02";"2024";"15:25";"1";"19";"19031";"2";"2";"1";"3";"BUGEAUD (AVENUE MARECHAL)";"45,16147000";"1,54084000"
"202400004951";"1";"10";"2024";"15:45";"1";"60";"60286";"2";"1";"7";"6";"Place Barbier";"49,66473900";"1,94038000"
"202400004952";"8";"02";"2024";"01:42";"4";"18";"18279";"2";"1";"2";"6";"19 Rue du Docteur Pierre Roux";"47,22405000";"2,07016000"
"202400004953";"30";"10";"2024";"06:50";"2";"55";"55181";"2";"3";"1";"3";"Rue Raymond Poincare";"49,21289799";"5,62403027"
"202400004954";"8";"02";"2024";"07:50";"3";"14";"14118";"2";"3";"2";"7";"30 Place de la Liberté";"49,16123200";" -0,34198200"
"202400004955";"8";"02";"2024";"20:30";"5";"13";"13209";"2";"1";"1";"3";"MICHELET (BOULEVARD)";"43,25721500";"5,40298200"
"202400004956";"21";"11";"2024";"19:08";"5";"14";"14220";"2";"6";"4";"2";"2 Rue Désiré le Hoc";"49,35994000";"0,08093000"
"202400004957";"8";"02";"2024";"20:00";"5";"13";"13210";"2";"1";"1";"6";"CAPELETTE (AVENUE DE LA)";"43,28606600";"5,40458200"
"202400004958";"8";"02";"2024";"07:25";"1";"13";"13214";"2";"1";"1";"1";"SAINTE MARTHE (chemin)";"43,33117000";"5,38937000"
"202400004959";"13";"12";"2024";"07:15";"2";"74";"74007";"1";"3";"1";"1";"Route de Bonneville";"46,07018600";"6,32117300"
"202400004960";"3";"02";"2024";"11:00";"1";"13";"13214";"2";"1";"1";"6";"SAINTE MARTHE (chemin)";"43,34433000";"5,38417000"
"202400004961";"8";"02";"2024";"15:00";"1";"13";"13028";"2";"1";"1";"3";"Rond-Point Rovarch/Saint Jean";"43,19200811";"5,61710569"
"202400004962";"12";"12";"2024";"21:10";"3";"74";"74171";"1";"1";"1";"3";"Route de geneve";"46,31476900";"6,32450900"
"202400004963";"8";"02";"2024";"11:10";"1";"13";"13004";"2";"4";"1";"3";"RUE DE L AMPHITHEATRE";"43,67862000";"4,63057000"
"202400004964";"12";"12";"2024";"08:30";"1";"74";"74143";"2";"3";"1";"6";"2150 Avenue des alpages";"45,89793800";"6,82329300"
"202400004965";"2";"02";"2024";"19:30";"5";"13";"13001";"2";"1";"1";"6";"RD 17";"43,52613000";"5,46499000"
"202400004966";"9";"12";"2024";"15:35";"1";"74";"74280";"2";"1";"1";"6";"8 Avenue d'annecy";"45,88371600";"6,32091500"
"202400004967";"7";"02";"2024";"07:45";"2";"11";"11069";"2";"1";"1";"2";"71 Rue Antoine Marty";"43,21635000";"2,35433000"
"202400004968";"21";"11";"2024";"12:10";"1";"32";"32119";"2";"1";"1";"6";"Boulevard d'Artagnan";"43,86229800";"0,10114300"
"202400004969";"8";"02";"2024";"18:30";"5";"10";"10387";"2";"1";"2";"7";"Boulevard Gambetta";"48,29770000";"4,06700000"
"202400004970";"8";"02";"2024";"18:30";"5";"08";"08409";"2";"7";"3";"6";"MARNE (AVENUE DE LA)";"49,69881000";"4,92548000"
"202400004971";"29";"11";"2024";"10:50";"1";"32";"32043";"1";"9";"1";"5";"D1";"43,70735500";"0,25200400"
"202400004972";"7";"02";"2024";"09:55";"1";"07";"07281";"2";"1";"1";"3";"BOUVAT (QUAI JULES)";"44,94486000";"4,84546000"
"202400004973";"21";"11";"2024";"17:45";"2";"32";"32121";"1";"2";"1";"3";"D634 - PR 8+450";"43,55683300";"1,01992600"
"202400004974";"8";"02";"2024";"14:14";"1";"06";"06088";"2";"2";"1";"3";"Boulevard Gambetta";"43,70200000";"7,25595000"
"202400004975";"21";"11";"2024";"16:00";"1";"29";"29158";"2";"1";"6";"1";"Rue de l'Abbé Stéphan";"47,80217000";" -4,36076000"
"202400004976";"8";"02";"2024";"10:30";"1";"06";"06069";"2";"1";"1";"3";"Route de Cannes";"43,63850000";"6,95060000"
"202400004977";"28";"11";"2024";"15:40";"1";"13";"13021";"1";"1";"1";"2";"D9";"43,33344700";"5,15817100"
"202400004978";"8";"02";"2024";"18:15";"5";"06";"06029";"2";"1";"1";"1";"Avenue Michel Jourdan";"43,55504000";"6,97213000"
"202400004979";"16";"12";"2024";"10:55";"1";"62";"62473";"1";"1";"1";"7";"rue du nocq picot";"50,62962761";"2,46963716"
"202400004980";"8";"02";"2024";"08:58";"1";"04";"04070";"2";"1";"1";"1";"NOEL (AV. DU COL.)";"44,08042000";"6,19985000"
"202400004981";"3";"10";"2024";"22:40";"5";"62";"62108";"2";"3";"1";"3";"Rue Alfred Lambert";"50,40937000";"1,56590000"
"202400004982";"8";"02";"2024";"08:10";"2";"01";"01053";"2";"6";"2";"3";"MERCIER (AVENUE AMEDEE DU 45 AU FIN)";"46,20290000";"5,24491000"
"202400004983";"8";"02";"2024";"19:30";"5";"75";"75113";"2";"1";"2";"2";"QUAI D IVRY";"48,82608100";"2,38793700"
"202400004984";"7";"05";"2024";"19:40";"1";"44";"44162";"2";"1";"1";"4";"Boulevard Charles De Gaulle";"47,21475771";" -1,63805127"
"202400004985";"2";"05";"2024";"17:00";"1";"44";"44109";"2";"2";"1";"3";"Boulevard de la Beaujoire";"47,25823900";" -1,51536180"
"202400004986";"8";"02";"2024";"23:00";"5";"75";"75118";"2";"1";"2";"5";"BOULEVARD BARBES";"48,89101500";"2,34961400"
"202400004987";"30";"04";"2024";"15:55";"1";"44";"44109";"2";"1";"1";"6";"31 Rue du Corps de Garde ";"47,21198630";" -1,59707284"
"202400004988";"19";"01";"2024";"23:15";"5";"64";"64102";"2";"1";"1";"6";"N/A";"43,48497157";" -1,49491395"
"202400004989";"8";"02";"2024";"16:15";"1";"75";"75117";"2";"3";"2";"3";"AVENUE DE LA PORTE DE CLICHY";"48,89639212";"2,31032118"
"202400004990";"7";"02";"2024";"11:35";"1";"75";"75114";"2";"1";"2";"6";"BOULEVARD ARAGO";"48,83447500";"2,33415400"
"202400004991";"17";"04";"2024";"09:05";"1";"44";"44109";"2";"1";"1";"3";"69 Boulevard Joliot Curie";"47,19411060";" -1,53186828"
"202400004992";"8";"02";"2024";"16:30";"1";"75";"75113";"2";"3";"2";"6";"AVENUE D ITALIE";"48,82043800";"2,35908600"
"202400004993";"31";"10";"2024";"16:25";"1";"62";"62108";"2";"1";"1";"6";"Rue Gabriel Péri";"50,40764000";"1,56763000"
"202400004994";"7";"12";"2024";"05:45";"3";"84";"84142";"1";"1";"1";"6";"D146";"43,96726800";"4,98244500"
"202400004995";"8";"02";"2024";"18:25";"5";"75";"75111";"2";"2";"2";"6";"BOULEVARD DE BELLEVILLE";"48,86893300";"2,38046800"
"202400004996";"8";"02";"2024";"09:30";"1";"75";"75108";"2";"1";"2";"7";"COURS ALBERT 1ER";"48,86425600";"2,30278600"
"202400004997";"18";"10";"2024";"22:35";"3";"84";"84004";"1";"3";"1";"3";"route de saint-véran";"44,09980600";"5,06137100"
"202400004998";"8";"02";"2024";"14:32";"1";"75";"75107";"2";"1";"2";"6";"BOULEVARD DES INVALIDES";"48,85106000";"2,31463000"