"Num_Acc";"catr";"voie";"v1";"v2";"circ";"nbv";"vosp";"prof";"pr";"pr1";"plan";"lartpc";"larrout";"surf";"infra";"situ";"vma"
"202400000001";"3";"D438";"0";"";"2";"2";"0";"1";"1";"260";"2";"";"7";"1";"0";"1";"90"
"202400000002";"4";"HOTEL DIEU (RUE DE L')";"0";"";"2";"2";"0";"1";"-1";"-1";"1";"";"-1";"9";"0";"1";"30"
"202400000002";"4";"POTERNE (RUE)";"0";"";"1";"1";"0";"1";"-1";"-1";"1";"";"-1";"9";"0";"1";"30"
"202400000003";"4";"TILLEULS (ALLEE DES)";"0";"";"2";"2";"0";"1";"-1";"-1";"1";"";"-1";"1";"0";"3";"50"
"202400000004";"4";"AUTHIE (N° 106 PAIRS -115 IMPAIRS)";"0";"";"2";"4";"0";"1";"-1";"-1";"1";"";"-1";"1";"9";"1";"50"
"202400000004";"4";"HAGUE (RUE DE LA)";"0";"";"2";"2";"0";"1";"-1";"-1";"1";"";"-1";"1";"0";"1";"50"
"202400000005";"1";"BEDOULE (CHEMIN DE LA)";"0";"";"2";"4";"0";"1";"1";"0";"1";"";"17";"2";"0";"1";"50"
"202400000005";"1";"BEDOULE (CHEMIN DE LA)";"0";"";"2";"4";"1";"2";"272";"0";"1";"";"17";"2";"0";"1";"70"
"202400000006";"4";"Petite Ourse (rue de la)";"0";"";"2";"0";"0";"1";"0";"0";"1";"";"-1";"1";"5";"1";"50"
"202400000006";"4";"Petite Ourse (rue de la)";"0";"";"2";"3";"0";"2";"0";"0";"1";"";"-1";"1";"5";"1";"50"
"202400000007";"6";"HUILES (PLACE AUX)";"0";"";"2";"2";"0";"1";"0";"0";"2";"";"-1";"1";"9";"1";"50"
"202400000008";"4";"MARCALE (RUE DE)";"0";"";"2";"2";"0";"1";"-1";"-1";"1";"";"-1";"1";"0";"1";"50"
"202400000009";"4";"TOURTOUSSE (CHEMIN DE)";"0";"";"2";"1";"0";"1";"-1";"-1";"2";"";"-1";"1";"0";"3";"50"
"202400000010";"4";"FAURE (AV. FELIX)";"0";"";"1";"2";"1";"1";"0";"0";"1";"";"-1";"1";"0";"5";"50"
"202400000011";"4";"PORTE DE VINCENNES";"0";"";"1";"4";"0";"1";"32";"600";"1";"";"-1";"1";"0";"1";"70"
"202400000012";"4";"PORTE DE CLICHY";"0";"";"1";"4";"0";"1";"19";"0";"1";"";"-1";"8";"0";"1";"70"
"202400000013";"4";"RUE GASTON TESSIER";"0";"";"2";"2";"0";"1";"-1";"-1";"1";"";"-1";"1";"0";"1";"30"
"202400000014";"4";"RUE DE CRIMEE";"0";"";"-1";"2";"1";"1";"-1";"-1";"1";"";"-1";"1";"0";"1";"30"
"202400000014";"4";"RUE DE THIONVILLE";"0";"";"1";"1";"0";"1";"-1";"-1";"1";"";"-1";"1";"0";"8";"30"
"202400000015";"4";"";"-1";"";"1";"-1";"-1";"1";"-1";"-1";"1";"";"-1";"1";"0";"8";"20"
"202400000015";"4";"QUAI DE LA GIRONDE";"0";"";"2";"2";"3";"2";"-1";"-1";"1";"";"-1";"1";"6";"8";"20"
"202400000016";"4";"BOULEVARD BARBES";"0";"";"1";"2";"2";"2";"-1";"-1";"1";"";"-1";"1";"0";"5";"30"
"202400000016";"4";"";"-1";"";"1";"-1";"-1";"1";"-1";"-1";"1";"";"-1";"1";"0";"1";"30"
"202400000017";"4";"";"-1";"";"1";"-1";"-1";"1";"-1";"-1";"1";"";"-1";"1";"0";"1";"30"
"202400000017";"4";"RUE GUILLAUME TELL";"0";"";"1";"1";"0";"1";"-1";"-1";"1";"";"-1";"1";"0";"1";"30"
"202400000018";"4";"BOULEVARD VICTOR";"0";"";"1";"2";"1";"1";"-1";"-1";"1";"";"-1";"1";"0";"1";"50"
"202400000019";"4";"RUE REAUMUR";"0";"";"1";"3";"0";"1";"-1";"-1";"1";"";"-1";"2";"0";"1";"30"
"202400000019";"4";"RUE SAINT DENIS";"0";"";"1";"1";"0";"1";"-1";"-1";"1";"";"-1";"2";"0";"1";"30"
"202400000020";"3";"161";"0";"";"2";"2";"0";"2";"0";"1";"1";"";"7";"1";"0";"1";"50"
"202400000021";"3";"";"-1";"";"3";"4";"3";"1";"-1";"-1";"1";"";"-1";"1";"-1";"6";"-1"
"202400000021";"3";"";"0";"";"3";"4";"3";"1";"0";"1";"1";"";"-1";"1";"-1";"6";"50"
"202400000022";"3";"SOGNY (RTE DE)";"0";"";"2";"2";"0";"1";"1";"720";"1";"";"-1";"1";"0";"1";"80"
"202400000023";"4";"CAMP D' ATTILA (RUE DU)";"0";"";"2";"2";"0";"1";"-1";"-1";"1";"";"-1";"1";"0";"1";"50"
"202400000023";"4";"MELETTE (CHEM DE)";"0";"";"1";"-1";"3";"2";"-1";"-1";"2";"";"-1";"1";"0";"1";"30"
"202400000024";"4";"CALABET (QUAI DU DOCTEUR)";"0";"";"2";"2";"0";"2";"0";"0";"1";"";"-1";"1";"0";"4";"50"
"202400000025";"3";"RN 60";"0";"";"3";"4";"0";"1";"3";"866";"1";"";"4";"1";"0";"1";"70"
"202400000026";"4";"CHATELET (QUAI DU)";"0";"";"2";"2";"1";"1";"-1";"-1";"1";"";"-1";"1";"0";"6";"25"
"202400000027";"4";"BOULEVARD DES ANGLAIS";"0";"";"2";"2";"0";"2";"-1";"-1";"3";"";"-1";"1";"0";"1";"50"
"202400000028";"4";"RUE DE L'HOTEL DE VILLE";"0";"";"2";"2";"0";"1";"-1";"-1";"1";"";"-1";"1";"9";"1";"30"
"202400000029";"4";"AMICALISTES";"0";"";"1";"-1";"0";"4";"-1";"-1";"1";"";"-1";"1";"0";"1";"50"
"202400000029";"4";"KLEBER";"0";"";"2";"2";"0";"1";"-1";"-1";"1";"";"-1";"1";"0";"1";"50"
"202400000030";"4";"HALLES (RUE DES)";"0";"";"2";"2";"0";"1";"-1";"-1";"1";"";"-1";"1";"0";"1";"50"
"202400000030";"4";"MARCEAU (RUE)";"0";"";"1";"2";"1";"1";"-1";"-1";"1";"";"-1";"1";"0";"1";"50"
"202400000031";"4";"MOULIN DE JOUE (DU)";"0";"";"2";"2";"2";"2";"-1";"-1";"1";"";"-1";"1";"0";"1";"30"
"202400000032";"4";"MARTELLI GILBERT (AVENUE)";"0";"";"1";"1";"0";"1";"1";"0";"1";"";"-1";"1";"0";"1";"50"
"202400000033";"4";"CAPITAINE PIERRE PONTAL (RUE DU)";"0";"";"2";"2";"0";"1";"0";"0";"1";"";"-1";"1";"8";"1";"50"
"202400000033";"4";"POMPIGNANE (AVENUE DE LA)";"0";"";"-1";"2";"0";"1";"0";"0";"1";"";"-1";"1";"0";"1";"50"
"202400000034";"4";"QUAI DE LA GRAVE";"0";"";"2";"4";"0";"1";"-1";"-1";"1";"";"-1";"1";"0";"1";"50"
"202400000035";"4";"QUAI DU PRESIDENT WILSON";"0";"";"3";"6";"0";"1";"-1";"-1";"1";"";"-1";"1";"0";"1";"50"
"202400000035";"4";"RUE PAULY";"0";"";"1";"1";"0";"1";"-1";"-1";"1";"";"-1";"1";"0";"1";"30"
"202400000036";"4";"EIFFEL (RUE GUSTAVE) DU 380 ET +";"0";"";"2";"2";"0";"1";"-1";"-1";"1";"";"-1";"1";"0";"8";"50"
"202400000036";"4";"PAPIN (RUE DENIS)";"0";"";"2";"2";"0";"1";"-1";"-1";"1";"";"-1";"1";"0";"1";"50"
"202400000037";"3";"ROUILLEN AVENUE";"0";"";"2";"1";"0";"1";"2";"0";"1";"";"-1";"1";"9";"3";"30"
"202400000038";"2";"RN 165";"0";"";"2";"2";"0";"1";"54";"200";"1";"";"10";"1";"8";"1";"80"
"202400000039";"4";"MAUSSIBOT (RUE EUGENE)";"0";"";"2";"2";"0";"1";"0";"0";"1";"";"-1";"1";"0";"1";"50"
"202400000039";"4";"REPUBLIQUE (AVENUE DE LA)";"0";"";"2";"0";"0";"1";"0";"0";"1";"";"-1";"1";"0";"1";"50"
"202400000040";"3";"ROUEN (AVENUE DE)";"0";"";"2";"2";"0";"1";"4";"88";"1";"";"-1";"1";"0";"1";"50"
"202400000041";"4";"";"-1";"";"2";"2";"0";"1";"-1";"-1";"1";"";"-1";"1";"0";"4";"50"
"202400000041";"4";"";"-1";"";"2";"2";"0";"1";"-1";"-1";"1";"";"-1";"2";"0";"4";"50"
"202400000042";"3";"145";"0";"D";"2";"2";"0";"1";"31";"150";"1";"";"-1";"1";"9";"1";"70"
"202400000043";"4";"";"0";"";"1";"1";"0";"1";"0";"1";"1";"";"-1";"1";"0";"1";"50"
"202400000044";"1";"A7-Sens Marseille vers Lyon";"0";"";"-1";"3";"0";"1";"273";"869";"1";"";"-1";"2";"8";"1";"70"
"202400000045";"4";"CLEMENCEAU GEORGES AVENUE N° PAIR";"0";"";"3";"0";"0";"1";"0";"0";"1";"";"-1";"1";"0";"8";"50"
"202400000046";"1";"A50";"0";"";"1";"1";"0";"3";"43";"200";"3";"";"-1";"2";"3";"1";"70"
"202400000047";"4";"EGLISE (RUE DE L')";"0";"";"2";"2";"0";"1";"0";"0";"1";"";"-1";"1";"0";"1";"30"
"202400000048";"1";"AUTOROUTE A 10";"0";"";"3";"6";"0";"1";"542";"543";"1";"";"14";"1";"3";"1";"90"
"202400000049";"3";"27";"-1";"";"2";"2";"0";"1";"8";"700";"1";"";"7";"1";"0";"3";"70"
"202400000049";"3";"";"-1";"";"2";"2";"0";"1";"24";"380";"1";"";"-1";"1";"0";"3";"80"
"202400000050";"2";"RN 441";"0";"";"3";"1";"0";"1";"0";"100";"1";"";"7";"2";"0";"1";"70"
"202400000051";"3";"7";"-1";"";"3";"2";"0";"1";"-1";"-1";"1";"";"5";"1";"0";"1";"70"
"202400000052";"1";"6B";"0";"";"1";"2";"0";"1";"4";"0";"1";"";"-1";"1";"0";"1";"90"
"202400000053";"3";"767";"0";"";"3";"2";"0";"1";"42";"550";"2";"";"7";"2";"0";"3";"110"
"202400000054";"1";"6B";"0";"";"-1";"2";"0";"1";"2";"200";"1";"";"-1";"1";"0";"1";"70"
"202400000055";"2";"RN1014 Y";"0";"";"1";"3";"0";"1";"0";"500";"1";"";"-1";"2";"1";"1";"70"
"202400000056";"2";"N118";"0";"";"3";"2";"0";"1";"5";"800";"1";"";"-1";"1";"3";"1";"50"
"202400000057";"3";"38";"-1";"";"2";"2";"0";"1";"4";"700";"3";"";"5";"1";"0";"1";"50"
"202400000057";"3";"956";"-1";"";"2";"2";"0";"1";"14";"200";"1";"";"7";"1";"0";"1";"50"
"202400000058";"1";"AUTOROUTE A1";"0";"";"3";"6";"0";"1";"18";"0";"1";"";"-1";"2";"0";"1";"110"
"202400000059";"3";"N7";"0";"";"2";"2";"0";"1";"9";"150";"3";"";"7";"1";"0";"1";"90"
"202400000060";"1";"AUTOROUTE A15";"0";"";"3";"8";"0";"1";"15";"0";"1";"";"-1";"1";"0";"1";"110"
"202400000061";"3";"137";"0";"D";"3";"4";"0";"1";"57";"600";"1";"";"10,5";"1";"0";"1";"110"
"202400000062";"3";"386";"-1";"";"2";"2";"0";"1";"0";"0";"3";"";"-1";"1";"5";"1";"50"
"202400000063";"1";"86";"0";"";"3";"3";"0";"1";"30";"299";"1";"";"14";"1";"1";"1";"90"
"202400000064";"3";"468";"-1";"D";"2";"2";"1";"1";"60";"800";"1";"";"5,5";"1";"0";"1";"50"
"202400000065";"1";"A4.W";"0";"";"1";"3";"0";"2";"21";"200";"3";"";"14";"2";"0";"1";"70"
"202400000066";"3";"12";"-1";"";"2";"2";"0";"1";"29";"10";"1";"";"5,5";"2";"0";"3";"50"
"202400000067";"2";"21";"-1";"";"3";"0";"0";"2";"45";"800";"1";"";"0";"2";"0";"1";"110"
"202400000068";"4";"HUIT MAI 1945 (BOULEVARD DU)";"0";"";"2";"2";"0";"1";"-1";"-1";"1";"";"-1";"1";"0";"1";"50"
"202400000068";"4";"";"0";"";"2";"2";"0";"1";"-1";"-1";"1";"";"-1";"1";"0";"1";"50"
"202400000069";"3";"609";"0";"R";"2";"2";"0";"1";"47";"850";"1";"";"7";"2";"0";"3";"-1"
"202400000070";"3";"";"-1";"";"2";"2";"0";"1";"22";"2 218";"1";"";"4";"2";"0";"3";"80"
"202400000071";"4";"AVENUE DE LA VICTOIRE H. LAFLEUR";"0";"";"3";"5";"0";"1";"0";"0";"1";"";"-1";"1";"5";"1";"30"
"202400000071";"4";"RUE DU DOCTEUR LESCOUR";"0";"";"1";"2";"0";"1";"0";"0";"1";"";"-1";"1";"5";"1";"30"
"202400000072";"3";"";"-1";"";"2";"-1";"0";"1";"8";"430";"1";"";"-1";"1";"0";"1";"50"
"202400000072";"3";"";"-1";"";"2";"2";"0";"2";"-1";"-1";"3";"";"5,5";"1";"0";"1";"50"
"202400000073";"4";"CLEMENCEAU (RUE QTIER MANUHOE)";"0";"";"1";"2";"0";"1";"-1";"-1";"1";"";"-1";"1";"5";"1";"20"
"202400000073";"4";"REMPARTS (RUE BLOC PACIFICAR)";"0";"";"4";"3";"0";"1";"-1";"-1";"1";"";"-1";"1";"5";"1";"20"
"202400000074";"4";"ANCIENNE RN2 (2)";"0";"";"2";"2";"1";"2";"0";"0";"2";"";"-1";"1";"0";"5";"50"
"202400000075";"4";"";"-1";"";"2";"2";"0";"1";"-1";"-1";"1";"";"-1";"1";"0";"1";"50"
"202400000076";"2";"JAURES (BLD 2 JEAN)";"0";"";"1";"2";"1";"1";"8";"18";"2";"";"-1";"1";"9";"1";"50"
"202400000077";"3";"33";"-1";"";"2";"2";"0";"1";"12";"0";"1";"";"-1";"1";"0";"1";"80"
"202400000078";"7";"PIERRE SEMARD                       (QU)";"0";"";"2";"2";"0";"1";"0";"900";"1";"";"5,5";"2";"0";"1";"50"
"202400000079";"3";"";"0";"D";"2";"1";"0";"1";"13";"380";"1";"";"4";"2";"0";"1";"30"
"202400000080";"3";"";"0";"D";"2";"2";"0";"1";"28";"830";"2";"";"-1";"1";"0";"1";"50"
"202400000081";"4";"BARRE (DE LA)                       (R )";"0";"";"1";"1";"2";"1";"-1";"-1";"1";"";"-1";"1";"0";"5";"30"
"202400000082";"3";"943";"-1";"";"2";"2";"0";"1";"-1";"-1";"1";"";"-1";"1";"0";"1";"50"
"202400000082";"3";"";"-1";"";"2";"2";"0";"1";"-1";"-1";"1";"";"-1";"1";"0";"1";"50"
"202400000083";"2";"D 82";"0";"";"1";"2";"0";"1";"0";"0";"1";"";"-1";"1";"0";"1";"90"
"202400000084";"1";"5";"-1";"";"3";"2";"0";"2";"104";"500";"1";"";"10";"1";"0";"1";"130"
"202400000085";"3";"817";"0";"D";"2";"2";"0";"1";"68";"90";"1";"";"-1";"2";"0";"1";"80"
"202400000086";"2";"102";"0";"N";"2";"2";"0";"4";"56";"500";"1";"";"-1";"1";"5";"3";"-1"
"202400000087";"4";"1";"0";"";"2";"2";"0";"1";"10";"8";"1";"";"-1";"1";"0";"1";"50"
"202400000088";"4";"";"0";"";"2";"2";"0";"1";"-1";"-1";"1";"";"-1";"1";"0";"1";"50"
"202400000089";"3";"32";"0";"D";"2";"2";"0";"2";"6";"700";"4";"";"4";"1";"0";"1";"80"
"202400000090";"1";"10";"-1";"";"3";"3";"0";"1";"50";"400";"1";"";"13,5";"1";"0";"1";"130"
"202400000091";"3";"152";"-1";"";"2";"1";"0";"1";"0";"442";"2";"";"3,5";"1";"2";"1";"50"
"202400000092";"3";"13";"0";"D";"2";"2";"0";"1";"14";"410";"3";"";"7";"2";"0";"8";"80"
"202400000093";"3";"31";"2";"";"3";"2";"0";"1";"8";"810";"1";"";"7";"1";"0";"1";"90"
"202400000094";"4";"";"0";"";"2";"2";"0";"1";"-1";"-1";"1";"";"-1";"1";"0";"8";"50"
"202400000095";"3";"932";"-1";"A";"2";"2";"0";"1";"-1";"-1";"1";"";"7";"2";"0";"1";"50"
"202400000095";"3";"";"-1";"";"3";"-1";"-1";"1";"-1";"-1";"3";"";"-1";"2";"3";"1";"-1"
"202400000096";"2";"RN 104";"0";"";"1";"4";"0";"1";"28";"100";"1";"";"17,5";"1";"0";"1";"90"
"202400000097";"2";"RN 104";"0";"";"3";"3";"0";"2";"32";"0";"1";"";"14";"1";"0";"1";"90"
"202400000098";"1";"AUTOROUTE A6B";"0";"";"1";"3";"0";"1";"8";"300";"1";"";"6";"1";"0";"1";"90"
"202400000099";"1";"AUTOROUTE A6";"0";"";"2";"3";"0";"1";"16";"200";"1";"";"14";"1";"0";"1";"110"
"202400000100";"2";"RN12";"0";"";"1";"1";"0";"1";"26";"0";"1";"";"-1";"1";"0";"1";"70"
"202400000101";"1";"13";"0";"";"3";"3";"0";"1";"5";"400";"1";"";"10,5";"1";"0";"1";"110"
"202400000102";"2";"RN12";"0";"";"3";"2";"0";"2";"25";"799";"2";"";"10,5";"2";"0";"1";"90"
"202400000103";"1";"4";"0";"";"3";"4";"0";"1";"7";"0";"1";"";"-1";"1";"0";"1";"90"
"202400000104";"3";"111";"0";"";"2";"2";"2";"1";"0";"1";"1";"";"-1";"1";"0";"5";"50"
"202400000104";"3";"";"-1";"";"2";"2";"0";"1";"0";"0";"1";"";"-1";"1";"0";"5";"-1"
"202400000105";"3";"931";"0";"";"3";"2";"3";"1";"0";"1";"1";"";"-1";"1";"0";"1";"50"
"202400000106";"4";"";"0";"";"2";"2";"0";"1";"0";"0";"1";"";"-1";"1";"0";"1";"50"
"202400000107";"3";"115";"0";"";"2";"2";"0";"1";"0";"1";"1";"";"-1";"1";"0";"1";"50"
"202400000107";"3";"";"0";"";"2";"2";"0";"1";"0";"0";"1";"";"-1";"1";"0";"1";"50"
"202400000108";"4";"GARE (RUE DE LA)";"0";"";"1";"2";"0";"1";"0";"1";"1";"";"-1";"1";"0";"1";"50"
"202400000109";"4";"OWENS JAMES";"0";"";"2";"2";"0";"1";"0";"0";"2";"";"-1";"2";"0";"2";"70"
"202400000110";"4";"";"0";"";"1";"3";"2";"1";"-1";"-1";"1";"";"-1";"1";"0";"1";"30"
"202400000110";"4";"";"0";"";"1";"1";"2";"1";"-1";"-1";"1";"";"-1";"1";"0";"5";"30"
"202400000111";"4";"";"0";"";"1";"1";"2";"1";"-1";"-1";"1";"";"-1";"1";"0";"1";"30"
"202400000112";"1";"AUTOROUTE A1";"0";"";"2";"6";"0";"1";"1";"0";"1";"";"-1";"1";"0";"1";"90"
"202400000113";"3";"ROUTE DEPARTEMENTALE 3";"0";"";"2";"2";"0";"1";"3";"0";"1";"";"-1";"1";"0";"8";"70"
"202400000114";"4";"GALLIENI                            (PT)";"0";"";"2";"5";"3";"1";"-1";"-1";"1";"";"-1";"1";"2";"1";"50"
"202400000115";"4";"BOIS DE ROCHEFORT (CHEMIN DU BAS D";"0";"";"2";"2";"0";"1";"0";"0";"1";"";"-1";"1";"0";"1";"50"
"202400000116";"4";"BARJAVEL";"0";"";"1";"1";"0";"1";"0";"0";"1";"";"-1";"1";"0";"1";"30"
"202400000117";"3";"SALINS ( ROUTE DES VIEUX)";"0";"";"2";"2";"0";"2";"41";" -190";"1";"";"7";"1";"0";"1";"70"
"202400000118";"3";"RN7";"0";"";"2";"2";"0";"2";"112";"1";"2";"";"-1";"1";"0";"1";"80"
"202400000119";"4";"BRIQUETTERIE (RUE DE LA)";"0";"";"2";"2";"0";"1";"0";"0";"1";"";"-1";"1";"0";"1";"50"
"202400000120";"3";"ITHURRALDE ANDRE (AVENUE)";"0";"";"3";"0";"0";"1";"23";"700";"1";"";"0";"1";"5";"1";"50"
"202400000120";"3";"LAHANCHIPIA (AVENUE)";"0";"";"3";"0";"0";"2";"-1";"-1";"1";"";"0";"1";"5";"8";"50"
"202400000121";"4";"GASTON CAMBOT";"0";"";"2";"2";"1";"2";"-1";"-1";"1";"";"-1";"1";"0";"1";"50"
"202400000122";"3";"AIRE ( D')";"0";"";"2";"2";"0";"2";"18";"300";"1";"";"5,5";"1";"0";"1";"50"
"202400000122";"3";"PHILIPPEVILLE";"0";"";"2";"2";"0";"1";"-1";"-1";"1";"";"5,5";"1";"0";"8";"50"
"202400000123";"4";"MALCENSE (RUE DE LA)";"0";"";"2";"2";"0";"1";"0";"0";"1";"";"-1";"1";"0";"4";"30"
"202400000124";"7";"DELATTRE ALFRED RUE";"0";"";"1";"0";"0";"1";"-1";"-1";"1";"";"-1";"1";"0";"1";"50"
"202400000124";"7";"SALENGRO ROGER RUE";"0";"";"2";"2";"1";"1";"27";"450";"1";"";"-1";"1";"0";"5";"50"
"202400000125";"4";"FERRY (RUE JULES)";"0";"";"2";"2";"0";"1";"-1";"-1";"1";"";"-1";"1";"0";"1";"30"
"202400000125";"4";"MAHIEU (RUE)";"0";"";"1";"1";"1";"1";"-1";"-1";"1";"";"-1";"1";"0";"1";"30"
"202400000126";"4";"Général Leclerc ( avenue du )";"0";"";"2";"2";"2";"1";"-1";"-1";"1";"";"-1";"1";"-1";"4";"50"
"202400000127";"4";"POMMERY (BOULEVARD)";"0";"";"2";"2";"0";"1";"-1";"-1";"1";"";"5,5";"1";"0";"1";"50"
"202400000128";"4";"MARECHAL JUIN (RUE)";"0";"";"2";"2";"0";"1";"-1";"-1";"1";"";"-1";"2";"0";"3";"50"
"202400000129";"3";"rocade ouest";"0";"";"3";"2";"0";"1";"0";"375";"1";"";"7";"1";"0";"1";"90"
"202400000130";"4";"RUE GÉNÉRAL MANGIN";"0";"";"2";"2";"0";"1";"-1";"-1";"1";"";"-1";"1";"0";"1";"50"
"202400000131";"4";"HUGO (VICTOR)";"0";"";"1";"1";"0";"1";"-1";"-1";"1";"";"-1";"1";"0";"1";"30"
"202400000131";"4";"LECLERC (AVENUE DU MARECHAL)";"0";"";"2";"1";"0";"1";"-1";"-1";"1";"";"-1";"1";"0";"1";"30"
"202400000132";"4";"JAURES (BOULEVARD JEAN)";"0";"";"2";"2";"2";"3";"-1";"-1";"1";"";"-1";"1";"0";"1";"50"
"202400000133";"4";"";"0";"";"2";"2";"0";"1";"-1";"-1";"1";"";"-1";"1";"0";"8";"30"
"202400000134";"4";"AVE CHARLES DE GAULLE CAUD";"0";"";"1";"2";"1";"1";"-1";"-1";"1";"";"-1";"1";"9";"4";"30"
"202400000135";"4";"GARLABAN (AVENUE DU)";"0";"";"1";"2";"3";"1";"-1";"-1";"2";"";"-1";"1";"8";"6";"50"
"202400000135";"4";"PAGNOL (AVENUE MARCEL)";"0";"";"2";"2";"0";"1";"0";"0";"1";"";"-1";"1";"0";"1";"50"
"202400000136";"4";"MATISSE (AV. HENRI)";"0";"";"2";"4";"0";"1";"1";"0";"1";"";"-1";"1";"0";"1";"50"
"202400000136";"4";"NAPOLEON III (BD)";"0";"";"2";"3";"0";"1";"1";"0";"3";"";"-1";"1";"0";"1";"50"
"202400000137";"4";"LEADER (BOULEVARD)";"0";"";"2";"2";"0";"1";"0";"0";"1";"";"-1";"1";"0";"1";"30"
"202400000137";"4";"PICAUD (AVENUE DU DOCTEUR)";"0";"";"2";"2";"0";"1";"0";"0";"1";"";"-1";"1";"9";"1";"50"
"202400000138";"3";"MOULIN (BOULEVARD JEAN)";"0";"";"3";"3";"1";"1";"2";"249";"1";"";"-1";"1";"0";"1";"50"
"202400000139";"2";"DESCENTE ( ROUTE DE LA )";"0";"";"-1";"2";"0";"2";"0";"1";"1";"";"7";"1";"0";"1";"50"
"202400000139";"2";"RN 85";"0";"";"-1";"2";"0";"2";"35";"0";"3";"";"7";"1";"0";"1";"80"
"202400000140";"4";"COUTELIERS (RUE DES)";"0";"";"2";"2";"0";"1";"0";"0";"1";"";"-1";"1";"0";"3";"50"
"202400000140";"4";"MAISONS BLANCHES (RUE DES)";"0";"";"2";"2";"0";"2";"0";"0";"2";"";"-1";"1";"9";"3";"50"
"202400000141";"4";"CUZIN (AV. F.)";"0";"";"2";"2";"0";"1";"0";"0";"1";"";"-1";"1";"0";"1";"50"
"202400000142";"3";"FRANCE (RUE A. DU 1-5 ET 143 AU158)";"0";"";"2";"2";"0";"1";"68";"560";"1";"";"-1";"1";"0";"8";"50"
"202400000143";"4";"ECHANGEUR BERCY";"0";"";"1";"-1";"0";"1";"35";"0";"1";"";"-1";"1";"0";"1";"70"
"202400000144";"4";"BOULEVARD SAINT GERMAIN";"0";"";"1";"4";"0";"1";"-1";"-1";"1";"";"-1";"1";"0";"1";"30"
"202400000144";"4";"RUE DANTON";"0";"";"1";"2";"0";"1";"-1";"-1";"1";"";"-1";"1";"0";"1";"30"
"202400000145";"4";"ALLEE DE LONGCHAMP";"0";"";"2";"2";"0";"1";"0";"0";"1";"";"-1";"2";"9";"1";"50"
"202400000146";"4";"AVENUE DE LA PORTE D ORLEANS";"0";"";"1";"0";"2";"1";"-1";"-1";"1";"";"0";"1";"0";"1";"50"
"202400000146";"4";"BOULEVARD ROMAIN ROLLAND";"0";"";"1";"-1";"0";"1";"-1";"-1";"1";"";"0";"1";"0";"1";"50"
"202400000147";"4";"BOULEVARD PERIPHERIQUE INTERIEUR SUD";"0";"";"1";"1";"0";"2";"-1";"-1";"1";"";"-1";"1";"0";"1";"50"
"202400000147";"4";"QUAI D IVRY";"0";"";"2";"2";"1";"1";"-1";"-1";"1";"";"-1";"1";"8";"1";"50"
"202400000148";"4";"";"-1";"";"1";"-1";"-1";"1";"-1";"-1";"1";"";"-1";"1";"0";"1";"30"
"202400000148";"4";"RUE DE BERCY";"0";"";"-1";"2";"0";"1";"-1";"-1";"1";"";"-1";"1";"0";"1";"30"
"202400000149";"4";"BOULEVARD DE MAGENTA";"0";"";"2";"6";"1";"1";"-1";"-1";"1";"";"-1";"1";"0";"1";"30"
"202400000149";"4";"";"-1";"";"1";"-1";"-1";"1";"-1";"-1";"1";"";"-1";"1";"0";"1";"30"
"202400000150";"4";"BOULEVARD PEREIRE";"0";"";"1";"2";"0";"1";"-1";"-1";"1";"";"-1";"1";"9";"1";"30"
"202400000150";"4";"RUE RENNEQUIN";"0";"";"2";"2";"0";"1";"-1";"-1";"1";"";"-1";"1";"9";"1";"30"
"202400000151";"2";"6";"0";"";"3";"4";"0";"1";"17";"0";"1";"";"-1";"1";"0";"1";"50"
"202400000151";"2";"";"-1";"";"1";"1";"0";"1";"0";"0";"1";"";"-1";"1";"0";"1";"-1"
"202400000152";"3";"160";"0";"";"2";"2";"3";"1";"0";"0";"1";"";"-1";"1";"0";"1";"50"
"202400000152";"3";"";"-1";"";"2";"2";"0";"1";"-1";"-1";"3";"";"-1";"1";"0";"1";"-1"
"202400000153";"3";"145";"0";"";"2";"2";"1";"1";"0";"1";"1";"";"7";"1";"0";"1";"50"
"202400000153";"3";"";"0";"";"2";"2";"0";"1";"0";"0";"1";"";"7";"1";"0";"1";"50"
"202400000154";"3";"40";"0";"";"3";"4";"0";"1";"0";"1";"1";"";"-1";"1";"5";"1";"50"
"202400000154";"3";"";"0";"";"2";"2";"0";"1";"0";"0";"1";"";"-1";"1";"0";"1";"50"
"202400000155";"4";"";"0";"";"2";"2";"0";"1";"0";"0";"1";"";"-1";"1";"0";"1";"50"
"202400000156";"3";"CHARLES DE GAULLE (BD)";"0";"";"1";"6";"0";"1";"0";"0";"1";"";"-1";"1";"6";"1";"50"
"202400000156";"3";"GABRIEL PERI (RUE)";"0";"";"1";"4";"0";"1";"0";"0";"1";"";"-1";"1";"0";"8";"50"
"202400000157";"4";"ARGENTEUIL ( AVENUE D' )";"0";"";"2";"2";"0";"1";"0";"0";"1";"";"-1";"1";"0";"1";"50"
"202400000158";"3";"13";"-1";"";"2";"2";"0";"1";"17";"760";"1";"";"-1";"1";"0";"1";"80"
"202400000159";"3";"95";"0";"";"2";"2";"0";"1";"45";"540";"2";"";"5";"1";"0";"3";"80"
"202400000160";"2";"1";"0";"S";"1";"4";"0";"2";"19";"976";"3";"";"-1";"1";"0";"1";"90"
"202400000161";"3";"";"-1";"";"2";"2";"0";"2";"16";"700";"3";"";"5,5";"1";"0";"3";"80"
"202400000162";"3";"44";"-1";"";"2";"2";"0";"1";"0";"560";"1";"";"5";"1";"0";"3";"80"
"202400000163";"3";"389";"-1";"";"2";"2";"0";"1";"25";"500";"1";"";"5,5";"1";"0";"1";"80"
"202400000163";"3";"";"-1";"";"2";"2";"0";"2";"-1";"-1";"1";"";"-1";"1";"0";"1";"50"
"202400000164";"1";"7";"-1";"";"3";"3";"0";"1";"117";"900";"1";"";"10";"1";"0";"1";"-1"
"202400000165";"3";"56";"0";"";"2";"2";"0";"1";"2";"670";"1";"";"4";"1";"0";"3";"90"
"202400000166";"3";"729";"0";"";"2";"2";"0";"1";"8";"900";"1";"";"5,5";"1";"0";"8";"80"
"202400000167";"4";"";"0";"";"1";"1";"0";"2";"-1";"-1";"1";"";"-1";"2";"0";"8";"30"
"202400000168";"3";"";"-1";"";"2";"2";"-1";"1";"0";"280";"1";"";"-1";"1";"5";"1";"80"
"202400000168";"3";"";"-1";"";"2";"2";"1";"1";"-1";"-1";"1";"";"-1";"1";"5";"1";"50"
"202400000169";"3";"";"-1";"";"2";"2";"0";"1";"35";"485";"1";"";"5,5";"1";"0";"1";"80"
"202400000169";"3";"";"-1";"";"2";"-1";"-1";"1";"-1";"-1";"2";"";"-1";"1";"0";"1";"-1"
"202400000170";"4";"";"-1";"";"2";"1";"0";"1";"-1";"-1";"1";"";"-1";"1";"0";"1";"50"
"202400000170";"4";"";"-1";"";"2";"-1";"-1";"1";"-1";"-1";"1";"";"-1";"1";"0";"1";"-1"
"202400000171";"3";"957";"0";"";"3";"4";"0";"1";"22";"450";"2";"";"-1";"1";"0";"1";"110"
"202400000172";"1";"Autoroute A30";"0";"";"3";"2";"0";"1";"1";"899";"1";"";"10";"1";"0";"1";"110"
"202400000173";"1";"AUTOROUTE A21";"0";"";"-1";"4";"0";"1";"1";"799";"1";"";"-1";"1";"0";"1";"110"
"202400000174";"3";"560";"0";"A";"2";"2";"0";"1";"2";"600";"3";"";"7";"1";"0";"1";"50"
"202400000175";"1";"AUTOROUTE A21";"0";"";"3";"4";"0";"1";"12";"180";"2";"";"-1";"1";"0";"1";"90"
"202400000176";"7";"913";"0";"";"2";"2";"0";"2";"-1";"-1";"1";"";"7";"1";"0";"1";"80"
"202400000177";"1";"AUTOROUTE A3";"0";"";"3";"5";"0";"1";"1";"0";"1";"";"17";"1";"1";"1";"90"
"202400000178";"3";"11";"0";"D";"2";"2";"0";"3";"4";"530";"1";"";"5,5";"2";"5";"1";"80"
"202400000178";"3";"123";"-1";"";"2";"2";"-1";"1";"4";"740";"1";"";"-1";"2";"5";"1";"80"
"202400000179";"1";"AUTOROUTE A15";"0";"";"3";"3";"0";"1";"12";"0";"1";"";"14";"2";"0";"1";"110"
"202400000180";"4";"PIERRE LOTI (ALLEE)";"0";"";"-1";"2";"0";"1";"-1";"-1";"1";"";"-1";"1";"0";"4";"50"
"202400000181";"4";"";"-1";"";"1";"1";"-1";"1";"-1";"-1";"1";"";"-1";"1";"0";"8";"-1"
"202400000181";"4";"";"-1";"";"2";"2";"0";"1";"-1";"-1";"1";"";"-1";"1";"0";"4";"50"
"202400000182";"2";"kaweni-Poste ( rue de la )";"0";"";"2";"2";"0";"1";"-1";"-1";"1";"";"-1";"1";"0";"1";"50"
"202400000183";"1";"919";"-1";"D";"2";"2";"0";"1";"0";"327";"1";"";"7";"1";"0";"1";"80"
"202400000183";"1";"";"-1";"";"1";"-1";"-1";"1";"83";"630";"1";"";"-1";"1";"0";"1";"-1"
"202400000184";"2";"JAURES (BLD 2 JEAN)";"0";"";"1";"1";"0";"1";"5";"53";"1";"";"-1";"1";"0";"1";"70"
"202400000185";"3";"";"-1";"";"2";"2";"0";"1";"20";"415";"2";"";"7";"1";"0";"3";"80"
"202400000186";"3";"168";"0";"D";"2";"2";"0";"1";"3";"414";"2";"";"4";"1";"0";"1";"50"
"202400000186";"3";"";"-1";"";"2";"2";"-1";"1";"44";"854";"2";"";"-1";"1";"0";"1";"50"
"202400000187";"3";"BADUEL (ROUTE DE)";"0";"";"2";"2";"0";"1";"2";"890";"1";"";"-1";"1";"0";"1";"50"
"202400000187";"3";"";"-1";"";"2";"-1";"-1";"1";"-1";"-1";"1";"";"-1";"1";"0";"1";"-1"
"202400000188";"3";"18";"-1";"D";"2";"2";"0";"3";"10";"500";"3";"";"5,5";"1";"0";"1";"80"
"202400000189";"1";"";"0";"";"2";"4";"0";"1";"1";"500";"1";"";"-1";"2";"0";"8";"90"
"202400000190";"3";"80";"0";"";"2";"2";"0";"1";"12";"460";"1";"";"5,5";"1";"0";"4";"50"
"202400000191";"4";"";"0";"";"1";"1";"1";"1";"-1";"-1";"1";"";"-1";"1";"0";"3";"50"
"202400000192";"3";"35";"-1";"";"2";"2";"0";"2";"0";"390";"3";"";"4";"1";"0";"1";"90"
"202400000193";"2";"TOUTES RUES";"0";"";"3";"4";"0";"1";"1";"0";"1";"";"-1";"1";"0";"1";"90"
"202400000194";"4";"103";"0";"D";"2";"2";"0";"2";"0";"0";"1";"";"-1";"1";"0";"1";"50"
"202400000195";"2";"LE RAIZET(SECTEUR)";"0";"";"-1";"1";"0";"2";"-1";"-1";"3";"";"-1";"1";"3";"1";"50"
"202400000196";"3";"143";"-1";"";"2";"2";"0";"1";"12";"650";"1";"";"5";"1";"0";"1";"80"
"202400000196";"3";"234";"-1";"";"2";"2";"0";"1";"0";"1";"1";"";"5";"1";"0";"1";"80"
"202400000197";"3";"GERARD BAPTISTIDE ( RUE )";"0";"";"2";"1";"0";"1";"-1";"-1";"1";"";"-1";"1";"0";"1";"50"
"202400000197";"3";"GERMAIN ST RUF (AVENUE )";"0";"";"2";"2";"0";"1";"-1";"-1";"1";"";"-1";"1";"0";"1";"50"
"202400000198";"3";"813";"-1";"";"2";"2";"0";"1";"1";"668";"2";"";"8";"1";"0";"3";"80"
"202400000199";"4";"ACQUALONGA CHEMIN";"0";"";"2";"1";"0";"1";"-1";"-1";"1";"";"3";"1";"0";"1";"50"
"202400000199";"4";"";"-1";"";"2";"-1";"0";"1";"-1";"-1";"1";"";"-1";"1";"0";"1";"-1"
"202400000200";"4";"";"-1";"";"2";"2";"0";"1";"-1";"-1";"1";"";"-1";"1";"0";"3";"50"
"202400000201";"3";"2";"-1";"";"2";"2";"1";"1";"26";"0";"3";"";"6";"1";"0";"1";"50"
"202400000202";"4";"ABONDANCE (RUE DE L')";"0";"";"2";"1";"3";"1";"0";"0";"1";"";"-1";"1";"6";"6";"15"
"202400000203";"3";"933";"-1";"";"2";"2";"0";"1";"58";"0";"1";"";"5,5";"1";"0";"3";"80"
"202400000204";"1";"RN 14 (PROLONGEMENT A15)";"0";"";"2";"0";"0";"2";"24";"684";"1";"";"0";"1";"5";"1";"50"
"202400000204";"1";"VIOSNE (BOULEVARD DE LA)";"0";"";"2";"0";"0";"2";"33";"470";"1";"";"0";"1";"5";"1";"50"
"202400000205";"3";"275";"0";"";"2";"2";"0";"1";"11";"770";"3";"";"4";"1";"0";"1";"90"
"202400000206";"3";"716";"-1";"";"2";"2";"0";"1";"1";"800";"2";"";"5";"1";"0";"3";"80"
"202400000207";"3";"2144";"0";"";"2";"2";"0";"1";"28";"750";"1";"";"7";"1";"0";"1";"90"
"202400000208";"3";"619";"-1";"";"2";"2";"0";"4";"82";"250";"1";"";"7";"1";"0";"1";"70"
"202400000209";"3";"290";"0";"";"2";"2";"0";"2";"17";"25";"3";"";"5,5";"1";"0";"3";"90"
"202400000210";"3";"974";"2";"";"3";"2";"0";"1";"4";"740";"3";"";"5,5";"1";"0";"1";"80"
"202400000211";"3";"";"-1";"";"2";"1";"0";"1";"14";"400";"1";"";"4";"1";"0";"1";"80"
"202400000212";"3";"";"2";"";"2";"2";"0";"1";"16";"560";"1";"";"7";"1";"0";"3";"80"
"202400000213";"3";"14";"0";"D";"2";"2";"0";"2";"16";"660";"3";"";"5";"2";"0";"1";"80"
"202400000214";"3";"923";"0";"";"2";"2";"0";"1";"14";"175";"1";"";"7";"1";"0";"1";"90"
"202400000214";"3";"";"0";"";"2";"2";"0";"1";"0";"0";"1";"";"7";"1";"0";"1";"80"
"202400000215";"1";"35";"0";"";"3";"2";"0";"1";"126";"50";"2";"";"10";"1";"0";"1";"10"
"202400000216";"3";"906";"-1";"";"2";"3";"0";"1";"81";"400";"1";"";"10,5";"1";"0";"3";"80"
"202400000217";"3";"";"-1";"";"1";"1";"0";"2";"-1";"-1";"3";"";"-1";"1";"3";"1";"50"
"202400000217";"3";"";"-1";"";"3";"2";"0";"1";"-1";"-1";"1";"";"-1";"1";"0";"1";"50"
"202400000218";"4";"";"-1";"";"2";"2";"0";"1";"-1";"-1";"1";"";"-1";"1";"0";"1";"50"
"202400000219";"3";"146";"-1";"";"2";"2";"0";"1";"23";"710";"2";"";"4";"1";"0";"3";"50"
"202400000220";"3";"836";"0";"D";"2";"2";"0";"1";"0";"2";"1";"";"5";"2";"0";"1";"50"
"202400000220";"3";"";"-1";"";"2";"2";"0";"1";"6";"138";"1";"";"-1";"2";"0";"1";"50"
"202400000221";"4";"";"-1";"";"2";"2";"0";"1";"-1";"-1";"1";"";"-1";"1";"0";"1";"80"
"202400000221";"4";"";"-1";"";"2";"2";"-1";"1";"-1";"-1";"1";"";"-1";"1";"0";"1";"80"
"202400000222";"3";"105";"-1";"D";"2";"2";"0";"1";"7";"700";"2";"";"5";"1";"0";"1";"80"
"202400000223";"7";"TVPCD-Sens Les Ports vers Saint Victor";"0";"";"1";"1";"0";"2";"0";"209";"2";"";"-1";"1";"1";"1";"70"
"202400000224";"1";"A55-Sens Martigues vers Marseille";"0";"";"1";"2";"0";"1";"22";"719";"1";"";"10";"1";"0";"1";"90"
"202400000225";"1";"ROCADE A 630";"0";"";"3";"6";"0";"4";"4";"360";"1";"";"-1";"1";"2";"1";"70"
"202400000226";"1";"1";"0";"";"3";"4";"0";"1";"11";"199";"1";"";"13,5";"2";"0";"1";"110"
"202400000227";"1";"AUTOROUTE A15";"0";"";"3";"6";"0";"1";"13";"1 070";"1";"";"-1";"2";"0";"1";"110"
"202400000228";"1";"AUTOROUTE A1";"0";"";"3";"6";"0";"1";"17";"120";"1";"";"-1";"2";"0";"1";"110"
"202400000229";"1";"4";"0";"";"1";"4";"0";"1";"10";"500";"2";"";"-1";"3";"0";"1";"90"
"202400000230";"4";"";"-1";"";"3";"3";"2";"1";"-1";"-1";"3";"";"-1";"1";"-1";"1";"50"
"202400000231";"4";"";"-1";"";"3";"3";"0";"1";"-1";"-1";"1";"";"-1";"1";"5";"1";"30"
"202400000232";"4";"";"-1";"";"3";"4";"3";"1";"-1";"-1";"1";"";"-1";"1";"-1";"1";"50"
"202400000233";"4";"";"-1";"";"2";"2";"2";"1";"-1";"-1";"1";"";"-1";"1";"5";"1";"50"
"202400000234";"4";"";"-1";"";"3";"4";"2";"1";"-1";"-1";"1";"";"-1";"1";"5";"1";"50"
"202400000235";"4";"";"-1";"";"2";"2";"0";"1";"-1";"-1";"1";"";"-1";"1";"0";"1";"50"
"202400000236";"4";"";"-1";"";"2";"2";"0";"1";"-1";"-1";"1";"";"-1";"1";"0";"1";"30"
"202400000237";"4";"PORTE DE SAINT CLOUD";"0";"";"1";"4";"0";"1";"10";"400";"2";"";"-1";"1";"0";"1";"70"
"202400000238";"2";"LIGNE DES BAMBOUS(ROUTE)";"0";"";"2";"2";"0";"1";"57";"90";"1";"";"-1";"1";"2";"1";"50"
"202400000239";"2";"RN2 DIRECTION ST BENT SORTIE PETIT BAZAR";"0";"";"1";"4";"0";"1";"28";"200";"3";"";"-1";"2";"0";"1";"90"
"202400000240";"3";"CHARLERY (GUSTAVE)";"0";"";"2";"2";"0";"1";"-1";"-1";"1";"";"-1";"1";"0";"8";"50"
"202400000240";"3";"MONTABO (ROUTE DE) 1";"0";"";"2";"2";"0";"1";"0";"390";"1";"";"-1";"1";"0";"1";"50"
"202400000241";"1";"AUTOROUTE A1";"0";"";"1";"3";"3";"1";"2";"99";"1";"";"-1";"1";"0";"6";"90"
"202400000242";"2";"REDOUTE (ROUTE DE LA)";"0";"";"2";"2";"0";"2";"4";"650";"2";"";"-1";"1";"0";"1";"50"
"202400000242";"2";"ROCADE BEL HORIZON (RUE)";"0";"";"2";"2";"0";"2";"-1";"-1";"1";"";"-1";"1";"5";"1";"50"
"202400000243";"3";"ROUTE DE BOISVINS";"0";"";"2";"2";"0";"1";"-1";"-1";"1";"";"-1";"1";"9";"1";"50"
"202400000244";"4";"MATHERON LUCIEN";"0";"";"1";"1";"0";"1";"0";"0";"1";"";"-1";"2";"9";"1";"30"
"202400000245";"3";"BD GAMBETTA";"0";"";"2";"2";"0";"2";"3";"550";"1";"";"-1";"2";"0";"1";"50"
"202400000246";"4";"JACQUES PREVERT (RUE)";"0";"";"2";"2";"0";"1";"0";"800";"1";"";"-1";"1";"0";"1";"50"
"202400000247";"3";"ROGER GUICHARD (AVENUE)";"0";"";"1";"1";"0";"1";"28";"140";"1";"";"-1";"2";"0";"1";"30"
"202400000247";"3";"ROGER GUICHARD (AVENUE)";"0";"";"1";"1";"0";"2";"28";"140";"1";"";"-1";"2";"0";"1";"50"
"202400000248";"3";"BRETELLE D ACCES CD 35";"0";"";"1";"1";"1";"2";"0";"0";"2";"";"-1";"1";"3";"1";"45"
"202400000249";"3";"GUE (RUE DU)";"0";"";"2";"2";"0";"2";"0";"0";"1";"";"-1";"1";"0";"1";"50"
"202400000249";"3";"JEAN JAURES (AVENUE)";"0";"";"2";"2";"0";"1";"0";"0";"1";"";"-1";"1";"0";"1";"50"
"202400000250";"3";"GENERAL DE GAULLE (AVENUE DU)";"0";"";"3";"4";"0";"1";"0";"0";"1";"";"-1";"1";"0";"1";"50"
"202400000251";"4";"FRANCOIS 1ER (RUE)";"0";"";"2";"2";"0";"1";"0";"0";"1";"";"-1";"1";"0";"1";"30"
"202400000252";"4";"15EME CORPS (AVE DU)";"0";"";"2";"1";"0";"1";"0";"0";"1";"";"-1";"1";"0";"1";"50"
"202400000253";"4";"";"0";"";"-1";"0";"0";"1";"-1";"-1";"1";"";"-1";"1";"0";"1";"80"
"202400000254";"3";"SAINT JEAN D'ANGELY (AVENUE)";"0";"";"-1";"2";"0";"1";"3";"100";"1";"";"6,5";"1";"0";"1";"80"
"202400000255";"4";"ALLENDE (AV.SALVADOR)";"0";"";"3";"4";"0";"1";"0";"0";"1";"";"-1";"2";"0";"1";"50"
"202400000255";"4";"PREVERT (QUAI JACQUES)";"0";"";"1";"2";"0";"1";"0";"0";"3";"";"-1";"2";"0";"1";"50"
"202400000256";"3";"d301 de chantoiseau /grand veneur";"0";"";"-1";"2";"0";"1";"21";"94";"1";"";"7";"1";"0";"1";"80"
"202400000256";"3";"RD607 de Barbizon à pavé du roi";"0";"";"1";"2";"0";"1";"18";"173";"3";"";"7";"1";"0";"1";"90"
"202400000257";"4";"BASTIN (RUE ALFRED)";"0";"";"2";"2";"0";"1";"0";"1";"1";"";"-1";"1";"5";"1";"50"
"202400000257";"4";"FERRY (AVENUE JULES)";"0";"";"2";"2";"0";"1";"0";"1";"1";"";"-1";"1";"5";"1";"50"
"202400000258";"4";"MOLE (RUE DU)";"0";"";"2";"2";"0";"1";"0";"1";"1";"";"-1";"1";"0";"1";"50"
"202400000259";"7";"JEAN JAURES                         (AV)";"0";"";"2";"4";"0";"1";"2";"300";"1";"";"5";"1";"0";"6";"50"
"202400000260";"4";"CAMILLE ROUSSET                     (AV)";"0";"";"2";"2";"1";"1";"-1";"-1";"1";"";"-1";"2";"0";"1";"50"
"202400000261";"7";"BISCHWILLER (ROUTE DE)";"0";"";"2";"2";"0";"1";"-1";"-1";"1";"";"-1";"1";"0";"1";"30"
"202400000262";"4";"AHETZE (ROUTE)";"0";"";"2";"2";"0";"1";"-1";"-1";"2";"";"-1";"1";"0";"1";"50"
"202400000263";"3";"MARCEL DASSAULT (BD)";"0";"";"-1";"2";"0";"4";"13";"500";"1";"";"-1";"1";"2";"8";"50"
"202400000263";"3";"MERIN (RUE DE)";"0";"";"-1";"2";"0";"2";"-1";"-1";"1";"";"-1";"1";"0";"1";"50"
"202400000264";"4";"GRENET (AVENUE HENRI)";"0";"";"2";"4";"0";"4";"-1";"-1";"2";"";"-1";"1";"0";"1";"50"
"202400000265";"4";"LAPORTE (AVENUE JEAN LEON)";"0";"";"2";"4";"0";"1";"-1";"-1";"1";"";"-1";"1";"0";"1";"30"
"202400000266";"4";"FLANDRES (RESIDENCE DES)";"0";"";"2";"2";"1";"1";"0";"0";"1";"";"-1";"1";"0";"1";"30"
"202400000267";"4";"UNION (RUE DE L')";"0";"";"1";"1";"0";"1";"-1";"-1";"1";"";"-1";"1";"5";"1";"50"
"202400000268";"7";"REPUBLIQUE AV DE LA ( N°501-825)";"0";"";"3";"4";"3";"1";"1";"200";"1";"";"-1";"2";"0";"1";"70"
"202400000269";"3";"29";"-1";"";"2";"2";"-1";"1";"0";"1";"3";"";"-1";"1";"5";"1";"30"
"202400000269";"3";"BASE DE SOUS-MARINS ( RD PT DE LA )";"0";"";"1";"3";"0";"1";"4";"330";"3";"";"10,5";"1";"5";"1";"30"
"202400000270";"3";"GUIRIEL ( ET IMP. DU )";"0";"";"2";"2";"0";"1";"-1";"-1";"1";"";"-1";"1";"0";"1";"30"
"202400000270";"3";"LIBERATION ( AV. DE LA )";"0";"";"2";"2";"0";"2";"95";"700";"1";"";"-1";"1";"0";"1";"50"
"202400000271";"4";"VALERY PAUL RUE ET SQUARE";"0";"";"1";"1";"0";"1";"-1";"-1";"1";"";"-1";"1";"0";"1";"30"
"202400000272";"7";"";"-1";"";"3";"4";"-1";"1";"-1";"-1";"1";"";"-1";"1";"0";"1";"50"
"202400000272";"7";"Rue Eugène Vignat";"0";"";"2";"2";"0";"1";"-1";"-1";"1";"";"0";"1";"0";"1";"50"
"202400000273";"3";"ANTIBES (AVENUE D')";"0";"";"2";"2";"0";"2";"1";"300";"1";"";"-1";"1";"0";"1";"50"
"202400000274";"4";"GENEBRET (RUE DE)";"0";"";"-1";"2";"0";"1";"-1";"-1";"1";"";"-1";"1";"0";"1";"50"
"202400000275";"4";"OURSEL (RUE DU DOCTEUR)";"0";"";"1";"1";"0";"1";"0";"0";"1";"";"-1";"1";"0";"1";"50"
"202400000276";"4";"BARRAULT RUE JEAN LOUIS (301)";"0";"";"2";"2";"0";"1";"-1";"-1";"1";"";"-1";"1";"0";"1";"30"
"202400000276";"4";"CHABEUIL AVENUE DE (102)";"0";"";"1";"1";"1";"1";"-1";"-1";"1";"";"-1";"1";"0";"1";"30"
"202400000277";"3";"Point du Jour  (rue du)";"0";"";"2";"2";"0";"1";"39";"590";"1";"";"7";"1";"0";"1";"70"
"202400000278";"4";"";"0";"";"2";"2";"0";"1";"-1";"-1";"1";"";"-1";"1";"0";"1";"50"
"202400000278";"4";"";"0";"";"2";"2";"0";"1";"-1";"-1";"2";"";"-1";"1";"0";"1";"50"
"202400000279";"4";"";"0";"";"-1";"2";"0";"1";"-1";"-1";"1";"";"-1";"1";"5";"1";"50"
"202400000280";"4";"OBSERVATOIRE AVENUE DE L'";"0";"";"2";"3";"2";"3";"0";"0";"1";"";"-1";"1";"0";"1";"50"
"202400000281";"4";"BLANC (Chemin de)";"0";"";"2";"2";"0";"1";"0";"0";"1";"";"-1";"1";"0";"1";"30"
"202400000281";"4";"VIGNERO (Allée des)";"0";"";"2";"2";"0";"1";"0";"0";"1";"";"-1";"1";"0";"1";"30"
"202400000282";"1";"SAINT PAUL (AVENUE)";"0";"";"-1";"3";"0";"2";"0";"0";"1";"";"10,5";"1";"0";"1";"50"
"202400000283";"4";"LITTORAL (CHEMIN DU)";"0";"";"2";"5";"0";"1";"0";"0";"2";"";"-1";"1";"0";"4";"50"
"202400000284";"4";"MARCORIGNAN (ROUTE DE)";"0";"";"2";"2";"0";"2";"-1";"-1";"1";"";"-1";"1";"9";"1";"50"
"202400000285";"4";"LOMBARDS (AVENUE)";"0";"";"2";"3";"0";"1";"-1";"-1";"1";"";"-1";"1";"0";"1";"50"
"202400000286";"4";"CELESTIN PHILBOIS (RUE)";"0";"";"2";"2";"0";"2";"-1";"-1";"1";"";"-1";"1";"9";"4";"50"
"202400000287";"4";"BERNARD DE CLAIRVAUX (RUE)";"0";"";"2";"-1";"0";"1";"-1";"-1";"1";"";"-1";"1";"0";"1";"50"
"202400000288";"4";"CLOITRE ST ETIENNE (RUE DU)";"0";"";"1";"1";"0";"1";"-1";"-1";"1";"";"-1";"1";"0";"1";"50"
"202400000289";"4";"PICAUD (AVENUE DU DOCTEUR)";"0";"";"2";"2";"0";"1";"0";"0";"1";"";"-1";"1";"0";"1";"50"
"202400000290";"4";"";"0";"";"2";"1";"1";"1";"-1";"-1";"1";"";"-1";"1";"5";"5";"50"
"202400000290";"4";"SAINT GEORGES ( CHEMIN DE )";"0";"";"2";"1";"0";"1";"-1";"-1";"1";"";"-1";"1";"0";"5";"50"
"202400000291";"3";"1083";"0";"";"2";"2";"2";"1";"46";"200";"1";"";"-1";"1";"0";"1";"50"
"202400000292";"4";"COTTARD JOSSERAND (RUE ABBE)";"0";"";"2";"2";"0";"1";"-1";"-1";"1";"";"-1";"1";"0";"1";"50"
"202400000293";"4";"BOULEVARD PERIPHERIQUE INTERIEUR SUD";"0";"";"1";"4";"0";"1";"34";"900";"1";"";"-1";"1";"0";"1";"70"
"202400000294";"4";"BOULEVARD PERIPHERIQUE INTERIEUR SUD";"0";"";"1";"3";"0";"1";"8";"700";"1";"";"-1";"1";"0";"1";"70"
"202400000295";"4";"ECHANGEUR BERCY";"0";"";"1";"2";"0";"1";"-1";"-1";"1";"";"-1";"1";"0";"1";"50"
"202400000295";"4";"ECHANGEUR BERCY";"0";"";"1";"4";"0";"1";"-1";"-1";"1";"";"-1";"1";"0";"1";"70"
"202400000296";"4";"BOULEVARD PERIPHERIQUE EXTERIEUR SUD";"0";"";"1";"3";"0";"1";"6";"500";"1";"";"-1";"1";"0";"1";"70"
"202400000297";"4";"RUE BUFFON";"0";"";"1";"2";"2";"1";"-1";"-1";"1";"";"-1";"1";"0";"5";"30"
"202400000298";"1";"";"0";"";"3";"6";"0";"1";"537";"0";"1";"";"-1";"1";"0";"1";"110"
"202400000299";"4";"AVENUE GAMBETTA";"0";"";"2";"4";"1";"1";"-1";"-1";"1";"";"-1";"1";"0";"1";"50"
"202400000299";"4";"";"-1";"";"1";"-1";"0";"1";"-1";"-1";"1";"";"-1";"1";"0";"1";"30"
"202400000300";"1";"ROCADE A 630";"0";"";"3";"8";"0";"1";"26";"500";"1";"";"-1";"2";"0";"1";"90"
"202400000301";"4";"BOULEVARD DAVOUT";"0";"";"1";"2";"0";"1";"-1";"-1";"1";"";"-1";"1";"9";"1";"50"
"202400000302";"4";"PLACE AUGUSTE BARON";"0";"";"1";"2";"2";"1";"-1";"-1";"3";"";"-1";"1";"0";"5";"30"
"202400000303";"1";"AUTOROUTE A10";"0";"";"3";"6";"0";"2";"8";"911";"2";"";"-1";"1";"0";"1";"90"
"202400000304";"4";"BOULEVARD SERURIER";"0";"";"2";"5";"1";"1";"-1";"-1";"1";"";"-1";"1";"0";"1";"50"
"202400000305";"2";"118";"0";"";"3";"2";"0";"1";"4";"900";"1";"";"-1";"1";"0";"1";"90"
"202400000306";"2";"RN 104";"0";"";"3";"2";"0";"1";"16";"330";"1";"";"10,5";"1";"0";"1";"110"
"202400000307";"4";"AVENUE CORENTIN CARIOU";"0";"";"1";"2";"0";"1";"-1";"-1";"1";"";"-1";"1";"0";"1";"30"
"202400000307";"4";"";"-1";"";"2";"-1";"-1";"1";"-1";"-1";"1";"";"-1";"1";"0";"1";"30"
"202400000308";"1";"AUTOROUTE A15";"0";"";"3";"9";"0";"1";"7";"700";"1";"";"-1";"1";"0";"1";"90"
"202400000309";"4";"";"-1";"";"2";"-1";"0";"1";"-1";"-1";"1";"";"-1";"1";"0";"1";"30"
"202400000309";"4";"RUE BACHELET";"0";"";"3";"2";"0";"1";"-1";"-1";"1";"";"-1";"1";"0";"1";"30"
"202400000310";"1";"4";"0";"";"1";"5";"0";"1";"0";"500";"1";"";"-1";"2";"0";"1";"70"
"202400000311";"4";"";"-1";"";"2";"-1";"2";"1";"-1";"-1";"1";"";"-1";"1";"-1";"5";"30"
"202400000311";"4";"RUE DE SAUSSURE";"0";"";"2";"1";"1";"1";"-1";"-1";"1";"";"-1";"1";"0";"5";"30"
"202400000312";"1";"86";"0";"";"1";"2";"0";"1";"39";"799";"1";"";"10,5";"1";"0";"1";"90"
"202400000313";"4";"PLACE VICTOR HUGO";"0";"";"1";"4";"0";"1";"-1";"-1";"2";"";"-1";"1";"0";"1";"30"
"202400000314";"4";"RUE JENNER";"0";"";"-1";"1";"0";"2";"-1";"-1";"1";"";"-1";"1";"0";"1";"30"
"202400000315";"2";"ROUTE NATIONALE N° 1";"0";"";"3";"4";"0";"1";"17";"836";"1";"";"-1";"1";"0";"1";"110"
"202400000316";"4";"AVENUE LEON BOLLEE";"0";"";"1";"2";"1";"1";"-1";"-1";"1";"";"-1";"1";"0";"1";"30"
"202400000316";"4";"";"-1";"";"1";"-1";"0";"1";"-1";"-1";"1";"";"-1";"1";"0";"1";"30"
"202400000317";"4";"MARINE(BOULEVARD)";"0";"";"2";"2";"0";"1";"0";"0";"2";"";"-1";"1";"0";"1";"70"
"202400000318";"4";"BOULEVARD DE MAGENTA";"0";"";"1";"6";"1";"1";"-1";"-1";"1";"";"-1";"1";"0";"5";"30"
"202400000318";"4";"";"-1";"";"1";"-1";"1";"1";"-1";"-1";"1";"";"-1";"1";"0";"5";"30"
"202400000319";"4";"GIPPET (DOCTEUR)";"0";"";"2";"2";"0";"1";"-1";"-1";"1";"";"-1";"1";"0";"1";"50"
"202400000319";"4";"VOLTAIRE(AVENUE)";"0";"";"1";"2";"0";"1";"-1";"-1";"1";"";"-1";"1";"0";"1";"50"
"202400000320";"4";"AVENUE DE TOURVILLE";"0";"";"2";"1";"0";"1";"-1";"-1";"1";"";"-1";"1";"0";"1";"30"
"202400000320";"4";"PLACE VAUBAN";"0";"";"2";"1";"0";"1";"-1";"-1";"1";"";"-1";"1";"0";"1";"30"
"202400000321";"4";"";"-1";"";"1";"-1";"0";"1";"-1";"-1";"1";"";"-1";"1";"0";"5";"30"
"202400000321";"4";"RUE BEAUBOURG";"0";"";"1";"3";"1";"1";"-1";"-1";"1";"";"-1";"1";"0";"1";"30"
"202400000322";"4";"";"0";"";"1";"1";"0";"1";"-1";"-1";"1";"";"-1";"1";"0";"1";"30"
"202400000322";"4";"";"0";"";"2";"1";"2";"1";"-1";"-1";"1";"";"-1";"1";"0";"1";"30"
"202400000323";"4";"";"0";"";"1";"1";"2";"1";"-1";"-1";"1";"";"-1";"1";"0";"5";"30"
"202400000324";"4";"RUE DE GRAMONT";"0";"";"1";"1";"0";"1";"-1";"-1";"1";"";"-1";"1";"0";"8";"30"
"202400000324";"4";"RUE DU QUATRE SEPTEMBRE";"0";"";"1";"3";"0";"1";"-1";"-1";"1";"";"-1";"1";"0";"1";"30"
"202400000325";"2";"GENERAL DE GAULLE (BLD DU)";"0";"";"4";"3";"0";"1";"0";"200";"1";"";"-1";"1";"5";"8";"20"
"202400000326";"3";"152";"0";"";"2";"2";"0";"1";"0";"0";"1";"";"-1";"1";"0";"1";"50"
"202400000326";"3";"";"0";"";"2";"2";"0";"1";"0";"0";"1";"";"-1";"1";"0";"1";"50"
"202400000327";"9";"";"0";"";"-1";"0";"0";"1";"-1";"-1";"1";"";"-1";"2";"6";"8";"30"
"202400000328";"4";"";"0";"";"2";"2";"0";"1";"0";"0";"1";"";"-1";"1";"0";"1";"50"
"202400000329";"4";"BIRMINGHAM (DE)                     (AV)";"0";"";"2";"4";"2";"1";"-1";"-1";"2";"";"-1";"1";"6";"1";"50"
"202400000329";"4";"";"-1";"";"1";"1";"0";"1";"-1";"-1";"1";"";"-1";"1";"0";"1";"30"
"202400000330";"4";"";"0";"";"2";"2";"0";"2";"0";"0";"1";"";"-1";"1";"0";"1";"50"
"202400000331";"6";"GARGES (ROUTE DE)";"0";"";"-1";"0";"0";"2";"0";"0";"1";"";"-1";"1";"0";"8";"30"
"202400000332";"3";"267";"0";"";"2";"2";"0";"1";"0";"0";"1";"";"-1";"1";"5";"1";"30"
"202400000332";"3";"";"-1";"";"2";"-1";"-1";"1";"-1";"-1";"1";"";"-1";"1";"5";"1";"-1"
"202400000333";"4";"SARRAUT ALBERT (AVENUE)";"0";"";"2";"2";"0";"1";"0";"0";"1";"";"-1";"1";"5";"1";"50"
"202400000333";"4";"VAILLANT COUTURIER (BD PAUL)";"0";"";"2";"2";"0";"1";"0";"0";"1";"";"-1";"1";"5";"1";"50"
"202400000334";"5";"";"0";"";"1";"1";"0";"1";"0";"0";"1";"";"-1";"1";"0";"1";"30"
"202400000335";"3";"CERNAY (BOULEVARD DE)";"0";"";"2";"2";"0";"1";"0";"400";"1";"";"-1";"1";"0";"1";"50"
"202400000335";"3";"GENERAL DECAEN (RUE DU)";"0";"";"2";"2";"0";"1";"0";"0";"1";"";"-1";"1";"5";"1";"50"
"202400000336";"3";"86";"0";"";"2";"5";"0";"2";"0";"0";"1";"";"-1";"1";"0";"1";"50"
"202400000337";"2";"CD 133";"0";"";"2";"0";"0";"1";"0";"0";"1";"";"0";"2";"3";"1";"50"
"202400000337";"2";"VC LA FRANCILIENNE";"0";"";"1";"0";"0";"1";"48";"730";"1";"";"0";"2";"3";"1";"50"
"202400000338";"4";"";"0";"";"2";"1";"0";"1";"0";"1";"1";"";"-1";"1";"0";"1";"50"
"202400000339";"3";"RD 118";"0";"";"1";"1";"0";"1";"0";"0";"1";"";"3";"2";"0";"1";"50"
"202400000340";"4";"";"0";"";"2";"2";"0";"1";"0";"0";"1";"";"-1";"1";"0";"1";"50"
"202400000341";"3";"4";"0";"";"2";"2";"0";"1";"0";"0";"1";"";"7";"1";"0";"1";"50"
"202400000342";"4";"BROSSOLETTE PIERRE NR 2 A 18";"0";"";"2";"2";"0";"1";"0";"1";"1";"";"-1";"1";"0";"1";"50"
"202400000343";"3";"30";"0";"";"2";"8";"0";"1";"1";"0";"1";"";"-1";"1";"0";"1";"50"
"202400000343";"3";"";"0";"";"2";"8";"0";"1";"1";"0";"1";"";"-1";"1";"0";"1";"50"
"202400000344";"4";"";"0";"";"-1";"2";"0";"1";"1";"0";"1";"";"-1";"1";"0";"1";"50"
"202400000344";"4";"";"0";"";"-1";"2";"0";"1";"2";"0";"1";"";"-1";"1";"0";"1";"50"
"202400000345";"4";"";"0";"";"1";"2";"0";"1";"1";"0";"1";"";"-1";"1";"0";"1";"50"
"202400000345";"4";"";"0";"";"2";"2";"0";"1";"0";"0";"1";"";"-1";"1";"0";"1";"50"
"202400000346";"4";"";"0";"";"-1";"2";"0";"1";"0";"0";"1";"";"-1";"1";"0";"1";"50"
"202400000347";"3";"933";"0";"";"1";"2";"0";"1";"0";"0";"1";"";"-1";"1";"9";"4";"5"
"202400000348";"3";"40";"0";"";"1";"2";"0";"1";"0";"0";"1";"";"-1";"1";"0";"1";"50"
"202400000349";"3";"41";"0";"";"2";"2";"0";"1";"1";"0";"1";"";"-1";"1";"0";"1";"50"
"202400000350";"4";"";"0";"";"1";"0";"0";"1";"0";"0";"1";"";"-1";"1";"0";"1";"30"
"202400000351";"4";"";"0";"";"1";"1";"0";"1";"0";"0";"1";"";"-1";"1";"0";"1";"50"
"202400000351";"4";"";"0";"";"2";"2";"0";"1";"0";"0";"1";"";"-1";"1";"0";"1";"50"
"202400000352";"4";"SEINE BOULEVARD DE";"0";"";"2";"2";"0";"1";"0";"0";"1";"";"-1";"1";"0";"1";"50"
"202400000353";"3";"VERDUN AVENUE DE N°2 A 28";"0";"";"2";"2";"0";"1";"0";"0";"1";"";"-1";"1";"6";"1";"50"
"202400000354";"3";"CLAUDE TREBIGNAUD (AVENUE) BOIS S102";"0";"";"2";"5";"0";"1";"0";"0";"1";"";"-1";"1";"0";"1";"50"
"202400000354";"3";"PORTE DE TRIVAUX (RUE DE) N°57 A 197 ET";"0";"";"2";"2";"0";"1";"0";"0";"1";"";"-1";"1";"0";"1";"50"
"202400000355";"3";"JEAN JAURES (BOULEVARD) 1/61 - COTE IMPA";"0";"";"1";"1";"0";"1";"0";"0";"1";"";"-1";"1";"0";"1";"30"
"202400000356";"3";"40E2";"-1";"D";"2";"2";"0";"2";"1";"470";"1";"";"5";"1";"0";"3";"80"
"202400000357";"3";"4";"0";"";"2";"2";"0";"2";"26";"300";"1";"";"5,5";"1";"2";"1";"80"
"202400000357";"3";"";"0";"";"2";"2";"0";"1";"-1";"-1";"1";"";"5,5";"1";"0";"1";"80"
"202400000358";"4";"";"-1";"";"2";"1";"0";"1";"1";"0";"1";"";"-1";"1";"0";"1";"30"
"202400000359";"3";"955";"-1";"D";"2";"2";"0";"1";"10";"980";"1";"";"5";"1";"0";"1";"50"
"202400000359";"3";"";"-1";"";"2";"-1";"-1";"1";"-1";"-1";"1";"";"-1";"1";"0";"1";"-1"
"202400000360";"1";"6";"-1";"";"3";"5";"0";"1";"375";"61";"1";"";"13,5";"1";"0";"1";"130"
"202400000361";"3";"415";"0";"D";"2";"2";"0";"2";"14";"800";"1";"";"7";"1";"0";"1";"70"
"202400000362";"2";"6";"0";"";"2";"2";"0";"1";"8";"750";"2";"";"7";"1";"0";"3";"50"
"202400000363";"3";"50";"-1";"D";"2";"2";"0";"2";"11";"200";"1";"";"4";"1";"0";"3";"90"
"202400000364";"3";"242";"0";"D";"2";"2";"0";"1";"1";"50";"1";"";"4";"1";"0";"1";"80"
"202400000365";"2";"40";"-1";"";"2";"2";"0";"2";"26";"943";"2";"";"7";"2";"0";"1";"90"
"202400000366";"3";"996";"-1";"";"2";"2";"0";"2";"129";"660";"3";"";"7";"1";"0";"1";"90"
"202400000367";"3";"77";"-1";"";"2";"2";"0";"1";"0";"1";"1";"";"7";"1";"0";"1";"50"
"202400000367";"3";"999";"-1";"";"2";"2";"0";"1";"47";"112";"2";"";"7";"1";"0";"1";"50"
"202400000368";"3";"11";"-1";"";"2";"2";"0";"4";"0";"399";"3";"";"6";"1";"0";"3";"50"
"202400000369";"3";"46";"0";"D";"2";"2";"0";"1";"21";"680";"2";"";"5,5";"1";"0";"1";"90"
"202400000369";"3";"";"-1";"";"2";"-1";"-1";"1";"19";"300";"2";"";"-1";"1";"0";"1";"-1"
"202400000370";"3";"8";"0";"D";"2";"2";"0";"3";"19";"98";"1";"";"-1";"1";"9";"1";"70"
"202400000371";"3";"87";"0";"";"2";"2";"0";"1";"15";"100";"1";"";"4";"2";"0";"1";"80"
"202400000372";"3";"";"0";"";"2";"2";"0";"2";"-1";"-1";"1";"";"7";"1";"0";"1";"50"
"202400000372";"3";"";"0";"";"2";"2";"0";"2";"53";"625";"1";"";"7";"1";"0";"1";"80"
"202400000373";"3";"663";"-1";"D";"2";"1";"0";"1";"3";"590";"1";"";"3";"1";"0";"1";"90"
"202400000373";"3";"763";"0";"D";"2";"1";"0";"1";"0";"0";"3";"";"3";"1";"0";"1";"50"
"202400000374";"3";"51";"0";"B";"2";"2";"0";"1";"2";"900";"3";"";"4";"1";"0";"1";"50"
"202400000375";"3";"404";"-1";"";"2";"1";"0";"1";"14";"240";"2";"";"4";"1";"5";"3";"80"
"202400000375";"3";"79";"-1";"";"2";"1";"0";"1";"15";"680";"2";"";"4";"1";"5";"3";"90"
"202400000376";"4";"";"-1";"";"2";"2";"0";"4";"-1";"-1";"3";"";"4";"1";"0";"1";"80"
"202400000377";"4";"";"-1";"";"2";"-1";"-1";"1";"-1";"-1";"1";"";"-1";"1";"0";"1";"50"
"202400000377";"4";"";"0";"";"2";"2";"0";"1";"-1";"-1";"1";"";"-1";"1";"0";"1";"50"
"202400000378";"3";"2";"0";"";"2";"2";"0";"1";"70";"300";"1";"";"-1";"1";"5";"1";"70"
"202400000378";"3";"322";"-1";"";"2";"2";"0";"1";"1";"800";"1";"";"-1";"1";"0";"8";"90"
"202400000379";"3";"272";"0";"";"2";"2";"0";"2";"1";"100";"3";"";"4";"1";"0";"1";"80"
"202400000380";"4";"";"-1";"";"2";"2";"0";"1";"-1";"-1";"1";"";"-1";"1";"0";"1";"30"
"202400000381";"3";"51";"0";"D";"2";"2";"0";"1";"15";"375";"3";"";"7";"1";"0";"3";"80"
"202400000381";"3";"";"-1";"";"2";"-1";"-1";"1";"-1";"-1";"1";"";"-1";"1";"0";"1";"50"
"202400000382";"3";"114.1";"-1";"";"2";"2";"0";"1";"0";"640";"1";"";"4";"1";"0";"1";"80"
"202400000382";"3";"336";"-1";"";"2";"2";"0";"1";"9";"410";"1";"";"4";"1";"0";"1";"80"
"202400000383";"3";"6313";"-1";"";"3";"2";"0";"1";"1";"557";"3";"";"-1";"1";"0";"3";"80"
"202400000384";"3";"d322";"0";"";"2";"2";"0";"2";"0";"630";"4";"";"4";"1";"0";"1";"80"
"202400000385";"3";"";"-1";"";"3";"3";"0";"1";"0";"0";"1";"";"-1";"1";"0";"1";"50"
"202400000386";"1";"6";"0";"";"3";"2";"0";"1";"182";"800";"1";"";"10";"1";"0";"1";"130"
"202400000387";"1";"43";"-1";"A";"3";"2";"0";"1";"43";"700";"1";"";"10";"1";"0";"1";"130"
"202400000388";"3";"139";"0";"";"2";"2";"0";"1";"2";"778";"1";"";"5";"1";"0";"1";"50"
"202400000388";"3";"54";"-1";"";"2";"2";"0";"1";"6";"669";"1";"";"5";"1";"0";"1";"50"
"202400000389";"3";"605";"0";"D";"2";"2";"0";"1";"28";"367";"1";"";"7";"1";"0";"1";"50"
"202400000389";"3";"vc";"-1";"";"2";"2";"0";"1";"-1";"-1";"1";"";"7";"1";"0";"1";"50"
"202400000390";"3";"14";"0";"D";"3";"2";"0";"1";"27";"749";"2";"";"10,5";"1";"3";"1";"110"
"202400000391";"7";"610";"0";"M";"2";"1";"0";"1";"1";"505";"1";"";"3,5";"1";"0";"1";"70"
"202400000392";"3";"N8";"-1";"";"2";"2";"0";"1";"14";"200";"1";"";"-1";"1";"0";"1";"80"
"202400000392";"3";"";"-1";"";"2";"2";"0";"1";"-1";"-1";"1";"";"-1";"1";"0";"1";"80"
"202400000393";"3";"99";"0";"D";"2";"2";"0";"1";"9";"0";"1";"";"5,5";"1";"0";"3";"80"
"202400000394";"3";"39";"-1";"";"2";"2";"0";"1";"27";"500";"1";"";"5,5";"1";"0";"3";"80"
"202400000394";"3";"";"-1";"";"2";"-1";"-1";"1";"-1";"-1";"1";"";"-1";"1";"0";"1";"-1"
"202400000395";"4";"7";"0";"D";"2";"2";"0";"3";"-1";"-1";"4";"";"-1";"1";"0";"1";"70"
"202400000396";"4";"";"-1";"";"2";"2";"0";"1";"-1";"-1";"1";"";"-1";"1";"0";"1";"50"
"202400000397";"3";"116";"-1";"";"2";"2";"0";"3";"7";"450";"3";"";"4";"1";"0";"3";"-1"
"202400000398";"3";"201";"-1";"";"2";"2";"0";"3";"2";"950";"2";"";"4";"1";"0";"3";"90"
"202400000399";"3";"46";"-1";"";"2";"1";"0";"1";"0";"10";"2";"";"4";"9";"0";"1";"50"
"202400000400";"2";"7";"0";"";"2";"1";"0";"1";"75";"450";"1";"";"3";"1";"5";"1";"70"
"202400000400";"2";"null";"-1";"null";"2";"1";"0";"1";"-1";"-1";"1";"";"3";"1";"5";"1";"-1"
"202400000401";"4";"16";"-1";"";"2";"2";"0";"1";"-1";"-1";"4";"";"-1";"1";"0";"1";"80"
"202400000402";"3";"RD307";"0";"B";"2";"2";"2";"1";"2";"150";"1";"";"5";"1";"0";"1";"70"
"202400000403";"3";"";"0";"";"2";"2";"0";"1";"29";"0";"1";"";"5,5";"1";"0";"1";"80"
"202400000404";"4";"";"-1";"";"2";"2";"0";"1";"-1";"-1";"1";"";"-1";"1";"0";"1";"50"
"202400000405";"3";"964";"-1";"D";"2";"2";"0";"1";"44";"0";"1";"";"-1";"1";"0";"1";"90"
"202400000405";"3";"";"-1";"";"2";"2";"0";"1";"-1";"-1";"1";"";"-1";"1";"5";"1";"80"
"202400000406";"4";"38";"0";"R";"2";"2";"0";"1";"-1";"-1";"4";"";"-1";"1";"0";"3";"50"
"202400000407";"4";"";"-1";"";"2";"2";"0";"1";"-1";"-1";"1";"";"-1";"1";"0";"1";"50"
"202400000408";"4";"";"-1";"";"-1";"2";"0";"4";"-1";"-1";"1";"";"-1";"1";"0";"8";"50"
"202400000408";"4";"";"0";"";"2";"2";"0";"1";"-1";"-1";"1";"";"-1";"1";"0";"8";"-1"
"202400000409";"4";"";"-1";"";"2";"2";"0";"1";"-1";"-1";"1";"";"-1";"1";"0";"1";"30"
"202400000409";"4";"";"-1";"";"2";"2";"0";"1";"-1";"-1";"1";"";"-1";"1";"0";"1";"50"
"202400000410";"3";"1314";"0";"";"2";"2";"0";"1";"24";"774";"3";"";"5,5";"1";"0";"3";"80"
"202400000411";"1";"A50-Sens Marseille vers Aubagne";"0";"";"1";"3";"3";"1";"3";"0";"1";"";"13,5";"1";"0";"6";"70"
"202400000412";"1";"AUTOROUTE A 10";"0";"";"3";"3";"0";"1";"537";"200";"1";"";"14";"1";"0";"1";"110"
"202400000413";"1";"A501-Aubagne Pont de l'Etoile";"0";"";"3";"2";"0";"1";"5";"0";"1";"";"-1";"1";"0";"1";"90"
"202400000414";"2";"TUNNEL ORLY Y (PARAY VP) PK 2.6-3.6";"0";"";"3";"2";"0";"1";"2";"747";"1";"";"-1";"1";"1";"1";"70"
"202400000415";"1";"A57";"0";"";"1";"3";"0";"1";"0";"300";"1";"";"-1";"1";"0";"1";"70"
"202400000416";"1";"86";"0";"";"1";"3";"0";"1";"75";"0";"1";"";"14";"1";"0";"1";"50"
"202400000417";"1";"ROCADE A 630";"0";"";"3";"6";"0";"1";"19";"930";"1";"";"-1";"1";"0";"1";"90"
"202400000418";"1";"A86 INT";"0";"";"-1";"3";"0";"1";"59";"600";"3";"";"14";"1";"3";"1";"70"
"202400000419";"1";"A12 W";"0";"";"-1";"3";"0";"1";"0";"800";"3";"";"-1";"1";"0";"1";"90"
"202400000420";"1";"AUTOROUTE A 10";"0";"";"3";"6";"0";"2";"533";"700";"1";"";"-1";"1";"2";"1";"130"
"202400000421";"1";"A13";"0";"";"-1";"3";"0";"1";"48";"710";"1";"";"14";"1";"1";"1";"90"
"202400000422";"1";"AUTOROUTE A6";"0";"";"-1";"3";"0";"1";"33";"779";"1";"";"14";"1";"0";"1";"110"
"202400000423";"2";"13";"0";"";"1";"2";"0";"1";"8";"125";"1";"";"-1";"1";"1";"1";"50"
"202400000424";"1";"AUTOROUTE A6B";"0";"";"2";"3";"0";"1";"8";"0";"1";"";"6";"1";"0";"1";"90"
"202400000425";"2";"RN12";"0";"";"-1";"3";"0";"1";"20";"399";"1";"";"14";"1";"0";"1";"110"
"202400000426";"1";"AUTOROUTE A10";"0";"";"1";"3";"0";"2";"10";"699";"1";"";"14";"1";"0";"1";"90"
"202400000427";"2";"RN12";"0";"";"3";"3";"0";"1";"19";"500";"1";"";"-1";"1";"0";"1";"110"
"202400000428";"2";"RN 118";"0";"";"2";"2";"0";"1";"8";"300";"1";"";"10,5";"1";"0";"1";"90"
"202400000429";"1";"AUTOROUTE A115";"0";"";"3";"2";"0";"1";"9";"899";"1";"";"10,5";"1";"0";"1";"90"
"202400000430";"1";"A86 EXT";"0";"";"1";"3";"0";"1";"62";"600";"1";"";"14";"1";"3";"1";"50"
"202400000431";"1";"1";"0";"";"3";"4";"0";"1";"2";"0";"1";"";"17";"1";"0";"1";"90"
"202400000432";"1";"86";"0";"";"1";"3";"0";"1";"76";"900";"1";"";"10,5";"3";"1";"1";"70"
"202400000433";"2";"RN104";"0";"";"3";"4";"0";"1";"9";"200";"1";"";"-1";"1";"0";"1";"110"
"202400000434";"2";"N118";"0";"";"3";"1";"0";"1";"4";"800";"1";"";"3";"1";"0";"1";"90"
"202400000435";"4";"MOURGAPAMODELLY (IMPASSE)";"0";"";"2";"2";"0";"1";"0";"0";"1";"";"-1";"1";"0";"1";"80"
"202400000436";"1";"86";"0";"";"3";"3";"0";"1";"20";"899";"1";"";"13,5";"1";"1";"1";"90"
"202400000437";"4";"BOIS DE NEFLES (RUE DU)";"0";"";"1";"1";"0";"1";"0";"0";"1";"";"-1";"1";"0";"1";"30"
"202400000438";"1";"3";"0";"";"3";"3";"0";"1";"8";"500";"1";"";"13,5";"1";"0";"1";"110"
"202400000439";"1";"86";"0";"";"3";"2";"0";"1";"9";"0";"2";"";"7";"1";"0";"6";"90"
"202400000440";"1";"AUTOROUTE A15";"0";"";"3";"4";"0";"1";"9";"300";"1";"";"17,5";"1";"0";"1";"110"
"202400000441";"1";"A4";"0";"";"-1";"3";"0";"1";"5";"0";"1";"";"-1";"1";"0";"1";"90"
"202400000442";"1";"4";"0";"";"1";"4";"0";"1";"6";"500";"1";"";"-1";"1";"0";"1";"90"
"202400000443";"1";"A104.EXT";"0";"";"3";"4";"0";"1";"18";"750";"1";"";"-1";"1";"0";"1";"90"
"202400000444";"1";"4";"0";"";"3";"5";"0";"1";"2";"0";"1";"";"-1";"1";"0";"1";"90"
"202400000445";"1";"4";"0";"";"1";"4";"0";"1";"2";"799";"1";"";"-1";"1";"0";"1";"90"
"202400000446";"4";"18 AOUT 44 (RUE DU)";"0";"";"-1";"2";"0";"1";"0";"1";"1";"";"-1";"1";"0";"1";"50"
"202400000446";"4";"VALLEES (ROUTE DES)";"0";"";"1";"2";"0";"1";"0";"1";"1";"";"-1";"1";"0";"1";"50"
"202400000447";"3";"BRECHE BUHOT (AVENUE DE LA)";"0";"";"1";"1";"0";"1";"-1";"-1";"1";"";"-1";"1";"5";"1";"50"
"202400000447";"3";"CHARLES DE GAULLE (AVENUE)";"0";"";"2";"1";"0";"1";"0";"420";"1";"";"-1";"1";"5";"1";"50"
"202400000448";"3";"217";"0";"";"2";"1";"0";"1";"5";"565";"1";"";"3";"1";"0";"1";"80"
"202400000448";"3";"";"-1";"";"2";"1";"0";"1";"-1";"-1";"1";"";"3";"1";"0";"1";"80"
"202400000449";"3";"SECTION TOMBEAU";"0";"";"2";"2";"0";"2";"-1";"-1";"3";"";"-1";"2";"0";"1";"70"
"202400000450";"4";"AVENUE MARCEL CACHIN";"0";"";"2";"2";"1";"1";"-1";"-1";"1";"";"5,5";"1";"0";"1";"50"
"202400000451";"3";"GENERAL DE GAULLE (AVENUE)";"0";"";"1";"1";"0";"1";"-1";"-1";"1";"";"-1";"1";"0";"1";"50"
"202400000452";"1";"A480";"0";"";"3";"2";"0";"1";"10";"300";"1";"";"10";"1";"0";"1";"110"
"202400000453";"4";"CANTO PERDRIX AVENUE DE";"0";"";"2";"2";"0";"1";"0";"0";"2";"";"-1";"1";"5";"1";"50"
"202400000453";"4";"LAVANDIN RUE DU";"0";"";"2";"2";"0";"1";"0";"0";"2";"";"-1";"1";"0";"1";"50"
"202400000454";"2";"BONAPARTE CHARLES  BD";"0";"";"1";"2";"0";"1";"0";"0";"2";"";"-1";"1";"0";"1";"50"
"202400000454";"2";"COURS PRINCE IMPERIAL";"0";"";"1";"3";"0";"1";"0";"0";"1";"";"-1";"1";"5";"1";"50"
"202400000455";"3";"DULLIN ALLEE CHARLES";"0";"";"3";"2";"0";"1";"0";"0";"1";"";"7";"1";"0";"1";"50"
"202400000455";"3";"ISTRES ROUTE D'";"0";"";"3";"2";"0";"1";"31";"0";"1";"";"7";"1";"0";"1";"50"
"202400000456";"4";"PORT DE BOUC ROUTE DE";"0";"";"3";"2";"0";"3";"0";"0";"1";"";"-1";"1";"0";"1";"50"
"202400000457";"4";"GONESSE (CHEMIN DE)";"0";"";"2";"2";"3";"1";"0";"0";"1";"";"-1";"1";"0";"1";"50"
"202400000458";"4";"MOULET AVENUE CHARLES";"0";"";"2";"2";"0";"1";"0";"0";"1";"";"-1";"1";"0";"1";"50"
"202400000459";"3";"ROND POINT DU PARISIS";"0";"";"4";"2";"0";"1";"0";"0";"2";"";"-1";"1";"5";"1";"30"
"202400000459";"3";"ROND POINT DU PARISIS";"0";"";"4";"2";"0";"1";"1";"261";"2";"";"-1";"1";"0";"1";"30"
"202400000460";"4";"BOULEVARD DES INVALIDES";"0";"";"2";"2";"0";"1";"-1";"-1";"3";"";"-1";"1";"0";"1";"30"
"202400000460";"4";"null";"-1";"null";"2";"-1";"0";"1";"-1";"-1";"1";"";"-1";"1";"0";"1";"30"
"202400000461";"3";"DEVI DU CD 19";"0";"";"3";"2";"0";"1";"0";"0";"2";"";"-1";"1";"0";"1";"90"
"202400000462";"3";"61";"-1";"";"3";"0";"0";"1";"20";"500";"1";"";"0";"1";"0";"6";"110"
"202400000463";"3";"C.De GAULLE (Rocade)";"0";"";"-1";"4";"0";"1";"0";"1";"1";"";"-1";"3";"0";"3";"90"
"202400000464";"4";"CHAMP FLEURI";"0";"";"2";"2";"0";"1";"0";"0";"2";"";"-1";"1";"0";"1";"50"
"202400000465";"4";"LABOURDONNAIS";"0";"";"1";"2";"0";"1";"0";"0";"1";"";"-1";"1";"0";"1";"50"
"202400000465";"4";"VICTOIRE (AVENUE DE LA)";"0";"";"2";"2";"0";"2";"0";"0";"1";"";"-1";"1";"0";"1";"50"
"202400000466";"4";"CRONSTADT (QUAI) DE BRISSON A VIEUX PONT";"0";"";"2";"2";"0";"1";"-1";"-1";"3";"";"-1";"1";"0";"1";"30"
"202400000466";"4";"PONTS (LES VIEUX)";"0";"";"2";"2";"0";"1";"-1";"-1";"3";"";"6";"1";"2";"1";"30"
"202400000467";"4";"";"-1";"";"2";"-1";"-1";"1";"-1";"-1";"1";"";"-1";"1";"0";"1";"-1"
"202400000467";"4";"RABAN (ROUTE DE)";"0";"";"2";"2";"0";"1";"-1";"-1";"1";"";"-1";"1";"0";"1";"50"
"202400000468";"3";"CD NUMERO 471";"0";"";"2";"2";"0";"1";"9";"199";"1";"";"-1";"1";"0";"1";"80"
"202400000469";"3";"DEPARTEMENTALE 1004";"0";"";"3";"4";"0";"1";"10";"730";"1";"";"-1";"1";"0";"1";"110"
"202400000470";"4";"Côte de la Maison Brûlée (D132)";"0";"";"2";"2";"0";"2";"-1";"-1";"3";"";"-1";"2";"0";"1";"80"
"202400000471";"4";"BEAUJOLAIS (RUE DU)";"0";"";"2";"2";"0";"1";"-1";"-1";"1";"";"-1";"1";"0";"1";"30"
"202400000471";"4";"MACONNAIS (RUE DU)";"0";"";"2";"2";"0";"1";"-1";"-1";"1";"";"-1";"1";"0";"1";"30"
"202400000472";"3";"SAINT LEU (ROUTE DE)";"0";"";"2";"2";"0";"1";"0";"411";"1";"";"-1";"1";"0";"1";"50"
"202400000473";"4";"FREDERIC FAYS      (Rue)";"0";"";"1";"1";"2";"1";"-1";"-1";"1";"";"-1";"1";"6";"1";"30"
"202400000473";"4";"";"-1";"";"2";"2";"2";"1";"-1";"-1";"1";"";"-1";"1";"0";"1";"30"
"202400000474";"3";"MAURICE BERTEAUX (BOULEVARD)";"0";"";"2";"1";"0";"1";"0";"530";"1";"";"-1";"1";"0";"1";"50"
"202400000474";"3";"RHIN ET DANUBE (BOULEVARD)";"0";"";"2";"1";"0";"1";"0";"1 838";"1";"";"-1";"1";"0";"1";"50"
"202400000475";"4";"LASSALLE  ANTONIN  BD";"0";"";"2";"2";"0";"1";"-1";"-1";"1";"";"-1";"1";"0";"1";"50"
"202400000476";"3";"CALAIS (ROUTE DE)";"0";"";"1";"0";"0";"1";"1";"685";"1";"";"0";"1";"0";"1";"70"
"202400000477";"3";"JAURES ( RUE JEAN )";"0";"";"2";"2";"0";"1";"9";"880";"1";"";"4";"1";"2";"4";"50"
"202400000478";"4";"RUE ROLAND GARROS";"0";"";"4";"8";"0";"1";"0";"0";"1";"";"-1";"1";"9";"8";"50"
"202400000479";"4";"RASPAIL (BOULEVARD)";"0";"";"2";"2";"0";"1";"0";"1";"1";"";"-1";"1";"0";"1";"50"
"202400000479";"4";"VELOUTERIE (RUE DE LA)";"0";"";"2";"2";"0";"1";"0";"1";"1";"";"-1";"1";"0";"1";"50"
"202400000480";"4";"LAVOISIER RUE";"0";"";"2";"2";"0";"1";"0";"0";"4";"";"-1";"1";"0";"1";"50"
"202400000481";"4";"SAINT ROCH (BOULEVARD)";"0";"";"2";"2";"1";"1";"0";"1";"1";"";"-1";"1";"9";"5";"10"
"202400000482";"4";"OLLIVIER (RUE OMER )";"0";"";"2";"1";"0";"3";"0";"0";"1";"";"-1";"1";"2";"1";"50"
"202400000483";"4";"NOTRE DAME D'ALEM VC 22 (CHEMIN DE)";"0";"";"2";"2";"0";"1";"-1";"-1";"1";"";"-1";"1";"0";"1";"50"
"202400000483";"4";"PIERRE LATECOERE (AVENUE)";"0";"";"2";"2";"0";"1";"-1";"-1";"1";"";"-1";"1";"0";"1";"50"
"202400000484";"4";"";"-1";"";"1";"-1";"2";"1";"-1";"-1";"1";"";"-1";"1";"-1";"1";"30"
"202400000484";"4";"";"0";"";"1";"2";"2";"1";"-1";"-1";"1";"";"-1";"1";"-1";"1";"30"
"202400000485";"3";"SAINT JEAN (AVENUE DE)";"0";"";"-1";"1";"0";"1";"34";"0";"1";"";"-1";"1";"0";"1";"50"
"202400000486";"4";"ARNOULD (BOULEVARD CHARLES)";"0";"";"2";"2";"0";"1";"-1";"0";"1";"";"-1";"1";"0";"4";"50"
"202400000487";"4";"BEDIER BOULEVARD";"0";"";"2";"5";"2";"1";"1";"0";"1";"";"-1";"2";"0";"1";"50"
"202400000487";"4";"PONTS DE CE";"0";"";"2";"2";"2";"1";"1";"0";"1";"";"-1";"2";"0";"1";"30"
"202400000488";"4";"";"-1";"";"2";"-1";"-1";"1";"-1";"-1";"1";"";"-1";"1";"0";"1";"-1"
"202400000488";"4";"SANGNIER MARC (RUE)";"0";"";"2";"0";"0";"1";"-1";"-1";"1";"";"-1";"1";"0";"1";"50"
"202400000489";"3";"LABARRE (RUE PAULIN)";"0";"";"2";"2";"0";"1";"2";"453";"1";"";"5,5";"2";"0";"1";"50"
"202400000490";"4";"MAC JEAN (AV) N° PAIRS 308 ET plus";"0";"";"2";"2";"0";"1";"0";"0";"1";"";"-1";"1";"5";"1";"50"
"202400000490";"4";"TOULOUSE";"0";"";"2";"2";"0";"1";"0";"0";"1";"";"-1";"1";"0";"1";"50"
"202400000491";"7";"BRAILLE LOUIS (BOULEVARD)";"0";"";"2";"2";"0";"1";"27";"850";"1";"";"5,5";"1";"0";"1";"50"
"202400000492";"4";"MONTAGNE VERTE (RUE DE LA)";"0";"";"1";"2";"0";"1";"-1";"-1";"1";"";"-1";"1";"0";"1";"30"
"202400000492";"4";"MONTAGNE VERTE (RUE DE LA)";"0";"";"1";"2";"1";"1";"-1";"-1";"1";"";"-1";"1";"0";"8";"30"
"202400000493";"4";"KLEBER (AVENUE)";"0";"";"2";"2";"0";"1";"-1";"-1";"1";"";"-1";"1";"0";"1";"30"
"202400000493";"4";"KLEBER (ROND-POINT)";"0";"";"3";"2";"0";"1";"-1";"-1";"2";"";"-1";"1";"0";"1";"30"
"202400000494";"4";"PAUL PRAS (AVENUE)";"0";"";"2";"2";"0";"1";"-1";"-1";"1";"";"-1";"1";"0";"1";"30"
"202400000495";"4";"DUPONT DES LOGES";"0";"";"1";"1";"2";"1";"-1";"-1";"1";"";"-1";"1";"0";"1";"30"
"202400000495";"4";"SAUVEUR ( JOSEPH)";"0";"";"1";"1";"2";"1";"-1";"-1";"1";"";"-1";"1";"0";"1";"30"
"202400000496";"4";"PINANE (RUE DE)";"0";"";"2";"2";"0";"1";"-1";"-1";"1";"";"-1";"1";"0";"1";"50"
"202400000497";"4";"VERDUN (BOULEVARD DE)";"0";"";"2";"2";"0";"1";"0";"0";"3";"";"-1";"1";"0";"1";"50"
"202400000498";"4";"CAPUCINS (RUE DES)";"0";"";"2";"2";"0";"2";"-1";"-1";"1";"";"-1";"1";"0";"1";"30"
"202400000499";"4";"LIBERTE (AVENUE DE LA";"0";"";"2";"3";"0";"1";"-1";"-1";"1";"";"-1";"1";"0";"1";"50"
"202400000500";"4";"MENDES FRANCE (BOULEVARD PIERRE)";"0";"";"3";"2";"1";"1";"-1";"-1";"1";"";"-1";"1";"5";"1";"50"
"202400000501";"3";"QUATRE ECLUSES - PONT";"0";"";"2";"1";"1";"1";"21";"700";"1";"";"-1";"1";"2";"1";"50"
"202400000502";"4";"RUE DE LA COURSE";"0";"";"1";"1";"2";"1";"-1";"-1";"1";"";"-1";"2";"0";"1";"30"
"202400000502";"4";"RUE DU JARDIN PUBLIC";"0";"";"2";"2";"0";"1";"-1";"-1";"1";"";"-1";"2";"0";"1";"30"
"202400000503";"3";"CD 952";"0";"";"2";"1";"0";"1";"0";"11";"3";"";"3";"1";"0";"1";"50"
"202400000504";"2";"RD 1250 (OUSTALET - BONNEVAL)";"0";"";"2";"2";"0";"1";"40";"812";"1";"";"-1";"2";"5";"1";"80"
"202400000505";"4";"";"0";"";"1";"1";"0";"2";"-1";"-1";"1";"";"10,5";"1";"0";"1";"20"
"202400000506";"1";"ECHANGEUR BORDELONGUE (A64/A620)";"0";"";"1";"2";"0";"1";"287";"385";"3";"";"7";"2";"3";"8";"70"
"202400000507";"4";"LE GONIDEC (RUE  J. FRANCOIS )";"0";"";"2";"2";"0";"1";"-1";"-1";"1";"";"-1";"1";"0";"4";"6"
"202400000508";"3";"EVREUX (ROUTE D')";"0";"";"2";"2";"0";"1";"38";"756";"1";"";"7";"2";"0";"1";"80"
"202400000509";"4";"";"0";"";"2";"2";"0";"1";"-1";"-1";"1";"";"-1";"1";"0";"1";"30"
"202400000509";"4";"";"0";"";"2";"2";"0";"1";"-1";"-1";"1";"";"-1";"1";"0";"1";"50"
"202400000510";"4";"BLUM ( BD LEON )";"0";"";"2";"2";"2";"1";"-1";"-1";"1";"";"-1";"1";"-1";"1";"30"
"202400000511";"4";"GARE D'EAU AV.  DE LA (inf 17)";"0";"";"1";"1";"0";"1";"-1";"-1";"1";"";"-1";"1";"0";"1";"50"
"202400000511";"4";"PORTEAU RUE DU";"0";"";"1";"1";"2";"1";"-1";"-1";"2";"";"-1";"1";"0";"1";"50"
"202400000512";"4";"GRANDS PRES (RUE DES)";"0";"";"2";"2";"0";"2";"-1";"-1";"1";"";"-1";"1";"0";"1";"50"
"202400000512";"4";"RD 674";"0";"";"2";"3";"0";"1";"-1";"-1";"1";"";"-1";"1";"0";"1";"50"
"202400000513";"7";"RD 570";"0";"";"2";"2";"0";"1";"1";"580";"1";"";"-1";"1";"0";"8";"50"
"202400000513";"7";"SAINT-EXUPERY (RUE ANTOINE DE)";"0";"";"2";"3";"1";"2";"-1";"-1";"1";"";"-1";"1";"0";"5";"50"
"202400000514";"4";"BOULARD (RUE)";"0";"";"2";"2";"2";"1";"-1";"-1";"1";"";"-1";"1";"9";"5";"30"
"202400000514";"4";"DOUMER (BOULEVARD PAUL)";"0";"";"-1";"3";"0";"1";"-1";"-1";"1";"";"-1";"1";"0";"8";"50"
"202400000515";"4";"DE JOUVENEL (BOULEVARD HENRI)";"0";"";"2";"3";"0";"1";"0";"0";"1";"";"-1";"2";"9";"1";"50"
"202400000516";"4";"VAILLANT COUTURIER (RUE PAUL)N°105A197 E";"0";"";"1";"1";"0";"1";"1";"0";"1";"";"-1";"1";"0";"4";"50"
"202400000517";"4";"11 NOVEMBRE 1918 (PLACE)";"0";"";"2";"2";"0";"2";"-1";"-1";"1";"";"-1";"1";"0";"1";"50"
"202400000517";"4";"COURLAY (AVENUE DE)";"0";"";"2";"2";"0";"2";"-1";"-1";"1";"";"-1";"1";"0";"1";"50"
"202400000518";"4";"ROUET (RUE DU)";"0";"";"1";"0";"0";"1";"0";"0";"1";"";"-1";"1";"0";"1";"50"
"202400000518";"4";"TURCAT MERY ALLÉE (ALLEE)";"0";"";"3";"0";"0";"2";"0";"0";"1";"";"-1";"1";"0";"1";"50"
"202400000519";"3";"DE GAULLE (AV. DU GENERAL)";"0";"";"2";"2";"0";"1";"17";"1";"1";"";"-1";"1";"0";"1";"30"
"202400000519";"3";"SCALIGER (BOULEVARD)";"0";"";"2";"2";"0";"1";"0";"0";"1";"";"-1";"1";"0";"1";"30"
"202400000520";"4";"TUNNEL DU PAILLON";"0";"";"1";"3";"1";"1";"1";"0";"3";"";"-1";"2";"1";"1";"50"
"202400000521";"4";"BOULEVARD NEY";"0";"";"1";"2";"2";"1";"-1";"-1";"3";"";"-1";"2";"0";"1";"30"
"202400000521";"4";"";"-1";"";"1";"-1";"-1";"1";"-1";"-1";"1";"";"-1";"2";"0";"1";"30"
"202400000522";"4";"MEDICIS (ROND POINT)";"0";"";"1";"1";"0";"2";"0";"0";"2";"";"-1";"1";"9";"1";"30"
"202400000523";"4";"";"-1";"";"2";"-1";"-1";"1";"-1";"-1";"1";"";"-1";"1";"0";"1";"30"
"202400000523";"4";"RUE LECONTE DE LISLE";"0";"";"1";"1";"0";"1";"-1";"-1";"1";"";"-1";"1";"0";"1";"30"
"202400000524";"4";"RUE BERTRAND DE GOTH";"0";"";"1";"1";"1";"1";"-1";"-1";"1";"";"-1";"1";"0";"1";"30"
"202400000524";"4";"RUE EUGENE TENOT";"0";"";"1";"1";"2";"1";"-1";"-1";"1";"";"-1";"1";"-1";"1";"30"
"202400000525";"4";"AVE DE FONCASTEL";"0";"";"2";"2";"2";"1";"-1";"-1";"1";"";"-1";"1";"5";"1";"50"
"202400000526";"4";"RUE DE LA FONTAINE AU ROI";"0";"";"1";"1";"0";"2";"-1";"-1";"1";"";"-1";"1";"0";"1";"30"
"202400000526";"4";"RUE MORAND";"0";"";"1";"1";"0";"1";"-1";"-1";"1";"";"-1";"1";"0";"1";"30"
"202400000527";"4";"MONTAIGNE (DE 1 A 37 ET 2 A 30)";"0";"";"2";"4";"3";"1";"-1";"-1";"1";"";"-1";"1";"0";"1";"50"
"202400000528";"4";"PLACE DE LA RESISTANCE";"0";"";"2";"0";"1";"1";"-1";"-1";"1";"";"-1";"2";"0";"1";"30"
"202400000529";"4";"RUE DE LA CROIX NIVERT";"0";"";"2";"2";"0";"1";"-1";"-1";"1";"";"-1";"2";"6";"1";"30"
"202400000529";"4";"RUE FONDARY";"0";"";"1";"-1";"0";"1";"-1";"-1";"1";"";"-1";"2";"5";"1";"30"
"202400000530";"4";"";"0";"";"1";"1";"0";"1";"0";"0";"1";"";"-1";"1";"0";"1";"30"
"202400000531";"4";"BESANCON (DU 72TER A LA FIN)";"0";"";"2";"2";"0";"1";"-1";"-1";"1";"";"-1";"1";"0";"1";"50"
"202400000531";"4";"";"-1";"";"2";"2";"-1";"3";"-1";"-1";"1";"";"-1";"1";"0";"1";"-1"
"202400000532";"3";"27";"0";"";"2";"2";"0";"1";"48";"903";"1";"";"5";"1";"0";"1";"30"
"202400000533";"2";"RN12";"0";"";"3";"2";"0";"1";"60";"400";"3";"";"10";"1";"0";"1";"90"
"202400000534";"4";"CAILLOUX (RUE DES)";"0";"";"1";"1";"2";"1";"0";"0";"1";"";"-1";"2";"0";"1";"30"
"202400000535";"3";"DOUE (RUE DE LA)";"0";"";"2";"2";"0";"1";"2";"900";"1";"";"-1";"1";"0";"1";"70"
"202400000535";"3";"";"-1";"";"2";"-1";"-1";"1";"-1";"-1";"1";"";"-1";"1";"0";"8";"-1"
"202400000536";"4";"SAINT LOUP (BOULEVARD DE)";"0";"";"2";"0";"0";"1";"0";"0";"1";"";"-1";"1";"0";"1";"50"
"202400000537";"3";"17";"0";"";"2";"2";"0";"1";"7";"148";"1";"";"5,5";"1";"9";"1";"50"
"202400000538";"4";"ROSE (AVENUE DE LA)";"0";"";"2";"2";"3";"1";"0";"0";"1";"";"-1";"1";"0";"1";"50"
"202400000539";"3";"400";"-1";"";"2";"2";"0";"2";"55";"800";"1";"";"5,5";"1";"0";"1";"80"
"202400000539";"3";"";"-1";"";"2";"-1";"0";"2";"-1";"-1";"1";"";"-1";"1";"0";"1";"80"
"202400000540";"4";"BROSSOLETTE PIERRE (AV)";"0";"";"2";"4";"0";"2";"0";"0";"1";"";"-1";"1";"0";"1";"50"
"202400000541";"3";"554";"-1";"";"3";"2";"0";"1";"93";"560";"1";"";"-1";"1";"0";"1";"50"
"202400000542";"3";"102";"-1";"D";"2";"2";"0";"1";"4";"500";"1";"";"5";"1";"0";"1";"-1"
"202400000543";"3";"D909";"-1";"";"2";"2";"0";"1";"19";"200";"1";"";"7";"1";"0";"1";"-1"
"202400000544";"4";"GIRATOIRE DES SOUFFLANTES";"0";"";"2";"2";"0";"1";"-1";"-1";"1";"";"-1";"1";"5";"1";"50"
"202400000545";"4";"13";"0";"";"2";"2";"0";"1";"-1";"-1";"1";"";"-1";"1";"9";"1";"50"
"202400000546";"3";"3";"0";"D";"2";"2";"0";"2";"9";"270";"2";"";"-1";"1";"0";"3";"80"
"202400000546";"3";"";"-1";"";"2";"2";"-1";"1";"-1";"-1";"1";"";"-1";"1";"0";"1";"-1"
"202400000547";"3";"SAINT HILAIRE -ROUTE DE-";"0";"";"2";"2";"0";"2";"7";"0";"3";"";"-1";"9";"0";"1";"50"
"202400000548";"3";"765";"0";"";"2";"2";"0";"2";"95";"310";"1";"";"-1";"2";"0";"1";"70"
"202400000549";"3";"946";"0";"D";"2";"2";"0";"3";"35";"400";"2";"";"5";"1";"0";"1";"50"
"202400000550";"3";"781";"-1";"D";"2";"2";"0";"1";"6";"290";"1";"";"-1";"1";"5";"1";"80"
"202400000550";"3";"";"0";"";"2";"2";"0";"1";"-1";"-1";"1";"";"-1";"1";"5";"1";"80"
"202400000551";"4";"LIMOUX - ROUTE DE-";"0";"";"1";"2";"0";"1";"-1";"-1";"3";"";"-1";"1";"0";"1";"50"
"202400000552";"3";"";"-1";"";"2";"2";"0";"1";"10";"1 400";"1";"";"5,5";"2";"0";"1";"50"
"202400000553";"3";"83";"-1";"";"3";"4";"0";"1";"20";"200";"3";"";"-1";"1";"0";"1";"-1"
"202400000554";"3";"113";"0";"";"2";"2";"0";"1";"13";"170";"2";"";"4";"1";"0";"1";"80"
"202400000555";"3";"AFN (BOULEVARD DES ANCIENS D')";"0";"";"2";"2";"0";"2";"1";"0";"2";"";"-1";"2";"0";"1";"50"
"202400000555";"3";"PRINCE RAINIER III (AVENUE)";"0";"";"2";"2";"0";"1";"63";"890";"1";"";"-1";"2";"0";"1";"50"
"202400000556";"1";"79";"-1";"";"3";"2";"0";"1";"35";"110";"1";"";"7";"1";"0";"1";"130"
"202400000557";"2";"24";"-1";"N";"3";"4";"0";"1";"89";"580";"1";"";"10";"1";"0";"1";"110"
"202400000558";"3";"";"-1";"";"1";"1";"0";"3";"-1";"-1";"3";"";"-1";"2";"0";"1";"-1"
"202400000558";"3";"RENOIR (AVENUE AUGUSTE)";"0";"";"2";"2";"0";"1";"4";"719";"2";"";"-1";"2";"0";"1";"50"
"202400000559";"4";"4";"0";"C";"2";"2";"0";"1";"-1";"-1";"1";"";"-1";"1";"0";"3";"80"
"202400000560";"3";"COL DE MANSE ( ROUTE DU )";"0";"";"2";"2";"0";"2";"5";"400";"3";"";"-1";"1";"0";"1";"80"
"202400000561";"3";"2";"0";"D";"2";"2";"0";"1";"5";"700";"1";"";"5";"1";"0";"1";"80"
"202400000562";"3";"65";"-1";"";"2";"2";"0";"1";"7";"730";"1";"";"5,5";"1";"0";"1";"80"
"202400000563";"4";"RUE JEAN MENANS";"0";"";"1";"1";"0";"1";"-1";"-1";"1";"";"-1";"1";"0";"8";"30"
"202400000563";"4";"RUE MANIN";"0";"";"2";"2";"0";"1";"-1";"-1";"1";"";"-1";"1";"0";"1";"30"
"202400000564";"2";"10";"-1";"";"2";"2";"0";"1";"135";"270";"1";"";"7";"2";"0";"1";"70"
"202400000565";"3";"21";"-1";"";"2";"2";"0";"1";"4";"700";"3";"";"6";"2";"0";"1";"80"
"202400000566";"4";"RUE DAVID D ANGERS";"0";"";"2";"-1";"0";"2";"-1";"-1";"1";"";"-1";"1";"0";"1";"30"
"202400000566";"4";"RUE D HAUTPOUL";"0";"";"1";"1";"0";"1";"-1";"-1";"1";"";"-1";"1";"0";"6";"30"
"202400000567";"3";"934";"-1";"D";"4";"2";"0";"1";"18";"510";"1";"";"7";"1";"5";"1";"80"
"202400000567";"3";"";"-1";"";"1";"-1";"-1";"1";"-1";"-1";"2";"";"-1";"1";"0";"1";"-1"
"202400000568";"3";"9";"-1";"";"2";"2";"0";"1";"24";"840";"1";"";"4";"1";"0";"3";"90"
"202400000569";"4";"AVENUE DE LA PORTE DE LA CHAPELLE";"0";"";"1";"1";"0";"2";"-1";"-1";"1";"";"-1";"1";"5";"1";"30"
"202400000570";"4";"";"-1";"";"1";"1";"0";"1";"-1";"-1";"1";"";"-1";"1";"0";"1";"30"
"202400000570";"4";"";"-1";"";"1";"2";"0";"1";"-1";"-1";"1";"";"-1";"1";"0";"1";"50"
"202400000571";"4";"";"-1";"";"2";"2";"1";"1";"-1";"-1";"1";"";"-1";"1";"0";"1";"30"
"202400000572";"4";"ALLEE DU BORD DE L EAU";"0";"";"2";"2";"0";"1";"-1";"-1";"1";"";"-1";"1";"0";"1";"50"
"202400000572";"4";"";"0";"";"2";"2";"0";"1";"-1";"-1";"3";"";"-1";"1";"0";"1";"50"
"202400000573";"3";"32";"-1";"";"2";"2";"0";"2";"-1";"-1";"1";"";"4";"1";"0";"3";"80"
"202400000574";"3";"912";"0";"";"2";"2";"0";"1";"4";"250";"1";"";"5,5";"1";"0";"1";"50"
"202400000575";"4";"DENFERT ROCHEREAU (AVENUE)";"0";"";"2";"2";"0";"1";"0";"0";"1";"";"-1";"1";"0";"1";"50"
"202400000575";"4";"MIGRAINES (RUE DES)";"0";"";"2";"2";"0";"2";"0";"0";"1";"";"-1";"1";"0";"1";"50"
"202400000576";"3";"958";"0";"";"2";"2";"0";"2";"31";"790";"1";"";"7";"2";"0";"3";"90"
"202400000577";"2";"164";"0";"";"3";"2";"0";"2";"31";"722";"1";"";"10,5";"1";"0";"1";"110"
"202400000578";"4";"BOULEVARD PERIPHERIQUE EXTERIEUR OUEST";"0";"";"1";"1";"1";"1";"-1";"-1";"1";"";"-1";"1";"0";"1";"50"
"202400000578";"4";"ROUTE DES LACS A PASSY";"0";"";"1";"1";"1";"1";"-1";"-1";"1";"";"-1";"1";"0";"1";"50"
"202400000579";"4";"FAUBOURG SAINT CYPRIEN (RUE DU)";"0";"";"2";"2";"0";"1";"-1";"-1";"1";"";"-1";"1";"0";"1";"30"
"202400000579";"4";"RHIN ET DANUBE (AVENUE)";"0";"";"2";"2";"0";"1";"-1";"-1";"1";"";"-1";"1";"0";"1";"30"
"202400000580";"3";"30";"-1";"";"2";"2";"0";"1";"49";"290";"1";"";"6";"1";"0";"8";"80"
"202400000581";"3";"947";"0";"";"2";"2";"0";"1";"8";"932";"1";"";"7";"1";"0";"1";"50"
"202400000582";"4";"AVENUE MOZART";"0";"";"1";"2";"3";"2";"-1";"-1";"1";"";"-1";"1";"0";"1";"50"
"202400000582";"4";"";"-1";"";"2";"-1";"-1";"1";"-1";"-1";"1";"";"-1";"1";"0";"1";"50"
"202400000583";"4";"";"-1";"";"2";"1";"-1";"1";"-1";"-1";"2";"";"4";"1";"0";"1";"50"
"202400000584";"3";"48";"-1";"D";"1";"1";"3";"1";"55";"763";"1";"";"-1";"1";"0";"1";"50"
"202400000585";"3";"51";"-1";"";"2";"2";"0";"2";"10";"850";"1";"";"4";"1";"0";"1";"90"
"202400000586";"4";"AVENUE EMILE ZOLA";"0";"";"2";"2";"0";"1";"-1";"-1";"1";"";"-1";"1";"0";"1";"30"
"202400000586";"4";"";"-1";"";"2";"-1";"-1";"1";"-1";"-1";"1";"";"-1";"1";"0";"1";"30"
"202400000587";"3";"992";"0";"";"2";"2";"0";"1";"0";"960";"1";"";"5,5";"1";"0";"1";"80"
"202400000588";"3";"12.2";"0";"";"2";"2";"0";"2";"1";"871";"1";"";"5";"1";"0";"1";"80"
"202400000589";"3";"25";"-1";"";"2";"2";"0";"1";"12";"750";"1";"";"4";"1";"0";"1";"80"
"202400000590";"3";"CHEMIN DE LA TRAILLE";"0";"";"2";"2";"2";"1";"0";"1";"1";"";"-1";"1";"0";"1";"50"
"202400000590";"3";"ISLON (Chemin de l')";"0";"";"2";"2";"2";"1";"0";"1";"1";"";"-1";"1";"0";"1";"80"
"202400000591";"4";"AVENUE DU MAINE";"0";"";"2";"3";"0";"1";"-1";"-1";"1";"";"-1";"1";"0";"1";"50"
"202400000591";"4";"";"-1";"";"1";"-1";"-1";"1";"-1";"-1";"1";"";"-1";"1";"0";"1";"50"
"202400000592";"4";"GUES (BD LT DE VAISSEAI)";"0";"";"2";"2";"1";"1";"0";"0";"1";"";"-1";"1";"9";"5";"30"
"202400000593";"3";"44";"-1";"";"2";"2";"0";"1";"11";"30";"1";"";"5";"1";"0";"1";"50"
"202400000593";"3";"";"-1";"";"2";"-1";"-1";"1";"36";"0";"1";"";"-1";"1";"0";"1";"-1"
"202400000594";"4";"BAPTISTE MARCET (RUE) ";"0";"";"2";"2";"0";"1";"-1";"-1";"1";"";"-1";"1";"0";"1";"50"
"202400000595";"3";"61";"0";"D";"2";"2";"0";"1";"1";"530";"1";"";"7";"1";"2";"1";"50"
"202400000596";"4";"";"0";"";"2";"2";"0";"2";"-1";"-1";"3";"";"-1";"1";"2";"1";"50"
"202400000597";"3";"13";"0";"";"2";"2";"0";"1";"7";"383";"1";"";"5,5";"2";"0";"1";"80"
"202400000598";"3";"125";"-1";"";"2";"2";"0";"1";"12";"573";"1";"";"5";"1";"5";"1";"80"
"202400000598";"3";"15";"-1";"";"2";"2";"0";"1";"9";"1 099";"1";"";"5";"1";"5";"1";"80"
"202400000599";"2";"NATIONALE 10 (ROUTE)";"0";"";"-1";"0";"0";"1";"14";"0";"1";"";"0";"1";"0";"1";"70"
"202400000600";"3";"925";"0";"";"2";"2";"0";"1";"28";"660";"2";"";"7";"1";"0";"3";"80"
"202400000601";"3";"7";"-1";"";"2";"2";"0";"1";"13";"104";"3";"";"5,5";"2";"0";"8";"80"
"202400000602";"3";"";"-1";"";"2";"-1";"-1";"1";"-1";"-1";"1";"";"-1";"1";"0";"1";"-1"
"202400000602";"3";"SEINE ET OISE (RUE DE)";"0";"";"2";"2";"0";"1";"0";"78";"1";"";"-1";"1";"3";"8";"70"
"202400000603";"3";"954";"0";"D";"2";"2";"0";"2";"11";"948";"3";"";"7";"8";"0";"1";"90"
"202400000604";"4";"RUE DES TILLEULS";"0";"";"2";"2";"0";"1";"0";"0";"1";"";"-1";"1";"0";"1";"50"
"202400000605";"3";"D402 (DEVIATION)";"0";"";"2";"2";"0";"1";"52";"599";"1";"";"5,5";"1";"9";"3";"80"
"202400000606";"3";"27";"-1";"J";"2";"2";"0";"2";"3";"25";"1";"";"4";"1";"0";"1";"80"
"202400000607";"3";"D20";"0";"A";"2";"2";"0";"1";"6";"5";"1";"";"4";"1";"0";"3";"80"
"202400000608";"4";"DENIS PAPIN";"0";"";"2";"2";"0";"2";"-1";"-1";"1";"";"-1";"1";"0";"1";"50"
"202400000608";"4";"WINSTON CHURCHILL";"0";"";"3";"6";"1";"1";"-1";"-1";"1";"";"-1";"1";"0";"1";"50"
"202400000609";"3";"398";"0";"";"2";"2";"0";"1";"9";"0";"3";"";"4";"1";"0";"3";"80"
"202400000610";"3";"830";"0";"D";"3";"2";"0";"1";"29";"565";"1";"";"7";"2";"0";"3";"-1"
"202400000611";"4";"PIERRE COT                          (AV)";"0";"";"2";"2";"1";"1";"-1";"-1";"1";"";"-1";"1";"0";"1";"50"
"202400000612";"3";"350";"-1";"";"2";"1";"0";"1";"1";"470";"1";"";"3";"1";"0";"3";"80"
"202400000613";"7";"263";"0";"";"3";"3";"1";"1";"-1";"-1";"1";"";"-1";"1";"0";"1";"50"
"202400000614";"4";"JACQUES TARADE (RUE)";"0";"";"2";"2";"0";"1";"-1";"-1";"1";"";"-1";"1";"0";"1";"40"
"202400000614";"4";"LOHMUHLE (ALLEE DE LA)";"0";"";"2";"2";"0";"1";"-1";"-1";"1";"";"-1";"1";"0";"1";"40"
"202400000615";"1";"A16";"-1";"";"3";"2";"0";"1";"63";"0";"1";"";"10";"1";"0";"1";"130"
"202400000616";"4";"JEAN MERMOZ";"0";"";"2";"2";"0";"1";"-1";"-1";"1";"";"-1";"2";"0";"1";"50"
"202400000617";"2";"1";"-1";"";"1";"2";"0";"1";"2";"-1";"1";"";"-1";"1";"3";"1";"50"
"202400000618";"4";"ALSACE LORRAINE D'";"0";"";"2";"2";"0";"1";"-1";"-1";"1";"";"-1";"1";"0";"1";"50"
"202400000619";"1";"A4";"-1";"";"3";"2";"0";"4";"436";"100";"2";"";"10";"1";"0";"2";"90"
"202400000620";"1";"36";"0";"A";"3";"2";"0";"1";"30";"600";"1";"";"10";"2";"3";"1";"110"
"202400000621";"4";"ALGER  (RUE D')";"0";"";"3";"4";"1";"1";"-1";"-1";"1";"";"-1";"2";"0";"1";"50"
"202400000621";"4";"ESPIERRE (RUE DE L')";"0";"";"4";"1";"0";"1";"-1";"-1";"1";"";"-1";"1";"5";"1";"30"
"202400000622";"3";"BARBUSSE (RUE HENRI)";"0";"";"2";"2";"0";"1";"4";"150";"3";"";"-1";"1";"0";"1";"50"
"202400000622";"3";"BOIS DES RETZ (RUE DU)";"0";"";"2";"2";"0";"1";"-1";"-1";"1";"";"-1";"1";"0";"1";"50"
"202400000623";"3";"1";"-1";"";"2";"2";"0";"1";"-1";"-1";"1";"";"5";"1";"0";"1";"70"
"202400000624";"1";"6";"0";"";"1";"3";"0";"2";"46";"436";"3";"";"14";"1";"2";"1";"50"
"202400000624";"1";"D372";"0";"";"2";"2";"0";"1";"12";"768";"1";"";"7";"1";"2";"3";"90"
"202400000625";"3";"RD 643";"0";"";"3";"4";"0";"1";"64";"400";"1";"";"-1";"1";"0";"1";"90"
"202400000626";"2";"1";"-1";"";"2";"2";"0";"1";"15";"800";"1";"";"7";"1";"0";"1";"80"
"202400000627";"4";"";"0";"";"1";"2";"0";"1";"-1";"-1";"1";"";"-1";"1";"0";"1";"30"
"202400000627";"4";"";"0";"";"1";"1";"2";"1";"-1";"-1";"1";"";"-1";"1";"-1";"1";"30"
"202400000628";"4";"";"-1";"";"2";"2";"0";"1";"-1";"-1";"1";"";"-1";"1";"0";"3";"90"
"202400000629";"4";"";"0";"";"1";"1";"0";"1";"-1";"-1";"1";"";"-1";"1";"0";"3";"50"
"202400000630";"4";"GAULLE (RUE DU GENERAL DE)";"0";"";"2";"2";"0";"1";"-1";"-1";"1";"";"-1";"1";"0";"3";"50"
"202400000631";"3";"56";"-1";"";"2";"2";"0";"2";"4";"635";"1";"";"4";"1";"0";"1";"80"
"202400000632";"4";"LEKEU";"0";"";"2";"2";"2";"1";"-1";"-1";"1";"";"-1";"1";"0";"1";"50"
"202400000633";"3";"91";"0";"";"2";"1";"0";"1";"0";"0";"3";"";"3,5";"1";"0";"1";"50"
"202400000633";"3";"";"-1";"";"2";"-1";"-1";"1";"36";"125";"1";"";"-1";"1";"5";"1";"-1"
"202400000634";"3";"RD 323";"0";"";"3";"2";"0";"1";"38";"800";"1";"";"10";"1";"0";"1";"90"
"202400000635";"2";"79";"0";"";"3";"2";"0";"2";"8";"593";"1";"";"10";"2";"0";"1";"110"
"202400000636";"3";"248";"-1";"";"2";"2";"0";"1";"2";"537";"1";"";"4";"2";"0";"1";"80"
"202400000637";"7";"PASSE DEBOUT (RUE)";"0";"";"2";"2";"0";"1";"0";"400";"1";"";"4";"1";"0";"1";"50"
"202400000638";"3";"15";"0";"E";"2";"2";"0";"2";"1";"68";"1";"";"4";"1";"5";"1";"50"
"202400000638";"3";"";"-1";"";"2";"2";"0";"1";"-1";"-1";"1";"";"4";"1";"5";"1";"50"
"202400000639";"4";"COULMIERS (RUE DE COULMIERS)";"0";"";"2";"2";"2";"1";"-1";"-1";"1";"";"-1";"2";"0";"1";"50"
"202400000639";"4";"MURLINS (RUE DES MURLINS)";"0";"";"1";"1";"2";"1";"-1";"-1";"1";"";"-1";"2";"0";"1";"30"
"202400000640";"7";"21";"-1";"";"2";"2";"0";"2";"3";"0";"1";"";"4";"2";"0";"1";"50"
"202400000640";"7";"";"-1";"";"2";"2";"0";"1";"-1";"-1";"2";"";"-1";"2";"0";"1";"30"
"202400000641";"4";"MARTIN (BOULEVARD ALEXANDRE)";"0";"";"1";"4";"3";"1";"-1";"-1";"1";"";"0";"1";"0";"1";"50"
"202400000642";"3";"347";"-1";"";"2";"2";"0";"1";"55";"0";"1";"";"7";"1";"0";"4";"50"
"202400000643";"3";"ANTIBES (AVENUE D')";"0";"";"4";"3";"0";"1";"1";"630";"1";"";"-1";"1";"5";"1";"50"
"202400000643";"3";"BRISELANCE (RUE DE)";"0";"";"2";"2";"0";"2";"-1";"-1";"1";"";"-1";"1";"0";"1";"50"
"202400000643";"3";"VERNISSON (RUE DU)";"0";"";"4";"3";"0";"2";"-1";"-1";"1";"";"-1";"1";"0";"1";"50"
"202400000644";"3";"3";"0";"D";"2";"2";"0";"1";"22";"950";"1";"";"-1";"2";"0";"1";"80"
"202400000644";"3";"";"-1";"";"2";"2";"-1";"1";"69";"365";"1";"";"-1";"2";"0";"1";"80"
"202400000645";"3";"PARIS (AVENUE DE)";"0";"";"2";"2";"0";"1";"3";"30";"3";"";"5,5";"1";"0";"1";"30"
"202400000645";"3";"THOMAS (RUE ALBERT)";"0";"";"-1";"2";"3";"1";"-1";"-1";"1";"";"5,5";"1";"8";"1";"30"
"202400000646";"3";"910";"-1";"";"2";"4";"0";"1";"33";"700";"1";"";"14";"2";"0";"3";"90"
"202400000647";"4";"MANOIR (BOULEVARD YVES DU)";"0";"";"2";"2";"0";"1";"-1";"-1";"1";"";"-1";"1";"0";"1";"50"
"202400000648";"4";" -";"0";" -";"2";"2";"0";"1";"-1";"-1";"1";"";"-1";"1";"5";"1";"50"
"202400000648";"4";"";"-1";"";"2";"2";"0";"1";"-1";"-1";"1";"";"-1";"1";"0";"1";"50"
"202400000649";"3";"RESISTANCE (AVE DE LA)";"0";"";"2";"2";"2";"1";"3";"50";"1";"";"5,5";"1";"0";"5";"50"
"202400000650";"4";"ENGERAND (RUE ROLAND)";"0";"";"2";"0";"0";"1";"-1";"-1";"1";"";"-1";"1";"0";"1";"50"
"202400000650";"4";"HUGO (RUE VICTOR)";"0";"";"2";"1";"0";"1";"-1";"-1";"1";"";"-1";"1";"0";"1";"50"
"202400000651";"7";"";"0";"";"3";"6";"0";"2";"1";"700";"1";"";"9";"1";"2";"1";"50"
"202400000652";"1";"AUTOROUTE A6";"0";"";"1";"3";"0";"1";"13";"199";"1";"";"-1";"1";"0";"8";"110"
"202400000653";"2";"PORTE DE LORIENT";"0";"";"3";"6";"0";"1";"14";"350";"1";"";"7";"1";"0";"1";"90"
"202400000654";"1";"AUTOROUTE A5A";"0";"";"1";"6";"0";"1";"6";"400";"1";"";"-1";"1";"0";"1";"110"
"202400000655";"4";"ILLE ET RANCE (QUAI D')";"0";"";"1";"2";"3";"1";"-1";"-1";"1";"";"-1";"1";"2";"1";"30"
"202400000655";"4";"MITTERAND (MAIL FRANCOIS)";"0";"";"2";"3";"3";"1";"-1";"-1";"1";"";"-1";"1";"2";"1";"30"
"202400000656";"1";"1";"0";"";"3";"8";"0";"1";"2";"0";"1";"";"-1";"1";"0";"1";"90"
"202400000657";"4";"ILES (AVENUE DES)(SECTEUR 410)";"0";"";"-1";"2";"0";"1";"0";"0";"1";"";"-1";"1";"0";"1";"30"
"202400000658";"4";"SAINT-MALO (RUE DE)";"0";"";"2";"4";"1";"1";"-1";"-1";"2";"";"-1";"1";"0";"1";"50"
"202400000659";"4";"CHARLES DE GAULLE (PLACE)";"0";"";"1";"2";"0";"1";"0";"0";"2";"";"-1";"1";"0";"1";"30"
"202400000660";"4";"ROND POINT EMMAUS";"0";"";"4";"1";"0";"1";"-1";"-1";"2";"";"-1";"2";"0";"1";"50"
"202400000661";"4";"";"0";"";"2";"2";"2";"1";"-1";"-1";"2";"";"-1";"2";"0";"1";"50"
"202400000662";"2";"PIERRE LOTI (ALLEE QTIER T.MARAETEFAU)";"0";"";"2";"2";"0";"1";"0";"0";"1";"";"-1";"1";"0";"4";"30"
"202400000663";"2";"mamoudzou centre-RP Passot quai colas (R";"0";"";"2";"2";"0";"1";"0";"0";"1";"";"-1";"1";"0";"1";"50"
"202400000664";"4";"SAINT-HELIER";"0";"";"2";"2";"2";"1";"-1";"-1";"1";"";"-1";"2";"0";"5";"30"
"202400000665";"2";"VINH-SAN (BLD 1 DU PRINCE)";"0";"";"1";"1";"0";"2";"1";"425";"1";"";"-1";"1";"2";"1";"70"
"202400000666";"4";"D21 E1";"0";"";"1";"3";"0";"1";"0";"0";"1";"";"-1";"1";"5";"1";"50"
"202400000667";"4";"LATTRE DE TASSIGNY (AVENUE MARECHAL DE)";"0";"";"2";"4";"3";"1";"0";"0";"1";"";"-1";"1";"0";"1";"50"
"202400000668";"4";"ARAGO (FRANCOIS)";"0";"";"2";"2";"0";"1";"-1";"-1";"1";"";"-1";"1";"0";"1";"50"
"202400000668";"4";"DE GAULLE (AVENUE)";"0";"";"2";"2";"0";"1";"-1";"-1";"1";"";"-1";"1";"0";"1";"50"
"202400000669";"4";"SALANCS (CHEMIN DES)";"0";"";"2";"1";"0";"1";"0";"0";"1";"";"-1";"1";"0";"1";"70"
"202400000669";"4";"TRAVERSE DU GRAND SALANC";"0";"";"2";"1";"0";"1";"0";"0";"1";"";"-1";"1";"0";"1";"70"
"202400000670";"4";"SEBASTIEN GRYPHE                    (R )";"0";"";"1";"1";"2";"1";"-1";"-1";"1";"";"-1";"1";"0";"1";"30"
"202400000671";"4";"ANGLAIS (PROM. DES)";"0";"";"2";"2";"0";"1";"-1";"-1";"1";"";"-1";"1";"0";"1";"50"
"202400000671";"4";"ANGLICANE (ALL.)";"0";"";"1";"1";"0";"2";"-1";"-1";"1";"";"-1";"1";"0";"8";"50"
"202400000672";"4";"RICHARD VITTON                      (CO)";"0";"";"1";"1";"0";"1";"-1";"-1";"1";"";"-1";"1";"0";"1";"30"
"202400000672";"4";"RONDE                               (PL)";"0";"";"1";"2";"2";"1";"-1";"-1";"2";"";"-1";"1";"0";"1";"30"
"202400000673";"2";"ROUTE NATIONALE 1";"0";"";"4";"2";"0";"1";"2";"500";"2";"";"-1";"1";"0";"1";"70"
"202400000674";"4";"AV JULES JULIEN";"0";"";"2";"2";"3";"1";"-1";"-1";"1";"";"-1";"1";"0";"1";"50"
"202400000674";"4";"RUE DES MIRACLES";"0";"";"1";"1";"0";"1";"-1";"-1";"1";"";"-1";"1";"0";"1";"50"
"202400000675";"4";"CANAL ALARIC (RUE DU)";"0";"";"2";"1";"0";"1";"-1";"-1";"2";"";"-1";"1";"0";"1";"50"
"202400000676";"4";"RUE SAINT ROCH";"0";"";"2";"2";"3";"1";"-1";"-1";"1";"";"-1";"1";"4";"6";"50"
"202400000677";"3";"SECTION TOMBEAU";"0";"";"2";"2";"0";"1";"-1";"-1";"1";"";"-1";"1";"0";"1";"80"
"202400000678";"4";"ROUSSE EMILE";"0";"";"2";"4";"0";"1";"-1";"-1";"1";"";"-1";"1";"0";"1";"50"
"202400000679";"2";"Chemin de la BOUAYE";"0";"";"2";"2";"0";"2";"-1";"-1";"3";"";"-1";"1";"0";"8";"70"
"202400000679";"2";"RN4 - SECTION RIVIERA";"0";"";"2";"2";"0";"1";"-1";"-1";"1";"";"-1";"1";"0";"1";"80"
"202400000680";"2";"RICANTO ROUTE ET PLAGE";"0";"";"3";"4";"0";"2";"0";"0";"1";"";"-1";"1";"0";"1";"70"
"202400000681";"4";"MINIHY (CHEMIN DE)";"0";"";"2";"2";"0";"1";"1";"0";"2";"";"-1";"1";"0";"1";"80"
"202400000682";"4";"FERNAND CHATELAIN (AVENUE)";"0";"";"2";"2";"0";"1";"0";"0";"1";"";"-1";"1";"0";"1";"50"
"202400000683";"3";"ALLEMANE (BOULEVARD JEAN)";"0";"";"3";"2";"0";"1";"0";"1 051";"1";"";"-1";"1";"9";"1";"30"
"202400000684";"4";"BRETEUIL (RUE)";"0";"";"1";"1";"1";"2";"0";"0";"1";"";"-1";"1";"0";"8";"50"
"202400000684";"4";"PIERRE PUGET (COURS)";"0";"";"1";"2";"0";"2";"0";"0";"1";"";"-1";"1";"0";"1";"50"
"202400000685";"4";"GAYE (BOULEVARD DE LA)";"0";"";"2";"2";"0";"1";"0";"0";"1";"";"-1";"1";"0";"1";"50"
"202400000686";"4";"ROSIERES (RUE)";"0";"";"2";"3";"0";"1";"0";"0";"1";"";"-1";"1";"5";"1";"50"
"202400000686";"4";"ROSIERES (RUE)";"0";"";"4";"0";"0";"1";"0";"0";"1";"";"-1";"1";"5";"1";"50"
"202400000687";"3";"EPINAL (RUE D')";"0";"";"2";"2";"0";"1";"29";"350";"1";"";"7";"1";"0";"1";"50"
"202400000688";"4";"DUSSOUBS (PLACE DENIS)";"0";"";"1";"2";"0";"1";"0";"0";"2";"";"-1";"1";"5";"1";"30"
"202400000689";"4";"LE PELLETIE (RUE)";"0";"";"2";"2";"0";"1";"0";"0";"1";"";"-1";"1";"0";"1";"50"
"202400000689";"4";"SACOMAN (AVENUE)";"0";"";"2";"2";"0";"2";"0";"0";"1";"";"-1";"1";"0";"1";"50"
"202400000690";"4";"MIDI (AVENUE DU)";"0";"";"2";"2";"0";"2";"-1";"-1";"1";"";"-1";"2";"0";"1";"50"
"202400000691";"4";"EDOUARD GUIZONNIER BOULEVARD";"0";"";"2";"2";"0";"1";"1";"0";"1";"";"-1";"1";"6";"6";"30"
"202400000692";"2";"LATTRE-DE-TASSIGNY (AVENUE DU MARECHAL)";"0";"";"2";"5";"0";"1";"35";"292";"1";"";"0";"2";"5";"1";"50"
"202400000692";"2";"RN520";"0";"";"3";"5";"0";"1";"18";"100";"1";"";"0";"2";"5";"1";"50"
"202400000693";"3";"D.51";"0";"";"1";"1";"0";"2";"8";"0";"1";"";"-1";"1";"0";"1";"50"
"202400000694";"4";"";"0";"";"2";"2";"0";"1";"-1";"-1";"1";"";"-1";"1";"0";"1";"50"
"202400000695";"4";"BELAIR";"0";"";"2";"1";"0";"1";"-1";"-1";"3";"";"-1";"1";"0";"1";"80"
"202400000696";"6";"FABRI DE PEIRESC (AVENUE)";"0";"";"-1";"-1";"0";"1";"0";"0";"1";"";"-1";"1";"0";"8";"30"
"202400000697";"4";"GENERAL GALLIENI (RUE DU)";"0";"";"2";"2";"0";"1";"-1";"-1";"1";"";"-1";"1";"0";"1";"50"
"202400000697";"4";"MARECHAL FOCH (RUE)";"0";"";"2";"0";"0";"1";"-1";"-1";"1";"";"-1";"1";"0";"1";"50"
"202400000698";"3";"MOULINS (AVE DES DE 328 A FIN";"0";"";"2";"2";"0";"1";"1";"700";"1";"";"-1";"1";"0";"1";"50"
"202400000698";"3";"";"-1";"";"2";"-1";"-1";"1";"-1";"-1";"1";"";"-1";"1";"0";"1";"-1"
"202400000699";"3";"RD935";"0";"";"2";"2";"0";"1";"36";"1 019";"2";"";"5,5";"1";"0";"1";"80"
"202400000700";"4";"PORTE DE SEVRES";"0";"";"1";"3";"0";"1";"8";"700";"1";"";"-1";"1";"0";"1";"70"
"202400000701";"3";"D.346";"0";"";"2";"2";"0";"1";"1";"825";"1";"";"7";"1";"5";"1";"70"
"202400000701";"3";"D.50";"0";"";"2";"2";"0";"1";"15";"403";"1";"";"7";"1";"5";"8";"70"
"202400000702";"4";"PORTE DE CLIGNANCOURT";"0";"";"1";"4";"0";"1";"21";"700";"1";"";"-1";"1";"0";"1";"70"
"202400000703";"4";"COTE DE LA BIENVENUE";"0";"";"2";"2";"0";"1";"0";"1";"1";"";"-1";"1";"0";"3";"50"
"202400000704";"4";"BOULEVARD ORNANO";"0";"";"2";"2";"1";"1";"-1";"-1";"1";"";"-1";"1";"0";"1";"30"
"202400000704";"4";"";"-1";"";"-1";"-1";"-1";"1";"-1";"-1";"1";"";"-1";"1";"0";"1";"30"
"202400000705";"4";"MENDES-FRANCE (AVENUE PIERRE)";"0";"";"2";"2";"0";"1";"0";"1";"1";"";"-1";"1";"0";"1";"50"
"202400000706";"4";"COLBERT (QUAI)";"0";"";"3";"5";"1";"1";"0";"0";"1";"";"-1";"1";"8";"1";"50"
"202400000707";"4";"RUE DES PYRENEES";"0";"";"2";"2";"0";"1";"-1";"-1";"1";"";"-1";"1";"0";"1";"50"
"202400000707";"4";"RUE ORFILA";"0";"";"1";"1";"1";"1";"-1";"-1";"1";"";"-1";"1";"0";"1";"50"
"202400000708";"4";"AMOUREUX (RUE DES)";"0";"";"2";"4";"0";"1";"0";"1";"1";"";"-1";"1";"0";"1";"50"
"202400000709";"4";"";"0";"";"2";"2";"0";"1";"-1";"-1";"1";"";"-1";"1";"6";"1";"30"
"202400000710";"4";"AVENUE DE LA PORTE DE CLIGNANCOURT";"0";"";"-1";"4";"1";"1";"-1";"-1";"1";"";"12";"1";"0";"1";"30"
"202400000710";"4";"";"-1";"";"1";"-1";"0";"1";"-1";"-1";"1";"";"-1";"1";"0";"1";"30"
"202400000711";"4";"ALPES (QUAI DES)";"0";"";"3";"4";"1";"1";"-1";"-1";"1";"";"-1";"1";"-1";"5";"50"
"202400000712";"4";"AVENUE DE LA PORTE DE VILLIERS";"0";"";"2";"2";"0";"2";"-1";"-1";"1";"";"-1";"1";"0";"1";"30"
"202400000712";"4";"BOULEVARD GOUVION SAINT CYR";"0";"";"-1";"4";"1";"1";"-1";"-1";"1";"";"-1";"1";"0";"1";"30"
"202400000713";"4";"COLMAR (AVENUE DE)";"0";"";"3";"8";"2";"1";"-1";"-1";"1";"";"-1";"1";"0";"5";"50"
"202400000713";"4";"FRERES EBERTS (RUE DES)";"0";"";"2";"3";"2";"1";"-1";"-1";"1";"";"-1";"1";"0";"5";"50"
"202400000714";"4";"BOULEVARD DE L YSER";"0";"";"1";"1";"0";"1";"-1";"-1";"1";"";"-1";"1";"8";"1";"30"
"202400000714";"4";"";"-1";"";"1";"-1";"0";"1";"-1";"-1";"3";"";"-1";"1";"0";"1";"30"
"202400000715";"7";"BISCHWILLER (ROUTE DE)";"0";"";"3";"4";"1";"1";"-1";"-1";"1";"";"-1";"1";"0";"1";"30"
"202400000716";"4";"BOULEVARD MASSENA";"0";"";"2";"4";"0";"1";"-1";"-1";"1";"";"-1";"1";"0";"1";"50"
"202400000717";"4";"";"0";"";"2";"4";"0";"2";"-1";"-1";"1";"";"-1";"2";"0";"1";"50"
"202400000718";"4";"";"-1";"";"1";"-1";"0";"1";"-1";"-1";"1";"";"-1";"1";"0";"1";"50"
"202400000718";"4";"RUE DU FAUBOURG SAINT ANTOINE";"0";"";"2";"4";"1";"1";"-1";"-1";"1";"";"-1";"1";"0";"5";"50"
"202400000719";"2";"186B";"0";"";"1";"2";"0";"1";"0";"0";"3";"";"7";"1";"3";"1";"50"
"202400000720";"3";"Charles Isbergues";"0";"";"2";"3";"3";"1";"26";"400";"1";"";"-1";"1";"0";"1";"50"
"202400000720";"3";"RD 70";"0";"";"2";"2";"0";"1";"-1";"-1";"1";"";"-1";"1";"0";"1";"50"
"202400000721";"4";"EISEN (BOULEVARD)";"0";"";"2";"4";"0";"1";"-1";"-1";"1";"";"-1";"1";"0";"4";"30"
"202400000722";"4";"";"0";"";"2";"2";"0";"1";"0";"1";"1";"";"-1";"1";"6";"1";"10"
"202400000723";"4";"";"0";"";"2";"1";"3";"1";"0";"1";"1";"";"-1";"1";"6";"4";"1"
"202400000724";"7";"CD 700";"0";"";"3";"4";"0";"1";"2";"270";"3";"";"-1";"2";"0";"1";"50"
"202400000725";"3";"203";"0";"";"2";"2";"0";"1";"0";"0";"1";"";"-1";"1";"6";"4";"30"
"202400000726";"4";"HALLE RUE";"0";"";"1";"1";"1";"1";"-1";"-1";"1";"";"-1";"1";"0";"5";"30"
"202400000727";"4";"";"-1";"";"2";"3";"-1";"1";"-1";"-1";"2";"";"-1";"2";"-1";"5";"50"
"202400000727";"4";"";"0";"";"2";"2";"1";"1";"-1";"-1";"1";"";"-1";"2";"-1";"5";"50"
"202400000728";"3";"111";"0";"";"2";"2";"0";"1";"1";"0";"1";"";"7";"1";"0";"1";"50"
"202400000728";"3";"206";"-1";"";"2";"2";"-1";"1";"-1";"-1";"1";"";"-1";"1";"0";"1";"-1"
"202400000729";"4";"ALSACE-LORRAINE  ( PL. )";"0";"";"2";"2";"0";"1";"-1";"-1";"1";"";"-1";"2";"0";"1";"30"
"202400000730";"4";"CARNOT (BOULEVARD)";"0";"";"3";"2";"0";"1";"0";"0";"1";"";"-1";"1";"0";"1";"50"
"202400000731";"3";"724";"0";"";"2";"2";"0";"1";"101";"310";"1";"";"0";"1";"5";"1";"30"
"202400000731";"3";"";"0";"";"2";"2";"0";"1";"-1";"-1";"1";"";"0";"1";"5";"1";"50"
"202400000732";"3";"931";"0";"";"3";"2";"1";"1";"0";"1";"1";"";"-1";"1";"5";"1";"50"
"202400000732";"3";"";"-1";"";"2";"2";"3";"1";"0";"1";"1";"";"-1";"1";"5";"1";"-1"
"202400000733";"4";"BOUSSINESQ (RUE GEORGES)";"0";"";"2";"2";"0";"1";"-1";"-1";"1";"";"-1";"1";"0";"1";"30"
"202400000733";"4";"POMPELLE (RUE)";"0";"";"2";"2";"0";"1";"-1";"-1";"1";"";"-1";"1";"0";"1";"30"
"202400000734";"3";"";"0";"";"2";"2";"1";"2";"0";"1";"1";"";"5";"1";"0";"1";"30"
"202400000735";"4";"COMPERE (RUE GENERAL)";"0";"";"1";"1";"0";"1";"0";"0";"1";"";"-1";"1";"0";"4";"30"
"202400000736";"3";"PARIS (RUE DE)";"0";"";"3";"4";"3";"1";"0";"1";"1";"";"-1";"1";"8";"1";"50"
"202400000737";"4";"MOULIN (RUE JEAN)";"0";"";"2";"2";"0";"1";"-1";"-1";"1";"";"-1";"1";"5";"1";"50"
"202400000737";"4";"VARENDE (RUE JEAN DE LA)";"0";"";"2";"2";"0";"1";"-1";"-1";"1";"";"-1";"1";"5";"1";"50"
"202400000738";"9";"";"0";"";"-1";"0";"0";"1";"1";"0";"1";"";"-1";"1";"0";"1";"30"
"202400000739";"4";"JOXE AVENUE";"0";"";"3";"4";"2";"1";"1";"0";"1";"";"-1";"1";"0";"1";"50"
"202400000739";"4";"RAMON BOULEVARD";"0";"";"3";"7";"0";"1";"1";"0";"1";"";"-1";"1";"0";"1";"50"
"202400000740";"4";"";"0";"";"2";"2";"0";"1";"21";"0";"1";"";"-1";"1";"0";"1";"50"
"202400000740";"4";"VAUBAN AVENUE";"0";"";"2";"2";"0";"1";"21";"0";"1";"";"-1";"1";"0";"1";"50"
"202400000741";"3";"LACOUR (BD EDOUARD)";"0";"";"2";"2";"2";"1";"1";"638";"1";"";"-1";"1";"0";"1";"30"
"202400000742";"4";"SULLY (AVENUE)";"0";"";"2";"2";"0";"1";"0";"0";"1";"";"-1";"1";"0";"1";"50"
"202400000743";"4";"ANATOLE FRANCE";"0";"";"2";"2";"0";"1";"0";"0";"1";"";"-1";"1";"0";"4";"50"
"202400000744";"4";"BOULEVARD GENERAL DE GAULLE";"0";"";"3";"4";"3";"1";"-1";"-1";"1";"";"-1";"1";"5";"1";"30"
"202400000744";"4";"BOULEVARD VINCENT GACHE";"0";"";"3";"4";"3";"1";"-1";"-1";"2";"";"-1";"1";"5";"1";"30"
"202400000745";"4";"BOCAGE (RUE DU)";"0";"";"2";"2";"0";"2";"-1";"-1";"1";"";"-1";"1";"0";"1";"30"
"202400000746";"3";"986";"0";"";"3";"2";"3";"1";"0";"1";"2";"";"-1";"1";"5";"1";"50"
"202400000746";"3";"";"-1";"";"3";"2";"3";"1";"0";"1";"1";"";"-1";"1";"5";"1";"-1"
"202400000747";"4";"DOUZILLIERE (RUE DE LA)";"0";"";"2";"2";"0";"1";"-1";"-1";"1";"";"-1";"1";"0";"1";"50"
"202400000747";"4";"SPAAK (RUE PAUL HENRI)";"0";"";"2";"2";"0";"1";"-1";"-1";"1";"";"-1";"1";"0";"1";"50"
"202400000748";"4";"";"0";"";"2";"2";"0";"1";"0";"0";"1";"";"-1";"1";"0";"1";"50"
"202400000749";"4";"CORBUSIER (BD LE)";"0";"";"1";"-1";"1";"1";"-1";"-1";"1";"";"-1";"1";"0";"1";"50"
"202400000750";"3";"";"-1";"";"2";"2";"-1";"1";"-1";"-1";"1";"";"-1";"1";"9";"1";"-1"
"202400000750";"3";"VERDUN (AVENUE) (IMPAIRS 1 A 25)";"0";"";"1";"0";"1";"1";"0";"0";"1";"";"0";"1";"9";"1";"50"
"202400000751";"2";"PORTE DES LOGES";"0";"";"2";"4";"0";"1";"5";"395";"1";"";"-1";"1";"2";"1";"90"
"202400000752";"4";"CHENU  (RUE CHARLES)";"0";"";"1";"1";"0";"2";"0";"0";"1";"";"-1";"1";"0";"1";"30"
"202400000752";"4";"HUGO (RUE VICTOR)";"0";"";"1";"1";"0";"1";"0";"0";"1";"";"-1";"1";"0";"1";"30"
"202400000753";"4";"QUAI DE LA SOUYS";"0";"";"3";"5";"0";"1";"-1";"-1";"1";"";"-1";"1";"5";"1";"50"
"202400000753";"4";"RUE BONNEAU";"0";"";"2";"3";"0";"1";"-1";"-1";"1";"";"-1";"1";"5";"1";"30"
"202400000754";"3";"GAMBETTA";"0";"";"1";"2";"1";"1";"0";"0";"1";"";"-1";"1";"9";"1";"50"
"202400000755";"4";"PIERRE 1ER (BD )";"0";"";"2";"4";"1";"1";"-1";"-1";"1";"";"-1";"1";"0";"1";"50"
"202400000756";"3";"FRANCOIS FABER (RUE)";"0";"";"1";"1";"0";"2";"0";"0";"2";"";"-1";"1";"0";"1";"30"
"202400000756";"3";"PAUL BERT (RUE)";"0";"";"2";"2";"0";"1";"0";"0";"1";"";"-1";"1";"0";"1";"30"
"202400000757";"4";"LAGRUA (RUE)";"0";"";"2";"0";"1";"1";"-1";"-1";"4";"";"-1";"1";"-1";"1";"50"
"202400000758";"3";"CHARLES DE GAULLE (BD)";"0";"";"1";"2";"0";"1";"0";"0";"1";"";"-1";"1";"0";"1";"50"
"202400000759";"4";"ALL DE BELLEFONTAINE";"0";"";"2";"2";"0";"1";"-1";"-1";"1";"";"-1";"1";"0";"3";"50"
"202400000760";"3";"82";"-1";"";"2";"2";"0";"1";"7";"190";"2";"";"5,5";"1";"0";"1";"50"
"202400000761";"4";"BD DE BONREPOS";"0";"";"1";"3";"0";"1";"-1";"-1";"1";"";"-1";"2";"0";"1";"50"
"202400000762";"3";"1";"0";"D";"2";"2";"0";"1";"27";"800";"1";"";"5,5";"1";"0";"1";"90"
"202400000762";"3";"";"-1";"";"2";"2";"-1";"1";"1";"980";"1";"";"-1";"1";"0";"1";"-1"
"202400000763";"1";"26";"-1";"";"1";"2";"0";"2";"161";"460";"1";"";"10";"1";"0";"8";"130"
"202400000764";"4";"MENDES FRANCE (RUE PIERRE)";"0";"";"2";"2";"0";"1";"0";"0";"3";"";"-1";"1";"0";"1";"50"
"202400000765";"3";"Grande rue";"0";"";"3";"2";"1";"1";"0";"500";"1";"";"7";"1";"0";"1";"70"
"202400000765";"3";"";"-1";"";"-1";"1";"1";"1";"-1";"-1";"1";"";"-1";"1";"5";"1";"-1"
"202400000766";"3";"2520";"-1";"";"2";"2";"1";"1";"28";"376";"1";"";"6";"1";"0";"1";"50"
"202400000767";"4";"";"-1";"";"1";"-1";"2";"4";"-1";"-1";"1";"";"-1";"1";"0";"1";"50"
"202400000767";"4";"SAINT ETIENNE FAUBOURG";"0";"";"2";"2";"0";"1";"-1";"-1";"1";"";"-1";"1";"0";"4";"50"
"202400000768";"2";"3";"-1";"";"2";"2";"0";"2";"9";"3";"4";"";"-1";"1";"0";"1";"80"
"202400000769";"4";"STRASBOURG QUAI DE";"0";"";"1";"1";"2";"1";"-1";"-1";"1";"";"-1";"1";"9";"1";"20"
"202400000770";"3";"34";"-1";"";"2";"2";"0";"1";"28";"710";"1";"";"5";"1";"0";"1";"50"
"202400000770";"3";"43";"-1";"";"2";"2";"0";"1";"5";"910";"1";"";"5";"1";"0";"1";"50"
"202400000771";"4";"";"-1";"";"2";"2";"0";"4";"-1";"-1";"3";"";"-1";"1";"0";"3";"50"
"202400000772";"3";"70";"0";"";"2";"3";"2";"1";"11";"950";"1";"";"5,5";"1";"-1";"6";"50"
"202400000773";"7";"928";"0";"D";"2";"2";"3";"1";"7";"850";"1";"";"6";"1";"-1";"1";"50"
"202400000773";"7";"";"-1";"";"2";"2";"0";"1";"-1";"-1";"1";"";"-1";"1";"0";"1";"50"
"202400000774";"4";"71° RI (DU)";"0";"";"2";"2";"0";"1";"0";"0";"1";"";"-1";"1";"0";"1";"30"
"202400000774";"4";"CLEMENCEAU (BD)";"0";"";"2";"2";"0";"1";"0";"0";"1";"";"-1";"1";"0";"1";"30"
"202400000775";"3";"26";"0";"D";"2";"2";"0";"1";"30";"450";"3";"";"6";"1";"0";"3";"70"
"202400000776";"4";"MAYENCE (DE) (RUE)";"0";"";"1";"2";"3";"1";"-1";"-1";"1";"";"7";"1";"0";"1";"50"
"202400000776";"4";"MAYENCE (DE) (RUE)";"0";"";"3";"2";"0";"1";"-1";"-1";"1";"";"7";"1";"0";"1";"50"
"202400000777";"3";"927";"0";"D";"2";"2";"0";"1";"7";"400";"1";"";"7";"1";"0";"1";"80"
"202400000778";"3";"119E2";"-1";"D";"2";"2";"0";"1";"1";"800";"1";"";"3";"1";"0";"1";"80"
"202400000778";"3";"";"-1";"";"2";"2";"0";"1";"-1";"-1";"1";"";"-1";"1";"0";"1";"80"
"202400000779";"4";"CHAUMEIL (RUE PIERRE)";"0";"";"2";"2";"0";"1";"-1";"-1";"2";"";"-1";"1";"0";"1";"50"
"202400000779";"4";"GOUDOUX (RUE JEAN)";"0";"";"2";"2";"0";"1";"-1";"-1";"2";"";"-1";"1";"0";"1";"50"
"202400000780";"3";"930";"0";"";"2";"2";"0";"1";"8";"165";"1";"";"6,5";"1";"0";"3";"90"
"202400000781";"3";"CERISIERS (DES)";"0";"";"2";"2";"0";"1";"-1";"-1";"1";"";"-1";"1";"6";"1";"50"
"202400000781";"3";"ROCHEFORT (DE)  (AVENUE)";"0";"";"1";"1";"0";"1";"40";"600";"1";"";"-1";"1";"6";"8";"50"
"202400000782";"3";"888";"0";"";"2";"1";"0";"1";"56";"800";"3";"";"3,5";"2";"5";"1";"50"
"202400000783";"4";"PONTAILLAC (DE) (AVENUE)";"0";"";"3";"2";"0";"1";"-1";"-1";"3";"";"-1";"1";"0";"1";"30"
"202400000784";"4";"HENRY CHERON (RUE)";"0";"";"2";"2";"0";"1";"-1";"-1";"1";"";"-1";"1";"0";"1";"30"
"202400000785";"3";"911";"-1";"";"2";"2";"0";"1";"22";"800";"1";"";"-1";"1";"0";"1";"80"
"202400000786";"4";"FORBINE (BOULEVARD DE LA )";"0";"";"-1";"2";"0";"1";"3 591";"0";"1";"";"-1";"1";"0";"1";"50"
"202400000786";"4";"SAINT MARCEL (BOULEVARD DE )";"0";"";"2";"2";"0";"1";"3 591";"0";"1";"";"-1";"1";"0";"1";"50"
"202400000787";"3";"102";"-1";"";"2";"2";"0";"1";"6";"384";"2";"";"5,5";"2";"0";"1";"80"
"202400000788";"4";"LA PELOUQUE (CHEMIN)";"0";"";"2";"2";"0";"1";"0";"0";"1";"";"-1";"1";"0";"1";"50"
"202400000789";"3";"710";"-1";"";"2";"2";"0";"1";"18";"73";"1";"";"6";"1";"9";"1";"50"
"202400000790";"4";"Georges CHARPAK (rue)";"0";"";"2";"-1";"0";"1";"0";"0";"3";"";"-1";"1";"0";"1";"50"
"202400000790";"4";"LEPRINCE RINGUIET (rue)";"0";"";"2";"2";"0";"1";"0";"0";"3";"";"-1";"1";"0";"1";"50"
"202400000791";"4";"ACCATES (CHEMIN DES)";"0";"";"2";"2";"0";"1";"0";"0";"1";"";"-1";"1";"0";"1";"50"
"202400000791";"4";"AUDIENCE (RUE DE L')";"0";"";"2";"2";"0";"1";"0";"0";"1";"";"-1";"1";"5";"1";"50"
"202400000792";"3";"100";"-1";"D";"2";"2";"0";"1";"12";"750";"1";"";"-1";"2";"0";"1";"50"
"202400000793";"3";"RD907";"-1";"";"3";"3";"0";"3";"13";"810";"1";"";"9";"1";"0";"3";"90"
"202400000794";"4";"FLORE AVENUE DE LA";"0";"";"-1";"2";"0";"1";"10";"0";"1";"";"-1";"1";"0";"1";"50"
"202400000794";"4";"TARTUGUES CHEMIN DES";"0";"";"2";"2";"0";"1";"10";"0";"1";"";"-1";"1";"0";"1";"50"
"202400000795";"4";"CLUB HIPPIQUE (AV)";"0";"";"2";"2";"0";"1";"298";"0";"1";"";"-1";"1";"0";"1";"50"
"202400000796";"3";"468";"-1";"";"2";"2";"0";"1";"14";"830";"1";"";"5";"1";"9";"1";"50"
"202400000796";"3";"";"-1";"";"2";"2";"-1";"1";"-1";"-1";"1";"";"-1";"1";"9";"8";"50"
"202400000797";"4";"";"0";"";"2";"2";"0";"1";"-1";"-1";"1";"";"-1";"2";"0";"1";"50"
"202400000798";"4";"";"-1";"";"2";"2";"0";"2";"-1";"-1";"2";"";"-1";"1";"0";"1";"50"
"202400000799";"4";"";"0";"";"1";"2";"0";"1";"-1";"-1";"1";"";"-1";"2";"0";"1";"50"
"202400000799";"4";"";"0";"";"3";"4";"0";"1";"-1";"-1";"1";"";"-1";"2";"0";"1";"50"
"202400000800";"4";"";"-1";"";"2";"2";"0";"1";"0";"1";"1";"";"-1";"1";"5";"1";"50"
"202400000801";"3";"";"0";"";"3";"1";"0";"4";"-1";"-1";"1";"";"3";"2";"0";"1";"50"
"202400000801";"3";"ROCADE SUD RD 6161";"0";"";"2";"1";"0";"2";"11";"670";"3";"";"3";"2";"0";"1";"80"
"202400000802";"3";"8";"0";"D";"2";"2";"0";"1";"29";"960";"1";"";"5";"2";"0";"1";"50"
"202400000802";"3";"";"-1";"";"2";"-1";"-1";"1";"49";"800";"1";"";"-1";"2";"0";"1";"-1"
"202400000803";"4";"CHARLES DE REFUGE (RUE)";"0";"";"1";"1";"1";"1";"-1";"-1";"3";"";"-1";"1";"0";"1";"50"
"202400000803";"4";"ILE GERMAINE (RUE)";"0";"";"2";"2";"1";"1";"-1";"-1";"1";"";"-1";"1";"5";"1";"50"
"202400000804";"4";"619";"-1";"";"2";"2";"0";"1";"-1";"-1";"1";"";"7";"1";"0";"1";"50"
"202400000805";"4";"BASSES MOULIERES (CHEMIN DES)";"0";"";"2";"1";"0";"1";"0";"0";"2";"";"-1";"1";"0";"1";"30"
"202400000806";"3";"86";"0";"";"2";"2";"0";"1";"17";"800";"3";"";"5,5";"1";"0";"1";"90"
"202400000807";"4";"ECUSSON ( CARREFOUR DE L')";"0";"";"-1";"1";"0";"1";"-1";"-1";"2";"";"-1";"2";"0";"1";"30"
"202400000808";"3";"704";"0";"D";"2";"3";"0";"2";"77";"100";"2";"";"10,5";"1";"0";"1";"80"
"202400000809";"3";"";"0";"";"3";"4";"0";"1";"-1";"-1";"1";"";"-1";"1";"0";"1";"50"
"202400000809";"3";"";"0";"";"3";"5";"0";"1";"32";"810";"1";"";"-1";"1";"0";"1";"50"
"202400000810";"2";"85";"0";"";"2";"2";"0";"1";"39";"310";"1";"";"7";"1";"0";"1";"80"
"202400000811";"4";"ECHANGEUR BERCY";"0";"";"1";"4";"0";"1";"34";"800";"1";"";"-1";"1";"0";"1";"70"
"202400000812";"4";"PORTE DAUPHINE";"0";"";"1";"4";"0";"1";"15";"600";"1";"";"-1";"1";"0";"1";"70"
"202400000813";"3";"221";"0";"D";"2";"2";"0";"1";"10";"490";"2";"";"5";"1";"0";"1";"80"
"202400000814";"4";"ECHANGEUR BERCY";"0";"";"1";"2";"0";"1";"34";"800";"3";"";"-1";"1";"0";"1";"50"
"202400000815";"4";"RUE DE L EPEE DE BOIS";"0";"";"1";"1";"0";"1";"-1";"-1";"1";"";"-1";"1";"0";"5";"30"
"202400000815";"4";"RUE MONGE";"0";"";"2";"2";"1";"2";"-1";"-1";"1";"";"-1";"1";"0";"5";"30"
"202400000816";"2";"106";"0";"";"2";"2";"0";"1";"3";"0";"3";"";"7";"1";"0";"1";"80"
"202400000817";"4";"AVENUE GAMBETTA";"0";"";"2";"3";"1";"2";"-1";"-1";"1";"";"-1";"1";"0";"8";"30"
"202400000817";"4";"";"-1";"";"1";"-1";"-1";"1";"-1";"-1";"1";"";"-1";"1";"0";"8";"30"
"202400000818";"3";"";"-1";"";"2";"2";"0";"1";"0";"440";"1";"";"6";"1";"0";"3";"70"
"202400000819";"4";"BOULEVARD DAVOUT";"0";"";"1";"1";"0";"1";"-1";"-1";"1";"";"-1";"2";"0";"1";"50"
"202400000819";"4";"";"-1";"";"1";"-1";"-1";"1";"-1";"-1";"1";"";"-1";"2";"0";"1";"50"
"202400000820";"1";"1";"0";"A";"3";"3";"0";"1";"82";"700";"1";"";"13,5";"1";"0";"1";"130"
"202400000821";"4";"BOULEVARD DE CHARONNE";"0";"";"2";"2";"1";"1";"-1";"-1";"1";"";"-1";"2";"0";"1";"30"
"202400000821";"4";"";"-1";"";"1";"-1";"-1";"1";"-1";"-1";"1";"";"-1";"2";"0";"1";"30"
"202400000822";"4";"";"-1";"";"2";"2";"2";"1";"-1";"-1";"1";"";"-1";"1";"6";"1";"50"
"202400000823";"4";"AVENUE DE LA PORTE BRANCION";"0";"";"-1";"2";"0";"1";"-1";"-1";"1";"";"-1";"2";"0";"1";"30"
"202400000823";"4";"RUE LOUIS VICAT";"0";"";"-1";"1";"0";"1";"-1";"-1";"1";"";"-1";"2";"0";"1";"30"
"202400000824";"4";"";"-1";"";"2";"2";"0";"2";"-1";"-1";"1";"";"-1";"1";"0";"1";"50"
"202400000825";"4";"AVENUE DU GENERAL LECLERC";"0";"";"2";"4";"3";"1";"-1";"-1";"1";"";"-1";"1";"0";"6";"50"
"202400000825";"4";"";"-1";"";"1";"-1";"-1";"1";"-1";"-1";"1";"";"-1";"1";"0";"1";"30"
"202400000826";"3";"D61";"0";"D";"2";"2";"0";"1";"2";"200";"1";"";"7";"1";"0";"1";"80"
"202400000826";"3";"";"0";"";"2";"2";"-1";"1";"-1";"-1";"1";"";"-1";"1";"0";"1";"-1"
"202400000827";"2";"113";"-1";"";"2";"2";"0";"1";"2";"140";"1";"";"7";"1";"0";"1";"-1"
"202400000828";"4";"BOULEVARD DIDEROT";"0";"";"2";"2";"1";"2";"-1";"-1";"1";"";"-1";"1";"0";"1";"30"
"202400000828";"4";"PASSAGE DU GENIE";"0";"";"1";"1";"0";"1";"-1";"-1";"1";"";"-1";"1";"0";"1";"30"
"202400000829";"4";"";"-1";"";"2";"2";"0";"1";"-1";"-1";"3";"";"-1";"1";"0";"1";"50"
"202400000830";"3";"83";"0";"C";"2";"1";"0";"1";"0";"0";"3";"";"3,5";"1";"0";"3";"80"
"202400000831";"4";"BOULEVARD HAUSSMANN";"0";"";"1";"3";"0";"1";"-1";"-1";"1";"";"-1";"1";"0";"1";"30"
"202400000831";"4";"RUE DU HAVRE";"0";"";"1";"3";"0";"1";"-1";"-1";"1";"";"-1";"1";"0";"1";"30"
"202400000832";"3";"13";"0";"";"2";"2";"0";"1";"2";"0";"1";"";"5,5";"1";"9";"1";"90"
"202400000833";"4";"RUE REAUMUR";"0";"";"1";"3";"1";"1";"-1";"-1";"1";"";"-1";"1";"0";"1";"30"
"202400000833";"4";"RUE SAINT MARTIN";"0";"";"1";"2";"1";"1";"-1";"-1";"1";"";"-1";"1";"0";"1";"30"
"202400000834";"3";"943";"0";"";"2";"2";"0";"2";"8";"391";"2";"";"5,5";"2";"0";"1";"90"
"202400000835";"3";"233";"0";"";"2";"2";"0";"1";"1";"0";"1";"";"-1";"2";"5";"1";"50"
"202400000835";"3";"3";"0";"";"3";"4";"0";"1";"1";"0";"1";"";"-1";"2";"5";"1";"50"
"202400000836";"7";"1075";"0";"";"2";"2";"0";"1";"105";"0";"3";"";"5,5";"1";"0";"1";"50"
"202400000837";"4";"";"0";"";"2";"2";"0";"1";"0";"0";"1";"";"-1";"1";"0";"1";"50"
"202400000838";"3";"86";"0";"";"2";"2";"0";"1";"36";"700";"1";"";"5,5";"1";"0";"1";"30"
"202400000839";"3";"5";"0";"";"3";"4";"3";"1";"0";"1";"1";"";"-1";"1";"5";"1";"50"
"202400000839";"3";"";"-1";"";"3";"4";"0";"1";"-1";"-1";"1";"";"-1";"1";"5";"1";"-1"
"202400000840";"4";"";"-1";"";"2";"2";"0";"1";"-1";"-1";"1";"";"-1";"1";"0";"1";"30"
"202400000841";"3";"214";"0";"";"1";"2";"0";"1";"0";"375";"1";"";"7";"1";"0";"1";"50"
"202400000841";"3";"";"0";"";"1";"2";"0";"4";"0";"375";"1";"";"5";"1";"0";"1";"30"
"202400000842";"4";"";"0";"";"2";"2";"0";"1";"-1";"-1";"1";"";"-1";"2";"0";"3";"80"
"202400000843";"3";"142";"0";"D";"2";"2";"0";"1";"24";"360";"1";"";"6,5";"1";"0";"1";"80"
"202400000843";"3";"";"-1";"";"2";"2";"-1";"1";"-1";"-1";"1";"";"4,5";"1";"0";"1";"80"
"202400000844";"3";"145";"0";"";"2";"2";"2";"1";"0";"1";"1";"";"-1";"1";"6";"5";"50"
"202400000844";"3";"";"0";"";"2";"2";"0";"1";"0";"0";"1";"";"-1";"1";"0";"5";"30"
"202400000845";"4";"";"-1";"";"2";"2";"0";"1";"-1";"-1";"1";"";"-1";"1";"0";"1";"80"
"202400000846";"3";"214";"0";"D";"2";"2";"1";"1";"11";"370";"1";"";"7";"1";"0";"5";"80"
"202400000847";"3";"19";"0";"";"2";"2";"0";"2";"0";"0";"1";"";"-1";"1";"0";"1";"50"
"202400000847";"3";"";"-1";"";"3";"2";"0";"2";"-1";"-1";"1";"";"-1";"1";"0";"1";"-1"
"202400000848";"9";"";"-1";"";"-1";"2";"1";"1";"-1";"-1";"1";"";"-1";"1";"0";"5";"-1"
"202400000849";"4";"106";"-1";"";"2";"2";"2";"1";"-1";"-1";"1";"";"-1";"1";"-1";"1";"50"
"202400000849";"4";"";"-1";"";"2";"2";"2";"1";"-1";"-1";"1";"";"-1";"1";"-1";"1";"50"
"202400000850";"3";"723";"-1";"";"3";"1";"0";"1";"45";"210";"1";"";"4";"1";"0";"1";"-1"
"202400000851";"3";"84";"-1";"";"2";"2";"0";"1";"6";"930";"1";"";"7";"1";"0";"1";"50"
"202400000851";"3";"";"-1";"";"2";"2";"0";"1";"-1";"-1";"1";"";"7";"1";"0";"1";"50"
"202400000852";"3";"25";"0";"D";"2";"2";"0";"1";"11";"930";"2";"";"5,5";"1";"0";"3";"80"
"202400000853";"3";"79";"0";"";"2";"2";"0";"1";"4";"3 288";"1";"";"4";"1";"0";"1";"80"
"202400000854";"1";"A507 sens Marseille - Aubagne";"0";"";"1";"3";"0";"1";"1";"0";"1";"";"-1";"1";"0";"1";"70"
"202400000855";"1";"";"0";"";"3";"6";"0";"1";"8";"500";"1";"";"17,5";"1";"3";"1";"90"
"202400000856";"1";"AUTOROUTE A 63";"0";"";"3";"4";"0";"1";"0";"437";"4";"";"14";"1";"3";"1";"70"
"202400000857";"2";"ROUTE NATIONALE 89";"0";"";"3";"4";"0";"1";"49";"636";"1";"";"10";"1";"0";"1";"90"
"202400000858";"1";"6B";"0";"";"1";"2";"0";"1";"0";"150";"3";"";"7";"1";"1";"1";"50"
"202400000859";"1";"A10 PROVINCE / RD188 PARIS";"0";"";"1";"2";"0";"2";"9";"600";"3";"";"10,5";"1";"3";"1";"50"
"202400000860";"1";"4";"0";"";"1";"4";"0";"1";"14";"300";"1";"";"-1";"1";"0";"1";"90"
"202400000861";"2";"RN104";"0";"";"3";"3";"0";"1";"14";"300";"1";"";"-1";"1";"0";"1";"90"
"202400000862";"1";"4";"0";"";"-1";"5";"0";"1";"4";"400";"1";"";"17,5";"1";"0";"1";"90"
"202400000863";"2";"406";"0";"";"3";"6";"0";"1";"1";"850";"1";"";"-1";"1";"0";"1";"90"
"202400000864";"1";"86";"0";"";"1";"3";"0";"1";"42";"700";"1";"";"-1";"1";"2";"1";"90"
"202400000865";"1";"A4.Y";"0";"";"1";"4";"0";"1";"20";"100";"1";"";"-1";"1";"0";"1";"110"
"202400000866";"4";"";"-1";"";"2";"2";"0";"1";"-1";"-1";"1";"";"-1";"1";"5";"1";"50"
"202400000866";"4";"";"-1";"";"3";"4";"0";"1";"-1";"-1";"1";"";"-1";"1";"5";"1";"50"
"202400000867";"4";"RUE DE MAUBEUGE";"0";"";"2";"2";"0";"4";"0";"0";"1";"";"-1";"1";"0";"1";"50"
"202400000867";"4";"RUE DE METZ";"0";"";"-1";"2";"0";"4";"0";"0";"1";"";"-1";"1";"0";"1";"50"
"202400000868";"4";"POUDRIERE(RUE DE LA)";"0";"";"-1";"2";"0";"1";"10";"0";"1";"";"-1";"1";"9";"1";"50"
"202400000869";"4";"BONS ENFANTS (RUE DES)";"0";"";"1";"1";"0";"1";"0";"0";"1";"";"-1";"1";"0";"1";"30"
"202400000869";"4";"MAHY (RUE FRANCOIS DE)";"0";"";"1";"1";"0";"2";"0";"0";"1";"";"-1";"1";"5";"1";"30"
"202400000870";"4";"LALLOUETTE";"0";"";"1";"2";"0";"1";"-1";"-1";"3";"";"-1";"1";"9";"1";"50"
"202400000871";"3";"BADUEL (ROUTE DE)";"0";"";"2";"2";"0";"1";"2";"890";"1";"";"-1";"1";"0";"1";"50"
"202400000872";"3";"CABASSOU (ROUTE DE)";"0";"";"2";"2";"0";"1";"0";"260";"1";"";"-1";"1";"0";"1";"50"
"202400000872";"3";"NEGRES MARONS (RUE DES) CITE BONHOMME";"0";"";"2";"2";"0";"1";"-1";"-1";"1";"";"-1";"1";"0";"1";"50"
"202400000873";"1";"AUTOROUTE A1";"0";"";"1";"3";"0";"2";"3 900";"0";"1";"";"-1";"1";"0";"1";"90"
"202400000874";"2";"";"0";"";"1";"-1";"0";"1";"0";"200";"1";"";"-1";"1";"9";"1";"50"
"202400000875";"4";"ANDRE LASSAGNE                      (QU)";"0";"";"2";"4";"2";"1";"-1";"-1";"1";"";"-1";"1";"0";"5";"50"
"202400000876";"2";"T21";"0";"";"1";"2";"0";"1";"0";"0";"1";"";"-1";"1";"0";"1";"70"
"202400000877";"4";"";"0";"";"3";"2";"0";"1";"0";"0";"1";"";"-1";"1";"0";"1";"50"
"202400000877";"4";"SALVADOR ALLENDE (RUE)";"0";"";"2";"2";"0";"1";"0";"0";"1";"";"-1";"1";"0";"1";"50"
"202400000878";"4";"NEUVE (RUE)";"0";"";"2";"2";"0";"1";"0";"0";"3";"";"-1";"1";"0";"1";"90"
"202400000879";"3";"CALMETTE BOULEVARD";"0";"";"2";"2";"0";"1";"0";"1";"1";"";"-1";"1";"5";"1";"50"
"202400000879";"3";"GENERAL LECLERC AVENUE DU";"0";"";"2";"2";"0";"2";"2";"329";"1";"";"-1";"1";"5";"1";"50"
"202400000880";"4";"AULNES(Avenue des)-MONTFAVET";"0";"";"2";"2";"0";"1";"0";"1";"1";"";"-1";"1";"5";"1";"50"
"202400000880";"4";"SACRISTIE (CHEMIN DE LA)";"0";"";"2";"2";"0";"1";"0";"1";"1";"";"-1";"1";"0";"1";"50"
"202400000881";"3";"ARAMON (ROUTE D')";"0";"";"2";"2";"0";"1";"20";"755";"1";"";"-1";"1";"0";"1";"50"
"202400000881";"3";"PERI AVENUE GABRIEL";"0";"";"2";"2";"0";"1";"41";"270";"1";"";"-1";"1";"0";"1";"50"
"202400000882";"3";"N7";"0";"";"2";"2";"0";"2";"103";"0";"3";"";"-1";"1";"0";"1";"80"
"202400000883";"4";"GEORGES GUYNEMER (RUE)";"0";"";"2";"2";"0";"1";"-1";"-1";"1";"";"-1";"1";"0";"1";"30"
"202400000884";"4";"ARMAGIS";"0";"";"2";"2";"0";"1";"-1";"-1";"1";"";"-1";"1";"0";"1";"30"
"202400000885";"4";"GARENNE (RUE DE LA)";"0";"";"2";"2";"0";"2";"0";"0";"1";"";"-1";"1";"0";"4";"30"
"202400000886";"6";"LAVOISIER. RUE ANTOINE";"0";"";"-1";"-1";"0";"1";"-1";"-1";"1";"";"-1";"1";"0";"8";"10"
"202400000887";"4";"PEUPLIERS (DES)";"0";"";"2";"2";"0";"1";"-1";"-1";"1";"";"-1";"1";"0";"4";"50"
"202400000887";"4";"PIERRE LOTI";"0";"";"2";"-1";"0";"1";"-1";"-1";"1";"";"-1";"1";"0";"4";"50"
"202400000888";"4";"C (CITE BERLIET)                    (AV)";"0";"";"1";"2";"0";"1";"-1";"-1";"3";"";"-1";"1";"0";"1";"50"
"202400000888";"4";"HENRI GERMAIN                       (AV)";"0";"";"2";"2";"2";"1";"-1";"-1";"2";"";"-1";"1";"0";"1";"50"
"202400000889";"7";"LORTARET (DE)   -  D 148             (CH";"0";"";"2";"2";"2";"1";"-1";"-1";"1";"";"-1";"1";"0";"1";"50"
"202400000889";"7";"URBAIN LE VERRIER                   (AV)";"0";"";"2";"2";"0";"1";"-1";"-1";"1";"";"-1";"1";"0";"1";"50"
"202400000890";"4";"CICERON (RUE)";"0";"";"2";"2";"2";"1";"-1";"-1";"3";"";"-1";"1";"8";"1";"50"
"202400000890";"4";"TITE LIVE (RUE)";"0";"";"2";"2";"0";"1";"-1";"-1";"1";"";"-1";"1";"8";"8";"30"
"202400000891";"4";"STRASBOURG (ROUTE DE)";"0";"";"2";"2";"1";"1";"-1";"-1";"1";"";"-1";"1";"0";"1";"40"
"202400000892";"3";"SAINT PEE (VIEILLE ROUTE DE)";"0";"";"2";"2";"0";"4";"0";"700";"1";"";"4";"1";"5";"3";"50"
"202400000893";"3";"AVRIL (AVENUE DU 14)";"0";"";"2";"2";"2";"1";"1";"200";"1";"";"-1";"2";"9";"1";"50"
"202400000894";"4";"TOMBELOLI (RUE)";"0";"";"1";"1";"0";"2";"-1";"-1";"1";"";"-1";"1";"0";"1";"50"
"202400000895";"3";"";"0";"";"2";"2";"0";"1";"-1";"-1";"1";"";"-1";"1";"0";"1";"30"
"202400000895";"3";"REPUBLIQUE (BOULEVARD DE LA)";"0";"";"2";"3";"2";"2";"1";"600";"1";"";"-1";"1";"0";"1";"50"
"202400000896";"4";"COLBERT (RUE)";"0";"";"2";"2";"0";"1";"-1";"-1";"1";"";"-1";"1";"5";"1";"30"
"202400000896";"4";"TESTELIN (RUE ACHILLE)";"0";"";"-1";"2";"0";"1";"-1";"-1";"1";"";"-1";"1";"0";"1";"30"
"202400000897";"4";"ARTS (RUE DES)";"0";"";"1";"1";"0";"1";"-1";"-1";"1";"";"-1";"1";"0";"1";"50"
"202400000897";"4";"VIVIER (RUE DU)";"0";"";"2";"3";"0";"1";"-1";"-1";"1";"";"-1";"1";"0";"1";"50"
"202400000898";"2";"RN 165";"0";"";"3";"6";"0";"1";"97";"464";"1";"";"10";"1";"2";"1";"90"
"202400000899";"3";"163";"0";"";"1";"2";"0";"1";"2";"350";"3";"";"5,5";"1";"5";"1";"50"
"202400000900";"4";"CARRIERE (PLACE DE LA)";"0";"";"1";"1";"0";"1";"-1";"-1";"1";"";"-1";"1";"0";"1";"30"
"202400000901";"4";"EPERNAY (AVENUE D') COTE PAIR";"0";"";"2";"2";"0";"2";"-1";"-1";"1";"";"-1";"1";"0";"1";"50"
"202400000902";"4";"FOCH (BOULEVARD)";"0";"";"2";"2";"0";"1";"-1";"-1";"1";"";"-1";"1";"0";"1";"30"
"202400000903";"4";"JACOB (RUE FREDERIC) LA NEUVILLETTE";"0";"";"1";"2";"0";"2";"-1";"0";"1";"";"5,5";"1";"2";"1";"50"
"202400000903";"4";"LAON (AVENUE) DU N° 219 AU 341 ET N° 248";"0";"";"2";"2";"0";"1";"-1";"0";"1";"";"5,5";"1";"2";"1";"50"
"202400000904";"4";"";"0";"";"2";"2";"0";"2";"-1";"-1";"3";"";"-1";"1";"0";"1";"30"
"202400000905";"4";"RUE MARCEL DELATTRE";"0";"";"2";"2";"0";"1";"-1";"-1";"1";"";"-1";"1";"0";"1";"50"
"202400000905";"4";"TOULOUSE (RTE DE)";"0";"";"2";"2";"0";"1";"-1";"-1";"1";"";"-1";"1";"0";"1";"50"
"202400000906";"4";"rue Lagrua";"0";"";"2";"2";"0";"1";"-1";"-1";"1";"";"-1";"1";"0";"1";"50"
"202400000907";"4";"GARE (AVENUE DE LA)";"0";"";"2";"2";"0";"4";"-1";"-1";"1";"";"-1";"1";"0";"1";"50"
"202400000908";"4";"HARTELOIRE (RUE)";"0";"";"2";"3";"0";"4";"-1";"-1";"1";"";"-1";"1";"0";"1";"50"
"202400000909";"4";"AMOUREUX (AVENUE DES)";"0";"";"2";"2";"0";"2";"0";"1";"1";"";"-1";"1";"0";"1";"50"
"202400000910";"4";"ALLAN (Route d')";"0";"";"2";"2";"0";"1";"-1";"-1";"3";"";"-1";"1";"0";"1";"70"
"202400000911";"4";"RUE DE LA CROIX LORMEL";"0";"";"4";"2";"0";"1";"0";"0";"4";"";"-1";"1";"0";"1";"30"
"202400000912";"4";"DESIRE LE HOC (RUE)";"0";"";"2";"2";"0";"1";"-1";"-1";"1";"";"-1";"1";"0";"1";"50"
"202400000913";"4";"BERTHIER (RUE)";"0";"";"1";"1";"0";"2";"-1";"-1";"1";"";"-1";"1";"0";"1";"50"
"202400000914";"4";"MENDES FRANCE (AVENUE)";"0";"";"1";"5";"3";"1";"1";"0";"1";"";"-1";"1";"0";"6";"50"
"202400000915";"4";"OLIVES (AVENUE DES)";"0";"";"2";"2";"0";"1";"0";"0";"1";"";"-1";"1";"0";"1";"50"
"202400000916";"4";"Corniche John Fitzgérald Kennedy";"0";"";"2";"2";"0";"2";"0";"0";"4";"";"-1";"1";"9";"1";"50"
"202400000917";"4";"BELGES (AV DES)";"0";"";"2";"3";"3";"1";"0";"0";"1";"";"-1";"1";"0";"6";"50"
"202400000918";"4";"RUISSEAU (CHEMIN DU)";"0";"";"2";"2";"0";"1";"0";"0";"3";"";"-1";"1";"0";"1";"30"
"202400000919";"4";"";"0";"";"1";"2";"0";"1";"39";"0";"1";"";"-1";"1";"0";"1";"50"
"202400000920";"4";"";"0";"";"1";"1";"0";"1";"0";"1";"1";"";"-1";"1";"0";"1";"50"
"202400000920";"4";"POTERIE";"0";"";"2";"2";"0";"1";"0";"1";"3";"";"-1";"1";"0";"1";"50"
"202400000921";"3";"33";"0";"";"3";"4";"0";"1";"0";"1";"1";"";"-1";"1";"0";"1";"50"
"202400000921";"3";"";"-1";"";"3";"4";"0";"1";"0";"1";"1";"";"-1";"1";"0";"1";"-1"
"202400000922";"3";"115";"0";"";"2";"2";"0";"1";"0";"1";"1";"";"-1";"1";"0";"8";"30"
"202400000923";"3";"115";"0";"";"2";"2";"1";"1";"0";"1";"1";"";"-1";"1";"0";"1";"50"
"202400000924";"4";"";"0";"";"2";"1";"0";"1";"0";"0";"1";"";"-1";"1";"5";"6";"50"
"202400000925";"4";"FOCH";"0";"";"2";"2";"0";"1";"0";"0";"1";"";"-1";"2";"0";"1";"30"
"202400000926";"4";"PICASSO PABLO AVENUE";"0";"";"1";"1";"0";"1";"0";"0";"1";"";"-1";"1";"0";"1";"50"
"202400000927";"3";"CLICHY (PONT DE)";"0";"";"2";"4";"0";"1";"0";"0";"1";"";"-1";"1";"2";"1";"50"
"202400000927";"3";"CLICHY (QUAI DE) DE (104 A 202)";"0";"";"2";"6";"0";"1";"0";"0";"1";"";"-1";"1";"2";"1";"50"
"202400000928";"3";"JEAN JAURES (BOULEVARD) 217/FIN - 210/FI";"0";"";"-1";"2";"0";"1";"0";"0";"1";"";"-1";"1";"0";"1";"50"
"202400000929";"4";"DOME (RUE DU)";"0";"";"-1";"0";"0";"1";"0";"0";"1";"";"-1";"1";"0";"1";"50"
"202400000930";"4";"CROIZAT (ROND-POINT AMBROISE)";"0";"";"3";"2";"0";"1";"0";"0";"1";"";"-1";"1";"0";"8";"50"
"202400000931";"3";"GENERAL DE GAULLE (AVENUE DU)";"0";"";"1";"8";"3";"1";"0";"0";"1";"";"-1";"1";"5";"1";"50"
"202400000931";"3";"VELPEAU (RUE)";"0";"";"2";"2";"0";"1";"0";"0";"1";"";"-1";"1";"0";"1";"50"
"202400000932";"3";"929";"0";"";"2";"2";"0";"1";"37";"300";"1";"";"5,5";"1";"0";"1";"80"
"202400000932";"3";"";"-1";"";"2";"-1";"-1";"1";"-1";"-1";"1";"";"-1";"1";"5";"1";"-1"
"202400000933";"4";"";"-1";"";"2";"1";"0";"1";"-1";"-1";"1";"";"-1";"1";"5";"1";"50"
"202400000934";"3";"";"-1";"";"2";"2";"0";"1";"12";"250";"2";"";"5,5";"1";"0";"1";"90"
"202400000935";"3";"58";"-1";"D";"2";"2";"0";"1";"21";"820";"3";"";"4";"1";"0";"8";"80"
"202400000936";"3";"";"0";"";"2";"2";"0";"1";"2";"380";"1";"";"5,5";"1";"0";"3";"-1"
"202400000937";"3";"920";"-1";"";"2";"2";"0";"1";"20";"650";"1";"";"5,5";"1";"0";"1";"30"
"202400000937";"3";"D22";"-1";"";"2";"2";"0";"2";"14";"200";"1";"";"5,5";"1";"0";"1";"30"
"202400000938";"1";"6";"0";"";"3";"5";"0";"2";"318";"450";"2";"";"13,5";"1";"0";"1";"130"
"202400000939";"4";"ROUSSILLON (AVENUE DU)";"0";"";"2";"2";"0";"1";"-1";"-1";"1";"";"-1";"9";"0";"1";"50"
"202400000940";"4";"FITZ JAMES (RUE)";"0";"";"1";"1";"0";"1";"-1";"-1";"1";"";"-1";"1";"0";"1";"30"
"202400000941";"4";"";"0";"";"-1";"1";"0";"1";"-1";"-1";"2";"";"-1";"2";"0";"1";"30"
"202400000942";"4";"JAURES (Cours Jean)";"0";"";"1";"3";"0";"1";"0";"1";"1";"";"-1";"1";"5";"1";"20"
"202400000942";"4";"SAINT ROCH (Boulevard)";"0";"";"2";"2";"0";"1";"0";"1";"1";"";"-1";"1";"5";"1";"50"
"202400000943";"3";"MARSEILLE (Route de )";"0";"";"3";"4";"0";"1";"61";"780";"1";"";"-1";"2";"0";"1";"90"
"202400000944";"3";"MONTAUBAN D 958 (ROUTE DE)";"0";"";"-1";"2";"0";"1";"78";"420";"1";"";"7";"2";"0";"1";"80"
"202400000945";"4";"MARECHAL JOFFRE (RUE)";"0";"";"-1";"2";"0";"1";"0";"0";"1";"";"-1";"2";"0";"4";"50"
"202400000946";"4";"ARISTIDE BRIAND";"0";"";"2";"2";"0";"1";"-1";"-1";"1";"";"-1";"1";"0";"1";"50"
"202400000947";"3";"RD 6015";"0";"";"3";"2";"0";"1";"95";"978";"1";"";"7";"1";"0";"1";"70"
"202400000948";"4";"BLEUETS (DES)";"0";"";"2";"1";"0";"1";"0";"0";"1";"";"-1";"2";"0";"1";"50"
"202400000948";"4";"THIRE ET BONFAIT (AV.)";"0";"";"2";"1";"0";"2";"0";"0";"1";"";"-1";"2";"0";"1";"50"
"202400000949";"4";"RIVES DU LAC (AVENUE DES)";"0";"";"2";"1";"0";"1";"-1";"-1";"1";"";"-1";"2";"0";"1";"50"
"202400000950";"4";"JEAN BERTIN       (Rue)";"0";"";"1";"1";"1";"1";"-1";"-1";"1";"";"-1";"1";"0";"1";"50"
"202400000950";"4";"POUDRETTE     (Rue de la)";"0";"";"2";"3";"1";"1";"-1";"-1";"1";"";"-1";"1";"0";"1";"50"
"202400000951";"4";"";"0";"";"1";"2";"0";"1";"-1";"-1";"1";"";"-1";"1";"0";"1";"50"
"202400000952";"4";"";"0";"";"2";"2";"1";"1";"-1";"-1";"1";"";"-1";"2";"0";"1";"50"
"202400000953";"3";"424";"0";"";"2";"2";"0";"1";"44";"840";"1";"";"-1";"2";"0";"1";"50"
"202400000954";"4";"SANGNIER (RUE MARC)";"0";"";"1";"1";"0";"2";"-1";"-1";"1";"";"-1";"1";"0";"4";"30"
"202400000955";"4";"WILSON(RUE)";"0";"";"2";"2";"0";"1";"0";"0";"2";"";"-1";"2";"6";"1";"50"
"202400000956";"4";"MARECHALE ( RUE DE LA )";"0";"";"1";"1";"0";"1";"0";"0";"1";"";"-1";"1";"0";"1";"30"
"202400000957";"4";"CHAMPAGNE   (  AVENUE DE)";"0";"";"1";"6";"0";"1";"-1";"-1";"1";"";"-1";"2";"0";"1";"50"
"202400000958";"4";"GARE PLACE";"0";"";"2";"2";"0";"1";"1";"0";"1";"";"-1";"2";"0";"1";"30"
"202400000958";"4";"PAPIN";"0";"";"3";"4";"0";"1";"1";"0";"1";"";"-1";"2";"0";"1";"30"
"202400000959";"4";"FOSSES (RUE DES FOSSES)";"0";"";"2";"2";"0";"1";"-1";"-1";"1";"";"-1";"1";"0";"1";"50"
"202400000960";"4";"WAGNER (BOULEVARD RICHARD)";"0";"";"1";"1";"0";"1";"-1";"-1";"1";"";"-1";"1";"0";"1";"50"
"202400000961";"4";"DEZEUZE (RUE FRANCOIS)";"0";"";"2";"0";"0";"1";"-1";"-1";"1";"";"-1";"2";"0";"1";"50"
"202400000962";"4";"AVE HENRI VIGNEAU";"0";"";"3";"3";"2";"1";"-1";"-1";"1";"";"-1";"2";"5";"1";"50"
"202400000962";"4";"";"-1";"";"2";"2";"2";"1";"-1";"-1";"1";"";"-1";"2";"0";"1";"50"
"202400000963";"4";"";"-1";"";"2";"-1";"-1";"1";"-1";"-1";"1";"";"-1";"1";"9";"1";"30"
"202400000963";"4";"RUE EDOUARD HERRIOT";"0";"";"2";"2";"0";"1";"-1";"-1";"1";"";"-1";"1";"0";"1";"30"
"202400000964";"4";"";"0";"";"3";"2";"2";"1";"-1";"-1";"1";"";"-1";"1";"0";"5";"50"
"202400000965";"3";"CRETES (ROUTE DES)";"0";"";"2";"2";"0";"2";"1";"460";"1";"";"5";"2";"0";"3";"90"
"202400000966";"4";"";"0";"";"2";"1";"0";"2";"-1";"-1";"1";"";"-1";"2";"0";"8";"50"
"202400000967";"4";"LEROY (BOULEVARD)";"0";"";"2";"2";"0";"1";"-1";"-1";"1";"";"-1";"2";"0";"1";"50"
"202400000968";"4";"KADDOUZ (CHEMIN)";"0";"";"2";"2";"0";"2";"0";"0";"1";"";"-1";"1";"0";"1";"50"
"202400000969";"4";"DARET JEAN (RUE)";"0";"";"1";"1";"0";"1";"0";"0";"1";"";"-1";"1";"0";"1";"50"
"202400000969";"4";"HUIT MAI (AV DU)";"0";"";"2";"2";"0";"1";"0";"0";"1";"";"-1";"1";"5";"1";"50"
"202400000970";"3";"CAVALERIE (COTE DE LA )";"0";"";"2";"2";"0";"2";"48";"100";"3";"";"7";"2";"0";"1";"90"
"202400000971";"3";"VERDUN (AVENUE DE)";"0";"";"2";"2";"0";"1";"74";"270";"1";"";"-1";"1";"0";"1";"30"
"202400000972";"3";"DRAGUIGNAN (ROUTE DE) - D2562-";"0";"";"2";"2";"0";"2";"9";"390";"3";"";"7";"1";"0";"1";"50"
"202400000973";"4";"ECHANGEUR MAILLOT";"0";"";"1";"4";"0";"1";"16";"700";"1";"";"-1";"1";"0";"1";"70"
"202400000974";"4";"RUE CHRISTINE DE PISAN";"0";"";"2";"2";"0";"2";"-1";"-1";"1";"";"-1";"2";"0";"1";"30"
"202400000974";"4";"RUE DE SAUSSURE";"0";"";"1";"2";"1";"1";"-1";"-1";"1";"";"-1";"2";"0";"1";"30"
"202400000975";"4";"AVENUE DE VILLIERS";"0";"";"2";"2";"1";"1";"-1";"-1";"1";"";"-1";"1";"0";"1";"30"
"202400000975";"4";"";"-1";"";"1";"-1";"-1";"1";"-1";"-1";"1";"";"-1";"1";"0";"1";"-1"
"202400000976";"4";"RUE DE LA CONVENTION";"0";"";"2";"2";"3";"1";"-1";"-1";"1";"";"-1";"1";"0";"1";"30"
"202400000977";"4";"RUE DU FAUBOURG SAINT MARTIN";"0";"";"2";"3";"0";"1";"-1";"-1";"1";"";"-1";"1";"0";"1";"30"
"202400000977";"4";"RUE LOUIS BLANC";"0";"";"2";"2";"2";"1";"-1";"-1";"1";"";"-1";"1";"0";"1";"30"
"202400000978";"4";"RUE SAINT LOUIS EN L ILE";"0";"";"1";"1";"1";"1";"-1";"-1";"1";"";"-1";"1";"0";"1";"30"
"202400000979";"4";"";"0";"";"2";"2";"0";"1";"0";"0";"1";"";"-1";"1";"0";"1";"50"
"202400000980";"4";"";"0";"";"2";"2";"0";"1";"0";"0";"1";"";"-1";"2";"0";"1";"30"
"202400000981";"3";"";"-1";"";"2";"2";"0";"1";"0";"1";"3";"";"-1";"1";"5";"1";"-1"
"202400000981";"3";"";"0";"";"2";"2";"2";"1";"0";"1";"1";"";"-1";"1";"0";"1";"50"
"202400000982";"3";"970";"0";"";"2";"2";"0";"1";"0";"1";"1";"";"-1";"1";"0";"1";"50"
"202400000982";"3";"";"-1";"";"1";"1";"0";"1";"0";"0";"1";"";"-1";"1";"0";"1";"-1"
"202400000983";"3";"932";"0";"";"2";"4";"1";"1";"0";"1";"1";"";"-1";"1";"0";"1";"50"
"202400000983";"3";"";"-1";"";"1";"1";"0";"1";"0";"0";"1";"";"-1";"1";"0";"1";"-1"
"202400000984";"3";"BINEAU (BOULEVARD, N°133 A 217 ET 134 A";"0";"";"2";"4";"0";"1";"0";"0";"1";"";"-1";"1";"0";"1";"20"
"202400000984";"3";"CHATEAU (BOULEVARD DU)";"0";"";"-1";"2";"0";"1";"0";"0";"1";"";"-1";"1";"0";"1";"20"
"202400000985";"3";"STALINGRAD (QUAI DE)";"0";"";"2";"2";"0";"1";"0";"0";"1";"";"-1";"1";"0";"1";"50"
"202400000986";"3";"GALLIENI (BOULEVARD)";"0";"";"-1";"-1";"0";"1";"0";"0";"1";"";"-1";"1";"0";"1";"30"
"202400000987";"3";"Général de Gaulle  ( avenue du )";"0";"";"2";"2";"0";"1";"0";"0";"1";"";"-1";"1";"0";"1";"50"
"202400000988";"4";"LACAZE (DE L'AMIRAL)";"0";"";"1";"1";"0";"1";"0";"0";"1";"";"-1";"1";"0";"1";"50"
"202400000988";"4";"RONTAUNAY (RUE)";"0";"";"1";"1";"0";"1";"0";"0";"1";"";"-1";"1";"0";"1";"50"
"202400000989";"4";"JEAN JAURES (BOULEVARD) 63/215 - 70/208";"0";"";"2";"2";"0";"1";"0";"0";"1";"";"-1";"1";"0";"1";"30"
"202400000990";"2";"5";"0";"";"2";"3";"0";"1";"-1";"-1";"1";"";"10,5";"1";"9";"1";"90"
"202400000991";"3";"Frédéric JALTON";"0";"";"2";"2";"0";"1";"-1";"-1";"1";"";"-1";"2";"0";"1";"70"
"202400000992";"3";"767";"0";"";"3";"2";"0";"1";"48";"0";"1";"";"7";"2";"0";"2";"110"
"202400000993";"2";"RN4 - SECTION RIVIERA";"0";"";"2";"2";"0";"1";"-1";"-1";"1";"";"-1";"1";"0";"1";"50"
"202400000994";"2";"3";"0";"";"2";"2";"0";"2";"4";"285";"1";"";"7";"1";"0";"1";"50"
"202400000995";"2";"PERRIN (SECTEUR)";"0";"";"1";"2";"0";"1";"-1";"-1";"1";"";"-1";"1";"0";"1";"70"
"202400000996";"3";"939";"-1";"";"2";"4";"0";"2";"138";"575";"1";"";"-1";"2";"0";"3";"90"
"202400000997";"4";"KENNEDY AV PRESIDENT";"0";"";"2";"1";"0";"2";"0";"0";"1";"";"-1";"1";"0";"1";"50"
"202400000998";"2";"null";"-1";"null";"1";"2";"0";"1";"48";"730";"1";"";"-1";"-1";"3";"-1";"-1"
"202400000998";"2";"VC LA FRANCILIENNE";"0";"";"1";"0";"0";"2";"0";"0";"3";"";"0";"1";"0";"1";"50"
"202400000999";"3";"560";"0";"";"2";"2";"0";"2";"5";"910";"1";"";"5,5";"2";"0";"1";"-1"
"202400001000";"3";"21";"0";"";"2";"2";"0";"2";"12";"772";"3";"";"-1";"2";"0";"3";"90"
"202400001001";"3";"RTE DES TEMPLIERS";"0";"";"3";"0";"0";"1";"0";"0";"1";"";"-1";"1";"2";"1";"30"
"202400001002";"3";"BD HENRI BARBUSSE";"0";"";"2";"3";"0";"1";"0";"0";"1";"";"-1";"1";"0";"1";"50"
"202400001003";"3";"";"-1";"";"2";"2";"-1";"1";"-1";"-1";"1";"";"-1";"1";"0";"1";"50"
"202400001003";"3";"";"-1";"";"3";"2";"0";"2";"25";"480";"1";"";"5,8";"1";"6";"1";"50"
"202400001004";"4";"GIFFARD (RUE HENRI)";"0";"";"-1";"-1";"0";"1";"-1";"-1";"1";"";"-1";"1";"5";"1";"50"
"202400001004";"4";"GIFFARD (RUE HENRI)";"0";"";"2";"5";"3";"2";"-1";"-1";"1";"";"-1";"1";"5";"1";"50"
"202400001005";"3";"34";"-1";"D";"2";"2";"0";"1";"26";"310";"1";"";"5";"1";"0";"1";"80"
"202400001005";"3";"65";"-1";"D";"2";"2";"0";"1";"5";"210";"1";"";"5";"1";"0";"1";"80"
"202400001006";"4";"COUSSADES (chemin des)";"0";"";"2";"2";"0";"1";"-1";"-1";"1";"";"-1";"1";"0";"1";"50"
"202400001006";"4";"DES PETITES COUSSADES (ALLÉE)";"0";"";"2";"2";"0";"1";"-1";"-1";"1";"";"-1";"1";"0";"1";"50"
"202400001007";"3";"817";"-1";"";"2";"3";"0";"1";"12";"850";"1";"";"10,5";"1";"0";"1";"70"
"202400001008";"4";"224";"0";"";"2";"2";"0";"1";"-1";"-1";"1";"";"-1";"7";"0";"1";"90"
"202400001009";"4";"";"-1";"";"1";"1";"0";"1";"-1";"-1";"3";"";"-1";"1";"0";"1";"50"
"202400001010";"4";"ALLENDE (Avenue)";"0";"";"2";"2";"3";"1";"0";"1";"1";"";"-1";"1";"0";"1";"50"
"202400001010";"4";"C.De GAULLE (Rocade)";"0";"";"2";"2";"0";"1";"0";"1";"1";"";"-1";"1";"0";"1";"50"
"202400001011";"3";"4085";"-1";"";"3";"2";"0";"1";"8";"10";"1";"";"7";"1";"0";"1";"50"
"202400001012";"4";"2752";"0";"D";"2";"2";"0";"1";"-1";"-1";"1";"";"-1";"1";"0";"1";"50"
"202400001013";"4";"AUDENET  (RUE SOEUR)";"0";"";"2";"2";"0";"1";"-1";"-1";"1";"";"-1";"1";"0";"4";"50"
"202400001014";"3";"137";"0";"D";"2";"2";"0";"1";"123";"140";"1";"";"-1";"2";"5";"1";"90"
"202400001014";"3";"";"-1";"";"2";"2";"-1";"1";"1";"450";"1";"";"-1";"2";"5";"1";"80"
"202400001015";"4";"CARNOT (BD)";"0";"";"2";"2";"0";"1";"-1";"-1";"1";"";"-1";"1";"0";"1";"50"
"202400001016";"3";"";"-1";"";"2";"2";"0";"1";"9";"540";"1";"";"-1";"1";"0";"1";"-1"
"202400001017";"1";"11";"-1";"";"3";"4";"0";"1";"334";"930";"1";"";"10,5";"1";"0";"1";"130"
"202400001018";"3";"BEAUVILLE NORD (BOULEVARD DE)";"0";"";"-1";"2";"0";"1";"-1";"-1";"1";"";"-1";"1";"0";"1";"50"
"202400001018";"3";"LEON DUPONTREUE (RUE)";"0";"";"-1";"2";"0";"1";"-1";"-1";"1";"";"-1";"1";"0";"1";"50"
"202400001019";"4";"48";"0";"";"2";"2";"0";"2";"-1";"-1";"2";"";"-1";"2";"0";"3";"-1"
"202400001020";"4";"MATTEOTI (RUE)";"0";"";"2";"2";"0";"1";"-1";"-1";"1";"";"-1";"1";"2";"4";"50"
"202400001021";"3";"6";"-1";"";"2";"2";"1";"1";"22";"0";"1";"";"7";"1";"0";"1";"80"
"202400001021";"3";"";"-1";"";"2";"-1";"-1";"1";"-1";"-1";"1";"";"-1";"1";"5";"1";"-1"
"202400001022";"4";"";"-1";"";"2";"2";"3";"1";"-1";"-1";"1";"";"-1";"1";"0";"6";"-1"
"202400001023";"3";"901";"-1";"D";"2";"2";"0";"1";"0";"0";"1";"";"7";"1";"0";"1";"-1"
"202400001024";"3";"RHIN ET DANUBE (PONT)";"0";"";"2";"2";"0";"1";"6";"460";"1";"";"5,5";"1";"2";"1";"50"
"202400001025";"7";"6098";"0";"M";"2";"2";"0";"1";"47";"50";"1";"";"5,5";"1";"8";"4";"50"
"202400001026";"3";"TESSANCOURT (RUE DE)";"0";"";"2";"2";"0";"1";"6";"960";"1";"";"-1";"1";"0";"1";"50"
"202400001027";"4";"";"-1";"";"2";"1";"1";"1";"-1";"-1";"2";"";"-1";"1";"0";"1";"50"
"202400001028";"4";"EUROPE (AVENUE DE L')";"0";"";"2";"2";"0";"1";"0";"0";"1";"";"-1";"1";"0";"1";"50"
"202400001029";"4";"";"-1";"";"2";"2";"0";"2";"-1";"-1";"3";"";"-1";"1";"0";"3";"80"
"202400001030";"4";"GENERAL DE GAULLE  (RUE DU)";"0";"";"2";"2";"0";"1";"0";"1";"1";"";"-1";"1";"0";"1";"50"
"202400001031";"4";"86";"-1";"";"2";"1";"0";"1";"-1";"-1";"1";"";"-1";"1";"0";"1";"50"
"202400001032";"4";"";"0";"";"2";"2";"0";"1";"-1";"-1";"1";"";"-1";"1";"8";"1";"50"
"202400001033";"4";"";"-1";"";"2";"2";"0";"2";"-1";"-1";"3";"";"-1";"1";"0";"1";"50"
"202400001034";"4";"BUCHER (DU)";"0";"";"2";"2";"0";"1";"0";"1";"1";"";"-1";"1";"0";"1";"50"
"202400001034";"4";"PACAUDERIE (RUE)";"0";"";"2";"2";"0";"1";"0";"1";"1";"";"-1";"1";"0";"1";"30"
"202400001035";"4";"";"-1";"";"1";"1";"0";"4";"-1";"-1";"2";"";"-1";"1";"5";"1";"50"
"202400001035";"4";"";"-1";"";"2";"-1";"-1";"1";"-1";"-1";"1";"";"-1";"1";"0";"1";"50"
"202400001036";"3";"GENERAL LECLERC  (AVENUE DU)";"0";"";"2";"0";"0";"2";"31";"152";"1";"";"-1";"1";"0";"1";"50"
"202400001037";"7";"57";"0";"M";"2";"2";"0";"1";"4";"500";"1";"";"-1";"1";"0";"1";"70"
"202400001038";"1";"";"0";"";"1";"1";"0";"2";"14";"800";"3";"";"3,5";"2";"3";"3";"70"
"202400001039";"4";"LA FAYETTE. RUE";"0";"";"1";"1";"3";"1";"-1";"-1";"1";"";"-1";"1";"-1";"1";"50"
"202400001040";"1";"AUTOROUTE A25";"0";"";"3";"4";"0";"1";"23";"899";"1";"";"-1";"1";"0";"1";"110"
"202400001041";"7";"HAVRE. QUAI (HAUT) DU";"0";"";"1";"2";"3";"1";"14";"990";"1";"";"-1";"1";"-1";"6";"50"
"202400001041";"7";"";"-1";"";"2";"4";"0";"1";"22";"1";"1";"";"-1";"1";"-1";"6";"50"
"202400001042";"1";"86";"0";"";"1";"3";"0";"1";"1";"799";"1";"";"-1";"2";"0";"1";"90"
"202400001043";"4";"BOURBAKI. RUE";"0";"";"1";"2";"0";"1";"-1";"-1";"1";"";"-1";"1";"8";"1";"50"
"202400001043";"4";"";"-1";"";"2";"2";"0";"1";"-1";"-1";"1";"";"-1";"1";"8";"1";"50"
"202400001044";"2";"N118";"0";"";"1";"3";"0";"1";"5";"500";"1";"";"-1";"1";"0";"1";"90"
"202400001045";"4";"MARIETTE (RUE DE LA) N° IMP 1 A 85";"0";"";"2";"1";"0";"1";"-1";"-1";"1";"";"-1";"1";"0";"1";"50"
"202400001046";"1";"A86";"0";"";"1";"2";"0";"3";"9";"0";"3";"";"-1";"2";"3";"1";"50"
"202400001047";"1";"AUTOROUTE A15";"0";"";"3";"3";"0";"1";"23";"850";"1";"";"14";"1";"0";"1";"90"
"202400001048";"4";"FERBER CAPITAINE (RUE DU)";"0";"";"2";"1";"0";"1";"-1";"-1";"1";"";"-1";"1";"0";"1";"50"
"202400001048";"4";"MOUILLARD (RUE)";"0";"";"1";"1";"0";"1";"-1";"-1";"1";"";"-1";"1";"0";"1";"50"
"202400001049";"1";"3";"0";"";"3";"2";"0";"1";"14";"0";"1";"";"13,5";"1";"0";"1";"90"
"202400001050";"4";"HUGO (RUE VICTOR)";"0";"";"2";"2";"3";"1";"0";"0";"2";"";"-1";"1";"0";"1";"30"
"202400001050";"4";"";"-1";"";"1";"1";"-1";"2";"-1";"-1";"1";"";"4";"1";"5";"1";"-1"
"202400001051";"1";"AUTOROUTE A15";"0";"";"3";"3";"0";"1";"23";"500";"1";"";"14";"2";"0";"1";"90"
"202400001052";"4";"GABRIEL PERI         (Rue)";"0";"";"2";"2";"2";"1";"-1";"-1";"1";"";"-1";"1";"8";"1";"30"
"202400001053";"1";"16";"0";"";"3";"3";"0";"1";"0";"60";"3";"";"14";"2";"0";"1";"50"
"202400001054";"1";"86";"0";"";"3";"6";"0";"1";"10";"0";"1";"";"-1";"2";"0";"1";"90"
"202400001055";"4";"ABATTOIR (PONT DE L )";"0";"";"2";"2";"2";"1";"-1";"-1";"3";"";"-1";"1";"2";"1";"30"
"202400001055";"4";"TURCKHEIM (QUAI DE)";"0";"";"2";"2";"2";"1";"-1";"-1";"1";"";"-1";"1";"0";"5";"30"
"202400001056";"4";"";"0";"";"1";"1";"0";"1";"-1";"-1";"1";"";"-1";"1";"0";"4";"50"
"202400001057";"2";"RN 104";"0";"";"3";"6";"0";"1";"17";"200";"1";"";"-1";"2";"0";"1";"110"
"202400001058";"4";"";"0";"";"2";"2";"0";"2";"-1";"-1";"1";"";"-1";"1";"-1";"1";"50"
"202400001059";"1";"86";"0";"";"-1";"3";"0";"1";"43";"0";"1";"";"-1";"1";"0";"1";"90"
"202400001060";"4";"";"0";"";"2";"-1";"0";"1";"-1";"-1";"1";"";"-1";"1";"0";"1";"50"
"202400001061";"1";"4";"0";"";"3";"1";"0";"2";"2";"750";"2";"";"-1";"1";"2";"1";"50"
"202400001062";"4";"FLANDRES/DUNKERQUE (CARREFOUR)";"0";"";"-1";"1";"0";"2";"-1";"-1";"1";"";"-1";"1";"0";"1";"50"
"202400001063";"4";"SAINT-ROCH (CHEMIN DE)";"0";"";"-1";"2";"0";"1";"-1";"-1";"1";"";"-1";"1";"0";"1";"50"
"202400001064";"3";"BADUEL (ROUTE DE)";"0";"";"2";"2";"0";"1";"4";"610";"1";"";"-1";"1";"0";"1";"50"
"202400001065";"3";"PAU (ROUTE DE)";"0";"";"2";"2";"0";"1";"53";"730";"1";"";"5,5";"1";"0";"1";"90"
"202400001066";"4";"CALIMBE (III)";"0";"";"2";"2";"0";"1";"-1";"-1";"1";"";"-1";"1";"0";"1";"50"
"202400001066";"4";"MERE THERESA (rue)";"0";"";"2";"2";"0";"1";"-1";"-1";"1";"";"-1";"1";"0";"1";"50"
"202400001067";"3";"CAMI SALIE DU";"0";"";"2";"0";"0";"1";"-1";"-1";"2";"";"0";"1";"0";"1";"50"
"202400001067";"3";"D817";"0";"";"2";"0";"0";"1";"28";"450";"2";"";"0";"1";"0";"1";"70"
"202400001068";"4";"BERANGER                            (R )";"0";"";"1";"1";"0";"1";"-1";"-1";"1";"";"-1";"1";"0";"1";"30"
"202400001068";"4";"VITTON                              (CO)";"0";"";"2";"2";"2";"1";"-1";"-1";"1";"";"-1";"1";"0";"1";"30"
"202400001069";"4";"PRESIDENT KENNEDY DU";"0";"";"1";"3";"0";"1";"-1";"-1";"1";"";"-1";"1";"-1";"1";"50"
"202400001070";"4";"NAPOLEON COURS APRES BEVERINI";"0";"";"1";"2";"0";"1";"0";"0";"1";"";"-1";"1";"0";"4";"50"
"202400001071";"4";"JEAN DE FLORETTE (ALLEE)";"0";"";"2";"2";"0";"1";"0";"0";"1";"";"-1";"2";"0";"1";"30"
"202400001072";"7";"BEAULIEU (CHEMIN DE)";"0";"";"2";"3";"0";"1";"4";"850";"1";"";"7";"1";"5";"1";"80"
"202400001072";"7";"";"-1";"";"2";"2";"-1";"1";"-1";"-1";"1";"";"-1";"1";"5";"1";"80"
"202400001073";"3";"CHASSE (ROUTE)";"0";"";"2";"2";"1";"1";"1";"0";"1";"";"5";"2";"0";"5";"50"
"202400001073";"3";"CURIE (RUE MARIE)";"0";"";"2";"2";"0";"1";"1";"0";"1";"";"5";"2";"0";"5";"50"
"202400001074";"4";"RAYNAUD (RUE)";"0";"";"-1";"4";"1";"1";"-1";"-1";"1";"";"-1";"2";"9";"5";"50"
"202400001074";"4";"RAYNAUD (RUE)";"0";"";"2";"2";"1";"1";"-1";"-1";"1";"";"-1";"2";"9";"5";"50"
"202400001075";"3";"AV DU MARECHAL LECLERC";"0";"";"2";"8";"0";"1";"1";"0";"1";"";"-1";"2";"0";"1";"50"
"202400001075";"3";"RTE DE MASSY";"0";"";"2";"8";"0";"1";"1";"0";"1";"";"-1";"2";"0";"1";"50"
"202400001076";"3";"COUDERT (AV.LUCIEN)";"0";"";"2";"2";"0";"1";"1";"0";"1";"";"-1";"1";"5";"1";"50"
"202400001076";"3";"HENRI  IV (RUE)";"0";"";"1";"1";"0";"1";"-1";"-1";"1";"";"-1";"1";"5";"1";"50"
"202400001077";"3";"BACHELET (Pierre)";"0";"";"2";"2";"0";"2";"-1";"-1";"1";"";"-1";"1";"0";"1";"50"
"202400001077";"3";"BODELOT (RUE ACHILLE)";"0";"";"2";"2";"0";"1";"131";"580";"1";"";"-1";"1";"5";"1";"50"
"202400001078";"3";"LES PETITES FRICHES RN4";"0";"";"-1";"4";"3";"1";"4";"699";"1";"";"-1";"2";"0";"1";"90"
"202400001079";"4";"BOIS AVENUE DU";"0";"";"-1";"1";"0";"1";"-1";"-1";"2";"";"-1";"9";"8";"8";"30"
"202400001080";"4";"11 NOVEMBRE 1918    (Boulevard du)";"0";"";"2";"3";"3";"1";"-1";"-1";"1";"";"-1";"2";"0";"1";"50"
"202400001080";"4";"ROBERTO ROSSELLINI    (Rue)";"0";"";"2";"4";"2";"1";"-1";"-1";"1";"";"-1";"2";"5";"8";"50"
"202400001081";"4";"FAUBOURG D'ARRAS RUE";"0";"";"2";"2";"3";"2";"-1";"-1";"1";"";"-1";"1";"0";"6";"50"
"202400001082";"3";"ESTALO(AVENUE)";"0";"";"1";"1";"0";"2";"-1";"-1";"1";"";"-1";"1";"5";"1";"50"
"202400001082";"3";"GETARIA(AVENUE)";"0";"";"2";"2";"0";"1";"19";"850";"1";"";"-1";"1";"5";"1";"50"
"202400001083";"4";"CREDIT DU NORD BANQUE(LILLE RUE DE)";"0";"";"3";"2";"0";"1";"-1";"-1";"1";"";"-1";"1";"0";"1";"50"
"202400001084";"4";"";"0";"";"2";"2";"0";"2";"-1";"-1";"1";"";"-1";"1";"0";"1";"30"
"202400001085";"4";"FOCH (AVENUE)";"0";"";"2";"3";"0";"1";"-1";"-1";"1";"";"-1";"1";"0";"1";"30"
"202400001086";"4";"MADELEINE (RUE DE LA)";"0";"";"-1";"1";"0";"1";"-1";"-1";"1";"";"-1";"2";"6";"1";"50"
"202400001087";"4";"DE GAULLE (AVENUE DU GAL)";"0";"";"2";"2";"0";"1";"-1";"-1";"1";"";"-1";"1";"0";"1";"30"
"202400001087";"4";"";"-1";"";"2";"-1";"0";"1";"-1";"-1";"1";"";"-1";"1";"0";"1";"30"
"202400001088";"7";"CARREL ARMAND RUE";"0";"";"2";"0";"3";"1";"75";"768";"1";"";"-1";"2";"2";"6";"50"
"202400001089";"3";"RUE PAUL LANGEVIN";"0";"";"2";"2";"0";"1";"14";"900";"1";"";"-1";"2";"0";"3";"50"
"202400001090";"4";"LUXEMBOURG (AVENUE DU)";"0";"";"2";"2";"0";"1";"-1";"-1";"1";"";"-1";"1";"0";"4";"50"
"202400001090";"4";"";"-1";"";"1";"-1";"0";"2";"-1";"-1";"1";"";"-1";"1";"0";"1";"50"
"202400001091";"3";"EUROPE (AVENUE DE L')";"0";"";"3";"-1";"0";"2";"20";"260";"1";"";"4";"1";"0";"1";"50"
"202400001092";"4";"FABIEN (RUE DU COLONNEL)";"0";"";"2";"2";"0";"1";"-1";"-1";"1";"";"-1";"1";"0";"1";"50"
"202400001092";"4";"";"-1";"";"2";"-1";"-1";"1";"-1";"-1";"1";"";"-1";"1";"0";"1";"-1"
"202400001093";"3";"139 (RD)";"0";"";"2";"2";"0";"1";"3";"920";"3";"";"5,5";"2";"0";"3";"80"
"202400001093";"3";"";"-1";"";"2";"-1";"0";"1";"-1";"-1";"1";"";"-1";"2";"0";"1";"-1"
"202400001094";"3";"138 (RD)";"0";"";"2";"2";"0";"2";"6";"460";"2";"";"5,5";"2";"0";"3";"80"
"202400001094";"3";"";"-1";"";"2";"-1";"0";"2";"-1";"-1";"2";"";"-1";"2";"0";"1";"80"
"202400001095";"4";"HARANG (RUE MARGUERITE)";"0";"";"2";"2";"0";"4";"-1";"-1";"1";"";"-1";"1";"0";"1";"50"
"202400001096";"4";"LIBERATION (RUE DE LA)";"0";"";"1";"1";"0";"1";"-1";"-1";"1";"";"-1";"2";"0";"1";"50"
"202400001097";"4";"CRAYERES (RUE DES)";"0";"";"1";"1";"0";"2";"-1";"-1";"1";"";"-1";"1";"0";"1";"50"
"202400001098";"3";"AVRANCHES (ROUTE D')";"0";"";"2";"2";"0";"2";"2";"283";"1";"";"7";"1";"0";"1";"80"
"202400001099";"4";"MARECHAL JUIN (BD)";"0";"";"3";"4";"1";"1";"-1";"-1";"1";"";"-1";"2";"0";"1";"50"
"202400001100";"3";"MATHURIN (RUE CHARLES)";"0";"";"2";"2";"0";"2";"70";"268";"1";"";"5,5";"1";"0";"1";"30"
"202400001101";"4";"";"0";"";"-1";"1";"0";"1";"-1";"-1";"1";"";"-1";"1";"0";"1";"50"
"202400001102";"3";"ABBAYE (RUE DE L')";"0";"";"3";"1";"2";"1";"27";"967";"1";"";"3,5";"1";"0";"5";"50"
"202400001102";"3";"";"-1";"";"3";"-1";"-1";"1";"-1";"-1";"1";"";"-1";"1";"-1";"1";"-1"
"202400001103";"4";"PEDRO DE LUNA (BOULEVARD)";"0";"";"-1";"4";"3";"1";"-1";"-1";"1";"";"-1";"1";"0";"6";"30"
"202400001104";"3";"PARC FLORAL (AVENUE DU PARC FLORAL)";"0";"";"2";"2";"0";"1";"8";"268";"1";"";"4";"1";"0";"1";"50"
"202400001105";"4";"LOUISVILLE (AVENUE DE)";"0";"";"2";"2";"0";"1";"-1";"-1";"1";"";"-1";"1";"0";"1";"30"
"202400001106";"3";"SANDILLON (ROUTE DE)";"0";"";"2";"3";"2";"1";"88";"810";"1";"";"5,5";"1";"0";"5";"50"
"202400001107";"4";"BRUYERES (AVENUE DES)";"0";"";"-1";"2";"0";"1";"-1";"-1";"3";"";"-1";"2";"0";"1";"50"
"202400001107";"4";"MAI (AVENUE DU 8)";"0";"";"2";"2";"0";"1";"-1";"-1";"3";"";"-1";"2";"5";"1";"50"
"202400001108";"4";"ROLAND (RUE GUSTAVE ROLAND)";"0";"";"2";"2";"0";"1";"-1";"-1";"1";"";"-1";"1";"0";"1";"50"
"202400001109";"4";"COURRIER PAUL LOUIS (PLACE)";"0";"";"1";"1";"0";"2";"-1";"-1";"1";"";"-1";"2";"9";"1";"50"
"202400001109";"4";"PARE AMBROISE";"0";"";"1";"1";"0";"2";"-1";"-1";"1";"";"-1";"2";"9";"1";"50"
"202400001110";"4";"";"-1";"";"2";"2";"-1";"4";"-1";"-1";"1";"";"-1";"2";"5";"1";"50"
"202400001110";"4";"CHURCHILL BD WINSTON (inf 12)";"0";"";"2";"3";"0";"3";"-1";"-1";"3";"";"-1";"2";"0";"1";"50"
"202400001111";"3";"TREGUIER (ROUTE DE)";"0";"";"2";"2";"0";"1";"56";"1 183";"2";"";"-1";"2";"0";"3";"80"
"202400001112";"4";"DUCOM (AV ÉLOI)";"0";"";"1";"2";"0";"1";"-1";"-1";"1";"";"-1";"1";"0";"1";"50"
"202400001112";"4";"POTEZ (RUE HENRI)";"0";"";"2";"2";"0";"1";"-1";"-1";"1";"";"-1";"1";"0";"1";"50"
"202400001113";"3";"R.D.767";"0";"";"1";"1";"0";"2";"50";"0";"1";"";"-1";"1";"3";"8";"80"
"202400001114";"4";"RUE DE LA CONDAMINE";"0";"";"2";"2";"0";"1";"-1";"-1";"1";"";"-1";"2";"0";"1";"50"
"202400001114";"4";"RUE DE MAYENCIN";"0";"";"2";"2";"0";"1";"-1";"-1";"1";"";"-1";"2";"0";"1";"50"
"202400001115";"4";"MICHELET (BOULEVARD)";"0";"";"2";"4";"0";"1";"300";"0";"1";"";"-1";"2";"0";"1";"50"
"202400001116";"4";"BOURDELLE (MAIL ANTOINE)";"0";"";"2";"3";"0";"1";"-1";"-1";"1";"";"-1";"1";"0";"1";"50"
"202400001116";"4";"CHURCHILL (BOULEVARD WINSTON)";"0";"";"2";"5";"0";"1";"-1";"-1";"1";"";"-1";"1";"0";"1";"50"
"202400001117";"2";"JEAN JAURES ( AVENUE )";"0";"";"2";"2";"0";"1";"38";"565";"1";"";"7";"1";"0";"1";"50"
"202400001118";"4";"DE GAULLE (AVENUE GENERAL)";"0";"";"2";"2";"0";"1";"-1";"-1";"1";"";"-1";"1";"0";"1";"50"
"202400001119";"4";"PORTE DE CHAMPERRET";"0";"";"1";"4";"0";"1";"17";"0";"2";"";"-1";"1";"1";"1";"70"
"202400001120";"3";"25";"-1";"";"2";"2";"0";"1";"63";"747";"1";"";"4";"1";"0";"3";"80"
"202400001121";"4";"";"-1";"";"2";"-1";"2";"1";"-1";"-1";"1";"";"-1";"1";"0";"1";"30"
"202400001121";"4";"SAINT-HELIER";"0";"";"2";"2";"2";"1";"-1";"-1";"1";"";"-1";"1";"0";"1";"30"
"202400001122";"4";"AVENUE SECRETAN";"0";"";"1";"1";"0";"2";"-1";"-1";"1";"";"-1";"1";"0";"1";"30"
"202400001122";"4";"";"-1";"";"1";"-1";"-1";"1";"-1";"-1";"1";"";"-1";"1";"0";"1";"30"
"202400001123";"4";"";"-1";"";"2";"-1";"0";"1";"-1";"-1";"1";"";"-1";"2";"0";"1";"30"
"202400001123";"4";"RUE JACQUES KELLNER";"0";"";"1";"2";"1";"1";"-1";"-1";"1";"";"-1";"2";"0";"1";"30"
"202400001124";"7";"LIBERTE (AVENUE DE LA";"0";"";"2";"4";"0";"2";"16";"20";"1";"";"-1";"1";"0";"1";"50"
"202400001125";"3";"2009";"-1";"";"2";"2";"0";"1";"23";"500";"1";"";"7";"1";"0";"1";"90"
"202400001126";"2";"BRANDT (CARREFOUR WILLY)";"0";"";"1";"3";"0";"2";"4";"0";"2";"";"10,5";"1";"0";"1";"70"
"202400001127";"4";"";"-1";"";"1";"-1";"-1";"1";"-1";"-1";"1";"";"-1";"1";"0";"1";"30"
"202400001127";"4";"RUE DU COMMERCE";"0";"";"1";"1";"0";"1";"-1";"-1";"1";"";"-1";"1";"0";"1";"30"
"202400001128";"4";"RUE DU COMMERCE";"0";"";"1";"1";"0";"1";"-1";"-1";"1";"";"-1";"2";"0";"1";"30"
"202400001128";"4";"RUE GRAMME";"0";"";"1";"1";"0";"1";"-1";"-1";"1";"";"-1";"2";"0";"1";"30"
"202400001129";"4";"MAURIN (AVENUE DE";"0";"";"2";"3";"3";"1";"0";"0";"1";"";"-1";"1";"0";"1";"30"
"202400001129";"4";"";"-1";"";"2";"-1";"-1";"1";"-1";"-1";"1";"";"-1";"1";"0";"1";"-1"
"202400001130";"3";"945";"0";"R";"3";"2";"0";"2";"7";"700";"1";"";"5";"1";"0";"1";"80"
"202400001131";"4";"RUE SAINT CHARLES";"0";"";"1";"2";"2";"1";"-1";"-1";"1";"";"-1";"2";"0";"5";"30"
"202400001131";"4";"VILLA SAINT CHARLES";"0";"";"-1";"1";"0";"1";"-1";"-1";"1";"";"-1";"2";"0";"1";"30"
"202400001132";"3";"D 912 VIAS (ROUTE DE)";"0";"";"2";"2";"0";"1";"3";"1 150";"1";"";"-1";"1";"0";"1";"30"
"202400001133";"3";"d914";"0";"";"2";"2";"0";"1";"36";"55";"1";"";"6";"1";"0";"1";"50"
"202400001134";"4";"BOULEVARD DE BERCY";"0";"";"2";"5";"0";"1";"-1";"-1";"1";"";"-1";"1";"0";"1";"30"
"202400001134";"4";"PLACE DU BATAILLON DU PACIFIQUE";"0";"";"2";"5";"0";"1";"-1";"-1";"1";"";"-1";"1";"0";"1";"30"
"202400001135";"4";"AVE DE LA JALLERE";"0";"";"2";"2";"0";"1";"-1";"-1";"1";"";"-1";"1";"5";"1";"50"
"202400001135";"4";"LABARDE (AVE DE)";"0";"";"2";"2";"0";"1";"-1";"-1";"1";"";"-1";"1";"5";"1";"50"
"202400001136";"4";"";"-1";"";"2";"2";"0";"1";"-1";"-1";"1";"";"-1";"1";"0";"4";"50"
"202400001137";"4";"AVE DE LA LIBERATION-CH. DE GAULLE";"0";"";"1";"4";"3";"1";"-1";"-1";"1";"";"-1";"2";"-1";"1";"50"
"202400001138";"4";"BOULEVARD DE MAGENTA";"0";"";"2";"6";"1";"2";"-1";"-1";"1";"";"-1";"2";"0";"5";"30"
"202400001138";"4";"RUE DU FAUBOURG SAINT MARTIN";"0";"";"1";"2";"0";"1";"-1";"-1";"1";"";"-1";"2";"0";"5";"30"
"202400001139";"4";"QUAI DES SALINIERES";"0";"";"1";"1";"0";"1";"-1";"-1";"1";"";"-1";"1";"0";"1";"30"
"202400001139";"4";"RUE DES FAURES";"0";"";"1";"1";"0";"1";"-1";"-1";"1";"";"-1";"1";"0";"1";"30"
"202400001140";"4";"AVENUE DES CHAMPS ELYSEES";"0";"";"2";"6";"0";"1";"-1";"-1";"1";"";"-1";"1";"0";"1";"50"
"202400001140";"4";"PLACE DE LA CONCORDE";"0";"";"1";"3";"0";"1";"-1";"-1";"1";"";"-1";"1";"0";"1";"30"
"202400001141";"3";"";"-1";"";"2";"2";"0";"1";"1";"479";"2";"";"5";"1";"0";"4";"50"
"202400001142";"4";"PRAT MARIA  ROND POINT DE";"0";"";"-1";"1";"0";"1";"66";"-1";"3";"";"-1";"1";"0";"1";"50"
"202400001143";"3";"2";"-1";"";"2";"1";"0";"1";"0";"90";"1";"";"3";"2";"0";"1";"80"
"202400001144";"4";"";"-1";"";"2";"2";"0";"1";"-1";"-1";"1";"";"-1";"2";"0";"1";"30"
"202400001144";"4";"QUAI BRANLY";"0";"";"1";"4";"0";"1";"-1";"-1";"1";"";"-1";"2";"0";"1";"30"
"202400001145";"4";"EUROPE (DE 2 A 4)";"0";"";"1";"2";"0";"1";"-1";"-1";"1";"";"-1";"1";"0";"1";"50"
"202400001145";"4";"PEN AR CH'LEUZ";"0";"";"1";"3";"0";"1";"-1";"-1";"3";"";"-1";"1";"0";"1";"50"
"202400001146";"3";"42";"-1";"D";"2";"2";"0";"1";"50";"200";"2";"";"-1";"1";"0";"8";"80"
"202400001147";"1";"5";"0";"";"3";"4";"0";"1";"0";"1";"1";"";"-1";"2";"5";"1";"50"
"202400001147";"1";"";"0";"";"1";"3";"0";"1";"43";"600";"1";"";"-1";"2";"5";"1";"50"
"202400001148";"3";"214";"0";"";"1";"2";"0";"1";"0";"375";"1";"";"-1";"2";"9";"1";"30"
"202400001148";"3";"";"-1";"";"1";"1";"-1";"1";"0";"1";"2";"";"-1";"2";"0";"1";"-1"
"202400001149";"3";"740";"-1";"";"2";"2";"0";"1";"23";"500";"1";"";"5,5";"1";"0";"1";"90"
"202400001149";"3";"";"-1";"";"2";"2";"-1";"1";"18";"750";"1";"";"4";"1";"0";"1";"-1"
"202400001150";"3";"114";"0";"";"2";"2";"1";"1";"0";"1";"1";"";"-1";"2";"0";"1";"30"
"202400001150";"3";"";"-1";"";"1";"1";"0";"1";"-1";"-1";"1";"";"-1";"2";"0";"1";"-1"
"202400001151";"4";"CHURCHILL (AVENUE WINSTON)";"0";"";"2";"2";"0";"1";"0";"0";"1";"";"-1";"1";"5";"1";"50"
"202400001151";"4";"DUGUESCLIN (RUE)";"0";"";"2";"2";"0";"1";"0";"0";"1";"";"-1";"1";"5";"1";"50"
"202400001152";"3";"5";"-1";"";"2";"2";"0";"1";"3";"850";"3";"";"5,5";"9";"0";"1";"80"
"202400001153";"4";"";"0";"";"1";"1";"0";"1";"0";"0";"1";"";"-1";"1";"0";"1";"50"
"202400001154";"3";"PONT DE BEZONS";"0";"";"1";"0";"0";"3";"0";"0";"1";"";"0";"2";"2";"1";"50"
"202400001155";"4";"CHEMIN DES NOUETTES";"0";"";"2";"2";"0";"1";"0";"0";"2";"";"-1";"1";"0";"1";"50"
"202400001155";"4";"QUERE (RUE EMILE)";"0";"";"2";"-1";"0";"1";"0";"0";"1";"";"-1";"1";"0";"1";"50"
"202400001156";"3";"GENNEVILLIERS (PONT DE)";"0";"";"3";"3";"0";"1";"0";"0";"1";"";"-1";"1";"2";"1";"50"
"202400001157";"4";"POMMARD (ROUTE DE)";"0";"";"2";"2";"0";"1";"-1";"-1";"1";"";"-1";"1";"0";"1";"50"
"202400001158";"3";"104";"0";"";"2";"2";"0";"2";"8";"829";"1";"";"7";"2";"0";"1";"90"
"202400001159";"3";"ANDRE MORIZET (AVENUE) - 49/FIN - 54/FIN";"0";"";"-1";"3";"0";"1";"0";"0";"1";"";"10,5";"1";"0";"1";"50"
"202400001160";"4";"POINCARE (AVENUE)";"0";"";"1";"1";"0";"1";"-1";"-1";"1";"";"-1";"1";"0";"1";"50"
"202400001161";"3";"D597";"-1";"";"1";"1";"0";"1";"4";"290";"3";"";"3";"1";"5";"1";"80"
"202400001162";"3";"7";"-1";"D";"1";"2";"0";"1";"26";"1 200";"2";"";"5,5";"1";"0";"1";"50"
"202400001163";"4";"ONZE NOVEMBRE   RUE DU";"0";"";"2";"2";"0";"1";"-1";"-1";"1";"";"-1";"1";"9";"8";"30"
"202400001163";"4";"QUATORZE JUILLET   RUE DU";"0";"";"2";"2";"0";"1";"-1";"-1";"1";"";"-1";"1";"9";"8";"30"
"202400001164";"4";"";"0";"";"2";"2";"0";"1";"-1";"-1";"1";"";"-1";"1";"0";"3";"80"
"202400001165";"4";"";"-1";"";"2";"2";"0";"1";"-1";"-1";"1";"";"-1";"2";"9";"1";"50"
"202400001165";"4";"";"-1";"";"2";"-1";"-1";"-1";"-1";"-1";"-1";"";"-1";"2";"-1";"1";"-1"
"202400001166";"4";"GRANDE RUE   RUE";"0";"";"2";"2";"0";"1";"-1";"-1";"1";"";"-1";"1";"9";"1";"30"
"202400001167";"3";"763";"0";"";"3";"2";"3";"1";"20";"500";"1";"";"10";"1";"0";"8";"-1"
"202400001168";"3";"980";"-1";"";"2";"2";"0";"2";"29";"260";"3";"";"5,5";"1";"0";"1";"80"
"202400001169";"4";"MAGNAN ANDRE (RUE)";"0";"";"2";"2";"0";"2";"0";"0";"1";"";"-1";"1";"0";"1";"50"
"202400001169";"4";"MALACRIDA HENRI (AV)";"0";"";"2";"4";"0";"1";"0";"0";"1";"";"-1";"1";"0";"1";"50"
"202400001170";"4";"JEAN ROSTAND RUE";"0";"";"2";"2";"0";"1";"0";"0";"1";"";"-1";"1";"0";"1";"50"
"202400001170";"4";"RIJOLE AVENUE DE LA";"0";"";"2";"2";"0";"1";"0";"0";"1";"";"-1";"1";"0";"1";"30"
"202400001171";"1";"63";"0";"A";"3";"2";"3";"1";"20";"500";"1";"";"10";"1";"0";"1";"130"
"202400001172";"3";"230";"-1";"";"2";"2";"0";"1";"0";"885";"2";"";"5,5";"2";"0";"1";"50"
"202400001172";"3";"";"-1";"";"1";"-1";"-1";"1";"-1";"-1";"1";"";"-1";"2";"-1";"1";"50"
"202400001173";"7";"";"-1";"";"2";"2";"0";"1";"17";"14";"1";"";"6";"2";"0";"1";"50"
"202400001174";"2";"1";"0";"R";"2";"2";"0";"2";"5";"500";"1";"";"-1";"1";"0";"1";"50"
"202400001175";"4";"CAROL (RUE ET PLACE MARTINE)";"0";"";"2";"2";"0";"3";"0";"0";"1";"";"-1";"1";"0";"8";"50"
"202400001175";"4";"SIDI BRAHIM (AVENUE)";"0";"";"2";"2";"0";"1";"0";"0";"1";"";"-1";"1";"0";"1";"50"
"202400001176";"3";"11";"0";"C";"2";"2";"0";"2";"11";"450";"2";"";"-1";"1";"0";"1";"50"
"202400001177";"3";"PARIS (ROUTE DE)";"0";"";"1";"4";"0";"1";"29";"990";"1";"";"-1";"1";"0";"1";"90"
"202400001178";"4";"163";"-1";"";"2";"2";"0";"1";"-1";"-1";"1";"";"-1";"1";"0";"1";"30"
"202400001179";"4";"PORTE DES LILAS";"0";"";"-1";"4";"0";"1";"27";"600";"1";"";"-1";"1";"0";"1";"70"
"202400001180";"1";"65";"-1";"";"3";"2";"0";"1";"56";"580";"1";"";"11";"2";"0";"1";"110"
"202400001181";"1";"10";"0";"A";"3";"4";"0";"1";"420";"980";"1";"";"10";"1";"0";"1";"130"
"202400001182";"1";"6";"0";" -";"1";"2";"0";"1";"224";"0";"1";"";"10";"2";"0";"3";"130"
"202400001183";"3";"41";"0";"D";"2";"2";"0";"2";"-1";"-1";"2";"";"-1";"1";"0";"1";"50"
"202400001184";"4";"RUE D AUBERVILLIERS";"0";"";"1";"1";"0";"1";"-1";"-1";"1";"";"-1";"1";"0";"1";"30"
"202400001184";"4";"RUE DU MAROC";"0";"";"-1";"1";"0";"1";"-1";"-1";"3";"";"-1";"1";"0";"1";"30"
"202400001185";"1";"75";"0";"A";"3";"2";"0";"2";"52";"800";"1";"";"10,5";"1";"0";"1";"130"
"202400001186";"4";"";"-1";"";"1";"-1";"-1";"1";"-1";"-1";"1";"";"-1";"1";"-1";"6";"-1"
"202400001186";"4";"RUE DE LA CHAPELLE";"0";"";"2";"2";"3";"1";"-1";"-1";"1";"";"-1";"1";"-1";"6";"30"
"202400001187";"1";"10";"-1";"";"3";"3";"0";"1";"190";"0";"1";"";"14";"1";"0";"1";"130"
"202400001188";"3";"D7N";"-1";"";"2";"2";"0";"1";"80";"300";"1";"";"7";"1";"0";"1";"80"
"202400001188";"3";"";"-1";"";"2";"-1";"-1";"1";"-1";"-1";"1";"";"-1";"1";"0";"1";"-1"
"202400001189";"4";"BOULEVARD MURAT";"0";"";"2";"2";"0";"1";"-1";"-1";"1";"";"-1";"1";"8";"1";"30"
"202400001189";"4";"";"-1";"";"1";"-1";"-1";"1";"-1";"-1";"1";"";"-1";"1";"8";"1";"-1"
"202400001190";"1";"28";"-1";"";"3";"4";"0";"1";"203";"920";"1";"";"9";"1";"0";"3";"130"
"202400001191";"4";"";"0";"";"2";"2";"0";"3";"-1";"-1";"2";"";"-1";"1";"0";"1";"50"
"202400001192";"4";"AVENUE RAYMOND POINCARE";"0";"";"2";"2";"0";"1";"-1";"-1";"1";"";"-1";"1";"0";"1";"50"
"202400001192";"4";"";"-1";"";"1";"-1";"-1";"1";"-1";"-1";"1";"";"-1";"1";"0";"1";"50"
"202400001193";"9";"5";"0";"R";"2";"2";"0";"1";"13";"5";"1";"";"-1";"1";"0";"1";"50"
"202400001194";"4";"RUE GEORGES DE PORTO RICHE";"0";"";"2";"2";"0";"1";"-1";"-1";"1";"";"-1";"1";"0";"1";"30"
"202400001195";"3";"768";"0";"";"2";"2";"0";"2";"50";"670";"1";"";"5,5";"2";"0";"1";"80"
"202400001196";"4";"ECHANGEUR PORTE DOREE";"0";"";"1";"3";"0";"1";"34";"200";"1";"";"-1";"1";"0";"1";"70"
"202400001197";"3";"183";"0";"D";"2";"2";"0";"1";"1";"1";"3";"";"7";"2";"0";"3";"50"
"202400001198";"4";"";"-1";"";"1";"-1";"-1";"1";"-1";"-1";"1";"";"-1";"1";"0";"1";"-1"
"202400001198";"4";"RUE SAINT MAUR";"0";"";"1";"1";"1";"2";"-1";"-1";"1";"";"-1";"1";"0";"5";"30"
"202400001199";"3";"999";"-1";"";"2";"2";"0";"2";"45";"0";"3";"";"-1";"2";"0";"1";"90"
"202400001200";"3";"558";"-1";"";"2";"2";"0";"1";"93";"0";"1";"";"-1";"1";"0";"1";"70"
"202400001200";"3";"";"-1";"";"2";"-1";"-1";"1";"-1";"-1";"1";"";"-1";"1";"0";"1";"-1"
"202400001201";"4";"PLACE DE LA REPUBLIQUE";"0";"";"2";"2";"0";"1";"-1";"-1";"1";"";"-1";"1";"0";"1";"30"
"202400001202";"7";"106";"-1";"";"2";"2";"0";"2";"1";"80";"1";"";"-1";"1";"0";"1";"50"
"202400001203";"3";"2204";"0";"D";"2";"2";"0";"2";"13";"699";"3";"";"7";"2";"0";"3";"80"
"202400001204";"4";"";"-1";"";"1";"-1";"-1";"1";"-1";"-1";"1";"";"-1";"1";"0";"1";"-1"
"202400001204";"4";"RUE CHORON";"0";"";"1";"1";"0";"1";"-1";"-1";"1";"";"-1";"1";"0";"1";"30"
"202400001205";"3";"930";"0";"D";"2";"3";"0";"1";"5";"982";"1";"";"-1";"2";"0";"1";"80"
"202400001205";"3";"";"-1";"";"2";"2";"0";"1";"0";"17";"1";"";"-1";"2";"0";"1";"80"
"202400001206";"3";"943";"0";"";"2";"2";"1";"1";"35";"170";"1";"";"7";"1";"0";"1";"50"
"202400001206";"3";"";"-1";"";"1";"-1";"-1";"1";"-1";"-1";"1";"";"-1";"1";"0";"1";"50"
"202400001207";"4";"BOULEVARD SUCHET";"0";"";"-1";"1";"0";"2";"-1";"-1";"1";"";"-1";"1";"0";"1";"30"
"202400001208";"4";"BOULEVARD DES INVALIDES";"0";"";"3";"2";"0";"1";"-1";"-1";"1";"";"-1";"1";"0";"1";"30"
"202400001209";"2";"164";"-1";"";"3";"2";"0";"2";"45";"0";"3";"";"10";"1";"0";"1";"110"
"202400001210";"4";"";"-1";"";"2";"2";"0";"1";"-1";"-1";"1";"";"-1";"1";"0";"1";"50"
"202400001210";"4";"";"0";"";"2";"2";"0";"1";"-1";"-1";"1";"";"-1";"2";"0";"1";"50"
"202400001211";"4";"AVENUE DU MARECHAL GALLIENI";"0";"";"2";"2";"0";"1";"-1";"-1";"1";"";"-1";"1";"0";"1";"30"
"202400001211";"4";"QUAI D ORSAY";"0";"";"2";"4";"1";"1";"-1";"-1";"1";"";"-1";"1";"0";"1";"30"
"202400001212";"3";"14";"0";"A";"2";"2";"0";"1";"81";"20";"1";"";"-1";"1";"0";"1";"50"
"202400001213";"4";"";"-1";"";"1";"-1";"-1";"1";"-1";"-1";"1";"";"-1";"1";"-1";"5";"-1"
"202400001213";"4";"QUAI D ORSAY";"0";"";"2";"2";"1";"1";"-1";"-1";"1";"";"-1";"1";"-1";"5";"30"
"202400001214";"3";"73";"-1";"";"2";"2";"0";"1";"0";"700";"3";"";"5,5";"1";"0";"3";"90"
"202400001215";"3";"29";"0";"";"2";"2";"0";"1";"26";"200";"1";"";"7";"1";"0";"3";"-1"
"202400001216";"4";"AVENUE DE LA BOURDONNAIS";"0";"";"-1";"2";"0";"1";"-1";"-1";"1";"";"-1";"1";"0";"1";"30"
"202400001217";"3";"978";"-1";"";"2";"2";"0";"1";"41";"200";"1";"";"7";"1";"0";"1";"50"
"202400001218";"4";"408";"-1";"";"2";"2";"0";"1";"-1";"-1";"1";"";"-1";"1";"0";"1";"80"
"202400001219";"4";"";"-1";"";"2";"2";"0";"1";"0";"0";"1";"";"-1";"1";"0";"1";"-1"
"202400001219";"4";"";"0";"";"1";"1";"0";"1";"1";"0";"2";"";"-1";"1";"0";"1";"50"
"202400001220";"3";"1";"-1";"";"2";"2";"0";"2";"2";"690";"3";"";"4";"2";"0";"3";"90"
"202400001221";"3";"139";"0";"";"2";"2";"0";"1";"3";"800";"1";"";"5";"1";"0";"1";"90"
"202400001221";"3";"83";"0";"";"2";"2";"0";"1";"10";"305";"1";"";"4";"1";"0";"1";"90"
"202400001222";"4";"";"-1";"";"2";"2";"0";"1";"-1";"-1";"1";"";"-1";"1";"0";"1";"-1"
"202400001222";"4";"";"0";"";"2";"2";"1";"1";"0";"0";"1";"";"-1";"1";"0";"1";"50"
"202400001223";"3";"8";"-1";"";"2";"2";"0";"3";"14";"350";"1";"";"5,5";"2";"0";"4";"50"
"202400001223";"3";"";"-1";"";"2";"2";"0";"3";"-1";"-1";"1";"";"5,5";"2";"0";"4";"50"
"202400001224";"5";"";"-1";"";"2";"2";"0";"1";"-1";"-1";"1";"";"-1";"1";"0";"1";"30"
"202400001225";"3";"160";"0";"";"2";"2";"2";"1";"0";"1";"1";"";"-1";"1";"0";"1";"50"
"202400001225";"3";"";"0";"";"1";"1";"0";"1";"0";"1";"1";"";"-1";"1";"0";"1";"50"
"202400001226";"3";"3";"0";"D";"2";"2";"0";"1";"45";"0";"2";"";"5,5";"1";"0";"8";"80"
"202400001227";"3";"45";"-1";"";"2";"1";"0";"1";"22";"170";"1";"";"3";"1";"0";"1";"80"
"202400001227";"3";"936";"0";"";"2";"2";"0";"1";"44";"330";"1";"";"-1";"1";"0";"1";"80"
"202400001228";"2";"88";"-1";"";"3";"3";"0";"2";"6";"671";"1";"";"10,5";"1";"0";"3";"110"
"202400001229";"4";"";"0";"";"2";"2";"0";"1";"0";"1";"1";"";"-1";"1";"0";"1";"30"
"202400001229";"4";"";"0";"";"2";"2";"0";"2";"0";"1";"1";"";"-1";"1";"0";"1";"30"
"202400001230";"3";"404";"-1";"D";"2";"2";"0";"1";"5";"50";"3";"";"4";"2";"0";"1";"50"
"202400001231";"2";"10";"0";"N";"1";"2";"0";"1";"7";"265";"1";"";"7";"1";"0";"1";"110"
"202400001232";"3";"420";"0";"D";"2";"2";"0";"1";"11";"0";"1";"";"7";"2";"0";"1";"80"
"202400001233";"3";"";"0";"";"3";"4";"0";"1";"0";"375";"1";"";"-1";"1";"0";"1";"30"
"202400001234";"3";"5";"0";"D";"2";"2";"0";"1";"2";"630";"1";"";"7";"1";"2";"1";"90"
"202400001235";"4";"";"0";"";"2";"2";"0";"1";"1";"0";"1";"";"-1";"1";"0";"1";"30"
"202400001236";"3";"929";"0";"";"2";"2";"0";"1";"4";"230";"1";"";"7";"1";"0";"3";"80"
"202400001237";"3";"7";"0";"N";"2";"2";"0";"1";"48";"0";"1";"";"7";"1";"0";"1";"80"
"202400001238";"4";"";"0";"";"1";"1";"0";"1";"0";"0";"1";"";"-1";"1";"0";"1";"50"
"202400001238";"4";"";"0";"";"2";"2";"0";"1";"0";"0";"1";"";"-1";"1";"9";"1";"50"
"202400001239";"3";"148";"0";"D";"2";"2";"0";"1";"4";"1 700";"1";"";"5";"1";"0";"3";"80"
"202400001240";"4";"";"-1";"";"2";"2";"0";"1";"-1";"-1";"1";"";"-1";"2";"0";"3";"50"
"202400001241";"3";"44";"0";"";"2";"2";"0";"1";"0";"1";"1";"";"-1";"1";"0";"1";"50"
"202400001241";"3";"";"-1";"";"2";"2";"-1";"1";"0";"0";"1";"";"-1";"1";"0";"1";"-1"
"202400001242";"1";"A7-Sens Lyon vers Marseille";"0";"";"3";"4";"0";"2";"277";"500";"3";"";"12";"1";"0";"1";"70"
"202400001243";"3";"436";"0";"D";"2";"2";"0";"1";"0";"805";"1";"";"5,5";"2";"6";"1";"50"
"202400001243";"3";"";"-1";"";"2";"2";"0";"1";"-1";"-1";"1";"";"5,5";"2";"0";"8";"50"
"202400001244";"4";"";"0";"";"2";"2";"0";"1";"3";"0";"1";"";"-1";"1";"0";"1";"50"
"202400001245";"3";"13";"-1";"";"2";"2";"0";"1";"3";"117";"1";"";"5,5";"2";"0";"1";"50"
"202400001245";"3";"";"0";"";"2";"2";"0";"2";"7";"86";"1";"";"5,5";"2";"0";"1";"50"
"202400001246";"1";"AUTOROUTE A 62";"0";"";"3";"4";"0";"1";"0";"961";"1";"";"-1";"1";"0";"1";"90"
"202400001247";"4";"";"0";"";"-1";"0";"0";"1";"0";"0";"1";"";"-1";"1";"0";"8";"50"
"202400001248";"3";"17";"0";"";"2";"2";"0";"1";"-1";"-1";"3";"";"4";"1";"0";"1";"50"
"202400001249";"3";"970";"0";"";"2";"2";"0";"1";"1";"0";"1";"";"-1";"1";"0";"1";"50"
"202400001249";"3";"";"0";"";"2";"1";"0";"1";"1";"0";"1";"";"-1";"1";"0";"1";"50"
"202400001250";"7";"";"-1";"";"2";"2";"0";"1";"57";"479";"1";"";"5";"1";"6";"1";"30"
"202400001251";"7";"ROUTE NATIONALE 227";"0";"";"-1";"2";"0";"1";"-1";"-1";"1";"";"10";"1";"0";"1";"70"
"202400001252";"3";"6015";"-1";"D";"2";"2";"0";"1";"40";"552";"1";"";"7";"1";"0";"1";"70"
"202400001253";"4";"";"0";"";"1";"1";"0";"1";"1";"0";"1";"";"-1";"1";"0";"1";"50"
"202400001253";"4";"";"0";"";"2";"2";"0";"1";"1";"0";"1";"";"-1";"1";"0";"1";"50"
"202400001254";"2";"ROUTE NATIONALE 356";"0";"";"3";"4";"0";"1";"0";"427";"1";"";"17";"1";"0";"1";"70"
"202400001255";"3";"153";"0";"D";"2";"2";"0";"1";"17";"505";"2";"";"7";"2";"0";"3";"80"
"202400001256";"3";"40";"0";"";"2";"2";"0";"1";"0";"1";"1";"";"-1";"1";"0";"8";"50"
"202400001256";"3";"";"-1";"";"1";"1";"0";"1";"0";"0";"1";"";"-1";"1";"0";"8";"-1"
"202400001257";"1";"AUTOROUTE A1";"0";"";"-1";"3";"0";"1";"190";"505";"1";"";"13,5";"2";"0";"1";"130"
"202400001258";"3";"92";"0";"D";"4";"1";"0";"1";"2";"50";"1";"";"3,5";"2";"2";"1";"80"
"202400001259";"1";"AUTOROUTE A23";"0";"";"-1";"2";"0";"1";"33";"553";"2";"";"10";"2";"0";"1";"130"
"202400001260";"3";"BINEAU (BOULEVARD, N°53 A 131 ET 52 A 13";"0";"";"2";"3";"3";"1";"0";"0";"1";"";"-1";"1";"0";"1";"50"
"202400001260";"3";"VICTOR HUGO (BOULEVARD, N° 9 A 49 ET 16";"0";"";"2";"3";"0";"1";"0";"0";"1";"";"-1";"1";"0";"1";"30"
"202400001261";"3";"943";"-1";"B";"2";"2";"0";"1";"4";"100";"1";"";"5";"1";"0";"4";"50"
"202400001262";"4";"STALINGRAD RUE DE";"0";"";"2";"2";"0";"1";"0";"0";"1";"";"-1";"1";"6";"1";"50"
"202400001263";"1";"AUTOROUTE A1";"0";"";"3";"3";"0";"1";"190";"699";"1";"";"13,5";"2";"0";"1";"130"
"202400001264";"1";"A7-Sens Marseille vers Lyon";"0";"";"1";"3";"0";"1";"275";"0";"1";"";"-1";"1";"0";"1";"90"
"202400001265";"3";"BINEAU (BOULEVARD)";"0";"";"1";"1";"2";"1";"0";"0";"4";"";"-1";"1";"0";"5";"25"
"202400001266";"1";"AUTOROUTE A10";"0";"";"-1";"3";"0";"1";"5";"400";"1";"";"14";"1";"0";"1";"90"
"202400001267";"1";"A55-Sens Martigues vers Marseille";"0";"";"1";"2";"0";"1";"17";"100";"1";"";"10";"1";"0";"3";"110"
"202400001268";"3";"GENERAL LECLERC (BD DU) (9 A 59)   (4 A";"0";"";"3";"2";"1";"1";"0";"0";"1";"";"-1";"1";"0";"1";"50"
"202400001268";"3";"PIERRE CURIE (RUE)";"0";"";"1";"1";"1";"1";"0";"0";"1";"";"-1";"1";"0";"1";"50"
"202400001269";"1";"A51-Sens Aix en Provence vers Marseille";"0";"";"1";"2";"0";"1";"8";"199";"1";"";"10";"2";"0";"1";"90"
"202400001270";"4";"GENNEVILLIERS (PONT DE)";"0";"";"2";"2";"0";"1";"0";"0";"1";"";"-1";"1";"9";"1";"50"
"202400001270";"4";"TROIS PAVILLONS (RUE DES)";"0";"";"2";"2";"0";"1";"0";"0";"1";"";"-1";"1";"9";"1";"50"
"202400001271";"1";"AUTOROUTE A6";"0";"";"3";"3";"0";"1";"37";"99";"1";"";"14";"1";"0";"1";"130"
"202400001272";"4";"JEAN JAURES (BOULEVARD) 2/68 - COTE PAIR";"0";"";"2";"2";"0";"1";"0";"0";"1";"";"-1";"1";"0";"1";"30"
"202400001273";"1";"A86";"0";"";"-1";"2";"0";"1";"3";"0";"1";"";"-1";"1";"0";"1";"90"
"202400001274";"1";"A51-Sens Aix en Provence vers Marseille";"0";"";"1";"2";"0";"1";"8";"0";"1";"";"10";"2";"0";"1";"90"
"202400001275";"1";"A55-Sens Marseille vers Martigues";"0";"";"1";"2";"0";"1";"23";"719";"1";"";"-1";"2";"3";"1";"110"
"202400001276";"1";"A86";"0";"";"1";"2";"0";"1";"6";"400";"1";"";"-1";"1";"0";"1";"90"
"202400001277";"3";"924";"-1";"";"2";"2";"0";"2";"25";"260";"1";"";"7";"1";"0";"1";"80"
"202400001278";"1";"A50-Sens Toulon vers Aubagne";"0";"";"1";"2";"0";"2";"28";"600";"3";"";"13,5";"2";"0";"1";"90"
"202400001279";"1";"A86 EXT";"0";"";"1";"4";"0";"1";"63";"400";"1";"";"-1";"1";"0";"1";"90"
"202400001280";"4";"C34";"-1";"C";"2";"2";"0";"3";"-1";"-1";"1";"";"-1";"1";"0";"1";"50"
"202400001280";"4";"";"-1";"";"2";"2";"-1";"2";"-1";"-1";"1";"";"-1";"1";"0";"1";"50"
"202400001281";"1";"A52-Sens Toulon vers Pont de l'Etoile";"0";"";"1";"0";"0";"1";"20";"299";"1";"";"0";"2";"7";"1";"90"
"202400001282";"1";"86";"0";"";"-1";"2";"0";"1";"3";"0";"1";"";"-1";"1";"0";"1";"70"
"202400001283";"7";"220";"-1";"D";"2";"2";"0";"1";"21";"167";"1";"";"5";"1";"0";"3";"80"
"202400001284";"2";"RN 104";"0";"";"3";"2";"0";"1";"48";"500";"1";"";"10,5";"1";"0";"1";"110"
"202400001285";"4";"";"-1";"";"2";"2";"0";"1";"-1";"-1";"1";"";"-1";"1";"0";"1";"50"
"202400001286";"1";"3";"0";"";"3";"2";"0";"1";"14";"100";"1";"";"10";"1";"0";"1";"110"
"202400001287";"3";"RN 104";"0";"";"3";"0";"0";"2";"43";"799";"1";"";"0";"2";"0";"1";"50"
"202400001288";"4";"5";"-1";"";"2";"2";"0";"1";"-1";"-1";"4";"";"-1";"1";"0";"1";"70"
"202400001288";"4";"";"-1";"";"2";"-1";"-1";"1";"-1";"-1";"1";"";"-1";"1";"0";"1";"-1"
"202400001289";"1";"AUTOROUTE A10";"0";"";"1";"2";"0";"2";"5";"800";"2";"";"10,5";"2";"0";"1";"70"
"202400001290";"1";"1";"0";"";"3";"4";"0";"1";"9";"500";"1";"";"13,5";"1";"0";"1";"90"
"202400001291";"3";"84";"0";"D";"2";"2";"0";"1";"7";"200";"2";"";"5,5";"1";"0";"1";"80"
"202400001292";"1";"AUTOROUTE A6A";"0";"";"2";"6";"0";"1";"8";"149";"1";"";"-1";"2";"0";"6";"90"
"202400001293";"1";"86";"0";"";"3";"3";"0";"1";"45";"500";"1";"";"14";"1";"1";"1";"90"
"202400001294";"2";"5";"0";"";"2";"2";"0";"1";"10";"90";"4";"";"-1";"1";"0";"1";"80"
"202400001295";"1";"AUTOROUTE A6A";"0";"";"1";"2";"0";"2";"9";"300";"3";"";"6";"2";"0";"1";"90"
"202400001296";"1";"86";"0";"";"1";"3";"0";"1";"46";"186";"1";"";"-1";"1";"1";"1";"90"
"202400001297";"2";"13";"-1";"";"3";"2";"0";"1";"90";"320";"1";"";"10,5";"1";"0";"1";"110"
"202400001298";"1";"4";"0";"";"1";"3";"0";"1";"9";"100";"1";"";"-1";"1";"1";"1";"3"
"202400001299";"1";"86";"0";"";"3";"4";"0";"1";"8";"0";"3";"";"-1";"2";"0";"1";"90"
"202400001300";"3";"94";"0";"";"2";"2";"0";"1";"4";"498";"1";"";"7";"1";"0";"1";"80"
"202400001300";"3";"970";"-1";"";"2";"2";"0";"1";"6";"213";"1";"";"7";"1";"0";"1";"90"
"202400001301";"1";"A4.W";"0";"";"-1";"3";"0";"1";"17";"0";"1";"";"-1";"1";"0";"1";"110"
"202400001302";"1";"AUTOROUTE A15";"0";"";"3";"8";"0";"1";"23";"830";"1";"";"-1";"1";"0";"1";"90"
"202400001303";"3";"1075";"-1";"";"2";"2";"0";"2";"129";"-1";"2";"";"7";"2";"0";"1";"80"
"202400001304";"3";"939";"-1";"";"2";"2";"0";"1";"198";"100";"1";"";"7";"1";"0";"3";"80"
"202400001305";"1";"A4";"0";"";"3";"3";"0";"1";"21";"700";"1";"";"-1";"1";"0";"1";"110"
"202400001306";"1";"1";"0";"";"3";"4";"0";"1";"9";"0";"1";"";"13,5";"3";"0";"1";"110"
"202400001307";"1";"28";"0";"";"1";"2";"0";"1";"229";"45";"1";"";"7";"1";"0";"3";"130"
"202400001308";"4";"";"-1";"";"2";"2";"0";"1";"-1";"-1";"1";"";"-1";"1";"0";"1";"30"
"202400001309";"3";"45";"0";"A";"2";"2";"0";"1";"21";"900";"2";"";"-1";"1";"0";"1";"80"
"202400001310";"4";"PIERRE ET MARIE CURIE(RUE)";"0";"";"2";"2";"0";"1";"-1";"-1";"1";"";"-1";"1";"0";"1";"50"
"202400001311";"1";"4";"0";"";"3";"10";"0";"1";"7";"0";"1";"";"-1";"2";"0";"2";"90"
"202400001312";"3";"135";"-1";"";"2";"2";"0";"1";"22";"530";"3";"";"4";"1";"0";"1";"70"
"202400001312";"3";"";"-1";"";"2";"2";"-1";"1";"-1";"-1";"1";"";"-1";"1";"0";"1";"-1"
"202400001313";"2";"406";"0";"";"-1";"2";"0";"1";"4";"0";"3";"";"-1";"2";"0";"1";"70"
"202400001314";"4";"DELORME(RUE)";"0";"";"1";"1";"0";"1";"-1";"-1";"1";"";"-1";"2";"9";"1";"50"
"202400001315";"3";"209";"0";"";"2";"2";"0";"1";"36";"612";"1";"";"5";"1";"0";"1";"90"
"202400001315";"3";"403";"0";"";"2";"2";"0";"2";"70";"661";"1";"";"5";"1";"0";"1";"90"
"202400001316";"1";"4";"0";"";"3";"4";"0";"1";"12";"100";"1";"";"-1";"2";"0";"1";"110"
"202400001317";"4";"";"-1";"";"2";"2";"0";"2";"-1";"-1";"2";"";"4,5";"1";"0";"3";"80"
"202400001318";"1";"4";"0";"";"-1";"4";"0";"2";"12";"199";"3";"";"-1";"2";"0";"1";"110"
"202400001319";"4";"";"-1";"";"2";"2";"0";"1";"-1";"-1";"1";"";"-1";"1";"0";"1";"70"
"202400001320";"3";"970";"-1";"";"2";"2";"0";"1";"37";"195";"1";"";"5,5";"1";"0";"3";"80"
"202400001320";"3";"";"-1";"";"2";"2";"0";"1";"-1";"-1";"1";"";"5,5";"1";"0";"8";"50"
"202400001321";"3";"44";"0";"";"2";"2";"0";"1";"29";"70";"1";"";"4";"1";"0";"1";"50"
"202400001322";"3";"35";"-1";"C";"2";"2";"0";"1";"0";"140";"1";"";"-1";"1";"5";"1";"50"
"202400001322";"3";"";"-1";"";"2";"2";"0";"1";"-1";"-1";"1";"";"-1";"1";"0";"1";"50"
"202400001323";"3";"955";"-1";"";"2";"2";"0";"1";"13";"340";"1";"";"7";"1";"0";"1";"90"
"202400001324";"2";"RN1 (ROUTE NATIONALE)";"0";"";"1";"3";"0";"2";"78";"0";"1";"";"-1";"1";"2";"1";"70"
"202400001325";"3";"651";"0";"";"2";"2";"0";"1";"0";"280";"2";"";"4";"1";"0";"1";"80"
"202400001326";"3";"PASTEUR (RUE)";"0";"";"2";"2";"0";"1";"1";"530";"3";"";"-1";"1";"0";"8";"50"
"202400001326";"3";"RECHERCHANT(RUE ADRIEN)";"0";"";"2";"2";"0";"1";"1";"530";"3";"";"-1";"1";"0";"1";"50"
"202400001327";"3";"D773";"-1";"";"2";"2";"0";"1";"23";"222";"1";"";"7";"1";"0";"1";"80"
"202400001328";"3";"62";"0";"";"2";"2";"0";"2";"7";"40";"2";"";"5";"1";"0";"3";"80"
"202400001329";"3";"MADELEINE (ROUTE DE LA)";"0";"";"2";"2";"0";"1";"3";"230";"1";"";"-1";"1";"0";"1";"50"
"202400001330";"3";"751";"-1";"";"3";"3";"0";"1";"31";"80";"1";"";"0";"1";"5";"1";"90"
"202400001330";"3";"";"-1";"";"2";"2";"0";"1";"-1";"-1";"1";"";"0";"1";"0";"1";"50"
"202400001331";"4";"MERE THERESA (rue)";"0";"";"2";"2";"0";"1";"-1";"-1";"1";"";"-1";"1";"0";"1";"50"
"202400001332";"3";"36";"-1";"";"2";"2";"0";"2";"5";"410";"1";"";"7";"1";"0";"1";"70"
"202400001332";"3";"";"-1";"";"2";"-1";"0";"1";"-1";"-1";"1";"";"-1";"1";"0";"1";"-1"
"202400001333";"4";"DOCTEUR CARRIER                     (R )";"0";"";"1";"1";"2";"1";"-1";"-1";"1";"";"-1";"1";"0";"1";"30"
"202400001333";"4";"VIENNE (DE)                         (RO)";"0";"";"2";"2";"0";"1";"-1";"-1";"1";"";"-1";"1";"8";"1";"30"
"202400001334";"3";"233";"0";"D";"2";"2";"0";"1";"14";"500";"1";"";"-1";"1";"0";"3";"50"
"202400001335";"4";"BERTHELOT                           (AV)";"0";"";"1";"2";"3";"1";"-1";"-1";"1";"";"-1";"2";"0";"6";"30"
"202400001336";"3";"792";"0";"D";"2";"1";"0";"1";"88";"900";"1";"";"4";"1";"0";"1";"70"
"202400001336";"3";"";"-1";"";"-1";"-1";"0";"1";"-1";"-1";"1";"";"4";"1";"0";"1";"-1"
"202400001337";"4";"FERRANDIERE (DE LA)                 (R )";"0";"";"1";"1";"0";"1";"-1";"-1";"1";"";"-1";"1";"0";"1";"30"
"202400001338";"4";"";"-1";"";"2";"2";"0";"1";"-1";"-1";"1";"";"-1";"1";"0";"4";"50"
"202400001339";"4";"HIBISCUS";"0";"";"2";"2";"0";"1";"-1";"-1";"1";"";"-1";"1";"0";"1";"30"
"202400001339";"4";"HIBISCUS (RESIDENCE)";"0";"";"2";"2";"0";"1";"-1";"-1";"2";"";"-1";"1";"0";"1";"30"
"202400001340";"3";"AV FRANCOIS MITTERRAND";"0";"";"1";"0";"0";"1";"0";"0";"1";"";"0";"1";"0";"1";"50"
"202400001341";"3";"900";"-1";"";"2";"2";"0";"1";"21";"200";"1";"";"5,5";"1";"0";"1";"80"
"202400001342";"3";"2009";"0";"D";"2";"1";"0";"1";"53";"800";"1";"";"4";"1";"0";"8";"50"
"202400001343";"3";"GARE (AVENUE DE LA) RD125";"0";"";"2";"2";"0";"1";"0";"560";"1";"";"-1";"1";"0";"1";"50"
"202400001343";"3";"POMPADOUR (RUE DE)";"0";"";"2";"2";"0";"1";"-1";"-1";"1";"";"-1";"1";"0";"1";"50"
"202400001344";"4";"";"0";"";"2";"2";"0";"2";"-1";"-1";"3";"";"-1";"1";"0";"3";"50"
"202400001345";"4";"BASSE-DES-CARRIERS";"0";"";"2";"2";"0";"1";"-1";"-1";"1";"";"-1";"1";"0";"1";"30"
"202400001346";"4";"";"-1";"";"2";"2";"0";"1";"-1";"-1";"1";"";"-1";"1";"0";"1";"50"
"202400001347";"4";"VALIN (AVENUE DU GENERAL MARTIAL)";"0";"";"2";"2";"0";"1";"-1";"-1";"1";"";"-1";"1";"0";"1";"30"
"202400001348";"3";"2202";"-1";"";"2";"2";"0";"1";"20";"190";"2";"";"5";"1";"0";"3";"80"
"202400001349";"3";"JUIN MARECHAL (AV DU)";"0";"";"2";"4";"0";"2";"21";"770";"3";"";"-1";"1";"9";"1";"70"
"202400001350";"3";"OLBIA  (VOIE)";"0";"";"3";"4";"0";"1";"12";"270";"1";"";"-1";"1";"0";"1";"50"
"202400001351";"3";"35";"-1";"";"2";"2";"0";"1";"3";"363";"1";"";"5,5";"1";"0";"1";"80"
"202400001351";"3";"";"-1";"";"2";"2";"0";"1";"-1";"-1";"1";"";"5,5";"1";"0";"1";"80"
"202400001352";"3";"54";"-1";"";"2";"2";"0";"2";"2";"479";"3";"";"5";"2";"0";"1";"80"
"202400001353";"3";"TOULOUSE RD 813 (ROUTE DE) ";"0";"";"-1";"2";"0";"1";"30";"390";"1";"";"-1";"1";"0";"1";"80"
"202400001354";"4";"DODANE (RUE DE LA)";"0";"";"2";"2";"0";"1";"-1";"-1";"1";"";"-1";"2";"0";"1";"30"
"202400001355";"3";"6";"-1";"";"2";"2";"0";"1";"13";"400";"1";"";"-1";"1";"0";"1";"80"
"202400001356";"3";"820";"0";"";"2";"2";"0";"2";"17";"50";"4";"";"-1";"1";"0";"1";"90"
"202400001357";"3";"ARISTIDE BRIAND (RUE)";"0";"";"1";"1";"1";"1";"-1";"-1";"1";"";"-1";"1";"0";"1";"30"
"202400001357";"3";"ARISTIDE BRIAND (RUE)";"0";"";"1";"1";"1";"1";"4";"554";"1";"";"-1";"1";"9";"5";"30"
"202400001358";"3";"AULNES (AVENUE DES)";"0";"";"2";"3";"0";"1";"7";"324";"1";"";"-1";"1";"5";"1";"50"
"202400001358";"3";"";"-1";"";"2";"-1";"-1";"1";"0";"405";"1";"";"-1";"1";"0";"1";"-1"
"202400001359";"3";"703";"0";"";"2";"2";"0";"1";"62";"300";"1";"";"5";"1";"0";"1";"70"
"202400001360";"3";"AULNES (ALLEE DES)";"0";"";"1";"2";"0";"2";"-1";"-1";"3";"";"-1";"1";"0";"1";"50"
"202400001360";"3";"AULNES (AVENUE DES)";"0";"";"3";"3";"0";"1";"7";"800";"1";"";"-1";"1";"5";"1";"50"
"202400001361";"3";"116";"0";"";"2";"2";"0";"1";"34";"502";"1";"";"6";"1";"0";"1";"80"
"202400001362";"3";"SALVADOR ALLENDE (BOULEVARD)";"0";"";"1";"2";"0";"1";"8";"263";"1";"";"-1";"1";"0";"1";"50"
"202400001363";"3";"82A2";"-1";"";"2";"2";"0";"1";"3";"530";"1";"";"4";"1";"0";"1";"80"
"202400001364";"7";"CHURCHILL. RUE WINSTON";"0";"";"2";"3";"0";"4";"1";"100";"1";"";"-1";"1";"-1";"1";"50"
"202400001365";"4";"";"-1";"";"-1";"1";"0";"2";"-1";"-1";"1";"";"-1";"1";"0";"3";"50"
"202400001365";"4";"";"-1";"";"-1";"-1";"-1";"1";"-1";"-1";"1";"";"-1";"1";"0";"1";"-1"
"202400001366";"4";"FREDERIC BELLANGER";"0";"";"3";"4";"0";"1";"0";"0";"1";"";"-1";"1";"0";"1";"50"
"202400001366";"4";"GUILLEMARD";"0";"";"2";"2";"0";"2";"0";"0";"1";"";"-1";"1";"0";"1";"50"
"202400001367";"3";"1";"0";"D";"2";"2";"0";"1";"5";"530";"1";"";"-1";"1";"0";"1";"50"
"202400001368";"1";"A89";"0";"";"3";"4";"0";"2";"511";"300";"2";"";"10,5";"1";"0";"1";"110"
"202400001369";"4";"LENINGRAD (BD DE)";"0";"";"2";"7";"1";"1";"-1";"-1";"1";"";"-1";"1";"0";"1";"50"
"202400001369";"4";"NICOLAS VALLARD (RUE)";"0";"";"2";"2";"0";"1";"-1";"-1";"1";"";"-1";"1";"0";"1";"50"
"202400001370";"1";"8";"0";"A";"3";"3";"0";"3";"193";"24";"3";"";"14";"3";"1";"1";"90"
"202400001371";"3";"543";"0";"D";"2";"1";"0";"2";"18";"100";"1";"";"3,5";"1";"0";"1";"50"
"202400001372";"4";"GENESLAY FELIX (AV) N° PAIRS 146 A 234";"0";"";"2";"3";"0";"1";"-1";"-1";"1";"";"-1";"1";"0";"1";"50"
"202400001373";"1";"9";"0";"";"3";"5";"0";"1";"65";"500";"1";"";"-1";"1";"0";"1";"130"
"202400001374";"4";"ALENCON (ALLEE D') N° IMP";"0";"";"2";"2";"0";"1";"-1";"-1";"1";"";"-1";"1";"0";"1";"50"
"202400001374";"4";"RHIN ET DANUBE (AV) N° PAIRS 194 A 338";"0";"";"2";"2";"1";"1";"-1";"-1";"1";"";"-1";"1";"0";"1";"50"
"202400001375";"1";"10";"-1";"";"3";"4";"0";"1";"412";"670";"1";"";"-1";"1";"3";"3";"70"
"202400001376";"1";"1";"-1";"";"3";"3";"0";"1";"174";"500";"1";"";"14";"1";"0";"1";"130"
"202400001377";"4";"LOUIS DUCLOS                        (R )";"0";"";"1";"1";"2";"1";"-1";"-1";"1";"";"-1";"1";"0";"1";"50"
"202400001377";"4";"REPUBLIQUE (DE LA)                  (R )";"0";"";"2";"2";"0";"1";"-1";"-1";"1";"";"-1";"1";"0";"1";"50"
"202400001378";"1";"6";"-1";"A";"1";"3";"0";"1";"39";"530";"1";"";"14";"1";"0";"8";"130"
"202400001379";"4";"BOLHEN   (DE)                        (AV";"0";"";"2";"4";"2";"1";"-1";"-1";"1";"";"-1";"1";"0";"5";"50"
"202400001379";"4";"ROGER SALENGRO                      (R )";"0";"";"2";"2";"0";"1";"-1";"-1";"1";"";"-1";"1";"0";"5";"50"
"202400001380";"3";"97";"0";"D";"2";"2";"0";"3";"6";"755";"2";"";"5,5";"1";"0";"3";"80"
"202400001381";"2";"RN2";"0";"";"1";"1";"0";"1";"10";"679";"2";"";"-1";"1";"3";"1";"50"
"202400001382";"4";"JEU DES ENFANTS (RUE DU)";"0";"";"2";"2";"0";"1";"-1";"-1";"1";"";"-1";"1";"0";"1";"30"
"202400001382";"4";"MAÇONS (RUE DES)";"0";"";"2";"2";"0";"1";"-1";"-1";"1";"";"-1";"1";"0";"1";"30"
"202400001383";"3";"113";"0";"D";"2";"2";"0";"1";"65";"790";"1";"";"7";"1";"0";"1";"-1"
"202400001384";"3";"976";"0";"D";"2";"2";"0";"1";"26";"250";"1";"";"7";"1";"0";"1";"-1"
"202400001385";"7";"AGID (AVENUE JOSEPH)";"0";"";"2";"2";"0";"2";"-1";"-1";"1";"";"5,5";"2";"0";"1";"50"
"202400001385";"7";"GRAVENOIRE (ROUTE DE)";"0";"";"2";"2";"0";"3";"6";"115";"1";"";"5,5";"2";"0";"1";"50"
"202400001386";"3";"27";"-1";"";"2";"2";"0";"1";"6";"500";"3";"";"5,5";"1";"0";"3";"80"
"202400001387";"3";"SAINT-OMER (ROUTE DE)";"0";"";"2";"2";"0";"1";"98";"5";"1";"";"7";"2";"0";"1";"70"
"202400001388";"3";"23";"-1";"";"2";"2";"0";"1";"8";"900";"1";"";"6";"1";"0";"1";"70"
"202400001389";"3";"";"-1";"";"2";"2";"0";"1";"7";"800";"3";"";"-1";"2";"0";"1";"50"
"202400001390";"9";"";"-1";"";"3";"2";"0";"2";"-1";"-1";"1";"";"-1";"1";"0";"1";"50"
"202400001391";"4";"6";"0";"C";"2";"2";"0";"1";"0";"0";"1";"";"-1";"2";"0";"8";"90"
"202400001392";"7";"GAULLE (AVENUE DU GENERAL DE)";"0";"";"-1";"2";"0";"1";"17";"600";"1";"";"-1";"1";"0";"1";"50"
"202400001393";"4";"";"0";"";"2";"2";"0";"1";"-1";"-1";"1";"";"-1";"1";"0";"1";"50"
"202400001394";"1";"61";"-1";"";"3";"2";"0";"1";"332";"670";"1";"";"10";"1";"0";"1";"130"
"202400001395";"3";"48";"-1";"";"2";"2";"0";"2";"7";"450";"3";"";"5,5";"1";"0";"1";"80"
"202400001396";"3";"149";"0";"D";"2";"2";"0";"2";"97";"1";"3";"";"5,5";"1";"0";"1";"80"
"202400001397";"4";"HENRI BOUQUILLARD";"0";"";"2";"2";"0";"1";"0";"0";"1";"";"-1";"1";"0";"1";"50"
"202400001398";"4";"";"-1";"";"1";"1";"0";"1";"-1";"-1";"1";"";"-1";"2";"0";"1";"50"
"202400001398";"4";"";"-1";"";"2";"-1";"-1";"1";"-1";"-1";"1";"";"-1";"2";"0";"1";"-1"
"202400001399";"1";"140";"-1";"";"3";"2";"0";"3";"1";"600";"2";"";"10";"1";"0";"1";"110"
"202400001400";"4";"PAUL CLAUDEL (RUE )";"0";"";"2";"2";"1";"2";"0";"0";"1";"";"-1";"1";"0";"5";"50"
"202400001401";"2";"2";"-1";"";"2";"2";"0";"2";"7";"280";"1";"";"7";"2";"0";"1";"60"
"202400001402";"2";"85";"-1";"";"3";"2";"1";"1";"55";"750";"1";"";"5,5";"2";"0";"1";"80"
"202400001403";"2";"RN 165";"0";"";"3";"4";"0";"1";"96";"204";"1";"";"10";"1";"0";"3";"90"
"202400001404";"3";"794";"-1";"";"2";"2";"0";"1";"65";"950";"2";"";"7";"1";"0";"1";"80"
"202400001405";"7";"306";"0";"";"2";"3";"1";"1";"41";"100";"1";"";"-1";"1";"0";"4";"90"
"202400001406";"3";"935";"0";"";"2";"2";"0";"1";"60";"0";"1";"";"5,5";"1";"0";"4";"80"
"202400001407";"1";"7";"0";"";"2";"3";"0";"1";"133";"680";"1";"";"10,5";"1";"0";"1";"130"
"202400001408";"3";"24";"-1";"";"2";"2";"0";"1";"16";"615";"3";"";"5";"1";"0";"1";"90"
"202400001409";"3";"BRIFFOUX";"0";"";"1";"-1";"0";"2";"-1";"-1";"1";"";"-1";"1";"5";"1";"30"
"202400001409";"3";"GEORGES CLEMENCEAU (AVENUE)";"0";"";"4";"4";"0";"1";"10";"750";"1";"";"-1";"1";"5";"1";"50"
"202400001410";"7";"22";"0";"M";"2";"2";"0";"1";"5";"800";"1";"";"-1";"2";"0";"1";"-1"
"202400001411";"4";"DE LATTRE DE TASSIGNY (AV. MAL)";"0";"";"2";"2";"3";"1";"-1";"-1";"1";"";"-1";"1";"-1";"4";"50"
"202400001412";"3";"";"-1";"";"2";"2";"0";"1";"7";"700";"1";"";"5,5";"1";"0";"1";"50"
"202400001413";"3";"0";"0";"D";"3";"2";"0";"1";"0";"0";"4";"";"5,5";"1";"0";"8";"80"
"202400001413";"3";"D17";"0";"D";"3";"2";"0";"1";"7";"1 924";"1";"";"5,5";"1";"0";"1";"80"
"202400001414";"4";"JAURES (AVENUE JEAN ) DU N° 61 A FIN";"0";"";"2";"2";"0";"1";"-1";"-1";"1";"";"-1";"1";"0";"1";"50"
"202400001415";"7";"112";"0";"";"2";"2";"0";"1";"-1";"-1";"2";"";"7";"1";"0";"1";"50"
"202400001416";"4";"MULHOUSE (RUE)";"0";"";"2";"2";"2";"4";"-1";"-1";"1";"";"-1";"1";"0";"5";"30"
"202400001417";"3";"674";"0";"";"2";"2";"0";"4";"33";"400";"1";"";"7";"1";"0";"8";"80"
"202400001418";"3";"1330";"-1";"";"2";"2";"0";"3";"21";"0";"1";"";"-1";"1";"0";"1";"80"
"202400001419";"2";"10";"-1";"";"2";"2";"0";"1";"131";"645";"1";"";"7";"1";"0";"1";"70"
"202400001420";"4";"";"-1";"";"2";"2";"0";"1";"-1";"-1";"1";"";"-1";"1";"0";"5";"50"
"202400001421";"3";"BRETON (RUE DU)";"0";"";"2";"2";"0";"1";"34";"433";"1";"";"7";"1";"0";"1";"50"
"202400001422";"3";"671";"-1";"";"2";"2";"0";"1";"17";"300";"1";"";"7";"1";"0";"3";"80"
"202400001423";"4";"C201";"0";"C";"-1";"2";"0";"1";"-1";"-1";"2";"";"-1";"1";"0";"5";"70"
"202400001424";"3";"";"0";"D";"2";"3";"0";"2";"4";"200";"1";"";"10,5";"7";"0";"3";"80"
"202400001425";"1";"A1";"0";"A";"3";"3";"0";"2";"103";"105";"1";"";"13,5";"1";"0";"1";"130"
"202400001426";"2";"80";"-1";"";"3";"4";"0";"1";"21";"350";"1";"";"10,5";"1";"0";"1";"110"
"202400001427";"3";"973";"-1";"";"2";"2";"0";"1";"64";"211";"1";"";"7";"1";"0";"4";"50"
"202400001428";"1";"A87";"0";"";"3";"3";"0";"1";"10";"830";"1";"";"14";"1";"0";"1";"90"
"202400001429";"3";"946";"-1";"";"2";"2";"0";"1";"3";"60";"2";"";"5";"1";"0";"1";"70"
"202400001430";"3";"12";"0";"";"2";"2";"0";"1";"2";"800";"1";"";"5,5";"1";"0";"1";"90"
"202400001431";"4";"FRAISSINETTE ALEXANDRE (BOULEVARD)";"0";"";"2";"2";"0";"1";"-1";"-1";"1";"";"-1";"1";"0";"1";"50"
"202400001432";"1";"A7-Sens Marseille vers Lyon";"0";"";"3";"3";"0";"1";"280";"0";"1";"";"10";"1";"0";"1";"70"
"202400001433";"3";"999";"-1";"";"2";"2";"0";"2";"7";"850";"3";"";"7";"1";"0";"1";"90"
"202400001434";"2";"RN 431";"0";"";"3";"2";"0";"2";"14";"500";"1";"";"-1";"1";"0";"1";"90"
"202400001435";"3";"621";"0";"";"2";"2";"0";"1";"0";"570";"2";"";"5,5";"1";"0";"1";"90"
"202400001436";"4";"RUE ALBERT REYNIER";"0";"";"2";"0";"1";"1";"-1";"-1";"1";"";"-1";"1";"2";"5";"50"
"202400001437";"1";"";"-1";"";"3";"4";"2";"1";"-1";"-1";"1";"";"-1";"1";"-1";"1";"50"
"202400001437";"1";"ROCADE A 630";"0";"";"1";"1";"1";"1";"26";"590";"1";"";"-1";"1";"3";"1";"50"
"202400001438";"4";"";"-1";"";"1";"1";"0";"1";"-1";"-1";"1";"";"-1";"1";"0";"1";"30"
"202400001439";"4";"FARGES (AVENUE YVES)";"0";"";"2";"2";"0";"1";"-1";"-1";"1";"";"-1";"1";"0";"1";"50"
"202400001439";"4";"MAGASINS GENERAUX (RUE DES)";"0";"";"2";"2";"0";"1";"-1";"-1";"1";"";"-1";"1";"0";"1";"50"
"202400001440";"3";"50";"-1";"";"2";"2";"0";"1";"-1";"-1";"1";"";"4";"1";"0";"3";"80"
"202400001441";"1";"AUTOROUTE A21";"0";"";"-1";"4";"0";"1";"3";"0";"1";"";"-1";"1";"0";"1";"110"
"202400001442";"7";"LIBERTE (AVENUE DE LA";"0";"";"1";"1";"0";"1";"16";"950";"1";"";"-1";"1";"0";"1";"50"
"202400001443";"1";"AUTOROUTE A6";"0";"";"1";"3";"0";"1";"16";"100";"1";"";"14";"1";"0";"1";"110"
"202400001444";"4";"BD ALIENOR D'AQUITAINE";"0";"";"3";"5";"0";"1";"-1";"-1";"1";"";"-1";"1";"5";"1";"70"
"202400001445";"1";"6B";"0";"";"1";"2";"0";"1";"1";"200";"1";"";"7";"1";"0";"1";"70"
"202400001446";"4";"AVE PIERRE MENDES FRANCE";"0";"";"2";"6";"1";"1";"-1";"-1";"1";"";"-1";"1";"6";"1";"50"
"202400001446";"4";"RUE DES JACINTHES";"0";"";"2";"2";"0";"1";"-1";"-1";"1";"";"-1";"1";"6";"1";"30"
"202400001447";"4";"Rue Robert SCHUMAN";"0";"";"2";"2";"3";"1";"-1";"-1";"1";"";"-1";"1";"0";"6";"50"
"202400001448";"4";"BD ALBERT 1ER";"0";"";"2";"2";"0";"1";"-1";"-1";"1";"";"-1";"1";"5";"1";"50"
"202400001448";"4";"TIVOLI (AVE DE)";"0";"";"2";"2";"0";"1";"-1";"-1";"1";"";"-1";"1";"5";"1";"50"
"202400001449";"4";"BOISSY D ANGLAS (ALLEE)";"0";"";"2";"2";"0";"2";"0";"0";"1";"";"-1";"2";"1";"1";"50"
"202400001449";"4";"LECLERC GENERAL (AVENUE)";"0";"";"1";"2";"0";"1";"0";"0";"1";"";"-1";"2";"0";"1";"50"
"202400001450";"4";"DROGOU COMMANDANT (DE 71 ET 78 A FIN)";"0";"";"2";"2";"0";"2";"-1";"-1";"1";"";"-1";"1";"5";"1";"30"
"202400001450";"4";"";"0";"";"2";"2";"0";"2";"-1";"-1";"4";"";"-1";"1";"5";"1";"30"
"202400001451";"4";"BRIAND (AVENUE ARISTIDE)";"0";"";"2";"2";"0";"1";"0";"0";"1";"";"-1";"1";"0";"1";"30"
"202400001451";"4";"ECOLES (RUE DES)";"0";"";"2";"2";"0";"1";"0";"0";"1";"";"-1";"1";"0";"1";"30"
"202400001452";"4";"ARTOIS (RUE D')";"0";"";"-1";"2";"0";"1";"0";"0";"1";"";"-1";"1";"0";"1";"50"
"202400001453";"3";"RD 222";"0";"";"2";"0";"0";"3";"12";"0";"2";"";"0";"1";"3";"1";"110"
"202400001454";"4";"SAVIGNY (ROUTE DE)";"0";"";"2";"2";"0";"1";"-1";"-1";"1";"";"-1";"1";"0";"1";"50"
"202400001455";"3";"VARZAY ROUTE DE";"0";"";"2";"2";"0";"1";"1";"365";"1";"";"4,8";"1";"0";"1";"80"
"202400001456";"4";"1848 (BOULEVARD)";"0";"";"2";"2";"0";"1";"-1";"-1";"1";"";"-1";"1";"0";"1";"50"
"202400001456";"4";"CARNOT (AVENUE)";"0";"";"2";"2";"0";"1";"-1";"-1";"1";"";"-1";"1";"0";"1";"50"
"202400001457";"4";"BAS TREVOIS (RUE DES)";"0";"";"2";"2";"0";"1";"-1";"-1";"1";"";"-1";"1";"5";"1";"50"
"202400001457";"4";"QUATORZE JUILLET (RUE DU)";"0";"";"1";"2";"0";"1";"-1";"-1";"1";"";"-1";"1";"5";"1";"50"
"202400001458";"4";"BEAUSEJOUR (RUE DU)";"0";"";"1";"1";"0";"2";"-1";"-1";"1";"";"-1";"1";"0";"1";"50"
"202400001459";"4";"BOULEVARD PERIPHERIQUE EXTERIEUR NORD  ";"0";"";"1";"4";"0";"1";"-1";"-1";"1";"";"-1";"1";"0";"1";"50"
"202400001459";"4";"BOULEVARD PERIPHERIQUE EXTERIEUR NORD  ";"0";"";"1";"1";"0";"2";"-1";"-1";"1";"";"-1";"1";"0";"1";"50"
"202400001460";"4";"";"-1";"";"2";"-1";"0";"1";"-1";"-1";"1";"";"-1";"1";"0";"1";"30"
"202400001460";"4";"RUE BELLIARD";"0";"";"2";"2";"0";"1";"-1";"-1";"1";"";"-1";"1";"0";"1";"30"
"202400001461";"4";"";"-1";"";"1";"-1";"-1";"1";"-1";"-1";"1";"";"-1";"1";"0";"1";"30"
"202400001461";"4";"RUE D AUBERVILLIERS";"0";"";"2";"4";"0";"1";"-1";"-1";"1";"";"-1";"1";"0";"1";"30"
"202400001462";"4";"AVENUE DE CLICHY";"0";"";"2";"3";"2";"1";"-1";"-1";"1";"";"-1";"1";"0";"1";"30"
"202400001462";"4";"";"-1";"";"1";"-1";"2";"1";"-1";"-1";"1";"";"-1";"1";"0";"1";"30"
"202400001463";"4";"null";"-1";"null";"1";"-1";"2";"1";"-1";"-1";"1";"";"-1";"1";"0";"1";"30"
"202400001463";"4";"RUE DES BATIGNOLLES";"0";"";"1";"1";"2";"1";"-1";"-1";"1";"";"-1";"1";"0";"1";"30"
"202400001464";"4";"QUAI LOUIS BLERIOT";"0";"";"1";"1";"0";"1";"-1";"-1";"1";"";"-1";"1";"0";"1";"30"
"202400001465";"4";"RUE DU GENERAL DELESTRAINT";"0";"";"-1";"1";"0";"1";"-1";"-1";"1";"";"-1";"1";"6";"4";"30"
"202400001466";"4";"PONT CHARLES DE GAULLE";"0";"";"2";"4";"1";"1";"-1";"-1";"1";"";"-1";"1";"2";"1";"30"
"202400001466";"4";"QUAI D AUSTERLITZ";"0";"";"1";"4";"1";"1";"-1";"-1";"1";"";"-1";"1";"2";"1";"30"
"202400001467";"4";"BOULEVARD DIDEROT";"0";"";"2";"2";"0";"1";"-1";"-1";"1";"";"-1";"1";"0";"1";"30"
"202400001468";"4";"BOULEVARD DE LA BASTILLE";"0";"";"-1";"4";"1";"1";"-1";"-1";"1";"";"-1";"1";"0";"5";"30"
"202400001468";"4";"";"-1";"";"2";"-1";"1";"1";"-1";"-1";"1";"";"-1";"1";"0";"5";"30"
"202400001469";"4";"BOULEVARD POISSONNIERE";"0";"";"2";"3";"3";"1";"-1";"-1";"1";"";"-1";"1";"0";"1";"30"
"202400001469";"4";"RUE ROUGEMONT";"0";"";"1";"1";"0";"1";"-1";"-1";"1";"";"-1";"1";"0";"8";"30"
"202400001470";"4";"RUE AUBER";"0";"";"2";"4";"0";"1";"-1";"-1";"1";"";"-1";"1";"0";"8";"30"
"202400001470";"4";"RUE DES MATHURINS";"0";"";"1";"1";"0";"1";"-1";"-1";"1";"";"-1";"1";"0";"1";"30"
"202400001471";"4";"AVENUE MONTAIGNE";"0";"";"1";"1";"0";"1";"-1";"-1";"1";"";"-1";"1";"9";"1";"30"
"202400001472";"4";"";"-1";"";"1";"-1";"-1";"1";"-1";"-1";"1";"";"-1";"1";"0";"1";"-1"
"202400001472";"4";"RUE SAINT ANTOINE";"0";"";"2";"2";"0";"1";"-1";"-1";"1";"";"-1";"1";"0";"1";"30"
"202400001473";"4";"";"-1";"";"1";"-1";"1";"1";"-1";"-1";"1";"";"-1";"1";"0";"5";"30"
"202400001473";"4";"RUE DE TURBIGO";"0";"";"1";"2";"1";"1";"-1";"-1";"1";"";"-1";"1";"0";"5";"30"
"202400001474";"4";"QUAI DE L HOTEL DE VILLE";"0";"";"2";"4";"0";"1";"-1";"-1";"1";"";"-1";"1";"0";"1";"30"
"202400001475";"3";"136";"0";"";"2";"2";"0";"1";"0";"0";"1";"";"-1";"1";"0";"1";"50"
"202400001476";"3";"4";"0";"";"-1";"1";"0";"1";"0";"0";"1";"";"-1";"1";"0";"1";"50"
"202400001476";"3";"";"0";"";"1";"1";"0";"1";"0";"0";"1";"";"-1";"1";"0";"1";"50"
"202400001477";"3";"115";"0";"";"3";"0";"0";"1";"0";"0";"1";"";"0";"1";"0";"1";"50"
"202400001477";"3";"";"0";"";"2";"0";"0";"1";"0";"0";"1";"";"0";"1";"0";"8";"50"
"202400001478";"3";"88";"0";"";"1";"1";"0";"1";"0";"0";"1";"";"-1";"2";"0";"3";"70"
"202400001479";"3";"931";"0";"";"2";"2";"0";"1";"0";"0";"1";"";"-1";"1";"0";"1";"50"
"202400001480";"3";"SAINT LEU (ROUTE)";"0";"";"-1";"2";"0";"1";"0";"0";"1";"";"-1";"1";"0";"1";"50"
"202400001481";"3";"30";"0";"";"2";"2";"0";"1";"0";"0";"1";"";"-1";"1";"0";"1";"50"
"202400001481";"3";"901";"0";"";"2";"2";"0";"1";"0";"0";"1";"";"-1";"1";"0";"1";"50"
"202400001482";"3";"RATEAU (RUE)";"0";"";"2";"-1";"0";"1";"0";"0";"1";"";"-1";"1";"0";"8";"30"
"202400001482";"3";"VAILLANT-COUTURIER (AVENUE PAUL)";"0";"";"3";"2";"0";"1";"0";"0";"1";"";"-1";"1";"5";"1";"50"
"202400001483";"3";"114";"0";"";"2";"2";"0";"1";"0";"0";"1";"";"7";"1";"0";"6";"50"
"202400001483";"3";"";"0";"";"1";"2";"0";"1";"0";"0";"1";"";"7";"1";"0";"8";"30"
"202400001484";"3";"EUROPE ( PONT DE L')";"0";"";"2";"2";"0";"3";"1";"0";"1";"";"-1";"1";"2";"1";"30"
"202400001485";"3";"115";"0";"";"2";"2";"0";"1";"0";"0";"1";"";"-1";"1";"0";"1";"50"
"202400001485";"3";"";"0";"";"1";"1";"0";"1";"0";"0";"1";"";"-1";"1";"6";"1";"50"
"202400001486";"4";"";"0";"";"2";"1";"0";"1";"0";"0";"1";"";"-1";"1";"0";"1";"50"
"202400001487";"4";"";"0";"";"1";"1";"2";"1";"0";"0";"1";"";"-1";"1";"0";"1";"50"
"202400001488";"4";"CHARRON (RUE)";"0";"";"1";"1";"0";"1";"0";"0";"1";"";"-1";"1";"6";"1";"30"
"202400001488";"4";"";"-1";"";"1";"-1";"-1";"1";"-1";"-1";"1";"";"-1";"1";"0";"1";"-1"
"202400001489";"3";"CHARLES DE GAULLE (BD) (15 AU 69)";"0";"";"2";"2";"0";"1";"15";"0";"2";"";"-1";"1";"0";"1";"50"
"202400001490";"3";"MARCEL MARTINIE (AVENUE)";"0";"";"2";"2";"0";"1";"0";"0";"1";"";"-1";"1";"0";"1";"30"
"202400001491";"3";"DE STALINGRAD";"0";"";"2";"2";"2";"2";"0";"0";"1";"";"7";"1";"0";"1";"50"
"202400001492";"4";"CRISTALLERIE (AVENUE DE LA)";"0";"";"1";"1";"0";"1";"0";"0";"1";"";"-1";"1";"0";"1";"50"
"202400001493";"3";"JUIN (AVENUE DU MARECHAL)";"0";"";"2";"2";"0";"1";"0";"0";"1";"";"6";"1";"0";"1";"50"
"202400001493";"3";"TROUSSARD (RUE VICTOR)";"0";"";"2";"2";"0";"1";"0";"0";"1";"";"6";"1";"0";"1";"50"
"202400001494";"3";"908";"0";"";"1";"3";"3";"1";"0";"0";"1";"";"-1";"1";"0";"1";"50"
"202400001495";"3";"BOURGAIN (AVENE)";"0";"";"3";"2";"0";"2";"0";"0";"1";"";"-1";"1";"0";"1";"30"
"202400001496";"3";"JEANNE D'ARC";"0";"";"1";"2";"0";"1";"0";"0";"1";"";"-1";"1";"0";"1";"30"
"202400001497";"3";"PRÉSIDENT PAUL DOUMER (QUAI DU)";"0";"";"1";"0";"0";"1";"0";"0";"1";"";"0";"1";"0";"1";"50"
"202400001498";"3";"REDOUTE ( AVENUE DE LA  )";"0";"";"2";"0";"0";"1";"0";"0";"1";"";"-1";"1";"0";"1";"50"
"202400001499";"4";"ALPES (SQUARE DES)";"0";"";"-1";"2";"1";"1";"0";"0";"1";"";"-1";"1";"0";"4";"50"
"202400001500";"3";"749";"-1";"";"2";"2";"1";"1";"45";"65";"1";"";"5,5";"1";"0";"1";"50"
"202400001500";"3";"";"-1";"";"2";"2";"0";"1";"-1";"-1";"1";"";"5,5";"1";"0";"1";"50"
"202400001501";"4";"";"-1";"";"1";"1";"0";"1";"-1";"-1";"1";"";"-1";"1";"0";"1";"30"
"202400001501";"4";"";"0";"";"1";"1";"0";"2";"-1";"-1";"1";"";"-1";"1";"0";"1";"30"
"202400001502";"3";"2089";"0";"D";"2";"3";"0";"1";"28";"420";"1";"";"10,5";"1";"5";"1";"50"
"202400001503";"3";"1017";"0";"";"2";"2";"0";"1";"46";"50";"1";"";"7";"1";"0";"3";"70"
"202400001504";"3";"101";"0";"D";"2";"2";"0";"1";"13";"990";"1";"";"5";"1";"0";"1";"80"
"202400001504";"3";"";"-1";"";"2";"-1";"-1";"1";"-1";"-1";"1";"";"-1";"1";"0";"1";"-1"
"202400001505";"3";"D813";"0";"";"2";"2";"0";"1";"31";"559";"1";"";"5,5";"1";"5";"1";"30"
"202400001505";"3";"";"0";"";"2";"2";"0";"1";"-1";"-1";"1";"";"-1";"1";"5";"1";"30"
"202400001506";"2";"";"-1";"";"2";"2";"0";"2";"25";"-1";"2";"";"-1";"1";"0";"1";"50"
"202400001507";"4";"";"-1";"";"2";"2";"0";"1";"-1";"-1";"1";"";"-1";"1";"0";"1";"30"
"202400001508";"3";"4";"2";"D";"2";"2";"0";"1";"22";"900";"1";"";"5,5";"1";"0";"1";"80"
"202400001509";"3";"31";"0";"";"2";"2";"0";"1";"12";"980";"3";"";"4";"1";"0";"8";"50"
"202400001510";"4";"2";"0";"";"2";"2";"0";"1";"-1";"-1";"3";"";"-1";"1";"0";"1";"80"
"202400001510";"4";"9";"0";"";"2";"2";"0";"1";"-1";"-1";"1";"";"-1";"1";"0";"1";"80"
"202400001511";"3";"951";"-1";"";"2";"2";"0";"1";"34";"950";"1";"";"5";"1";"5";"1";"80"
"202400001512";"3";"153";"-1";"";"2";"2";"0";"1";"21";"600";"3";"";"5";"1";"0";"3";"80"
"202400001513";"3";"916";"-1";"D";"2";"2";"0";"1";"27";"580";"1";"";"7";"1";"0";"1";"80"
"202400001514";"2";"50";"0";"";"2";"2";"0";"1";"8";"163";"3";"";"7";"1";"0";"1";"80"
"202400001515";"3";"94";"0";"D";"-1";"2";"0";"1";"7";"700";"1";"";"4,5";"1";"2";"1";"80"
"202400001516";"3";"671";"-1";"";"2";"2";"0";"2";"-1";"-1";"1";"";"7";"1";"0";"1";"80"
"202400001516";"3";"";"-1";"";"2";"-1";"-1";"1";"10";"500";"1";"";"-1";"1";"0";"1";"-1"
"202400001517";"3";"971";"0";"";"2";"2";"0";"1";"2";"135";"1";"";"5,5";"1";"0";"1";"90"
"202400001518";"3";"107";"-1";"";"2";"2";"0";"2";"2";"1 042";"1";"";"5";"1";"0";"1";"80"
"202400001519";"3";"38";"-1";"D";"2";"2";"0";"1";"33";"100";"1";"";"5,5";"1";"0";"1";"-1"
"202400001519";"3";"";"-1";"";"2";"-1";"-1";"1";"-1";"-1";"1";"";"-1";"1";"0";"1";"-1"
"202400001520";"3";"5";"0";"D";"2";"2";"0";"1";"2";"250";"2";"";"5,5";"1";"0";"3";"80"
"202400001521";"3";"19";"-1";"";"2";"1";"0";"1";"18";"650";"1";"";"3";"1";"0";"1";"80"
"202400001522";"3";"105";"0";"";"2";"0";"0";"2";"3";"520";"1";"";"0";"1";"0";"1";"50"
"202400001522";"3";"";"-1";"";"2";"-1";"-1";"1";"-1";"-1";"1";"";"-1";"1";"0";"1";"-1"
"202400001523";"3";"120";"0";"";"2";"2";"0";"1";"8";"1 095";"1";"";"5,5";"1";"0";"3";"80"
"202400001524";"3";"471";"0";"D";"2";"3";"0";"2";"5";"640";"1";"";"10,5";"1";"0";"1";"90"
"202400001525";"3";"117";"0";"D";"2";"2";"0";"1";"3";"348";"1";"";"5";"1";"0";"1";"80"
"202400001526";"3";"286";"0";"D";"1";"2";"0";"1";"5";"437";"2";"";"5";"1";"0";"1";"30"
"202400001527";"3";"789";"-1";"D";"2";"2";"0";"1";"18";"450";"1";"";"7";"1";"0";"1";"80"
"202400001528";"4";"";"-1";"";"2";"2";"0";"2";"-1";"-1";"3";"";"-1";"1";"0";"1";"50"
"202400001529";"3";"17";"-1";"";"2";"2";"0";"3";"32";"420";"3";"";"5,5";"1";"0";"4";"50"
"202400001529";"3";"";"-1";"";"1";"2";"0";"1";"-1";"-1";"1";"";"5,5";"1";"0";"3";"50"
"202400001530";"3";"63";"0";"D";"2";"2";"0";"1";"25";"198";"2";"";"-1";"1";"0";"1";"70"
"202400001531";"9";"t";"0";"T";"1";"2";"0";"1";"1";"1";"2";"";"-1";"1";"1";"1";"50"
"202400001532";"3";"915";"0";"";"2";"2";"0";"1";"18";"995";"1";"";"5,5";"1";"0";"1";"50"
"202400001532";"3";"";"-1";"";"2";"-1";"-1";"1";"-1";"-1";"1";"";"-1";"1";"0";"1";"-1"
"202400001533";"3";"8";"0";"D";"2";"2";"0";"1";"1";"300";"1";"";"5,5";"1";"0";"1";"50"
"202400001533";"3";"null";"-1";"null";"2";"-1";"0";"1";"-1";"-1";"1";"";"-1";"1";"0";"1";"-1"
"202400001534";"3";"15";"-1";"";"2";"2";"0";"1";"39";"700";"1";"";"5,5";"2";"0";"1";"70"
"202400001535";"3";"652";"-1";"";"2";"2";"0";"1";"19";"600";"1";"";"5,5";"1";"0";"1";"50"
"202400001535";"3";"";"-1";"";"2";"-1";"-1";"1";"-1";"-1";"1";"";"-1";"1";"0";"1";"50"
"202400001536";"4";"TOULOUSE (AVENUE DE";"0";"";"2";"2";"0";"1";"-1";"-1";"1";"";"-1";"1";"0";"1";"50"
"202400001537";"4";"FONT FROIDE (RUE DE LA)";"0";"";"2";"2";"0";"1";"-1";"-1";"1";"";"-1";"1";"0";"1";"50"
"202400001538";"4";"";"-1";"";"2";"-1";"-1";"1";"-1";"-1";"1";"";"-1";"1";"0";"1";"-1"
"202400001538";"4";"SAINT CHRIST (M7 A H11";"0";"";"3";"2";"0";"1";"-1";"-1";"1";"";"-1";"1";"9";"8";"50"
"202400001539";"4";"AVE DU PRESIDENT J.F. KENNEDY";"0";"";"3";"4";"0";"1";"-1";"-1";"2";"";"-1";"1";"5";"1";"50"
"202400001540";"4";"HUIT MAI 1945 (QUAI DU)";"0";"";"2";"2";"0";"1";"0";"0";"1";"";"-1";"1";"0";"1";"50"
"202400001541";"3";"RD 828A";"0";"";"-1";"2";"0";"4";"2";"810";"1";"";"-1";"1";"0";"1";"90"
"202400001542";"2";"MONTPLAISIR (RUE DE)";"0";"";"-1";"2";"0";"1";"11";"145";"1";"";"-1";"1";"5";"1";"50"
"202400001542";"2";"RN 141";"0";"";"1";"2";"0";"1";"110";"400";"1";"";"-1";"2";"5";"1";"50"
"202400001543";"4";"JEAN EUGENE CABASSUD (BOULEVARD)";"0";"";"2";"5";"0";"1";"1";"0";"1";"";"-1";"1";"0";"1";"50"
"202400001543";"4";"TIMONE (AVENUE DE LA)";"0";"";"2";"2";"0";"1";"1";"0";"2";"";"-1";"1";"0";"1";"50"
"202400001544";"4";"BONNES NOUVELLES (CH.DES)";"0";"";"2";"2";"0";"1";"1";"0";"1";"";"-1";"1";"9";"1";"30"
"202400001545";"7";"CAMP DE SARLIER ROUTE DE GEMENOS";"0";"";"2";"2";"0";"1";"1";"0";"1";"";"-1";"1";"0";"1";"50"
"202400001546";"6";"BOUFFET HENRY";"0";"";"-1";"-1";"0";"1";"-1";"-1";"1";"";"-1";"1";"0";"1";"30"
"202400001547";"4";"LYAUTEY (AV. DU MAL)";"0";"";"2";"3";"0";"1";"1";"0";"1";"";"4";"1";"0";"1";"50"
"202400001548";"3";"JOURDAN (AVENUE MICHEL)";"0";"";"2";"2";"0";"1";"0";"790";"4";"";"-1";"1";"5";"1";"50"
"202400001548";"3";"MISTRAL (AVENUE FREDERIC)";"0";"";"2";"2";"0";"1";"0";"0";"4";"";"-1";"1";"5";"1";"50"
"202400001549";"4";"PORTE DE SEVRES";"0";"";"1";"3";"0";"1";"8";"500";"1";"";"-1";"1";"0";"1";"70"
"202400001550";"4";"";"-1";"";"1";"-1";"-1";"1";"-1";"-1";"1";"";"-1";"2";"0";"5";"30"
"202400001550";"4";"RUE FRIANT";"0";"";"1";"1";"1";"1";"-1";"-1";"1";"";"-1";"2";"0";"5";"30"
"202400001551";"4";"RUE CUSTINE";"0";"";"1";"1";"0";"1";"0";"0";"1";"";"-1";"1";"0";"1";"30"
"202400001552";"4";"ALLEE DE LONGCHAMP";"0";"";"2";"2";"0";"1";"-1";"-1";"1";"";"-1";"2";"0";"1";"50"
"202400001553";"4";"RUE DE L ABBE GROULT";"0";"";"1";"2";"0";"1";"0";"0";"1";"";"-1";"1";"5";"1";"30"
"202400001553";"4";"RUE DE VAUGIRARD";"0";"";"1";"4";"1";"1";"0";"0";"1";"";"-1";"1";"5";"1";"30"
"202400001554";"4";"AVENUE DE LA PORTE DE MONTROUGE";"0";"";"2";"4";"1";"1";"-1";"-1";"1";"";"-1";"1";"0";"5";"50"
"202400001554";"4";"";"-1";"";"-1";"-1";"-1";"1";"-1";"-1";"1";"";"-1";"1";"0";"5";"50"
"202400001555";"4";"BOULEVARD HAUSSMANN";"0";"";"1";"2";"3";"1";"0";"0";"1";"";"-1";"2";"0";"6";"30"
"202400001555";"4";"RUE CHARRAS";"0";"";"1";"1";"0";"1";"0";"0";"1";"";"-1";"2";"0";"6";"30"
"202400001556";"4";"COURS ALBERT 1ER";"0";"";"1";"1";"0";"2";"0";"0";"3";"";"-1";"2";"0";"1";"30"
"202400001557";"4";"PONT ALEXANDRE III";"0";"";"2";"4";"0";"1";"0";"0";"1";"";"-1";"1";"0";"1";"30"
"202400001557";"4";"QUAI D ORSAY";"0";"";"2";"2";"1";"1";"0";"0";"1";"";"-1";"1";"0";"1";"30"
"202400001558";"4";"";"0";"";"1";"1";"0";"1";"0";"0";"1";"";"-1";"1";"9";"1";"30"
"202400001559";"3";"130";"0";"";"2";"2";"0";"4";"0";"1";"1";"";"-1";"1";"0";"1";"30"
"202400001560";"3";"7";"0";"";"2";"2";"3";"1";"0";"1";"1";"";"-1";"1";"-1";"6";"50"
"202400001560";"3";"";"-1";"";"1";"1";"0";"1";"0";"0";"1";"";"-1";"1";"0";"6";"-1"
"202400001561";"3";"4";"0";"";"2";"2";"0";"1";"0";"1";"1";"";"-1";"2";"8";"1";"50"
"202400001562";"4";"0";"0";"A";"2";"2";"0";"1";"-1";"-1";"2";"";"-1";"1";"0";"1";"70"
"202400001562";"4";"";"-1";"";"2";"-1";"-1";"1";"-1";"-1";"1";"";"-1";"1";"0";"1";"-1"
"202400001563";"4";"";"0";"";"2";"2";"0";"1";"0";"0";"3";"";"-1";"2";"8";"1";"50"
"202400001564";"4";"";"0";"";"2";"2";"0";"1";"0";"0";"1";"";"-1";"1";"0";"1";"50"
"202400001565";"3";"168";"-1";"D";"2";"2";"0";"1";"10";"750";"1";"";"6";"1";"0";"1";"80"
"202400001565";"3";"";"-1";"";"2";"2";"-1";"1";"-1";"-1";"1";"";"-1";"1";"0";"1";"-1"
"202400001566";"4";"";"0";"";"2";"1";"0";"1";"0";"0";"1";"";"-1";"1";"0";"1";"30"
"202400001566";"4";"";"0";"";"2";"2";"0";"1";"0";"0";"1";"";"-1";"1";"0";"1";"50"
"202400001567";"2";"20";"-1";"";"2";"2";"0";"2";"4";"120";"3";"";"7";"1";"0";"1";"50"
"202400001568";"3";"";"0";"";"2";"2";"0";"1";"0";"0";"1";"";"5";"1";"0";"1";"50"
"202400001568";"3";"";"0";"";"2";"2";"0";"1";"0";"1";"1";"";"5";"1";"0";"1";"50"
"202400001569";"4";"";"-1";"";"-1";"2";"0";"1";"-1";"-1";"1";"";"-1";"1";"0";"3";"50"
"202400001570";"3";"36BIS";"0";"";"2";"2";"0";"1";"1";"0";"1";"";"-1";"1";"0";"1";"30"
"202400001571";"3";"40";"0";"";"3";"3";"2";"1";"-1";"-1";"3";"";"-1";"2";"0";"1";"50"
"202400001571";"3";"";"-1";"";"1";"1";"0";"1";"-1";"-1";"1";"";"-1";"2";"0";"1";"-1"
"202400001572";"1";"12";"0";"";"2";"2";"0";"1";"28";"760";"1";"";"7";"1";"0";"1";"70"
"202400001572";"1";"68";"0";"";"1";"2";"0";"3";"-1";"-1";"1";"";"6,5";"1";"3";"1";"50"
"202400001573";"4";"MARY BESSEYRE (RUE)";"0";"";"1";"2";"2";"1";"0";"0";"1";"";"-1";"2";"0";"1";"30"
"202400001574";"3";"655";"-1";"";"2";"2";"0";"1";"10";"1 222";"1";"";"7";"1";"0";"1";"50"
"202400001574";"3";"";"-1";"";"2";"-1";"-1";"4";"-1";"-1";"2";"";"-1";"1";"0";"1";"-1"
"202400001575";"3";"EUROPE (AVENUE DE L')";"0";"";"3";"0";"0";"1";"0";"0";"1";"";"0";"2";"0";"1";"50"
"202400001576";"3";"";"-1";"";"2";"2";"0";"1";"5";"140";"3";"";"5,5";"2";"0";"1";"70"
"202400001576";"3";"";"-1";"";"2";"-1";"-1";"1";"-1";"-1";"1";"";"-1";"2";"0";"1";"-1"
"202400001577";"3";"TIMBAUD RUE JEAN-PIERRE N° PAIRS";"0";"";"2";"2";"0";"1";"0";"1";"1";"";"-1";"1";"0";"1";"50"
"202400001577";"3";"VERDUN AVENUE DE N°1 A 45";"0";"";"2";"2";"0";"1";"0";"1";"1";"";"-1";"1";"0";"1";"50"
"202400001578";"3";"FRERES VOISIN (BOULEVARD DES)";"0";"";"1";"2";"0";"1";"0";"0";"1";"";"-1";"2";"0";"1";"30"
"202400001578";"3";"MARCEAU";"0";"";"2";"2";"0";"1";"0";"0";"1";"";"-1";"2";"0";"1";"30"
"202400001579";"3";"415";"0";"D";"2";"2";"0";"3";"5";"940";"1";"";"5,5";"9";"0";"8";"80"
"202400001580";"3";"VICTOR HUGO (BD)";"0";"";"2";"3";"0";"1";"0";"0";"1";"";"10,5";"2";"0";"1";"50"
"202400001581";"3";"PORTE DE TRIVAUX (RUE DE) N°57 A 197 ET";"0";"";"2";"0";"0";"1";"0";"0";"1";"";"-1";"2";"5";"1";"30"
"202400001582";"4";"VICTOR HUGO (AVENUE) 49/FIN - 60/FIN";"0";"";"2";"2";"0";"1";"0";"0";"1";"";"-1";"2";"0";"1";"50"
"202400001583";"2";"83";"-1";"";"2";"3";"0";"1";"14";"190";"1";"";"10,5";"1";"0";"1";"80"
"202400001584";"4";"SILLY (RUE DE) 1/87 - 2/88";"0";"";"2";"2";"0";"1";"0";"0";"1";"";"-1";"2";"0";"1";"50"
"202400001585";"3";"D51";"0";"";"2";"2";"0";"1";"17";"285";"1";"";"-1";"2";"0";"1";"30"
"202400001586";"3";"ANDRE MORIZET (AVENUE) 1/47 - 2/52";"0";"";"3";"2";"0";"1";"0";"0";"1";"";"-1";"2";"0";"1";"50"
"202400001587";"3";"";"-1";"";"2";"2";"0";"1";"-1";"-1";"1";"";"-1";"1";"0";"1";"50"
"202400001587";"3";"";"-1";"";"2";"3";"0";"1";"25";"82";"1";"";"-1";"1";"0";"1";"50"
"202400001588";"4";"";"-1";"";"2";"2";"0";"1";"-1";"-1";"3";"";"-1";"2";"0";"3";"80"
"202400001589";"3";"16";"-1";"";"2";"2";"0";"1";"28";"903";"2";"";"5";"1";"0";"1";"80"
"202400001589";"3";"42";"-1";"";"2";"2";"0";"1";"32";"185";"1";"";"5";"1";"0";"1";"80"
"202400001590";"1";"151";"-1";"";"1";"2";"0";"1";"7";"860";"1";"";"10,5";"7";"0";"2";"130"
"202400001591";"4";"7";"-1";"";"2";"2";"0";"1";"-1";"-1";"1";"";"-1";"1";"0";"1";"80"
"202400001592";"3";"973";"-1";"";"2";"2";"0";"1";"11";"517";"2";"";"7";"2";"0";"3";"80"
"202400001593";"7";"111";"-1";"D";"2";"2";"0";"1";"0";"121";"1";"";"5,5";"1";"0";"1";"80"
"202400001594";"3";"13";"0";"";"2";"2";"0";"1";"28";"520";"2";"";"5,5";"1";"0";"1";"80"
"202400001595";"3";"1";"0";"D";"2";"2";"0";"1";"12";"420";"2";"";"-1";"2";"0";"1";"50"
"202400001596";"3";"978";"-1";"";"2";"2";"0";"1";"2";"70";"1";"";"5,5";"1";"0";"8";"50"
"202400001597";"7";"826";"-1";"";"2";"2";"0";"2";"9";"210";"1";"";"6";"1";"0";"3";"70"
"202400001598";"3";"652";"0";"";"2";"1";"0";"1";"2";"541";"4";"";"3,5";"1";"5";"8";"80"
"202400001598";"3";"72";"0";"";"2";"1";"0";"2";"-1";"-1";"3";"";"3";"1";"5";"8";"80"
"202400001599";"3";"3";"0";"D";"2";"2";"0";"3";"1";"350";"2";"";"7";"1";"0";"3";"90"
"202400001600";"3";"21";"-1";"";"2";"2";"0";"2";"1";"330";"2";"";"5";"1";"0";"4";"-1"
"202400001601";"3";"115";"-1";"";"2";"2";"0";"1";"-1";"-1";"1";"";"4";"1";"0";"1";"80"
"202400001601";"3";"67";"0";"";"2";"2";"0";"1";"34";"701";"3";"";"4";"1";"0";"1";"80"
"202400001602";"3";"55";"0";"D";"2";"2";"0";"1";"-1";"-1";"1";"";"-1";"1";"0";"1";"80"
"202400001602";"3";"D55";"-1";"";"2";"2";"0";"1";"2";"780";"1";"";"-1";"1";"0";"1";"80"
"202400001603";"3";"36";"-1";"D";"2";"2";"0";"1";"22";"380";"1";"";"5";"1";"0";"1";"-1"
"202400001604";"3";"";"-1";"";"2";"2";"0";"1";"4";"200";"1";"";"-1";"2";"0";"8";"50"
"202400001605";"3";"55";"0";"D";"2";"2";"0";"2";"12";"710";"4";"";"5,5";"1";"0";"3";"80"
"202400001606";"1";"";"-1";"";"1";"1";"0";"2";"45";"350";"4";"";"10";"1";"3";"3";"70"
"202400001607";"1";"75";"0";"";"4";"2";"0";"3";"22";"950";"1";"";"10";"1";"3";"1";"50"
"202400001607";"1";"";"-1";"";"2";"2";"-1";"1";"0";"10";"1";"";"-1";"1";"0";"1";"90"
"202400001608";"3";"907";"0";"";"2";"2";"0";"2";"39";"925";"2";"";"5,5";"1";"0";"1";"90"
"202400001609";"3";"23";"0";"D";"2";"2";"0";"1";"0";"0";"1";"";"5";"1";"0";"1";"50"
"202400001609";"3";"23";"0";"D";"2";"2";"0";"1";"37";"725";"1";"";"5";"1";"0";"1";"50"
"202400001610";"3";"21";"0";"D";"2";"2";"0";"1";"27";"0";"1";"";"5,5";"1";"0";"1";"80"
"202400001610";"3";"";"-1";"";"2";"-1";"-1";"1";"-1";"-1";"1";"";"-1";"1";"0";"1";"-1"
"202400001611";"7";"612";"0";"D";"2";"2";"0";"2";"0";"250";"1";"";"-1";"1";"0";"1";"50"
"202400001611";"7";"";"-1";"";"2";"2";"0";"1";"-1";"-1";"1";"";"-1";"1";"0";"1";"-1"
"202400001612";"4";"";"-1";"";"2";"2";"1";"1";"-1";"-1";"3";"";"-1";"1";"9";"3";"50"
"202400001613";"3";"2";"2";"";"2";"2";"0";"2";"3";"500";"1";"";"7";"2";"0";"1";"80"
"202400001613";"3";"8";"0";"";"2";"2";"0";"1";"15";"790";"1";"";"7";"2";"0";"1";"80"
"202400001614";"3";"9";"0";"D";"2";"2";"0";"1";"15";"438";"1";"";"7,5";"1";"0";"1";"70"
"202400001615";"6";"";"-1";"";"-1";"-1";"0";"1";"-1";"-1";"1";"";"-1";"1";"0";"4";"-1"
"202400001616";"3";"46";"-1";"";"2";"2";"0";"1";"9";"243";"4";"";"4";"1";"0";"1";"90"
"202400001617";"4";"";"-1";"";"2";"2";"0";"3";"-1";"-1";"2";"";"-1";"1";"0";"1";"50"
"202400001618";"3";"3";"0";"";"2";"2";"0";"1";"25";"0";"3";"";"5,5";"1";"0";"3";"80"
"202400001619";"4";"";"-1";"";"2";"2";"0";"1";"-1";"-1";"3";"";"-1";"2";"0";"3";"-1"
"202400001620";"3";"D1089";"0";"D";"2";"2";"0";"1";"122";"700";"3";"";"7";"1";"0";"1";"70"
"202400001621";"3";"50";"-1";"";"2";"2";"0";"1";"3";"820";"1";"";"4";"1";"0";"1";"90"
"202400001622";"1";"36";"-1";"A";"2";"2";"0";"1";"179";"800";"1";"";"10";"2";"0";"2";"130"
"202400001623";"3";"570";"0";"N";"2";"2";"0";"1";"12";"30";"3";"";"7";"1";"0";"3";"80"
"202400001624";"3";"310";"-1";"";"2";"2";"0";"2";"3";"700";"2";"";"7";"1";"0";"3";"80"
"202400001625";"1";"6";"-1";"A";"3";"6";"0";"1";"420";"200";"1";"";"13,5";"1";"0";"1";"130"
"202400001626";"3";"518";"-1";"";"2";"2";"0";"2";"40";"950";"1";"";"5,5";"1";"0";"3";"80"
"202400001627";"1";"54";"0";"A";"2";"2";"0";"2";"63";"960";"2";"";"-1";"1";"3";"3";"70"
"202400001628";"3";"2085";"-1";"";"2";"2";"0";"2";"15";"65";"1";"";"6";"1";"0";"1";"50"
"202400001629";"3";"11";"0";"";"2";"2";"0";"1";"9";"920";"1";"";"5,5";"2";"0";"1";"80"
"202400001630";"9";"RT02";"0";"";"2";"2";"0";"1";"27";"500";"3";"";"-1";"1";"0";"1";"60"
"202400001631";"3";"28";"0";"";"2";"2";"0";"1";"1";"870";"1";"";"7";"1";"0";"1";"70"
"202400001631";"3";"";"-1";"";"2";"-1";"-1";"1";"17";"260";"1";"";"-1";"1";"0";"1";"80"
"202400001632";"2";"1";"-1";"";"2";"2";"0";"1";"74";"750";"3";"";"-1";"1";"0";"1";"90"
"202400001633";"3";"34";"0";"D";"2";"1";"0";"1";"42";"394";"3";"";"3";"1";"0";"1";"90"
"202400001633";"3";"";"-1";"";"2";"-1";"0";"1";"0";"6";"1";"";"-1";"1";"5";"1";"-1"
"202400001634";"4";"";"-1";"";"1";"1";"3";"1";"-1";"-1";"4";"";"-1";"1";"0";"6";"50"
"202400001635";"3";"438";"-1";"";"2";"2";"0";"1";"37";"270";"1";"";"7";"1";"0";"1";"80"
"202400001635";"3";"";"-1";"";"2";"2";"-1";"1";"-1";"-1";"1";"";"-1";"1";"0";"1";"80"
"202400001636";"3";"213";"-1";"";"2";"2";"0";"1";"11";"257";"1";"";"5";"1";"0";"1";"90"
"202400001636";"3";"67";"0";"";"2";"2";"0";"1";"13";"236";"1";"";"-1";"1";"5";"1";"90"
"202400001637";"4";"";"0";"";"1";"1";"0";"2";"0";"0";"1";"";"-1";"1";"0";"1";"30"
"202400001638";"3";"730";"0";"D";"2";"2";"0";"1";"40";"877";"3";"";"7";"1";"0";"5";"80"
"202400001639";"1";"430";"0";"";"3";"-1";"0";"1";"135";"300";"1";"";"0";"2";"7";"1";"70"
"202400001640";"3";"102";"-1";"";"2";"2";"0";"1";"-1";"-1";"1";"";"5,5";"2";"5";"1";"-1"
"202400001640";"3";"102";"-1";"";"2";"2";"0";"3";"30";"300";"1";"";"5,5";"2";"5";"1";"50"
"202400001641";"3";"30";"-1";"";"2";"3";"0";"2";"6";"135";"3";"";"10,5";"1";"0";"1";"80"
"202400001642";"1";"89";"-1";"A";"3";"4";"0";"1";"531";"400";"1";"";"-1";"1";"0";"1";"130"
"202400001643";"3";"rd999";"-1";"";"2";"2";"0";"1";"14";"300";"1";"";"7";"1";"0";"1";"50"
"202400001644";"4";"";"-1";"";"2";"2";"0";"1";"-1";"-1";"1";"";"-1";"1";"0";"1";"50"
"202400001645";"1";"52";"0";"A";"1";"3";"0";"2";"7";"479";"3";"";"13,5";"1";"3";"1";"50"
"202400001646";"7";"67";"-1";"";"2";"2";"0";"1";"0";"300";"1";"";"6";"1";"0";"1";"-1"
"202400001646";"7";"";"-1";"";"2";"-1";"-1";"1";"-1";"-1";"1";"";"-1";"1";"0";"1";"-1"
"202400001647";"3";"RN3";"-1";"";"2";"2";"0";"2";"-1";"-1";"1";"";"-1";"1";"0";"1";"50"
"202400001648";"2";"2";"-1";"";"2";"2";"0";"1";"9";"300";"1";"";"-1";"1";"0";"1";"50"
"202400001649";"3";"973";"-1";"Y";"2";"2";"0";"1";"48";"300";"3";"";"6";"1";"0";"1";"80"
"202400001650";"3";"114";"-1";"";"2";"2";"0";"1";"-1";"-1";"1";"";"-1";"1";"0";"1";"70"
"202400001651";"3";"";"-1";"";"1";"1";"0";"1";"1";"-1";"3";"";"4";"1";"0";"1";"80"
"202400001652";"3";"6085";"0";"A";"2";"2";"0";"1";"18";"32";"2";"";"5";"1";"0";"1";"50"
"202400001653";"2";"209";"-1";"";"2";"2";"0";"1";"39";"950";"1";"";"-1";"2";"0";"3";"80"
"202400001654";"3";"47";"-1";"";"2";"2";"1";"4";"-1";"-1";"1";"";"7";"1";"0";"1";"90"
"202400001655";"4";"";"-1";"";"2";"2";"0";"1";"-1";"-1";"1";"";"-1";"1";"0";"1";"50"
"202400001656";"3";"538";"0";"D";"2";"2";"0";"1";"148";"150";"1";"";"5,5";"1";"0";"1";"80"
"202400001657";"6";"";"-1";"";"-1";"2";"0";"1";"-1";"-1";"1";"";"-1";"1";"9";"8";"-1"
"202400001658";"3";"1084";"0";"";"2";"2";"0";"1";"11";"450";"1";"";"5";"1";"0";"1";"30"
"202400001658";"3";"";"-1";"";"2";"2";"0";"1";"-1";"-1";"1";"";"5";"1";"0";"1";"50"
"202400001659";"3";"779";"0";"D";"2";"2";"0";"1";"38";"360";"1";"";"7";"1";"5";"1";"50"
"202400001659";"3";"port";"-1";"";"2";"2";"0";"1";"-1";"-1";"1";"";"7";"1";"5";"1";"50"
"202400001660";"3";"1083";"-1";"";"2";"2";"0";"2";"39";"168";"1";"";"-1";"1";"0";"1";"70"
"202400001661";"9";"inc";"-1";"";"-1";"2";"0";"1";"-1";"-1";"1";"";"-1";"1";"0";"1";"-1"
"202400001662";"3";"";"-1";"";"2";"2";"0";"2";"14";"500";"2";"";"7";"1";"0";"3";"80"
"202400001663";"3";"759";"-1";"";"2";"2";"0";"1";"16";"30";"1";"";"5,5";"1";"0";"1";"70"
"202400001664";"3";"669";"0";"E";"2";"2";"0";"4";"7";"315";"2";"";"4,5";"2";"0";"3";"50"
"202400001665";"3";"19";"-1";"D";"2";"2";"0";"2";"17";"1 883";"3";"";"6";"1";"0";"1";"50"
"202400001666";"4";"105";"0";"D";"2";"2";"0";"2";"-1";"-1";"2";"";"-1";"1";"0";"3";"80"
"202400001667";"3";"86";"-1";"";"2";"2";"1";"1";"35";"410";"2";"";"5,5";"1";"0";"1";"50"
"202400001668";"1";"A7   7.000 A 8.630";"0";"";"3";"6";"0";"1";"8";"0";"1";"";"-1";"1";"0";"1";"70"
"202400001669";"6";"";"-1";"";"-1";"-1";"0";"1";"-1";"-1";"1";"";"-1";"1";"9";"1";"-1"
"202400001670";"1";"14";"0";"";"1";"3";"0";"1";"3";"0";"1";"";"-1";"1";"1";"1";"70"
"202400001671";"3";"38";"0";"D";"2";"2";"0";"1";"9";"200";"1";"";"4,5";"1";"2";"1";"80"
"202400001672";"1";"3";"0";"";"1";"3";"0";"1";"7";"199";"1";"";"13,5";"1";"0";"1";"70"
"202400001673";"1";"AUTOROUTE A15";"0";"";"3";"6";"0";"1";"13";"300";"1";"";"-1";"1";"0";"1";"110"
"202400001674";"3";"137";"-1";"";"2";"2";"0";"1";"55";"850";"1";"";"7";"1";"0";"1";"90"
"202400001675";"4";"";"0";"";"2";"2";"0";"1";"0";"0";"1";"";"-1";"1";"0";"1";"50"
"202400001675";"4";"";"0";"";"3";"2";"0";"1";"0";"0";"1";"";"-1";"1";"0";"1";"50"
"202400001676";"3";"211";"0";" -";"2";"2";"0";"1";"6";"790";"1";"";"5,5";"1";"0";"1";"70"
"202400001676";"3";"";"-1";"";"2";"2";"-1";"1";"-1";"-1";"1";"";"-1";"1";"0";"1";"-1"
"202400001677";"2";"PRINCE HINOI (AVENUE)";"0";"";"3";"4";"0";"1";"0";"0";"1";"";"-1";"1";"0";"1";"50"
"202400001678";"2";"CLEMENCEAU (RUE QTIER MANUHOE)";"0";"";"2";"4";"0";"1";"0";"0";"1";"";"-1";"1";"0";"1";"40"
"202400001679";"3";"13";"-1";"";"2";"2";"0";"1";"47";"230";"1";"";"7";"1";"0";"1";"80"
"202400001680";"2";"MACE (BOULEVARD GABRIEL)";"0";"";"2";"2";"0";"1";"0";"80";"1";"";"-1";"1";"6";"1";"50"
"202400001681";"3";"175";"-1";"";"2";"2";"0";"1";"3";"240";"2";"";"4";"1";"0";"3";"80"
"202400001682";"4";"ETATS UNIS (DES)                    (BD)";"0";"";"2";"2";"2";"1";"-1";"-1";"1";"";"-1";"1";"6";"1";"50"
"202400001683";"4";"000";"0";"A";"2";"2";"0";"2";"0";"0";"1";"";"-1";"2";"9";"1";"50"
"202400001684";"6";"";"0";"";"-1";"-1";"0";"1";"-1";"-1";"1";"";"-1";"1";"0";"8";"15"
"202400001685";"4";"JEAN FRANCOIS RACLET                (AV)";"0";"";"2";"2";"0";"1";"-1";"-1";"1";"";"-1";"1";"0";"5";"30"
"202400001685";"4";"JEAN JAURES                         (AV)";"0";"";"2";"2";"2";"1";"-1";"-1";"1";"";"-1";"1";"0";"5";"30"
"202400001686";"7";"AQUEDUC DE BEAUNANT (DE L')         (AV)";"0";"";"2";"3";"2";"1";"-1";"-1";"1";"";"-1";"1";"0";"1";"50"
"202400001686";"7";"BRIGNAIS (DE)      D 42             (RO)";"0";"";"2";"3";"1";"1";"6";"500";"1";"";"-1";"1";"0";"1";"50"
"202400001687";"3";"490";"-1";"";"2";"2";"0";"1";"9";"85";"2";"";"-1";"1";"0";"1";"80"
"202400001688";"4";"MARIETTON                           (R )";"0";"";"2";"2";"0";"1";"-1";"-1";"1";"";"-1";"1";"9";"1";"50"
"202400001688";"4";"";"-1";"";"1";"1";"2";"1";"-1";"-1";"1";"";"-1";"1";"0";"1";"-1"
"202400001689";"3";"";"-1";"";"2";"2";"0";"1";"3";"20";"1";"";"-1";"1";"0";"1";"-1"
"202400001690";"3";"DUMANOIR ( ALLEE )";"0";"";"3";"2";"0";"1";"-1";"-1";"1";"";"-1";"1";"0";"1";"50"
"202400001691";"3";"0";"0";"A";"2";"2";"0";"1";"32";"500";"4";"";"5";"1";"0";"1";"80"
"202400001692";"4";"COTY FRANCOIS RUE";"0";"";"2";"2";"0";"1";"0";"0";"1";"";"-1";"1";"0";"1";"50"
"202400001692";"4";"MARECHAL JUIN AVENUE";"0";"";"2";"4";"0";"1";"0";"0";"1";"";"-1";"1";"0";"1";"50"
"202400001693";"3";"0";"0";"A";"2";"2";"0";"1";"26";"700";"1";"";"-1";"1";"0";"1";"50"
"202400001694";"2";"RN 104";"0";"";"-1";"3";"0";"1";"37";"500";"1";"";"14";"1";"0";"1";"90"
"202400001695";"3";"MARAINVAL  (ROUTE DE)";"0";"";"2";"2";"0";"1";"0";"0";"1";"";"-1";"2";"0";"8";"50"
"202400001695";"3";"RN 1 SENS PARIS- PROVINCE";"0";"";"1";"1";"0";"1";"3";"728";"3";"";"-1";"2";"0";"1";"50"
"202400001696";"1";"AUTOROUTE A126";"0";"";"1";"1";"0";"1";"4";"80";"1";"";"-1";"1";"0";"2";"90"
"202400001697";"4";"ANDRE CITROEN (RUE)";"0";"";"2";"2";"0";"2";"0";"0";"2";"";"-1";"1";"0";"1";"50"
"202400001697";"4";"MARCEL DASSAULT (RUE)";"0";"";"2";"2";"0";"2";"0";"0";"3";"";"-1";"1";"0";"1";"50"
"202400001698";"2";"RN 118";"0";"";"-1";"2";"0";"2";"3";"500";"1";"";"10,5";"1";"0";"1";"90"
"202400001699";"3";"BD CHARLES DE GAULLE";"0";"";"2";"2";"0";"1";"2";"830";"1";"";"-1";"1";"0";"1";"30"
"202400001699";"3";"RUE HENRI DUMONT";"0";"";"2";"2";"0";"1";"0";"0";"1";"";"-1";"1";"0";"1";"30"
"202400001700";"1";"AUTOROUTE A6";"0";"";"3";"3";"0";"1";"19";"500";"1";"";"14";"1";"0";"1";"110"
"202400001701";"3";"ARRIVEE (RUE DE L')";"0";"";"2";"1";"0";"1";"9";"192";"1";"";"-1";"1";"0";"4";"10"
"202400001702";"2";"RN 104";"0";"";"1";"2";"0";"1";"28";"500";"3";"";"10,5";"2";"0";"1";"70"
"202400001703";"1";"AUTOROUTE A1";"0";"";"3";"3";"0";"1";"15";"399";"1";"";"14";"1";"0";"1";"110"
"202400001704";"3";"RUE PDT FRANCOIS MITTERRAND";"0";"";"2";"2";"0";"1";"0";"0";"1";"";"-1";"1";"0";"1";"50"
"202400001705";"3";"RUE DE LA MONTAGNE DE MONS";"0";"";"2";"2";"0";"4";"0";"0";"3";"";"-1";"1";"0";"1";"50"
"202400001705";"3";"RUE EDOUARD VAILLANT";"0";"";"2";"2";"0";"1";"0";"0";"3";"";"-1";"1";"0";"1";"50"
"202400001706";"1";"1";"0";"";"3";"4";"0";"1";"0";"500";"1";"";"17";"1";"0";"1";"50"
"202400001707";"4";"RUE FERAY";"0";"";"2";"2";"0";"1";"0";"0";"1";"";"-1";"1";"0";"1";"30"
"202400001708";"4";"LA FONTAINE (RUE)";"0";"";"2";"1";"0";"1";"-1";"-1";"1";"";"-1";"1";"0";"1";"30"
"202400001709";"4";"FAUBOURG PONT NEUF (RUE DU)";"0";"";"1";"2";"0";"2";"-1";"-1";"1";"7";"-1";"1";"0";"1";"30"
"202400001710";"4";"FOLCOAUD (COURS DES FRÈRES)";"0";"";"2";"2";"2";"1";"0";"0";"1";"";"-1";"1";"0";"1";"50"
"202400001711";"1";"86";"0";"";"3";"6";"0";"1";"19";"899";"1";"";"-1";"1";"0";"1";"90"
"202400001712";"3";"";"0";"";"2";"2";"0";"1";"0";"1";"1";"";"-1";"1";"5";"1";"50"
"202400001712";"3";"";"0";"";"3";"2";"0";"1";"1";"36";"1";"";"-1";"1";"5";"1";"50"
"202400001713";"1";"AUTOROUTE A115";"0";"";"3";"2";"0";"1";"0";"500";"3";"";"10,5";"1";"3";"1";"90"
"202400001714";"4";"EGALITE (RUE DE L')";"0";"";"-1";"1";"0";"1";"-1";"-1";"1";"";"6";"1";"0";"8";"50"
"202400001714";"4";"REPUBLIQUE (RUE DE LA) ";"0";"";"-1";"1";"0";"1";"-1";"-1";"1";"";"6";"1";"0";"8";"50"
"202400001715";"1";"4";"0";"";"1";"3";"0";"1";"12";"699";"1";"";"-1";"1";"0";"1";"90"
"202400001716";"4";"CAGNY (RUE DE)";"0";"";"-1";"2";"0";"1";"-1";"-1";"1";"";"-1";"1";"0";"1";"50"
"202400001716";"4";"";"-1";"";"2";"2";"-1";"1";"-1";"-1";"1";"";"-1";"1";"0";"1";"-1"
"202400001717";"2";"RN104";"0";"";"3";"2";"0";"1";"5";"450";"1";"";"-1";"1";"0";"1";"90"
"202400001718";"4";"";"-1";"";"2";"2";"2";"1";"-1";"-1";"1";"";"-1";"1";"-1";"1";"50"
"202400001719";"3";"D.39";"0";"";"2";"2";"0";"4";"23";"778";"1";"";"5";"1";"0";"8";"70"
"202400001720";"4";"PARC DE L'ETUVEE (AVENUE DU)";"0";"";"2";"2";"0";"1";"-1";"-1";"1";"";"-1";"1";"0";"1";"50"
"202400001721";"3";"AV OLOF PALME";"0";"";"3";"0";"0";"3";"0";"119";"1";"";"0";"1";"0";"1";"50"
"202400001722";"4";"AV ROBERT SCHUMAN";"0";"";"2";"2";"0";"1";"0";"100";"1";"";"-1";"1";"0";"5";"50"
"202400001723";"3";"6";"-1";"";"2";"2";"0";"1";"33";"1 200";"1";"";"5,5";"2";"0";"1";"50"
"202400001724";"4";"CASCADES (AVENUE DES)";"0";"";"2";"2";"0";"2";"0";"0";"1";"";"-1";"1";"9";"1";"50"
"202400001725";"3";"974";"0";"";"2";"2";"0";"1";"48";"168";"1";"";"5,5";"1";"9";"1";"50"
"202400001726";"3";"LIBERATION (RUE DE LA )";"0";"";"2";"2";"0";"1";"87";"295";"1";"";"9";"1";"0";"1";"50"
"202400001726";"3";"ROGERVILLE (ROUTE DE )";"0";"";"2";"2";"0";"1";"2";"824";"1";"";"9";"1";"0";"1";"500"
"202400001727";"4";"LIONEL TERRAY";"0";"";"2";"1";"0";"1";"0";"0";"1";"";"-1";"1";"0";"1";"30"
"202400001728";"3";"NORMANDIE N-E-1 (ROUTE PROVINCIALE DU)";"0";"";"3";"4";"0";"1";"0";"630";"1";"";"-1";"1";"5";"1";"50"
"202400001728";"3";"RUE BERTHELOT";"0";"";"2";"2";"0";"1";"0";"0";"2";"";"-1";"1";"0";"1";"50"
"202400001729";"4";"RUBILLARD AV N° IMP 57 ET >";"0";"";"3";"2";"0";"1";"-1";"-1";"1";"";"-1";"2";"0";"1";"30"
"202400001730";"4";"AFARERII (RUE)";"0";"";"2";"2";"0";"1";"-1";"-1";"1";"";"-1";"1";"0";"1";"50"
"202400001731";"4";"LEFAUCHEUX PIERRE (BD)";"0";"";"2";"2";"0";"1";"-1";"-1";"1";"";"-1";"1";"0";"1";"50"
"202400001732";"4";"TABACS (PONT DES)";"0";"";"2";"2";"0";"1";"0";"0";"1";"";"-1";"1";"2";"1";"30"
"202400001733";"4";"mamoudzou centre-Rassi Boina Kaïm (rue)";"0";"";"-1";"2";"0";"1";"-1";"-1";"1";"";"-1";"1";"0";"1";"50"
"202400001734";"2";"RN1 (ROUTE NATIONALE)";"0";"";"2";"2";"0";"1";"80";"610";"1";"";"-1";"1";"0";"1";"110"
"202400001735";"4";"BARBIER (RUE)";"0";"";"2";"2";"0";"1";"-1";"-1";"1";"";"-1";"1";"0";"8";"30"
"202400001735";"4";"GAMBETTA (RUE) N° IMP 1 A 21";"0";"";"2";"2";"0";"1";"-1";"-1";"1";"";"-1";"1";"0";"1";"30"
"202400001736";"2";"RN3 (2)";"0";"";"2";"4";"0";"1";"59";"350";"1";"";"-1";"1";"0";"1";"110"
"202400001737";"3";"D338";"0";"";"3";"2";"0";"1";"-1";"-1";"1";"";"-1";"1";"0";"1";"50"
"202400001738";"7";"ALBERT RAMBOZ                           ";"0";"";"2";"2";"0";"2";"-1";"-1";"4";"";"-1";"1";"0";"1";"30"
"202400001739";"3";"PERE MAITRE(RUE DU)";"0";"";"2";"2";"0";"1";"0";"400";"1";"";"-1";"1";"0";"1";"50"
"202400001739";"3";"SAINTE-CELINE (CHEMIN)";"0";"";"-1";"2";"0";"1";"0";"0";"1";"";"-1";"1";"0";"1";"50"
"202400001740";"4";"FRERES MONTGOLFIER (DES)     AV";"0";"";"2";"4";"0";"1";"-1";"-1";"1";"";"-1";"1";"0";"1";"50"
"202400001741";"2";"LITTORAL (ROUTE 1 DU)";"0";"";"1";"3";"3";"1";"8";"699";"3";"";"-1";"1";"2";"1";"90"
"202400001742";"4";"";"0";"";"1";"1";"0";"1";"-1";"-1";"1";"";"-1";"1";"0";"1";"30"
"202400001743";"2";"";"-1";"";"3";"2";"-1";"1";"-1";"-1";"1";"";"5";"-1";"0";"1";"-1"
"202400001744";"3";"AHETZE (ROUTE)";"0";"";"2";"2";"0";"1";"6";"50";"2";"";"-1";"1";"0";"1";"50"
"202400001745";"4";"BAYONNE (AVENUE DE)";"0";"";"2";"6";"3";"1";"-1";"-1";"1";"";"-1";"1";"5";"1";"30"
"202400001746";"3";"BD LEGITIMUS";"0";"";"-1";"-1";"0";"1";"-1";"-1";"1";"";"-1";"1";"0";"1";"50"
"202400001746";"3";"HANNE (BOULEVARD)";"0";"";"1";"-1";"0";"1";"-1";"-1";"1";"";"-1";"1";"0";"1";"50"
"202400001747";"4";"AMADE  (ROND POINT)";"0";"";"2";"4";"0";"2";"-1";"-1";"1";"";"-1";"1";"0";"1";"50"
"202400001748";"2";"PETIT HAVRE (SECTEUR)";"0";"";"2";"2";"0";"1";"-1";"-1";"1";"";"-1";"1";"0";"1";"70"
"202400001749";"4";"LOUILLOT (RUE DE)";"0";"";"2";"2";"1";"1";"-1";"-1";"1";"";"-1";"1";"0";"1";"30"
"202400001750";"6";"HERMINIER GARE MARITIME QUAI";"0";"";"-1";"0";"0";"1";"0";"0";"1";"";"-1";"1";"0";"1";"30"
"202400001751";"3";"ROCADE RD 446";"0";"";"2";"2";"0";"1";"6";"200";"1";"";"-1";"1";"0";"1";"90"
"202400001752";"4";"BONNEFONS (RUE JEAN)";"0";"";"1";"1";"1";"1";"-1";"-1";"1";"";"-1";"1";"0";"1";"30"
"202400001753";"4";"CHANGE (PLACE DU)";"0";"";"4";"1";"3";"1";"0";"1";"1";"";"-1";"1";"0";"1";"20"
"202400001754";"4";"VEIL (IMPASSE SIMONE)";"0";"";"2";"2";"0";"1";"-1";"-1";"1";"";"-1";"2";"9";"8";"50"
"202400001755";"4";"DECUGIS (AVENUE ALFRED)";"0";"";"3";"2";"0";"1";"-1";"0";"1";"";"-1";"1";"0";"1";"70"
"202400001756";"4";"DUMAND ( AUGUSTE )";"0";"";"2";"2";"0";"1";"-1";"-1";"1";"";"-1";"1";"0";"1";"50"
"202400001757";"4";"MICHELET (AVENUE)";"0";"";"2";"2";"0";"1";"-1";"-1";"2";"";"-1";"2";"0";"1";"50"
"202400001758";"4";"CORBIE (RUE DE)";"0";"";"2";"2";"0";"1";"-1";"-1";"1";"";"5,5";"1";"0";"1";"50"
"202400001759";"4";"CHAUMIERE";"0";"";"1";"2";"0";"1";"0";"0";"1";"";"-1";"1";"0";"1";"30"
"202400001759";"4";"PREFECTURE";"0";"";"1";"1";"0";"1";"0";"0";"1";"";"-1";"1";"0";"1";"50"
"202400001760";"4";"FOREZ (AVENUE DU)";"0";"";"1";"2";"0";"1";"-1";"-1";"1";"";"-1";"1";"0";"1";"50"
"202400001760";"4";"MADELEINE (AVENUE DE LA)";"0";"";"2";"0";"0";"1";"-1";"-1";"1";"";"-1";"1";"0";"1";"50"
"202400001761";"4";"BOURBONNAIS (RUE DU )";"0";"";"-1";"2";"0";"2";"0";"0";"3";"";"-1";"1";"9";"8";"30"
"202400001762";"4";"";"0";"";"2";"2";"0";"2";"-1";"-1";"1";"";"-1";"2";"0";"1";"30"
"202400001763";"4";"CINEMA CGR (PARKING)";"0";"";"-1";"-1";"0";"1";"-1";"-1";"1";"";"-1";"1";"9";"1";"30"
"202400001763";"4";"ZEDE (RUE  GUSTAVE )";"0";"";"2";"2";"0";"2";"-1";"-1";"1";"";"-1";"1";"0";"1";"30"
"202400001764";"4";"JUIN (AVENUE DU MARECHAL 22 ET 23 A FIN)";"0";"";"1";"1";"2";"1";"-1";"-1";"1";"";"-1";"1";"-1";"4";"30"
"202400001765";"3";"MARNE VPN (ROUTE DE LA)";"0";"";"3";"0";"0";"1";"2";"15";"1";"";"0";"1";"0";"1";"90"
"202400001766";"4";"";"0";"";"2";"4";"0";"1";"-1";"-1";"1";"";"-1";"1";"0";"1";"50"
"202400001766";"4";"";"0";"";"2";"2";"2";"2";"-1";"-1";"1";"";"-1";"1";"2";"1";"50"
"202400001767";"3";"DEPARTEMENTAL 17";"0";"";"2";"2";"0";"2";"19";"440";"2";"";"4";"1";"0";"3";"80"
"202400001768";"3";"346 (RD - VERS CH MAILLOT)";"0";"";"2";"2";"0";"1";"1";"160";"3";"";"7";"1";"0";"3";"50"
"202400001768";"3";"906 (RD)";"0";"";"1";"2";"0";"1";"17";"650";"2";"";"7";"1";"0";"3";"50"
"202400001769";"2";"RN3 (ROUTE NATIONALE)";"0";"";"2";"3";"0";"1";"16";"980";"1";"";"10,5";"2";"0";"1";"90"
"202400001770";"4";"CARNOT (RUE DU PRESIDENT) PAIR";"0";"";"2";"2";"0";"1";"1";"0";"1";"";"-1";"1";"0";"1";"50"
"202400001770";"4";"FRANCOIS 1ER (RUE)";"0";"";"1";"2";"0";"1";"1";"0";"1";"";"-1";"1";"0";"1";"50"
"202400001771";"4";"REPUBLIQUE (RUE DE LA)";"0";"";"2";"2";"0";"1";"-1";"-1";"1";"";"-1";"1";"0";"1";"30"
"202400001772";"3";"BECQUET DE HAUT (RUE)";"0";"";"2";"2";"0";"2";"-1";"-1";"1";"";"-1";"1";"0";"1";"50"
"202400001772";"3";"BECQUET (RUE DU)";"0";"";"2";"2";"1";"1";"-1";"-1";"1";"";"-1";"1";"0";"1";"50"
"202400001773";"4";"MINIMES (RUE DES)";"0";"";"2";"1";"0";"1";"-1";"-1";"1";"";"-1";"1";"0";"1";"30"
"202400001774";"3";"SALINE (BOULEVARD DE LA)";"0";"";"3";"6";"0";"1";"29";"670";"1";"";"-1";"1";"0";"1";"70"
"202400001775";"4";"HOCHE (RUE) N° PAIRS 46 ET >";"0";"";"1";"2";"1";"1";"-1";"-1";"1";"";"-1";"1";"0";"1";"50"
"202400001775";"4";"KLEBER (RUE)";"0";"";"2";"2";"1";"1";"-1";"-1";"1";"";"-1";"1";"0";"1";"50"
"202400001776";"4";"FOEDRE (RUE DE LA)";"0";"";"2";"2";"0";"1";"-1";"-1";"1";"";"-1";"1";"0";"1";"50"
"202400001776";"4";"VINDITS (RUE DES)";"0";"";"2";"2";"0";"1";"-1";"-1";"1";"";"-1";"1";"0";"1";"50"
"202400001777";"4";"TOUSSAINT RUE ET IMPASSE";"0";"";"2";"2";"0";"1";"1";"0";"1";"";"-1";"1";"0";"1";"30"
"202400001778";"4";"BRAILLE LOUIS (RUE)";"0";"";"2";"2";"0";"1";"-1";"-1";"1";"";"-1";"1";"0";"1";"50"
"202400001778";"4";"PAVOINE PIERRE (RUE)";"0";"";"2";"2";"0";"1";"-1";"-1";"1";"";"-1";"1";"0";"1";"50"
"202400001779";"4";"MOULIN PONT ET PLACE";"0";"";"-1";"4";"0";"1";"-1";"-1";"1";"";"-1";"1";"0";"1";"50"
"202400001779";"4";"RAMON BOULEVARD";"0";"";"3";"6";"0";"1";"-1";"-1";"1";"";"-1";"1";"0";"1";"50"
"202400001780";"4";"DE LATTRE DE TASSIGNY (BLD DU MARECHAL)";"0";"";"2";"2";"0";"1";"-1";"-1";"1";"";"-1";"1";"0";"1";"50"
"202400001780";"4";"";"-1";"";"2";"-1";"0";"1";"-1";"-1";"1";"";"-1";"1";"5";"1";"-1"
"202400001781";"4";"JEAN JAURES (Avenue)  ";"0";"";"2";"3";"0";"1";"0";"0";"1";"";"-1";"1";"0";"1";"50"
"202400001781";"4";"JEAN JAURES (Avenue)  ";"0";"";"2";"2";"0";"1";"0";"0";"1";"";"-1";"1";"0";"1";"500"
"202400001782";"4";"REMPART SAINT PIERRE";"0";"";"1";"2";"0";"2";"-1";"-1";"1";"";"-1";"1";"0";"1";"50"
"202400001783";"4";"AMBERT (RUE D')";"0";"";"2";"2";"2";"1";"-1";"-1";"1";"";"-1";"1";"0";"5";"50"
"202400001783";"4";"";"-1";"";"3";"2";"1";"1";"-1";"-1";"1";"";"-1";"1";"0";"1";"50"
"202400001784";"4";"CHAMPOLLION                         (IM)";"0";"";"2";"2";"0";"1";"-1";"-1";"1";"";"-1";"1";"0";"1";"50"
"202400001784";"4";"DAUPHINE (DU)                       (AV)";"0";"";"2";"2";"0";"1";"-1";"-1";"1";"";"-1";"1";"0";"1";"50"
"202400001785";"4";"GENERAL DE GAULLE (AVENUE DU)";"0";"";"2";"2";"2";"1";"-1";"-1";"1";"";"-1";"1";"2";"1";"50"
"202400001786";"7";"LECLERC (RUE MARECHAL)";"0";"";"2";"2";"0";"1";"22";"430";"2";"";"-1";"1";"0";"1";"50"
"202400001786";"7";"";"-1";"";"2";"2";"-1";"2";"-1";"-1";"1";"";"-1";"1";"0";"1";"-1"
"202400001787";"4";"";"0";"";"1";"2";"2";"1";"-1";"-1";"1";"";"-1";"1";"8";"1";"50"
"202400001787";"4";"";"0";"";"2";"2";"0";"1";"-1";"-1";"1";"";"-1";"1";"8";"1";"50"
"202400001788";"4";"SAND (RUE GEORGE)";"0";"";"2";"2";"0";"1";"0";"0";"1";"";"-1";"1";"0";"1";"50"
"202400001789";"3";"JOUX (avenue de)";"0";"";"2";"2";"0";"1";"19";"200";"1";"";"-1";"2";"0";"1";"70"
"202400001790";"7";"JAURES (COURS J. 1 A 48-75)";"0";"";"2";"4";"0";"1";"92";"375";"1";"";"-1";"1";"0";"1";"50"
"202400001791";"4";"ALDUY (Paul)";"0";"";"2";"2";"0";"2";"-1";"-1";"1";"";"-1";"1";"0";"8";"50"
"202400001791";"4";"BOUALAM AVENUE BACHAGA";"0";"";"1";"2";"3";"2";"-1";"-1";"1";"";"-1";"1";"0";"1";"30"
"202400001792";"4";"PORT CORDON (RUE)";"0";"";"2";"2";"0";"1";"-1";"-1";"2";"";"-1";"1";"0";"1";"50"
"202400001792";"4";"PRIEURE (AVENUE DU)";"0";"";"2";"2";"0";"1";"-1";"-1";"2";"";"-1";"1";"5";"1";"50"
"202400001793";"4";"COMBANAIRE";"0";"";"2";"2";"0";"1";"-1";"-1";"2";"";"-1";"1";"0";"1";"50"
"202400001793";"4";"";"-1";"";"2";"2";"-1";"1";"-1";"-1";"1";"";"-1";"1";"0";"1";"50"
"202400001794";"3";"DASSAULT MARCEL (BD)";"0";"";"2";"3";"0";"1";"14";"50";"1";"";"9";"1";"0";"1";"70"
"202400001795";"4";"";"0";"";"1";"3";"0";"1";"-1";"-1";"1";"";"-1";"1";"0";"1";"30"
"202400001796";"4";"MONNAIE ( DE LA)";"0";"";"1";"1";"2";"2";"-1";"-1";"1";"";"-1";"2";"6";"5";"30"
"202400001796";"4";"";"-1";"";"2";"4";"1";"1";"-1";"-1";"2";"";"-1";"2";"0";"5";"30"
"202400001797";"3";"MAES (AV. ALFRED )";"0";"";"2";"3";"3";"1";"23";"500";"1";"";"-1";"1";"0";"1";"50"
"202400001798";"4";"GROS MALHON (AVENUE)";"0";"";"3";"3";"3";"1";"-1";"-1";"1";"";"-1";"1";"0";"1";"50"
"202400001799";"4";"VINFIL";"0";"";"2";"1";"0";"1";"-1";"-1";"1";"";"-1";"2";"0";"8";"50"
"202400001800";"4";"ANJOU (RUE D')";"0";"";"2";"1";"0";"1";"-1";"-1";"2";"";"-1";"1";"0";"1";"50"
"202400001801";"4";"SYRACUSE (RUE DE)";"0";"";"1";"1";"0";"1";"-1";"-1";"1";"";"-1";"1";"0";"1";"50"
"202400001801";"4";"ZUCCARELLI (PONT JEAN)";"0";"";"3";"4";"0";"1";"-1";"-1";"1";"";"-1";"1";"0";"1";"50"
"202400001802";"4";"BD DES FRERES MOGA";"0";"";"2";"4";"0";"1";"-1";"-1";"3";"";"-1";"1";"1";"1";"50"
"202400001803";"7";"";"0";"";"2";"2";"0";"1";"4";"400";"1";"";"-1";"1";"0";"1";"50"
"202400001804";"7";"COLBERT RUE";"0";"";"2";"2";"0";"1";"26";"400";"1";"";"-1";"1";"9";"1";"80"
"202400001805";"4";"AVE DE PARIS";"0";"";"2";"2";"0";"1";"-1";"-1";"1";"";"-1";"1";"0";"1";"50"
"202400001806";"4";"BORNY (ROUTE DE )";"0";"";"2";"2";"0";"2";"0";"0";"1";"";"-1";"1";"0";"1";"30"
"202400001807";"4";"AVE DE LAROQUE";"0";"";"2";"4";"3";"1";"-1";"-1";"1";"";"-1";"1";"5";"1";"50"
"202400001808";"4";"";"-1";"";"1";"-1";"-1";"1";"-1";"-1";"1";"";"-1";"1";"5";"8";"50"
"202400001808";"4";"VERDUN (CRS DE)";"0";"";"2";"2";"0";"1";"-1";"-1";"1";"";"-1";"1";"6";"1";"50"
"202400001809";"2";"165";"0";"";"3";"4";"0";"1";"46";"1";"1";"";"-1";"2";"0";"1";"90"
"202400001810";"7";"RTE DE SEYSSES";"0";"";"2";"2";"0";"1";"32";"3 800";"1";"";"-1";"1";"8";"1";"50"
"202400001811";"4";"";"0";"";"1";"2";"1";"1";"-1";"-1";"2";"";"-1";"2";"5";"1";"50"
"202400001812";"4";"GARY ROMAIN";"0";"";"2";"2";"0";"1";"-1";"-1";"1";"";"-1";"1";"0";"1";"50"
"202400001812";"4";"ONZE NOVEMBRE 1918";"0";"";"2";"2";"0";"1";"-1";"-1";"1";"";"-1";"1";"0";"1";"50"
"202400001813";"4";"";"0";"";"2";"2";"0";"1";"-1";"-1";"1";"";"-1";"2";"5";"1";"30"
"202400001813";"4";"";"0";"";"2";"2";"0";"4";"-1";"-1";"1";"";"-1";"2";"5";"1";"30"
"202400001814";"2";"TEIL (Route du)";"0";"";"2";"2";"0";"1";"2";"150";"1";"";"5,5";"1";"0";"1";"70"
"202400001815";"4";"BAS CHATEAU (RUE DU)";"0";"";"2";"2";"0";"2";"-1";"-1";"1";"";"-1";"1";"0";"4";"30"
"202400001815";"4";"DOMMARTEMONT (RUE DE)";"0";"";"2";"2";"0";"2";"-1";"-1";"1";"";"-1";"1";"0";"4";"30"
"202400001816";"4";"";"-1";"";"1";"-1";"-1";"1";"-1";"-1";"1";"";"-1";"1";"5";"1";"50"
"202400001816";"4";"";"0";"";"-1";"2";"0";"1";"-1";"-1";"1";"";"-1";"1";"0";"1";"50"
"202400001817";"3";"GRAY ROUTE DE";"0";"";"1";"2";"1";"1";"0";"0";"2";"";"4";"1";"0";"1";"50"
"202400001818";"4";"MARIN LA MESLEE (RUE)";"0";"";"2";"0";"0";"1";"-1";"-1";"1";"";"-1";"1";"0";"1";"50"
"202400001818";"4";"POMMERY (BOULEVARD)";"0";"";"2";"0";"1";"1";"-1";"-1";"1";"";"-1";"1";"0";"6";"50"
"202400001819";"4";"JEANNE D'ARC (BOULEVARD)";"0";"";"2";"2";"0";"1";"-1";"-1";"1";"";"-1";"1";"-1";"1";"50"
"202400001819";"4";"JEANNE D'ARC (BOULEVARD)";"0";"";"2";"2";"0";"2";"-1";"-1";"1";"";"-1";"1";"0";"1";"50"
"202400001820";"2";"MALRAUX (ROND POINT ANDRE)";"0";"";"1";"1";"0";"1";"52";"370";"2";"";"-1";"2";"5";"1";"50"
"202400001820";"2";"R N 13";"0";"";"3";"0";"0";"1";"-1";"-1";"1";"";"0";"2";"0";"1";"90"
"202400001821";"3";"MIRANDA DE EBRO (RUE )";"0";"";"2";"1";"0";"1";"-1";"-1";"1";"";"-1";"1";"0";"1";"50"
"202400001821";"3";"NATION (BOULEVARD DE LA)";"0";"";"4";"0";"0";"1";"7";"150";"3";"";"-1";"1";"9";"1";"50"
"202400001822";"4";"CLAUDE MONET (avenue)";"0";"";"2";"2";"0";"1";"551";"0";"1";"";"-1";"1";"0";"1";"50"
"202400001823";"4";"ROMAIN ROLLAND (BOULEVARD)";"0";"";"2";"2";"0";"1";"0";"0";"1";"";"-1";"1";"0";"1";"50"
"202400001824";"3";"BRETON (RUE DU)";"0";"";"2";"2";"0";"1";"33";"564";"1";"";"7";"2";"0";"1";"50"
"202400001824";"3";"";"-1";"";"2";"-1";"-1";"1";"-1";"-1";"1";"";"-1";"2";"0";"1";"-1"
"202400001825";"4";"Min (avenue du)";"0";"";"3";"4";"0";"1";"0";"0";"1";"";"-1";"1";"0";"1";"50"
"202400001826";"4";"BIRGE BOULEVARD";"0";"";"2";"5";"0";"1";"-1";"-1";"1";"";"-1";"1";"0";"1";"50"
"202400001826";"4";"DAGUENET";"0";"";"2";"2";"2";"1";"-1";"-1";"1";"";"-1";"1";"0";"1";"50"
"202400001827";"4";"L ARMEE D AFRIQUE (CHEMIN DE L')";"0";"";"2";"2";"0";"1";"0";"0";"1";"";"-1";"1";"0";"4";"50"
"202400001828";"4";"BD DES LICES";"0";"";"2";"2";"0";"1";"1";"0";"1";"";"-1";"1";"0";"1";"50"
"202400001829";"4";"BRISEPOTIERE";"0";"";"2";"2";"0";"1";"-1";"-1";"1";"";"-1";"1";"0";"1";"50"
"202400001830";"4";"GENERAL DE GAULLE (RUE DU)";"0";"";"2";"1";"0";"1";"-1";"-1";"1";"";"3,5";"1";"0";"1";"50"
"202400001831";"4";"CHARMILLES (MAIL DES)";"0";"";"1";"2";"0";"1";"-1";"-1";"2";"";"-1";"1";"9";"1";"50"
"202400001831";"4";"pont fortier";"0";"";"2";"2";"0";"1";"-1";"-1";"1";"";"-1";"1";"0";"1";"50"
"202400001832";"4";"TONNER (AVENUE FRANCIS)";"0";"";"3";"3";"0";"1";"0";"120";"1";"";"-1";"1";"0";"1";"30"
"202400001833";"2";"PERIPHERIQUE";"0";"";"3";"4";"0";"2";"27";"495";"2";"";"-1";"2";"0";"8";"70"
"202400001834";"4";"PORTE DE PANTIN";"0";"";"1";"4";"0";"1";"27";"100";"1";"";"-1";"1";"0";"1";"70"
"202400001835";"4";"COURS DES 50 OTAGES";"0";"";"2";"3";"3";"1";"-1";"-1";"1";"";"-1";"2";"6";"1";"30"
"202400001836";"4";"BOULEVARD SAINT MARCEL";"0";"";"-1";"2";"0";"1";"-1";"-1";"1";"";"-1";"1";"0";"1";"30"
"202400001836";"4";"";"-1";"";"1";"-1";"-1";"1";"-1";"-1";"1";"";"-1";"1";"0";"1";"30"
"202400001837";"4";"";"-1";"";"1";"-1";"-1";"1";"-1";"-1";"1";"";"-1";"1";"0";"8";"30"
"202400001837";"4";"RUE DES PYRENEES";"0";"";"-1";"2";"3";"2";"-1";"-1";"1";"";"-1";"1";"0";"8";"30"
"202400001838";"3";"OUEST  (BD)";"0";"";"3";"4";"0";"1";"5";"130";"1";"";"-1";"2";"0";"3";"70"
"202400001839";"4";"BOULEVARD DES BATIGNOLLES";"0";"";"1";"3";"3";"1";"-1";"-1";"1";"";"-1";"1";"8";"1";"30"
"202400001839";"4";"";"-1";"";"1";"-1";"-1";"1";"-1";"-1";"1";"";"-1";"1";"0";"1";"30"
"202400001840";"4";"FIGAIRASSE (RUE DE LA)";"0";"";"2";"2";"0";"1";"-1";"-1";"1";"";"-1";"1";"0";"1";"30"
"202400001841";"4";"BOULEVARD DES BATIGNOLLES";"0";"";"1";"2";"3";"1";"-1";"-1";"1";"";"-1";"1";"0";"6";"30"
"202400001841";"4";"";"-1";"";"1";"-1";"-1";"1";"-1";"-1";"1";"";"-1";"1";"0";"1";"30"
"202400001842";"4";"";"-1";"";"1";"-1";"-1";"1";"-1";"-1";"1";"";"-1";"1";"0";"1";"30"
"202400001842";"4";"RUE BOIS LE VENT";"0";"";"1";"1";"0";"1";"-1";"-1";"1";"";"-1";"1";"0";"1";"30"
"202400001843";"4";"JEU DE MAIL DES ABBES (RUE DU)";"0";"";"2";"2";"0";"1";"-1";"-1";"1";"";"-1";"1";"0";"1";"30"
"202400001843";"4";"SAINT LAZARE (AVENUE DE)";"0";"";"2";"2";"0";"1";"-1";"-1";"1";"";"-1";"1";"0";"1";"30"
"202400001844";"4";"";"-1";"";"1";"-1";"-1";"1";"-1";"-1";"1";"";"-1";"1";"0";"1";"30"
"202400001844";"4";"PLACE DU TROCADERO ET DU 11 NOVEMBRE";"0";"";"1";"2";"0";"1";"-1";"-1";"3";"";"-1";"1";"0";"1";"30"
"202400001845";"4";"AVE DE FONCASTEL";"0";"";"2";"2";"1";"1";"-1";"-1";"1";"";"-1";"2";"0";"1";"30"
"202400001845";"4";"";"-1";"";"2";"-1";"-1";"1";"-1";"-1";"1";"";"-1";"1";"0";"1";"-1"
"202400001846";"4";"AVENUE DE LA PORTE DE CHATILLON";"0";"";"1";"8";"1";"1";"-1";"-1";"1";"";"-1";"1";"2";"5";"30"
"202400001846";"4";"PORTE DE CHATILLON";"0";"";"1";"2";"0";"2";"-1";"-1";"1";"";"-1";"1";"2";"5";"30"
"202400001847";"4";"BOULEVARD JOURDAN";"0";"";"2";"6";"1";"2";"-1";"-1";"1";"";"-1";"1";"0";"5";"50"
"202400001847";"4";"";"-1";"";"2";"-1";"-1";"1";"-1";"-1";"1";"";"-1";"1";"0";"5";"50"
"202400001848";"4";"BD GODARD";"0";"";"3";"4";"3";"1";"-1";"-1";"1";"";"-1";"1";"5";"8";"50"
"202400001848";"4";"";"-1";"";"2";"-1";"-1";"1";"-1";"-1";"1";"";"-1";"1";"5";"1";"-1"
"202400001849";"3";"D 8";"0";"";"-1";"3";"0";"1";"8";"642";"1";"";"10,5";"1";"0";"1";"80"
"202400001850";"3";"LEBON PHILIPPE  ROND POINT";"0";"";"1";"3";"0";"1";"0";"0";"1";"";"10,5";"2";"0";"1";"50"
"202400001851";"4";"maison blanche (rond point)";"0";"";"2";"2";"1";"1";"-1";"-1";"2";"";"-1";"2";"9";"1";"50"
"202400001851";"4";"QUIMPER ( RUE DE)";"0";"";"2";"2";"1";"1";"-1";"-1";"1";"";"-1";"2";"9";"1";"50"
"202400001852";"4";"MALATE  CHEMIN DE LA";"0";"";"-1";"2";"0";"1";"-1";"-1";"1";"";"5,5";"1";"0";"1";"70"
"202400001853";"4";"ALVITRE (AVENUE ABBE)";"0";"";"2";"2";"0";"1";"-1";"-1";"1";"";"-1";"1";"0";"1";"50"
"202400001854";"4";"LAMY (BD FRANCK)";"0";"";"2";"2";"0";"1";"-1";"-1";"1";"";"-1";"1";"0";"1";"30"
"202400001855";"3";"PALMYRE (AVENUE DE LA)";"0";"";"2";"2";"0";"1";"27";"1 370";"3";"";"6";"1";"0";"5";"70"
"202400001856";"4";"OUISTREHAM (ANCIENNE ROUTE DE)";"0";"";"1";"2";"0";"2";"-1";"-1";"1";"";"-1";"1";"0";"1";"50"
"202400001857";"4";"GRIGNAN (RUE)";"0";"";"1";"1";"0";"1";"-1";"-1";"1";"";"-1";"1";"0";"1";"50"
"202400001857";"4";"PARADIS (RUE)";"0";"";"2";"2";"2";"1";"-1";"-1";"1";"";"-1";"1";"0";"1";"50"
"202400001858";"4";"PONT DE VIVAUX (BOULEVARD)";"0";"";"2";"2";"0";"1";"1 328";"0";"3";"";"-1";"1";"0";"1";"50"
"202400001859";"4";"CLOVIS HUGUES (RUE)";"0";"";"2";"2";"0";"1";"0";"0";"1";"";"-1";"1";"0";"1";"50"
"202400001859";"4";"GUIBAL (RUE)";"0";"";"2";"2";"0";"2";"0";"0";"1";"";"-1";"1";"0";"1";"30"
"202400001860";"4";"LIANDIER (RUE)";"0";"";"1";"1";"0";"4";"0";"0";"1";"";"-1";"1";"0";"1";"50"
"202400001860";"4";"ROUET (RUE DU)";"0";"";"1";"1";"0";"1";"0";"0";"1";"";"-1";"1";"0";"1";"50"
"202400001861";"3";"D.5";"0";"";"1";"2";"0";"1";"33";"0";"1";"";"-1";"1";"0";"1";"90"
"202400001862";"3";"AVENUE DE LA GARE";"0";"";"2";"2";"0";"1";"0";"0";"1";"";"4";"1";"0";"1";"30"
"202400001863";"9";"BELLEC MAURICE (RTE DU COLONEL)";"0";"";"2";"2";"0";"1";"0";"0";"1";"";"-1";"1";"0";"1";"50"
"202400001864";"4";"";"0";"";"2";"4";"0";"1";"-1";"-1";"1";"";"-1";"1";"0";"1";"50"
"202400001865";"4";"MARNE (RUE)";"0";"";"2";"2";"0";"1";"-1";"-1";"1";"";"-1";"1";"0";"4";"30"
"202400001866";"4";"Jean MOULIN (Rue)";"0";"";"2";"2";"0";"1";"0";"0";"2";"";"-1";"1";"0";"1";"50"
"202400001866";"4";"REPUBLIQUE (AV. DE LA) [DU N° AU N°]";"0";"";"2";"2";"0";"1";"0";"0";"2";"";"-1";"1";"0";"1";"50"
"202400001867";"4";"BRAILLE (BD LOUIS)";"0";"";"2";"2";"0";"1";"1";"0";"1";"";"-1";"1";"0";"1";"50"
"202400001868";"4";"BOULEVARD ROMAIN ROLLAND";"0";"";"1";"2";"0";"1";"-1";"-1";"1";"";"-1";"1";"0";"1";"30"
"202400001869";"4";"FAURE. RUE FELIX";"0";"";"2";"2";"0";"1";"-1";"-1";"1";"";"-1";"1";"0";"1";"50"
"202400001869";"4";"HOPITAL LECALLIER LERICHE";"0";"";"2";"2";"0";"1";"-1";"-1";"1";"";"-1";"1";"0";"1";"50"
"202400001870";"4";"CANTEPERDRIX (CHEMIN DE)";"0";"";"2";"1";"0";"2";"1";"0";"1";"";"-1";"1";"9";"1";"50"
"202400001871";"4";"";"-1";"";"2";"-1";"-1";"1";"-1";"-1";"1";"";"-1";"1";"0";"1";"30"
"202400001871";"4";"RUE WATT";"0";"";"-1";"-1";"0";"1";"-1";"-1";"1";"";"-1";"1";"0";"1";"30"
"202400001872";"4";"BASTIE. AVENUE MARYSE";"0";"";"2";"2";"0";"1";"-1";"-1";"2";"";"-1";"1";"4";"6";"50"
"202400001872";"4";"SAINT JUST. PERIPHERIQUE";"0";"";"2";"2";"3";"1";"-1";"-1";"1";"";"-1";"1";"4";"6";"50"
"202400001873";"2";"GAP (ROUTE DE   RN94)";"0";"";"2";"2";"0";"1";"155";"560";"1";"";"7";"1";"0";"1";"70"
"202400001874";"3";"542";"-1";"";"2";"2";"0";"1";"21";"0";"1";"";"5,5";"5";"0";"8";"80"
"202400001874";"3";"546";"-1";"";"2";"2";"0";"1";"4";"70";"3";"";"5,5";"5";"0";"8";"80"
"202400001875";"4";"BOULEVARD VOLTAIRE";"0";"";"2";"4";"1";"1";"-1";"-1";"1";"";"-1";"1";"0";"1";"30"
"202400001875";"4";"IMPASSE DELEPINE";"0";"";"1";"1";"0";"1";"-1";"-1";"1";"";"-1";"1";"0";"1";"30"
"202400001876";"4";"";"0";"";"2";"2";"0";"1";"-1";"-1";"1";"";"-1";"2";"0";"1";"50"
"202400001877";"4";"PORTE D ORLEANS";"0";"";"1";"4";"0";"1";"-1";"-1";"1";"";"-1";"1";"0";"1";"70"
"202400001878";"4";"";"-1";"";"2";"-1";"-1";"1";"-1";"-1";"1";"";"-1";"1";"0";"1";"30"
"202400001878";"4";"PLACE SAINT AUGUSTIN";"0";"";"2";"4";"1";"1";"-1";"-1";"1";"";"-1";"1";"0";"1";"30"
"202400001879";"3";"166";"0";"D";"2";"2";"0";"1";"34";"800";"2";"";"7";"8";"0";"1";"80"
"202400001880";"4";"";"-1";"";"2";"2";"-1";"1";"-1";"-1";"1";"";"-1";"1";"4";"1";"-1"
"202400001881";"3";"274";"0";"";"1";"0";"0";"1";"0";"0";"1";"";"-1";"1";"9";"5";"50"
"202400001882";"4";"PORTE DES LILAS";"0";"";"1";"4";"0";"1";"26";"700";"1";"";"-1";"1";"0";"1";"70"
"202400001883";"3";"";"-1";"";"2";"2";"-1";"1";"-1";"-1";"1";"";"-1";"1";"0";"1";"-1"
"202400001883";"3";"";"-1";"";"2";"2";"-1";"1";"1";"900";"1";"";"-1";"1";"0";"1";"-1"
"202400001884";"3";"257";"0";"";"2";"2";"0";"2";"0";"0";"1";"";"7";"1";"0";"1";"50"
"202400001884";"3";"";"0";"";"1";"1";"0";"1";"0";"0";"1";"";"7";"1";"0";"1";"50"
"202400001885";"3";"5";"0";"";"3";"4";"0";"2";"0";"0";"2";"";"-1";"1";"0";"1";"50"
"202400001886";"4";"13";"0";"D";"2";"2";"0";"1";"-1";"-1";"1";"";"-1";"1";"0";"1";"50"
"202400001887";"4";"AVENUE DE LA PORTE DE CHOISY";"0";"";"1";"3";"2";"1";"-1";"-1";"1";"";"-1";"1";"0";"1";"50"
"202400001887";"4";"RUE CHARLES LEROY";"0";"";"2";"4";"3";"1";"-1";"-1";"1";"";"-1";"1";"0";"1";"50"
"202400001888";"3";"23";"0";"";"2";"2";"0";"1";"86";"250";"1";"";"5,5";"1";"0";"1";"50"
"202400001888";"3";"";"-1";"";"2";"-1";"-1";"1";"-1";"-1";"1";"";"-1";"1";"0";"1";"-1"
"202400001889";"4";"";"0";"";"1";"1";"0";"1";"0";"0";"1";"";"-1";"1";"0";"1";"30"
"202400001890";"4";"PORTE DE LA VILLETTE";"0";"";"1";"4";"0";"1";"24";"700";"1";"";"-1";"1";"0";"1";"70"
"202400001891";"6";"";"0";"";"-1";"-1";"0";"1";"-1";"-1";"1";"";"-1";"1";"0";"1";"50"
"202400001892";"4";"";"0";"";"2";"2";"0";"1";"0";"0";"1";"";"-1";"1";"0";"1";"50"
"202400001893";"4";"BOULEVARD DE COURCELLES";"0";"";"2";"3";"0";"1";"-1";"-1";"1";"";"-1";"1";"0";"1";"30"
"202400001894";"3";"14";"0";"D";"2";"2";"0";"1";"17";"800";"2";"";"-1";"1";"0";"1";"80"
"202400001895";"4";"";"0";"";"2";"2";"0";"1";"0";"0";"1";"";"-1";"1";"8";"1";"50"
"202400001896";"3";"314";"0";"";"2";"1";"0";"2";"7";"900";"3";"";"3";"1";"0";"3";"80"
"202400001897";"4";"RUE DESCOMBES";"0";"";"1";"-1";"0";"1";"-1";"-1";"1";"";"-1";"1";"0";"4";"30"
"202400001898";"4";"RUE EDOUARD BELIN";"0";"";"2";"2";"0";"1";"-1";"-1";"1";"";"-1";"1";"0";"1";"50"
"202400001899";"3";"116";"0";"";"2";"2";"0";"1";"1";"0";"1";"";"-1";"1";"0";"1";"50"
"202400001900";"4";"AVENUE DE LA GRANDE ARMEE";"0";"";"1";"4";"2";"2";"-1";"-1";"1";"";"-1";"1";"0";"1";"50"
"202400001900";"4";"";"-1";"";"1";"-1";"-1";"1";"-1";"-1";"1";"";"-1";"1";"1";"1";"-1"
"202400001901";"3";"797";"0";"D";"2";"2";"0";"2";"9";"343";"1";"";"7";"2";"0";"1";"50"
"202400001902";"3";"902";"0";"";"2";"2";"0";"1";"0";"0";"1";"";"-1";"1";"0";"1";"50"
"202400001902";"3";"";"0";"";"1";"1";"0";"1";"0";"0";"1";"";"-1";"1";"0";"1";"50"
"202400001903";"9";"37";"0";"X";"2";"2";"0";"2";"-1";"-1";"1";"";"-1";"1";"0";"1";"50"
"202400001903";"9";"";"-1";"";"2";"2";"0";"2";"-1";"-1";"1";"";"-1";"1";"0";"1";"50"
"202400001904";"4";"AVENUE DE LA GRANDE ARMEE";"0";"";"2";"8";"1";"1";"-1";"-1";"1";"";"-1";"1";"0";"1";"30"
"202400001904";"4";"null";"-1";"null";"1";"-1";"-1";"1";"-1";"-1";"1";"";"-1";"1";"0";"1";"30"
"202400001905";"4";"";"0";"";"2";"2";"0";"2";"0";"0";"1";"";"-1";"1";"0";"1";"50"
"202400001906";"3";"837";"0";"D";"2";"2";"0";"1";"16";"500";"1";"";"5";"2";"0";"1";"50"
"202400001907";"4";"RUE CHARDON LAGACHE";"0";"";"1";"1";"0";"1";"-1";"-1";"1";"";"-1";"1";"0";"1";"30"
"202400001908";"4";"";"-1";"";"3";"3";"2";"2";"-1";"-1";"3";"";"-1";"1";"5";"1";"50"
"202400001909";"3";"EDOUARD BRANLY (RUE)";"0";"";"1";"2";"0";"1";"1";"0";"1";"";"5";"1";"0";"1";"50"
"202400001909";"3";"PARIS (RUE DE)";"0";"";"-1";"2";"1";"1";"1";"0";"1";"";"5";"1";"0";"1";"50"
"202400001910";"4";"RUE SAINT DIDIER";"0";"";"-1";"1";"0";"2";"-1";"-1";"1";"";"-1";"1";"0";"1";"30"
"202400001911";"4";"";"-1";"";"2";"3";"2";"1";"-1";"-1";"1";"";"-1";"1";"5";"1";"50"
"202400001912";"4";"";"0";"";"1";"2";"0";"1";"0";"0";"1";"";"-1";"1";"9";"1";"50"
"202400001912";"4";"";"0";"";"2";"2";"0";"1";"0";"0";"1";"";"-1";"1";"0";"1";"50"
"202400001913";"4";"RUE DE L AMIRAL MOUCHEZ";"0";"";"1";"2";"0";"1";"-1";"-1";"1";"";"-1";"1";"0";"1";"30"
"202400001914";"4";"RUE DE LA CHAPELLE";"0";"";"2";"4";"3";"1";"0";"0";"1";"";"-1";"1";"0";"1";"30"
"202400001914";"4";"RUE DU PRE";"0";"";"2";"2";"0";"1";"0";"0";"1";"";"-1";"1";"0";"1";"30"
"202400001915";"4";"";"-1";"";"2";"-1";"-1";"1";"-1";"-1";"1";"";"-1";"1";"0";"1";"-1"
"202400001915";"4";"RUE AUDUBON";"0";"";"-1";"1";"0";"1";"-1";"-1";"1";"";"-1";"1";"0";"1";"30"
"202400001916";"3";"BROSSOLETTE RUE PIERRE N°3 A 13";"0";"";"2";"2";"0";"1";"0";"1";"1";"";"-1";"1";"0";"8";"50"
"202400001916";"3";"DE GAULLE CARREFOUR CHARLES";"0";"";"-1";"0";"0";"1";"0";"1";"3";"";"-1";"8";"5";"1";"50"
"202400001917";"4";"00";"0";"A";"2";"2";"0";"1";"-1";"-1";"1";"";"3,5";"2";"0";"1";"50"
"202400001918";"4";"AVENUE DAUMESNIL";"0";"";"1";"2";"0";"1";"-1";"-1";"1";"";"-1";"1";"0";"1";"30"
"202400001918";"4";"BOULEVARD SOULT";"0";"";"-1";"2";"0";"1";"-1";"-1";"1";"";"-1";"1";"0";"1";"30"
"202400001919";"3";"VICTOR HUGO (BD)";"0";"";"2";"3";"0";"1";"0";"0";"1";"";"10,5";"1";"0";"4";"30"
"202400001920";"2";"";"-1";"";"3";"6";"0";"2";"26";"688";"2";"";"-1";"1";"2";"1";"70"
"202400001921";"4";"";"-1";"";"2";"2";"0";"1";"-1";"-1";"1";"";"-1";"1";"0";"1";"50"
"202400001922";"3";"PETIT CLAMART (ROND POINT DU)";"0";"";"1";"3";"0";"1";"0";"0";"1";"";"-1";"1";"5";"1";"50"
"202400001923";"4";"BOULEVARD VOLTAIRE";"0";"";"2";"2";"1";"1";"-1";"-1";"1";"";"-1";"1";"0";"1";"30"
"202400001923";"4";"";"-1";"";"2";"-1";"-1";"1";"-1";"-1";"1";"";"-1";"1";"0";"1";"-1"
"202400001924";"4";"";"-1";"";"2";"2";"2";"1";"-1";"-1";"1";"";"-1";"1";"5";"1";"50"
"202400001925";"3";"REINE (ROUTE DE LA) 1/37- 6/80";"0";"";"2";"2";"1";"1";"0";"0";"1";"";"-1";"1";"0";"5";"50"
"202400001926";"4";"RUE LA FAYETTE";"0";"";"2";"2";"0";"1";"-1";"-1";"1";"";"-1";"1";"0";"1";"30"
"202400001926";"4";"RUE LA FAYETTE";"0";"";"2";"2";"1";"1";"-1";"-1";"1";"";"-1";"1";"0";"1";"30"
"202400001927";"4";"QUAI DE JEMMAPES";"0";"";"-1";"1";"0";"2";"-1";"-1";"1";"";"-1";"1";"0";"1";"30"
"202400001927";"4";"RUE LOUIS BLANC";"0";"";"-1";"1";"0";"1";"-1";"-1";"1";"";"-1";"1";"2";"1";"30"
"202400001928";"3";"GRESILLONS ( AVENUE DES  )";"0";"";"2";"2";"0";"1";"0";"0";"2";"";"-1";"1";"0";"1";"50"
"202400001929";"4";"null";"-1";"null";"1";"-1";"-1";"1";"-1";"-1";"1";"";"-1";"2";"0";"1";"30"
"202400001929";"4";"RUE DU FAUBOURG MONTMARTRE";"0";"";"1";"2";"3";"1";"-1";"-1";"1";"";"-1";"2";"0";"1";"30"
"202400001930";"4";"AVENUE GEORGE V";"0";"";"2";"2";"0";"1";"-1";"-1";"1";"";"-1";"2";"0";"1";"30"
"202400001930";"4";"null";"-1";"null";"2";"-1";"-1";"1";"-1";"-1";"1";"";"-1";"2";"0";"1";"30"
"202400001931";"3";"NOYER DORE (AVENUE)";"0";"";"2";"0";"0";"1";"0";"0";"1";"";"-1";"1";"0";"1";"50"
"202400001931";"3";"PRESIDENT KENNEDY (50 A LA FIN)";"0";"";"2";"2";"0";"1";"0";"0";"1";"";"-1";"1";"0";"1";"50"
"202400001932";"4";"QUAI FRANCOIS MITTERRAND";"0";"";"1";"3";"3";"1";"-1";"-1";"1";"";"-1";"1";"0";"1";"30"
"202400001933";"3";"10";"0";"D";"2";"2";"0";"1";"14";"1 413";"1";"";"7";"1";"0";"1";"70"
"202400001934";"4";"RUE DE CASTIGLIONE";"0";"";"2";"2";"0";"1";"-1";"-1";"1";"";"-1";"1";"0";"8";"30"
"202400001934";"4";"RUE DE RIVOLI";"0";"";"1";"2";"1";"1";"-1";"-1";"1";"";"-1";"1";"0";"5";"30"
"202400001935";"4";"";"0";"";"1";"1";"0";"1";"-1";"-1";"1";"";"-1";"1";"0";"1";"50"
"202400001936";"4";"RUE DE CASTIGLIONE";"0";"";"2";"4";"0";"1";"-1";"-1";"1";"";"-1";"1";"0";"5";"30"
"202400001936";"4";"RUE DE RIVOLI";"0";"";"3";"3";"1";"1";"-1";"-1";"1";"";"-1";"1";"0";"5";"30"
"202400001937";"3";"98";"0";"D";"2";"2";"0";"1";"-1";"-1";"3";"";"4";"1";"5";"1";"50"
"202400001937";"3";"";"-1";"";"2";"-1";"-1";"1";"5";"0";"1";"";"-1";"1";"5";"1";"-1"
"202400001938";"3";"5";"0";"";"1";"2";"0";"1";"0";"0";"1";"";"-1";"1";"0";"1";"50"
"202400001939";"4";"";"0";"";"2";"2";"0";"1";"0";"0";"1";"";"-1";"1";"0";"1";"50"
"202400001939";"4";"";"0";"";"2";"2";"0";"1";"0";"0";"1";"";"-1";"1";"0";"6";"50"
"202400001940";"3";"256";"0";"";"3";"2";"0";"1";"0";"0";"1";"";"-1";"1";"0";"1";"50"
"202400001941";"4";"";"-1";"";"1";"1";"1";"1";"-1";"-1";"1";"";"-1";"1";"0";"1";"50"
"202400001941";"4";"StYve";"0";"";"2";"2";"0";"1";"-1";"-1";"1";"";"-1";"1";"0";"1";"50"
"202400001942";"4";"";"0";"";"3";"-1";"0";"1";"0";"0";"1";"";"-1";"1";"0";"1";"50"
"202400001943";"1";"61";"0";"A";"3";"2";"0";"2";"335";"600";"3";"";"10";"1";"2";"8";"90"
"202400001944";"4";"";"0";"";"2";"2";"1";"1";"0";"0";"1";"";"-1";"1";"0";"1";"30"
"202400001945";"4";"";"0";"";"2";"2";"0";"1";"0";"0";"1";"";"-1";"1";"0";"1";"50"
"202400001946";"3";"41";"0";"";"2";"2";"0";"1";"1";"0";"1";"";"-1";"1";"0";"1";"30"
"202400001947";"7";"59";"0";"";"2";"2";"0";"1";"7";"284";"2";"";"4";"1";"0";"1";"50"
"202400001948";"3";"33";"-1";"";"2";"2";"0";"1";"24";"-1";"3";"";"5";"1";"0";"1";"90"
"202400001949";"3";"902";"0";"";"2";"2";"0";"1";"1";"0";"1";"";"-1";"1";"0";"1";"50"
"202400001949";"3";"HIPPOLYTE  PINA  (RUE)";"0";"";"2";"2";"0";"1";"1";"0";"1";"";"-1";"1";"0";"1";"50"
"202400001950";"4";"";"0";"";"1";"1";"0";"1";"0";"0";"1";"";"-1";"1";"0";"1";"30"
"202400001951";"3";"303";"0";"";"2";"2";"0";"1";"5";"500";"1";"";"7";"1";"0";"1";"80"
"202400001952";"4";"";"-1";"";"2";"2";"0";"2";"-1";"-1";"2";"";"-1";"1";"0";"3";"50"
"202400001953";"3";"115";"0";"";"2";"1";"0";"1";"0";"0";"1";"";"-1";"1";"0";"1";"30"
"202400001954";"3";"";"0";"";"3";"2";"3";"1";"0";"1";"1";"";"-1";"1";"0";"1";"50"
"202400001955";"3";"11";"-1";"D";"4";"2";"0";"2";"34";"320";"1";"";"5,5";"1";"0";"3";"30"
"202400001956";"3";"DE DION BOUTON (QUAI) DU 29 AU 65";"0";"";"1";"2";"0";"1";"0";"0";"1";"";"6";"1";"0";"1";"50"
"202400001957";"3";"5";"-1";"";"2";"2";"0";"1";"-1";"-1";"1";"";"5";"1";"0";"1";"80"
"202400001957";"3";"87";"-1";"";"2";"2";"0";"1";"2";"940";"1";"";"5";"1";"0";"1";"80"
"202400001958";"3";"JOLIOT CURIE F. ET IRENE AVENUE  N°PAIRS";"0";"";"3";"2";"1";"1";"0";"0";"1";"";"-1";"2";"0";"1";"50"
"202400001958";"3";"NERUDA PABLO RUE";"0";"";"1";"1";"1";"2";"0";"0";"3";"";"-1";"2";"0";"1";"50"
"202400001959";"3";"10";"0";"D";"2";"2";"0";"1";"99";"525";"1";"";"7";"1";"0";"1";"50"
"202400001959";"3";"";"-1";"";"1";"1";"-1";"1";"-1";"-1";"1";"";"-1";"1";"0";"1";"-1"
"202400001960";"3";"ARNOUX AVENUE MAURICE N°1 A 77";"0";"";"1";"1";"0";"1";"0";"0";"1";"";"-1";"1";"0";"1";"50"
"202400001960";"3";"PERI RUE GABRIEL N°37 A 99";"0";"";"2";"2";"0";"1";"0";"1";"1";"";"-1";"1";"0";"8";"50"
"202400001961";"3";"GENERAL LECLERC (AVENUE DU) 1/33 - 2/58";"0";"";"1";"2";"0";"1";"0";"0";"1";"";"-1";"1";"1";"1";"50"
"202400001962";"3";"PONT DE CLICHY";"0";"";"1";"2";"0";"1";"0";"0";"1";"";"-1";"1";"1";"1";"70"
"202400001963";"3";"681";"-1";"";"2";"2";"0";"1";"23";"220";"1";"";"7";"1";"0";"1";"50"
"202400001963";"3";"";"-1";"";"2";"2";"0";"1";"-1";"-1";"1";"";"7";"1";"0";"1";"50"
"202400001963";"3";"";"-1";"";"2";"2";"0";"1";"-1";"-1";"1";"";"7";"1";"0";"8";"50"
"202400001964";"3";"588";"-1";"";"2";"2";"0";"1";"16";"363";"1";"";"7";"1";"0";"1";"90"
"202400001964";"3";"";"-1";"";"2";"-1";"-1";"1";"-1";"-1";"1";"";"-1";"1";"0";"1";"-1"
"202400001965";"4";"";"-1";"";"2";"2";"0";"1";"-1";"-1";"1";"";"-1";"1";"0";"1";"80"
"202400001966";"3";"430";"-1";"D";"2";"2";"0";"2";"35";"700";"1";"";"5,5";"1";"0";"1";"50"
"202400001967";"3";"960";"0";"D";"2";"2";"0";"2";"37";"664";"1";"";"7";"1";"0";"1";"90"
"202400001968";"2";"165";"-1";"";"3";"2";"0";"1";"59";"330";"1";"";"10";"2";"0";"2";"110"
"202400001969";"4";"18";"-1";"D";"2";"2";"0";"2";"-1";"-1";"1";"";"-1";"9";"0";"1";"50"
"202400001970";"4";"";"-1";"";"1";"1";"0";"1";"-1";"-1";"1";"";"-1";"1";"0";"1";"50"
"202400001971";"3";"38";"-1";"";"2";"2";"0";"1";"1";"753";"2";"";"4";"1";"0";"3";"80"
"202400001972";"4";"D102";"0";"";"2";"2";"0";"1";"-1";"-1";"1";"";"-1";"1";"0";"1";"50"
"202400001973";"4";"D76";"-1";"";"2";"2";"0";"1";"-1";"-1";"3";"";"8";"1";"0";"1";"50"
"202400001974";"3";"13";"0";"";"2";"1";"0";"1";"39";"300";"1";"";"3,5";"1";"2";"8";"50"
"202400001975";"3";"160";"0";"D";"2";"2";"0";"2";"43";"200";"1";"";"7";"1";"0";"1";"80"
"202400001976";"3";"674";"0";"D";"2";"2";"0";"4";"52";"700";"1";"";"7";"1";"0";"3";"80"
"202400001977";"3";"D922";"0";"Z";"2";"2";"0";"1";"41";"804";"3";"";"5";"1";"0";"3";"90"
"202400001978";"2";"7";"0";"";"2";"3";"0";"1";"57";"900";"1";"";"10,5";"1";"0";"1";"80"
"202400001979";"4";"";"-1";"";"2";"2";"0";"1";"-1";"-1";"2";"";"-1";"1";"0";"8";"80"
"202400001980";"4";"";"0";"";"2";"2";"0";"2";"-1";"-1";"2";"";"-1";"1";"0";"1";"30"
"202400001981";"3";"13";"-1";"";"2";"2";"0";"2";"69";"99";"1";"";"5";"1";"0";"1";"80"
"202400001981";"3";"";"-1";"";"-1";"-1";"-1";"1";"-1";"-1";"1";"";"-1";"1";"0";"1";"-1"
"202400001982";"3";"1";"-1";"";"2";"2";"0";"1";"-1";"-1";"1";"";"5";"1";"0";"1";"80"
"202400001982";"3";"204";"0";"";"2";"2";"0";"4";"5";"205";"1";"";"5";"1";"0";"1";"90"
"202400001983";"3";"45";"-1";"";"2";"2";"0";"3";"40";"530";"3";"";"4";"1";"0";"1";"30"
"202400001984";"3";"146";"0";"";"2";"2";"0";"1";"2";"1 000";"1";"";"4";"1";"0";"1";"90"
"202400001985";"3";"936";"0";"D";"2";"2";"0";"2";"19";"890";"1";"";"5,5";"1";"0";"1";"50"
"202400001985";"3";"";"-1";"";"2";"-1";"-1";"1";"-1";"-1";"1";"";"-1";"1";"0";"1";"-1"
"202400001986";"4";"";"-1";"";"2";"2";"0";"1";"-1";"-1";"1";"";"-1";"1";"0";"1";"50"
"202400001987";"3";"32";"-1";"";"2";"2";"0";"1";"33";"900";"1";"";"5,5";"1";"0";"1";"50"
"202400001987";"3";"";"-1";"";"2";"-1";"-1";"1";"-1";"-1";"1";"";"-1";"1";"0";"1";"50"
"202400001988";"2";"85";"0";"";"2";"2";"0";"1";"33";"650";"1";"";"7";"1";"8";"1";"70"
"202400001989";"3";"";"-1";"";"2";"2";"0";"1";"48";"0";"1";"";"7";"1";"0";"1";"80"
"202400001990";"3";"120";"0";"D";"2";"2";"0";"1";"6";"315";"1";"";"5";"1";"0";"1";"80"
"202400001990";"3";"";"-1";"";"2";"-1";"-1";"1";"2";"450";"1";"";"-1";"1";"0";"1";"-1"
"202400001991";"4";"";"-1";"";"2";"2";"2";"1";"-1";"-1";"1";"";"-1";"1";"6";"1";"50"
"202400001992";"2";"1";"0";"R";"2";"2";"0";"1";"4";"700";"1";"";"-1";"1";"0";"1";"50"
"202400001993";"1";"8";"0";"A";"3";"5";"0";"1";"194";"200";"1";"";"10,5";"2";"9";"1";"90"
"202400001994";"3";"17";"0";"";"2";"2";"0";"1";"57";"600";"1";"";"5";"1";"0";"1";"50"
"202400001994";"3";"67";"0";"E";"2";"2";"0";"1";"6";"600";"1";"";"5";"1";"0";"1";"50"
"202400001995";"2";"1";"0";"N";"3";"1";"0";"1";"45";"100";"3";"";"-1";"2";"0";"8";"50"
"202400001996";"3";"1";"-1";"";"2";"2";"0";"1";"-1";"-1";"1";"";"5";"1";"0";"1";"50"
"202400001997";"2";"2";"0";"";"2";"2";"0";"2";"-1";"-1";"1";"";"5";"1";"0";"1";"50"
"202400001998";"3";"23";"0";"";"2";"2";"0";"1";"11";"650";"1";"";"5";"1";"0";"4";"50"
"202400001999";"3";"66";"-1";"D";"2";"2";"0";"2";"6";"335";"1";"";"5";"1";"8";"1";"50"
"202400002000";"4";"/";"0";"";"2";"2";"0";"1";"-1";"-1";"3";"";"-1";"1";"0";"1";"70"
"202400002001";"3";"41";"0";"";"2";"2";"0";"1";"2";"280";"3";"";"7";"1";"0";"1";"90"
"202400002002";"4";"";"-1";"";"-1";"-1";"-1";"1";"-1";"-1";"1";"";"-1";"1";"0";"1";"-1"
"202400002002";"4";"";"-1";"";"2";"2";"0";"1";"-1";"-1";"1";"";"-1";"1";"0";"1";"50"
"202400002003";"3";"25";"0";"D";"2";"2";"0";"1";"7";"500";"1";"";"5,5";"1";"0";"1";"80"
"202400002004";"3";"71";"0";"";"2";"2";"0";"1";"1";"790";"1";"";"6";"1";"0";"1";"80"
"202400002005";"4";"23";"-1";"";"1";"1";"0";"2";"-1";"-1";"2";"";"-1";"1";"0";"1";"30"
"202400002006";"3";"99";"0";"D";"2";"2";"0";"2";"7";"990";"1";"";"4";"1";"0";"3";"90"
"202400002007";"4";"";"-1";"";"2";"2";"0";"2";"-1";"-1";"2";"";"-1";"7";"0";"1";"80"
"202400002008";"4";"0";"0";"";"1";"2";"0";"1";"-1";"-1";"1";"";"6";"1";"0";"1";"30"
"202400002009";"3";"3";"-1";"";"2";"2";"0";"1";"98";"733";"1";"";"5,5";"1";"0";"1";"30"
"202400002010";"3";"948";"-1";"";"2";"2";"0";"2";"4";"800";"1";"";"7";"1";"0";"1";"90"
"202400002011";"7";"723";"0";"";"2";"2";"0";"1";"46";"299";"1";"";"-1";"1";"0";"1";"80"
"202400002012";"2";" -";"0";" -";"-1";"2";"0";"2";"0";"0";"1";"";"7";"1";"6";"4";"-1"
"202400002012";"2";"85";"0";" -";"2";"2";"0";"2";"20";"740";"1";"";"7";"1";"0";"4";"50"
"202400002013";"4";"";"-1";"";"2";"2";"0";"2";"-1";"-1";"1";"";"-1";"1";"0";"1";"50"
"202400002013";"4";"";"-1";"";"2";"2";"-1";"1";"-1";"-1";"1";"";"-1";"1";"0";"1";"50"
"202400002014";"2";"02";"0";"N";"3";"2";"0";"1";"1";"350";"1";"";"10";"1";"0";"1";"110"
"202400002015";"3";"730";"0";"D";"2";"2";"0";"1";"79";"815";"1";"";"6,5";"2";"5";"1";"80"
"202400002015";"3";"";"-1";"";"2";"2";"-1";"1";"-1";"-1";"1";"";"-1";"2";"5";"1";"50"
"202400002016";"3";"420";"-1";"";"2";"2";"2";"3";"20";"50";"3";"";"7";"1";"0";"1";"80"
"202400002017";"1";"A507 sens Marseille - Aubagne";"0";"";"1";"3";"0";"1";"5";"280";"1";"";"-1";"1";"1";"1";"70"
"202400002018";"3";"936";"-1";"D";"2";"2";"0";"1";"79";"530";"1";"";"7";"1";"0";"3";"80"
"202400002019";"3";"8";"0";"";"-1";"2";"0";"1";"1";"150";"1";"";"-1";"1";"0";"1";"-1"
"202400002020";"1";"A7-Sens Marseille vers Lyon";"0";"";"1";"3";"0";"1";"276";"500";"1";"";"13,5";"1";"0";"1";"90"
"202400002021";"2";"20";"0";"";"2";"2";"0";"1";"104";"10";"1";"";"7";"1";"0";"1";"80"
"202400002022";"4";"";"-1";"";"2";"2";"0";"1";"-1";"-1";"1";"";"-1";"1";"0";"1";"50"
"202400002023";"2";"ROUTE NATIONALE 230";"0";"";"3";"6";"0";"1";"36";"172";"3";"";"14";"1";"0";"1";"90"
"202400002024";"3";"D";"-1";"";"2";"2";"0";"1";"61";"800";"4";"";"7";"1";"0";"1";"90"
"202400002025";"2";"RN 118";"0";"";"3";"2";"0";"1";"5";"0";"1";"";"10,5";"1";"0";"1";"90"
"202400002026";"3";"36";"0";"D";"2";"2";"0";"1";"-1";"-1";"1";"";"-1";"1";"0";"1";"80"
"202400002027";"1";"A86";"0";"";"1";"2";"0";"1";"0";"0";"1";"";"7";"1";"3";"1";"90"
"202400002028";"3";"";"-1";"";"2";"3";"0";"1";"-1";"-1";"1";"";"9";"1";"0";"1";"80"
"202400002029";"1";"A13 Y";"0";"";"-1";"2";"0";"2";"22";"460";"1";"";"10,5";"1";"0";"1";"110"
"202400002030";"2";"D64";"0";"";"1";"2";"0";"1";"28";"690";"1";"";"5";"1";"5";"3";"90"
"202400002030";"2";"";"-1";"";"1";"-1";"-1";"2";"69";"1";"3";"";"-1";"1";"5";"3";"-1"
"202400002031";"3";"RD122";"0";"";"2";"2";"0";"1";"8";"710";"2";"";"4";"1";"0";"4";"30"
"202400002032";"1";"34";"-1";"";"3";"2";"0";"1";"18";"279";"1";"";"10";"1";"0";"1";"130"
"202400002033";"2";"N118";"0";"";"1";"2";"0";"1";"5";"0";"1";"";"7";"1";"0";"1";"90"
"202400002034";"3";"643";"0";"";"2";"2";"0";"1";"15";"900";"1";"";"7";"1";"0";"3";"90"
"202400002035";"1";"1";"0";"";"3";"4";"0";"1";"4";"500";"1";"";"13,5";"1";"0";"1";"90"
"202400002036";"4";"723";"-1";"";"2";"4";"0";"1";"-1";"-1";"1";"";"-1";"2";"0";"1";"70"
"202400002036";"4";"";"-1";"";"1";"2";"0";"1";"-1";"-1";"2";"";"-1";"1";"5";"1";"30"
"202400002037";"1";"1";"0";"";"3";"4";"0";"1";"2";"0";"1";"";"17";"1";"0";"1";"90"
"202400002038";"4";"";"-1";"";"1";"1";"0";"1";"-1";"-1";"2";"";"-1";"1";"0";"1";"50"
"202400002039";"1";"1";"0";"";"1";"1";"0";"2";"7";"500";"1";"";"-1";"1";"0";"1";"50"
"202400002040";"3";"35";"-1";"";"2";"2";"0";"1";"23";"900";"1";"";"-1";"1";"0";"1";"80"
"202400002041";"3";"81";"-1";"";"2";"2";"0";"1";"24";"700";"1";"";"5";"2";"0";"1";"80"
"202400002042";"3";"932";"0";"";"2";"4";"1";"1";"0";"1";"1";"";"-1";"1";"0";"1";"50"
"202400002043";"1";"A507 sens Aubagne- Marseille";"0";"";"1";"2";"0";"2";"2";"180";"1";"";"7";"1";"1";"1";"70"
"202400002044";"3";"932";"0";"";"2";"2";"3";"2";"0";"1";"1";"";"-1";"2";"0";"6";"30"
"202400002045";"1";"A7-Sens Lyon vers Marseille";"0";"";"1";"3";"0";"1";"275";"0";"1";"";"13,5";"1";"0";"1";"90"
"202400002046";"4";"";"0";"";"1";"1";"0";"1";"0";"0";"1";"";"-1";"1";"0";"1";"30"
"202400002047";"3";"20";"0";"";"2";"2";"3";"1";"0";"1";"1";"";"8";"1";"9";"1";"50"
"202400002048";"7";"";"0";"";"3";"4";"0";"1";"3";"599";"1";"";"-1";"1";"0";"1";"70"
"202400002049";"7";"Autoroute A.4";"0";"";"1";"3";"3";"1";"5";"0";"1";"";"13,5";"1";"2";"1";"70"
"202400002050";"3";"31";"0";"";"2";"2";"3";"1";"0";"1";"1";"";"-1";"1";"0";"1";"15"
"202400002050";"3";"";"-1";"";"1";"1";"0";"1";"0";"0";"1";"";"-1";"1";"0";"1";"-1"
"202400002051";"2";"ROUTE NATIONALE 89";"0";"";"3";"4";"0";"1";"49";"964";"1";"";"10";"1";"3";"1";"50"
"202400002052";"3";"31";"0";"";"2";"2";"0";"1";"0";"1";"1";"";"-1";"1";"0";"1";"50"
"202400002052";"3";"";"-1";"";"2";"4";"0";"1";"0";"1";"1";"";"-1";"1";"0";"1";"-1"
"202400002053";"1";"AUTOROUTE A 10";"0";"";"3";"6";"0";"1";"540";"88";"3";"";"-1";"2";"3";"1";"110"
"202400002054";"3";"";"0";"";"2";"2";"0";"1";"1";"0";"1";"";"4";"2";"0";"1";"50"
"202400002055";"1";"AUTOROUTE A6";"0";"";"-1";"3";"0";"1";"17";"200";"1";"";"14";"1";"0";"1";"110"
"202400002056";"4";"";"0";"";"2";"2";"0";"1";"0";"0";"1";"";"-1";"1";"0";"1";"50"
"202400002057";"1";"AUTOROUTE A126";"0";"";"-1";"2";"0";"1";"1";"399";"1";"";"10";"1";"0";"1";"110"
"202400002058";"4";"";"-1";"";"1";"1";"0";"1";"0";"0";"1";"";"-1";"1";"0";"1";"-1"
"202400002058";"4";"";"0";"";"2";"2";"0";"1";"0";"0";"1";"";"-1";"1";"0";"1";"50"
"202400002059";"1";"A86";"0";"";"1";"0";"0";"1";"79";"599";"1";"";"-1";"1";"0";"1";"90"
"202400002060";"3";"20";"0";"";"2";"2";"3";"1";"0";"1";"1";"";"5";"1";"5";"1";"50"
"202400002060";"3";"932";"0";"";"3";"2";"1";"1";"0";"1";"1";"";"5";"1";"5";"1";"50"
"202400002061";"1";"A13";"0";"";"1";"2";"0";"1";"16";"200";"1";"";"10,5";"1";"0";"1";"110"
"202400002062";"1";"AUTOROUTE A15";"0";"";"1";"2";"0";"2";"24";"618";"2";"";"10,5";"2";"0";"1";"50"
"202400002063";"3";"932";"0";"";"2";"2";"3";"1";"0";"1";"1";"";"-1";"1";"0";"1";"50"
"202400002064";"1";"3";"0";"";"1";"5";"0";"1";"7";"99";"1";"";"20,5";"1";"2";"1";"70"
"202400002065";"3";"27";"0";"";"2";"2";"0";"1";"0";"0";"1";"";"-1";"1";"0";"1";"40"
"202400002066";"3";"20";"0";"";"2";"2";"0";"1";"0";"1";"1";"";"-1";"1";"9";"1";"25"
"202400002067";"1";"86";"0";"";"1";"6";"0";"1";"15";"699";"1";"";"21";"1";"0";"1";"70"
"202400002068";"3";"932";"0";"";"2";"4";"1";"1";"0";"1";"1";"";"-1";"2";"0";"4";"50"
"202400002069";"1";"3";"0";"";"1";"3";"0";"1";"6";"0";"1";"";"13,5";"1";"0";"1";"50"
"202400002070";"3";"114";"0";"";"1";"1";"0";"1";"0";"1";"1";"";"-1";"2";"0";"1";"50"
"202400002070";"3";"20";"0";"";"2";"2";"3";"1";"0";"1";"1";"";"-1";"2";"0";"1";"50"
"202400002071";"1";"1";"0";"";"3";"4";"0";"1";"11";"0";"1";"";"13,5";"1";"0";"1";"110"
"202400002072";"1";"86";"0";"";"3";"3";"0";"1";"46";"200";"1";"";"14";"1";"0";"1";"90"
"202400002073";"4";"";"0";"";"1";"1";"0";"1";"-1";"-1";"1";"";"5";"1";"0";"1";"50"
"202400002074";"4";"";"0";"";"1";"1";"0";"1";"0";"0";"1";"";"-1";"2";"0";"1";"50"
"202400002075";"4";"MAZARGUES (AVENUE DE)";"0";"";"2";"3";"0";"1";"0";"0";"1";"";"-1";"1";"0";"1";"50"
"202400002076";"4";"VAUTHIER (RUE  MARCEL)";"0";"";"2";"2";"0";"2";"-1";"-1";"2";"";"-1";"1";"9";"1";"50"
"202400002077";"4";"";"-1";"";"2";"2";"0";"1";"0";"0";"1";"";"-1";"1";"0";"1";"-1"
"202400002077";"4";"";"0";"";"2";"2";"0";"1";"0";"0";"1";"";"-1";"1";"0";"1";"30"
"202400002078";"4";"GALLIENI (RUE DU GENERAL)";"0";"";"1";"3";"0";"1";"0";"0";"3";"";"-1";"1";"0";"4";"50"
"202400002079";"3";"BADUEL (ROUTE DE)";"0";"";"2";"2";"0";"1";"1";"850";"1";"";"-1";"1";"0";"1";"50"
"202400002080";"3";"vahibe-Departementale 3 ( route )";"0";"";"3";"2";"0";"2";"-1";"-1";"1";"";"-1";"2";"0";"1";"70"
"202400002081";"3";"ZEPHIR (ROCADE)";"0";"";"2";"2";"0";"1";"3";"10";"1";"";"-1";"2";"0";"1";"50"
"202400002081";"3";"ZEPHIR (ROCADE)";"0";"";"2";"2";"3";"1";"-1";"-1";"1";"";"-1";"2";"0";"8";"50"
"202400002082";"4";"HUBERT DE LISLE(BOULEVARD)";"0";"";"2";"2";"1";"1";"42";"0";"1";"";"-1";"1";"9";"1";"50"
"202400002083";"3";"MADELEINE (ROUTE DE LA)";"0";"";"2";"2";"0";"1";"3";"82";"1";"";"-1";"2";"0";"1";"50"
"202400002083";"3";"MORTIN (CITE)";"0";"";"2";"2";"0";"1";"-1";"-1";"1";"";"-1";"2";"0";"1";"50"
"202400002084";"2";"RN03";"0";"";"3";"4";"0";"1";"22";"0";"1";"";"-1";"1";"9";"1";"110"
"202400002085";"4";"THIERS                              (AV)";"0";"";"1";"3";"3";"1";"-1";"-1";"1";"";"-1";"1";"0";"1";"30"
"202400002086";"4";"14 JUILLET 1789(AVENUE DU)";"0";"";"1";"1";"1";"1";"0";"0";"1";"";"-1";"1";"0";"5";"30"
"202400002087";"4";"MAHAULT";"0";"";"3";"3";"0";"1";"-1";"-1";"3";"";"-1";"1";"-1";"1";"30"
"202400002088";"4";"ABBE GREGOIRE (PLACE)";"0";"";"1";"2";"0";"1";"-1";"-1";"3";"";"-1";"1";"0";"1";"30"
"202400002089";"3";"BADUEL (ROUTE DE)";"0";"";"2";"2";"0";"1";"4";"500";"1";"";"-1";"1";"0";"1";"50"
"202400002090";"4";"MARC BLOCH                          (R )";"0";"";"1";"3";"3";"1";"-1";"-1";"1";"";"-1";"1";"0";"1";"30"
"202400002091";"2";"11 - RT";"0";"";"2";"4";"0";"2";"1";"0";"1";"";"-1";"1";"0";"1";"70"
"202400002092";"3";"EDOUARD BOTINO (AVENUE)";"0";"";"1";"2";"0";"1";"-1";"-1";"1";"";"-1";"1";"0";"1";"50"
"202400002093";"4";"LAFAYETTE                           (CO)";"0";"";"2";"3";"3";"1";"-1";"-1";"1";"";"-1";"1";"9";"1";"50"
"202400002094";"4";"BEAUSOLEIL";"0";"";"2";"2";"0";"1";"-1";"-1";"2";"";"-1";"1";"0";"1";"50"
"202400002095";"4";"BERTHELOT                           (AV)";"0";"";"1";"3";"3";"1";"-1";"-1";"1";"";"-1";"1";"8";"6";"30"
"202400002095";"4";"";"-1";"";"2";"2";"3";"1";"-1";"-1";"1";"";"-1";"1";"0";"6";"50"
"202400002096";"2";"GEORGES POMPIDOU AVENUE";"0";"";"1";"2";"0";"1";"0";"0";"1";"";"-1";"1";"0";"1";"50"
"202400002096";"2";"GEORGES POMPIDOU AVENUE";"0";"";"2";"2";"0";"1";"0";"0";"1";"";"-1";"1";"0";"1";"50"
"202400002097";"4";"RENE CASSIN";"0";"";"3";"2";"0";"1";"0";"0";"1";"";"-1";"1";"9";"1";"50"
"202400002098";"3";"VITTULO ROUTE DU";"0";"";"2";"2";"0";"1";"7";"480";"2";"";"6";"1";"0";"1";"50"
"202400002099";"4";"";"0";"";"1";"1";"0";"1";"1";"0";"1";"";"-1";"1";"0";"1";"30"
"202400002099";"4";"";"0";"";"2";"2";"0";"1";"1";"0";"1";"";"-1";"1";"0";"1";"30"
"202400002100";"4";"LADY ASHBURTON (RUE)";"0";"";"2";"2";"0";"1";"1";"0";"1";"";"-1";"1";"0";"1";"50"
"202400002101";"3";"AV DE VERDUN";"0";"";"2";"2";"0";"1";"0";"0";"1";"";"5";"1";"0";"1";"50"
"202400002102";"3";"GARE (ROUTE DE LA)";"0";"";"2";"3";"0";"2";"3";"962";"1";"";"9";"1";"0";"1";"50"
"202400002103";"3";"20B";"0";"";"2";"2";"0";"1";"69";"0";"1";"";"-1";"1";"0";"1";"50"
"202400002103";"3";"";"0";"";"1";"1";"0";"2";"1";"0";"1";"";"-1";"1";"0";"1";"50"
"202400002104";"4";"BRETIGNY (AVENUE DE)";"0";"";"2";"2";"0";"1";"0";"0";"1";"";"-1";"1";"0";"1";"30"
"202400002104";"4";"SAINT EXUPERY (PLACE)";"0";"";"2";"4";"1";"1";"0";"0";"1";"";"-1";"1";"0";"1";"50"
"202400002105";"3";"PARIS (ROUTE DE)";"0";"";"2";"0";"0";"4";"11";"35";"1";"";"-1";"1";"0";"1";"30"
"202400002106";"4";"";"0";"";"2";"2";"0";"1";"0";"0";"1";"";"-1";"2";"0";"1";"30"
"202400002107";"3";"";"0";"";"1";"1";"0";"1";"0";"1";"1";"";"-1";"1";"0";"4";"50"
"202400002108";"6";"AV DE L EUROPE";"0";"";"-1";"-1";"0";"1";"0";"0";"1";"";"-1";"1";"9";"1";"15"
"202400002109";"4";"";"0";"";"1";"1";"0";"1";"0";"0";"1";"";"-1";"1";"0";"1";"30"
"202400002110";"3";"ARCHANGE (RUE)";"0";"";"2";"1";"0";"1";"-1";"-1";"1";"";"-1";"1";"5";"1";"30"
"202400002110";"3";"LOUIS SCOCARD (RUE)";"0";"";"2";"1";"0";"1";"-1";"-1";"1";"";"-1";"1";"5";"1";"30"
"202400002111";"3";"JEAN RAYNAL (RUE)";"0";"";"2";"2";"0";"2";"0";"0";"3";"";"-1";"1";"0";"1";"30"
"202400002112";"4";"GOUNOD";"0";"";"2";"2";"0";"2";"0";"0";"1";"";"-1";"1";"0";"1";"50"
"202400002113";"3";"RUE PIERRE MARIN";"0";"";"2";"2";"0";"1";"0";"0";"1";"";"-1";"1";"0";"1";"50"
"202400002114";"3";"EMILE ALLIAUD (AVENUE)";"0";"";"1";"4";"0";"1";"0";"0";"1";"";"-1";"1";"6";"1";"50"
"202400002115";"2";"CHARLES DE GAULLE (AVENUE,N°118 A 192 +";"0";"";"1";"1";"0";"2";"8";"300";"2";"";"-1";"2";"0";"1";"50"
"202400002116";"6";"AV DU GENERAL DE GAULLE";"0";"";"-1";"0";"0";"1";"0";"0";"1";"";"-1";"1";"9";"1";"15"
"202400002117";"3";"BROSSOLETTE AVENUE PIERRE";"0";"";"2";"2";"1";"1";"0";"0";"1";"";"-1";"1";"9";"1";"50"
"202400002118";"4";"AV STRATHKELVIN";"0";"";"1";"1";"0";"1";"0";"0";"1";"";"-1";"1";"9";"1";"50"
"202400002119";"4";"COQUELICOTS (AVENUE DES)";"0";"";"2";"2";"0";"1";"-1";"-1";"1";"";"-1";"1";"0";"1";"50"
"202400002119";"4";"LILAS (BOULEVARD DES)";"0";"";"2";"2";"0";"1";"-1";"-1";"1";"";"-1";"1";"0";"1";"50"
"202400002120";"4";"CAMILLE PELLETAN(RUE)1A15 ET 2A12";"0";"";"1";"1";"0";"1";"0";"0";"1";"";"-1";"2";"0";"4";"50"
"202400002120";"4";"PDT WILSON(RUE)77A105 ET 76A108";"0";"";"1";"2";"0";"1";"0";"0";"1";"";"-1";"2";"0";"4";"50"
"202400002121";"4";"PARIS (AVENUE DE)";"0";"";"2";"1";"0";"1";"0";"0";"1";"";"-1";"1";"0";"1";"50"
"202400002122";"4";"ELBEUF (RUE D')";"0";"";"2";"2";"0";"1";"-1";"-1";"1";"";"-1";"1";"0";"1";"50"
"202400002123";"4";"COURTELINE (RUE DE LA)";"0";"";"1";"1";"0";"1";"-1";"-1";"1";"";"-1";"1";"0";"1";"30"
"202400002123";"4";"GARIBALDI (AVENUE)";"0";"";"2";"2";"0";"1";"-1";"-1";"1";"";"-1";"1";"0";"1";"30"
"202400002124";"3";"FRERES VOISIN (BOULEVARD DES)";"0";"";"1";"1";"0";"1";"0";"0";"1";"";"-1";"1";"0";"1";"30"
"202400002124";"3";"VICTOR HUGO (ROND-POINT)";"0";"";"1";"1";"0";"1";"0";"0";"1";"";"-1";"1";"0";"1";"30"
"202400002125";"4";"GEORGE SAND (RUE) (IMPAIRS)";"0";"";"2";"2";"0";"1";"0";"0";"1";"";"-1";"2";"0";"1";"50"
"202400002126";"3";"D 922";"0";"";"3";"1";"0";"3";"1";"804";"1";"";"-1";"1";"5";"1";"70"
"202400002126";"3";"PONTOISE (ROUTE DE )";"0";"";"-1";"0";"0";"1";"-1";"-1";"1";"";"-1";"1";"5";"1";"1"
"202400002127";"4";"GASQUET (AVE JOSEPH DE 1 A 1423";"0";"";"2";"2";"0";"1";"0";"0";"1";"";"-1";"1";"0";"1";"50"
"202400002127";"4";"RENOUX (TRAV JULES)";"0";"";"1";"1";"0";"1";"0";"0";"1";"";"-1";"1";"0";"1";"50"
"202400002128";"3";"ANCIENNNE MAIRIE (RUE DE L')";"0";"";"1";"1";"0";"1";"0";"0";"3";"";"-1";"2";"0";"1";"30"
"202400002128";"3";"JEAN JAURES (BD) DE 47 A 109)   (56 A 14";"0";"";"1";"3";"0";"1";"0";"0";"1";"";"-1";"2";"0";"1";"50"
"202400002129";"4";"avenue de la République";"0";"";"2";"2";"1";"2";"-1";"-1";"1";"";"-1";"1";"0";"4";"30"
"202400002130";"3";"JUIN (AV MARECHAL)";"0";"";"2";"3";"0";"1";"25";"330";"1";"";"-1";"1";"0";"1";"50"
"202400002131";"4";"PIERRE BEREGOVOY (RUE)";"0";"";"1";"2";"0";"1";"0";"0";"1";"";"-1";"1";"0";"5";"50"
"202400002132";"4";"KESSEL (AVENUE JOSEPH)";"0";"";"2";"2";"0";"1";"-1";"-1";"1";"";"-1";"1";"6";"1";"50"
"202400002132";"4";"SURCOUF (AVENUE ROBERT)";"0";"";"2";"2";"0";"1";"-1";"-1";"1";"";"-1";"1";"6";"8";"50"
"202400002133";"3";"LAVAUR RD 112 (RTE DE)";"0";"";"2";"2";"0";"1";"46";"745";"1";"";"5,5";"1";"0";"1";"90"
"202400002134";"3";"DIVISION LECLERC (1 A 29 -2 A 34)";"0";"";"1";"4";"0";"1";"0";"0";"1";"";"12";"2";"5";"1";"50"
"202400002134";"3";"GABRIEL PERI (AVENUE)";"0";"";"1";"4";"0";"1";"0";"0";"2";"";"12";"2";"0";"1";"50"
"202400002135";"4";"PETITE VILLEDIEU (AVENUE)";"0";"";"2";"2";"0";"1";"-1";"-1";"1";"";"-1";"1";"0";"1";"50"
"202400002136";"4";"TEMPORALITE (DE LA)";"0";"";"-1";"1";"0";"2";"1";"0";"3";"";"-1";"9";"6";"8";"20"
"202400002137";"4";"ALBERT 1ER (MAIL)";"0";"";"2";"2";"0";"1";"-1";"-1";"1";"";"-1";"1";"0";"1";"50"
"202400002138";"4";"VILLIERS RUE DE";"0";"";"1";"2";"0";"1";"-1";"-1";"1";"";"-1";"1";"0";"1";"30"
"202400002139";"3";"58";"-1";"";"2";"2";"0";"2";"29";"900";"1";"";"7";"1";"0";"1";"80"
"202400002140";"4";"ARCHE GUEDON (COURS DE L')";"0";"";"2";"2";"0";"4";"0";"0";"1";"";"-1";"1";"0";"1";"50"
"202400002141";"1";"6";"0";"";"3";"5";"0";"1";"367";"117";"1";"";"13,5";"1";"0";"1";"130"
"202400002142";"3";"CLOS DE LA FAMILLE (DU)";"0";"";"2";"2";"1";"1";"-1";"-1";"1";"";"-1";"1";"9";"1";"30"
"202400002142";"3";"";"-1";"";"1";"2";"-1";"1";"24";"478";"1";"";"-1";"1";"0";"1";"-1"
"202400002143";"2";"GARE (AVENUE DE LA)";"0";"";"2";"0";"0";"1";"-1";"-1";"2";"";"-1";"1";"5";"1";"30"
"202400002143";"2";"GIRARDOT (RUE DU COMMANDANT)";"0";"";"1";"0";"0";"1";"46";"510";"2";"";"-1";"1";"5";"1";"30"
"202400002143";"2";"";"-1";"";"2";"-1";"-1";"1";"-1";"-1";"3";"";"-1";"1";"5";"1";"-1"
"202400002144";"4";"";"0";"";"2";"2";"0";"1";"-1";"-1";"1";"";"-1";"1";"0";"3";"30"
"202400002145";"4";"BELFORT (RUE DE)";"0";"";"2";"2";"0";"1";"-1";"-1";"1";"";"-1";"2";"0";"1";"30"
"202400002145";"4";"HOPITAL (ROUTE DE L )";"0";"";"2";"3";"1";"1";"-1";"-1";"1";"";"-1";"2";"5";"1";"50"
"202400002146";"3";"RHIN ET DANUBE (PONT)";"0";"";"2";"2";"0";"1";"6";"390";"1";"";"-1";"1";"0";"1";"50"
"202400002147";"3";"374";"-1";"";"2";"2";"0";"1";"-1";"-1";"1";"";"5,5";"1";"0";"1";"50"
"202400002148";"4";"";"0";"";"2";"2";"0";"1";"-1";"-1";"1";"";"-1";"1";"0";"1";"50"
"202400002149";"3";"DEPARTEMENTALE 471 (ROUTE)";"0";"";"2";"2";"0";"1";"6";"770";"1";"";"7";"1";"0";"1";"80"
"202400002150";"3";"";"-1";"";"2";"-1";"-1";"1";"6";"894";"1";"";"-1";"2";"0";"1";"90"
"202400002150";"3";"RD158";"0";"D";"2";"2";"0";"2";"6";"414";"3";"";"5";"2";"0";"1";"90"
"202400002151";"4";"ALSACE LORRAINE D'";"0";"";"2";"2";"0";"1";"-1";"-1";"1";"";"-1";"1";"0";"1";"50"
"202400002152";"3";"ROUTE DE VILLEMENEUX";"0";"";"2";"2";"0";"1";"0";"901";"1";"";"-1";"1";"0";"1";"50"
"202400002153";"4";"MEAUX (AVENUE DE)";"0";"";"2";"2";"0";"1";"0";"1";"1";"";"-1";"1";"0";"1";"50"
"202400002154";"2";"166";"0";"A";"3";"4";"0";"2";"16";"160";"2";"";"10";"2";"0";"3";"110"
"202400002155";"3";"LOUIS DE FOIX (AVENUE)";"0";"";"2";"-1";"0";"1";"1";"50";"1";"";"-1";"1";"0";"1";"50"
"202400002156";"4";"CONTRAT SOCIAL. RUE DU";"0";"";"2";"2";"0";"1";"-1";"-1";"1";"";"-1";"1";"-1";"1";"30"
"202400002156";"4";"MADELEINE. PLACE DE LA";"0";"";"1";"1";"0";"1";"-1";"-1";"1";"";"-1";"1";"-1";"1";"30"
"202400002157";"4";"JEAN JAURES (AVENUE)";"0";"";"2";"2";"1";"2";"0";"0";"1";"";"-1";"1";"0";"1";"50"
"202400002158";"4";"ROUTE DE PITOYS";"0";"";"2";"2";"0";"2";"-1";"-1";"2";"";"-1";"1";"0";"1";"50"
"202400002159";"4";"CHATEAUBRIAND RENE DE (RUE)";"0";"";"-1";"2";"0";"1";"-1";"-1";"1";"";"-1";"1";"0";"4";"50"
"202400002160";"3";"151";"0";"";"2";"2";"0";"1";"8";"815";"1";"";"5,5";"1";"0";"1";"70"
"202400002161";"3";"VIRLOGEUX (AVENUE)";"0";"";"2";"2";"0";"1";"0";"130";"1";"";"-1";"1";"0";"1";"50"
"202400002162";"4";"";"0";"";"3";"3";"0";"1";"-1";"-1";"2";"";"-1";"1";"0";"1";"50"
"202400002163";"3";"RD446";"0";"";"2";"2";"0";"1";"3";"500";"1";"";"7";"1";"0";"1";"90"
"202400002164";"4";"GABRIEL PERI                        (AV)";"0";"";"2";"2";"3";"1";"-1";"-1";"1";"";"-1";"1";"0";"1";"50"
"202400002164";"4";"";"-1";"";"2";"2";"2";"1";"-1";"-1";"1";"";"-1";"1";"0";"1";"50"
"202400002165";"7";"COURNON (AVENUE DE)";"0";"";"2";"2";"0";"1";"0";"35";"1";"";"0";"1";"0";"1";"30"
"202400002166";"4";"";"-1";"";"2";"2";"0";"2";"-1";"-1";"4";"";"-1";"9";"0";"1";"50"
"202400002167";"7";"";"0";"";"2";"4";"1";"1";"2";"300";"1";"";"5";"2";"8";"4";"50"
"202400002168";"7";"JOUHAUX (BD LEON)";"0";"";"3";"4";"0";"1";"33";"860";"1";"";"0";"1";"0";"1";"50"
"202400002169";"4";"EGALITE (DE L')                     (R )";"0";"";"2";"2";"0";"1";"-1";"-1";"1";"";"-1";"2";"0";"1";"50"
"202400002170";"3";"937";"0";"D";"2";"2";"0";"1";"1";"121";"2";"";"7";"1";"4";"1";"50"
"202400002171";"3";"VOIE RAPIDE NORD SUD";"0";"";"3";"0";"0";"1";"55";"700";"1";"";"0";"1";"0";"1";"90"
"202400002172";"4";"MEURCHIN (RTE DE)";"0";"";"2";"0";"0";"1";"-1";"-1";"1";"";"-1";"1";"0";"1";"50"
"202400002173";"3";"";"0";"";"2";"3";"0";"4";"11";"200";"1";"";"10,5";"2";"0";"1";"90"
"202400002174";"4";"BISCHWILLER (ROUTE DE)";"0";"";"2";"2";"0";"1";"0";"0";"1";"";"-1";"1";"0";"1";"50"
"202400002175";"3";"";"0";"";"2";"2";"0";"2";"2";"750";"2";"";"-1";"1";"0";"3";"90"
"202400002176";"3";"CHS BRUNEHAUT";"0";"";"2";"2";"0";"1";"4";"550";"1";"";"5";"1";"0";"1";"50"
"202400002177";"4";"MARGUERITE YOURCENAR (RUE)";"0";"";"2";"1";"0";"1";"0";"0";"1";"";"-1";"1";"5";"1";"30"
"202400002177";"4";"MOLIERE (AVENUE)";"0";"";"2";"2";"1";"1";"0";"0";"1";"";"-1";"1";"5";"1";"50"
"202400002178";"3";"143";"-1";"D";"2";"2";"0";"1";"2";"100";"1";"";"5";"1";"0";"3";"70"
"202400002179";"7";" PLACE BARTHELEMY DOREZ ";"0";"";"-1";"1";"0";"1";"5";"250";"1";"";"-1";"1";"9";"1";"30"
"202400002180";"4";"";"0";"";"2";"2";"0";"1";"-1";"-1";"2";"";"-1";"1";"0";"3";"80"
"202400002181";"4";"WEITBRUCH (ROUTE DE)";"0";"";"-1";"2";"0";"2";"-1";"-1";"1";"";"-1";"1";"2";"1";"50"
"202400002182";"7";"REPUBLIQUE AV DE LA (N°829-931)";"0";"";"2";"1";"1";"1";"2";"500";"1";"";"4";"1";"0";"5";"25"
"202400002183";"4";"AGASSE PASCAL MARIE";"0";"";"2";"2";"0";"1";"-1";"-1";"1";"";"-1";"1";"0";"1";"50"
"202400002183";"4";"TORREILLES (AV DU DOCTEUR JEAN-LOUIS)";"0";"";"2";"3";"3";"1";"-1";"-1";"1";"";"-1";"1";"0";"1";"50"
"202400002184";"4";"SAINT DIZIER (RUE 2 A 80-1 A 109 BIS)";"0";"";"1";"2";"3";"1";"-1";"-1";"1";"";"-1";"1";"9";"1";"30"
"202400002184";"4";"SAINT GEORGES (RUE)";"0";"";"2";"2";"3";"1";"-1";"-1";"1";"";"-1";"1";"8";"1";"30"
"202400002185";"3";"463";"0";"D";"2";"2";"0";"1";"35";"958";"2";"";"7";"1";"0";"1";"80"
"202400002185";"3";"";"-1";"";"2";"2";"0";"1";"-1";"-1";"1";"";"-1";"1";"0";"1";"80"
"202400002186";"4";"GALTIER (RUE LUCIEN)";"0";"";"2";"2";"0";"1";"-1";"-1";"3";"";"-1";"1";"0";"1";"50"
"202400002187";"2";"165";"-1";"";"3";"2";"0";"2";"20";"950";"1";"";"10";"9";"0";"3";"110"
"202400002188";"4";"JEAN JAURES";"0";"";"-1";"-1";"0";"1";"-1";"-1";"1";"";"-1";"1";"0";"1";"30"
"202400002188";"4";"JEAN JAURES";"0";"";"2";"3";"0";"1";"-1";"-1";"1";"";"-1";"1";"5";"1";"50"
"202400002189";"4";"HUGO (BOULEVARD VICTOR)";"0";"";"2";"2";"0";"2";"-1";"-1";"1";"";"-1";"1";"0";"1";"50"
"202400002189";"4";"PONSARDIN (RUE)";"0";"";"1";"0";"0";"1";"-1";"-1";"1";"";"-1";"1";"0";"1";"30"
"202400002190";"4";"";"0";"";"2";"4";"1";"1";"-1";"-1";"1";"";"-1";"1";"0";"5";"70"
"202400002191";"3";"264";"0";"";"2";"2";"0";"1";"10";"230";"1";"";"5,5";"1";"0";"1";"50"
"202400002191";"3";"48";"0";"";"2";"2";"0";"1";"9";"255";"1";"";"5,5";"1";"0";"1";"70"
"202400002192";"4";"PEBOUE";"0";"";"-1";"2";"0";"1";"-1";"-1";"1";"";"-1";"1";"0";"8";"50"
"202400002193";"4";"EPERNAY (AVENUE D') COTE PAIR";"0";"";"2";"2";"0";"1";"-1";"-1";"1";"";"-1";"1";"0";"1";"50"
"202400002194";"3";"613";"0";"";"1";"1";"0";"1";"123";"902";"2";"";"4";"1";"5";"1";"80"
"202400002194";"3";"";"-1";"";"2";"2";"-1";"1";"91";"320";"2";"";"-1";"1";"5";"1";"80"
"202400002195";"4";"SAINT BERNARD (CHEMIN DE)";"0";"";"2";"2";"0";"1";"-1";"-1";"1";"";"-1";"1";"0";"1";"50"
"202400002196";"4";"COLMAR (RUE DE)";"0";"";"1";"1";"0";"1";"-1";"-1";"1";"";"-1";"1";"0";"1";"30"
"202400002196";"4";"PLYMOUTH (AVENUE DE)";"0";"";"2";"2";"0";"2";"-1";"-1";"3";"";"-1";"1";"0";"1";"50"
"202400002197";"3";"1";"-1";"";"2";"2";"0";"2";"9";"800";"3";"";"4";"2";"0";"1";"90"
"202400002198";"4";"GAULLE (AV CHARLES DE)";"0";"";"-1";"1";"0";"3";"-1";"-1";"1";"";"-1";"1";"0";"6";"30"
"202400002199";"4";"DESMARETS (RUE)";"0";"";"2";"2";"0";"1";"0";"0";"1";"";"-1";"1";"0";"1";"30"
"202400002199";"4";"PONT FOUCHARD (RUE DU)";"0";"";"2";"4";"1";"2";"0";"0";"1";"";"-1";"1";"0";"1";"30"
"202400002200";"3";"997";"0";"";"2";"2";"0";"1";"23";"600";"1";"";"5,5";"1";"0";"3";"90"
"202400002201";"3";"ANTONIN MARCONNET (RUE )";"0";"";"2";"2";"0";"1";"2";"160";"3";"";"-1";"2";"5";"1";"90"
"202400002201";"3";"";"0";"";"2";"2";"0";"1";"-1";"-1";"1";"";"-1";"2";"5";"1";"90"
"202400002202";"3";"2";"-1";"";"2";"2";"0";"3";"16";"325";"2";"";"-1";"1";"0";"3";"70"
"202400002203";"4";"SERRES (AVENUE MICHEL)";"0";"";"2";"2";"0";"1";"0";"0";"1";"";"-1";"1";"0";"1";"30"
"202400002204";"4";"BUTIN (AV. OCTAVE)";"0";"";"2";"2";"0";"1";"-1";"-1";"1";"";"-1";"1";"0";"1";"50"
"202400002204";"4";"CLERMONT (DE)";"0";"";"4";"2";"0";"1";"-1";"-1";"2";"";"-1";"1";"5";"1";"30"
"202400002205";"3";"16";"0";"D";"2";"2";"0";"1";"22";"260";"1";"";"4";"1";"0";"1";"80"
"202400002205";"3";"16E2";"0";"D";"2";"2";"0";"1";"0";"0";"1";"";"4";"1";"0";"1";"80"
"202400002206";"4";"MASSE (RUE)";"0";"";"1";"1";"0";"1";"-1";"-1";"1";"";"-1";"1";"0";"1";"50"
"202400002207";"4";"CHANZY (RUE)";"0";"";"2";"2";"1";"1";"0";"0";"1";"";"-1";"1";"0";"1";"50"
"202400002208";"4";"LANDREAU ( RUE DU )";"0";"";"2";"2";"0";"1";"-1";"-1";"1";"";"-1";"1";"9";"8";"30"
"202400002209";"7";"BEAUREPAIRE (BOULEVARD)";"0";"";"2";"2";"0";"1";"0";"0";"1";"";"-1";"1";"0";"1";"50"
"202400002209";"7";"COLMAR (BOULEVARD DE)";"0";"";"2";"2";"0";"1";"3";"200";"1";"";"-1";"1";"0";"1";"50"
"202400002210";"2";"1";"-1";"";"2";"2";"0";"1";"7";"680";"1";"";"7";"1";"0";"1";"70"
"202400002210";"2";"";"-1";"";"2";"-1";"-1";"1";"0";"895";"1";"";"-1";"1";"0";"1";"-1"
"202400002211";"4";"BERRIAT (COURS)             1 A 55-72";"0";"";"1";"2";"1";"1";"-1";"-1";"1";"";"-1";"1";"5";"5";"30"
"202400002211";"4";"RUE THIERS";"0";"";"1";"1";"0";"1";"-1";"-1";"1";"";"-1";"1";"5";"5";"30"
"202400002212";"3";"FENDALI (RUE)";"0";"";"2";"2";"0";"1";"20";"470";"1";"";"-1";"1";"0";"1";"50"
"202400002213";"4";"";"-1";"";"2";"2";"0";"1";"-1";"-1";"1";"";"-1";"1";"0";"1";"50"
"202400002213";"4";"";"-1";"";"2";"2";"0";"2";"-1";"-1";"1";"";"-1";"1";"0";"1";"50"
"202400002214";"4";"LIBERATION";"0";"";"2";"2";"0";"1";"-1";"-1";"1";"";"-1";"1";"0";"8";"50"
"202400002215";"4";"LECLERC (RUE  GENERAL )";"0";"";"2";"2";"0";"1";"-1";"-1";"1";"";"-1";"1";"0";"1";"50"
"202400002215";"4";"LE HEN (RUE JEAN-MARIE)";"0";"";"2";"2";"0";"1";"-1";"-1";"1";"";"-1";"1";"0";"1";"30"
"202400002216";"2";"101";"0";"";"2";"2";"0";"1";"-1";"-1";"3";"";"-1";"1";"0";"1";"60"
"202400002217";"3";"12";"-1";"";"2";"2";"0";"1";"4";"170";"3";"";"4";"2";"0";"8";"80"
"202400002218";"4";"CHURCHILL (BOULEVARD WINSTON)";"0";"";"2";"4";"0";"1";"-1";"-1";"1";"";"-1";"1";"9";"1";"50"
"202400002218";"4";"POUSSIN (RUE NICOLAS)";"0";"";"1";"1";"0";"1";"-1";"-1";"1";"";"-1";"1";"9";"1";"50"
"202400002219";"4";"DRIANT (RUE DU COLONEL)";"0";"";"2";"2";"0";"1";"-1";"-1";"1";"";"-1";"1";"0";"1";"30"
"202400002220";"3";"D139";"0";"";"2";"2";"0";"1";"1";"297";"1";"";"5";"2";"0";"1";"80"
"202400002221";"4";"LALOY (RUE)";"0";"";"1";"1";"0";"1";"0";"0";"2";"";"-1";"1";"0";"1";"50"
"202400002222";"4";"BONABRY (RUE DE)";"0";"";"1";"1";"2";"1";"-1";"-1";"1";"";"-1";"1";"0";"1";"30"
"202400002222";"4";"HUGO (RUE VICTOR)";"0";"";"1";"1";"2";"1";"-1";"-1";"1";"";"-1";"1";"0";"1";"30"
"202400002223";"3";"14";"0";"D";"2";"2";"0";"1";"44";"930";"1";"";"10,5";"1";"0";"1";"110"
"202400002224";"4";"BEFFROI (RUE DU)";"0";"";"1";"1";"0";"2";"-1";"-1";"1";"";"-1";"1";"0";"1";"30"
"202400002225";"4";"EPERNAY (AVENUE D') COTE PAIR";"0";"";"2";"2";"0";"1";"-1";"-1";"1";"";"-1";"1";"0";"1";"50"
"202400002226";"3";"52";"0";"";"2";"2";"0";"1";"3";"200";"1";"";"5,5";"1";"0";"1";"80"
"202400002227";"4";"MENDE (ROUTE DE)";"0";"";"2";"1";"0";"2";"0";"0";"1";"";"-1";"2";"0";"1";"30"
"202400002228";"4";"CLOVIS (RUE)";"0";"";"1";"1";"0";"1";"-1";"-1";"1";"";"-1";"1";"0";"1";"30"
"202400002228";"4";"VENISE (RUE)";"0";"";"2";"3";"0";"1";"-1";"-1";"1";"";"-1";"1";"0";"1";"30"
"202400002229";"3";"568";"0";"D";"2";"2";"0";"1";"2";"170";"3";"";"6";"1";"0";"1";"50"
"202400002229";"3";"";"-1";"";"2";"-1";"-1";"1";"-1";"-1";"1";"";"-1";"1";"9";"1";"-1"
"202400002230";"4";"RUE JULES VERNE";"0";"";"2";"2";"0";"1";"-1";"-1";"1";"";"-1";"1";"0";"1";"30"
"202400002230";"4";"RUE MARX DORMOY";"0";"";"2";"2";"0";"1";"-1";"-1";"1";"";"-1";"1";"0";"1";"30"
"202400002231";"3";"32";"0";"D";"2";"2";"0";"1";"52";"0";"1";"";"5";"2";"0";"1";"90"
"202400002232";"4";"AVE DU GENERAL DE GAULLE";"0";"";"2";"2";"0";"1";"-1";"-1";"1";"";"-1";"1";"0";"1";"50"
"202400002233";"4";"FAURE QUAI";"0";"";"2";"2";"0";"1";"-1";"-1";"1";"";"-1";"1";"0";"1";"50"
"202400002234";"7";"610";"0";"M";"2";"2";"0";"1";"-1";"-1";"4";"";"9";"1";"0";"1";"80"
"202400002235";"4";"TRENTIN (BD SILVIO) DU 2AU 110";"0";"";"2";"4";"1";"1";"-1";"-1";"1";"";"-1";"1";"0";"1";"50"
"202400002236";"4";"SAINT MICHEL BOULEVARD";"0";"";"3";"2";"0";"1";"-1";"-1";"1";"";"-1";"1";"0";"1";"50"
"202400002237";"4";"CORNEILLE PIERRE RUE";"0";"";"2";"1";"0";"4";"-1";"-1";"3";"";"-1";"1";"0";"1";"50"
"202400002238";"3";"DEPARTEMENTALE N°811 (ENTRE MERCUES ET C";"0";"";"2";"2";"0";"1";"3";"500";"2";"";"7,5";"1";"0";"1";"80"
"202400002239";"3";"5";"-1";"";"2";"2";"0";"2";"7";"919";"2";"";"5,5";"1";"0";"1";"80"
"202400002240";"4";"BRUXELLES (DE 23 A45 ET 26 A 44)";"0";"";"2";"2";"0";"1";"-1";"-1";"1";"";"-1";"1";"0";"1";"50"
"202400002240";"4";"MISTRAL FREDERIC";"0";"";"1";"0";"0";"1";"-1";"-1";"1";"";"-1";"1";"0";"1";"50"
"202400002241";"4";"RUE DU MOULIN DE LA ROUSSELIERE";"0";"";"2";"2";"2";"1";"-1";"-1";"1";"";"-1";"1";"5";"1";"50"
"202400002242";"3";"561";"-1";"";"2";"2";"0";"1";"14";"400";"1";"";"6";"1";"0";"1";"80"
"202400002243";"4";"BACH JEAN SEBASTIEN";"0";"";"2";"4";"1";"2";"-1";"-1";"3";"";"-1";"1";"0";"1";"30"
"202400002243";"4";"WAGNER RICHARD";"0";"";"2";"2";"0";"1";"-1";"-1";"1";"";"-1";"1";"0";"1";"50"
"202400002244";"4";"MONTREDON (ROUTE DE)";"0";"";"2";"2";"0";"1";"-1";"-1";"2";"";"-1";"1";"0";"1";"50"
"202400002245";"3";"58";"-1";"";"2";"2";"0";"2";"3";"0";"1";"";"5,5";"1";"0";"1";"50"
"202400002246";"4";"CHAMPOURGS (RUE DES)";"0";"";"2";"2";"0";"1";"1";"0";"2";"";"-1";"1";"0";"1";"50"
"202400002247";"2";"88 (ROUTE NATIONALE)";"0";"";"3";"2";"0";"2";"60";"48";"3";"";"10,5";"1";"8";"1";"110"
"202400002248";"3";"181";"-1";"A";"2";"2";"0";"1";"2";"200";"2";"";"7";"1";"0";"1";"80"
"202400002249";"3";"";"-1";"";"2";"2";"0";"1";"2";"630";"1";"";"5,5";"1";"0";"1";"50"
"202400002250";"4";"COCHEREL (RUE DE)";"0";"";"2";"2";"0";"1";"0";"0";"3";"";"-1";"1";"0";"1";"300"
"202400002250";"4";"NATIONALE 13 (ROUTE)";"0";"";"3";"4";"0";"1";"0";"0";"2";"";"-1";"1";"0";"1";"30"
"202400002251";"2";"EST (ROCADE)";"0";"";"3";"4";"0";"1";"1";"260";"1";"";"10,5";"1";"0";"1";"90"
"202400002252";"4";"";"-1";"";"2";"2";"0";"1";"-1";"-1";"2";"";"-1";"2";"0";"4";"-1"
"202400002252";"4";"";"-1";"";"2";"-1";"-1";"1";"-1";"-1";"1";"";"-1";"2";"0";"1";"-1"
"202400002253";"4";"DEPORTES (RUE DES)";"0";"";"1";"3";"3";"2";"0";"0";"1";"";"-1";"1";"0";"1";"50"
"202400002254";"4";"LE GUILLOUX (HENRI)";"0";"";"2";"2";"2";"2";"-1";"-1";"1";"";"-1";"1";"0";"1";"30"
"202400002255";"1";"A55-Sens Martigues vers Marseille";"0";"";"1";"3";"0";"2";"13";"0";"1";"";"-1";"1";"0";"1";"90"
"202400002256";"3";"MERIMEE (PROSPER)";"0";"";"-1";"4";"0";"1";"48";"7";"1";"";"-1";"1";"0";"1";"50"
"202400002256";"3";"ROND POINT DE BREZILLET";"0";"";"-1";"1";"0";"1";"48";"7";"2";"";"-1";"1";"0";"1";"50"
"202400002257";"2";"LORIENT (DE)";"0";"";"3";"4";"3";"1";"2";"880";"1";"";"-1";"1";"0";"1";"50"
"202400002258";"1";"A50";"0";"";"3";"4";"0";"1";"68";"468";"1";"";"13,5";"1";"0";"2";"90"
"202400002259";"1";"ROCADE A 630";"0";"";"3";"6";"0";"1";"29";"358";"1";"";"-1";"1";"0";"1";"90"
"202400002260";"2";"RN 136";"0";"";"3";"4";"0";"1";"16";"860";"1";"";"7";"1";"3";"1";"90"
"202400002261";"4";"MENDES FRANCE (BOULEVARD)";"0";"";"3";"2";"0";"2";"1";"0";"3";"";"-1";"1";"0";"1";"70"
"202400002262";"2";"ROUTE NATIONALE 230";"0";"";"3";"6";"0";"1";"42";"432";"1";"";"14";"1";"3";"1";"90"
"202400002263";"4";"LE HO (JEAN)";"0";"";"2";"2";"0";"1";"-1";"-1";"1";"";"-1";"1";"0";"1";"30"
"202400002264";"4";"KENNEDY (AVENUE JOHN)";"0";"";"2";"2";"0";"1";"-1";"-1";"1";"";"-1";"1";"0";"1";"50"
"202400002264";"4";"SAINT SAENS (RUE CAMILLE)";"0";"";"2";"2";"0";"1";"-1";"-1";"1";"";"-1";"1";"0";"1";"50"
"202400002265";"4";"MEDITERRANEE (ROND POINT DE LA)";"0";"";"1";"2";"0";"1";"0";"0";"3";"";"-1";"1";"5";"8";"70"
"202400002266";"4";"BRUNE (BOULEVARD)";"0";"";"2";"2";"0";"1";"-1";"-1";"1";"";"-1";"1";"0";"1";"50"
"202400002266";"4";"SELVES (RUE DE)";"0";"";"1";"1";"0";"2";"-1";"-1";"1";"";"-1";"1";"0";"1";"50"
"202400002267";"1";"AUTOROUTE A16";"0";"";"-1";"3";"0";"1";"84";"199";"1";"";"13,5";"2";"0";"1";"90"
"202400002268";"4";"RTE DE TOULOUSE";"0";"";"2";"2";"0";"1";"-1";"-1";"1";"";"-1";"1";"0";"1";"50"
"202400002268";"4";"RUE VOLTAIRE";"0";"";"2";"2";"0";"1";"-1";"-1";"1";"";"-1";"1";"0";"1";"50"
"202400002269";"3";"EXPRESS (voie)";"0";"";"3";"2";"0";"1";"43";"920";"1";"";"-1";"1";"0";"1";"80"
"202400002270";"4";"AVE MAL DE LATTRE DE TASSIGNY";"0";"";"2";"3";"0";"1";"-1";"-1";"1";"";"-1";"1";"0";"1";"50"
"202400002271";"1";"AUTOROUTE A6";"0";"";"1";"3";"0";"1";"24";"549";"1";"";"-1";"1";"0";"1";"110"
"202400002272";"4";"BD ANDRE RICARD";"0";"";"1";"3";"0";"1";"-1";"-1";"3";"";"-1";"1";"0";"1";"50"
"202400002273";"4";"APT (ROUTE D')";"0";"";"2";"2";"0";"1";"1";"0";"4";"";"-1";"2";"0";"4";"50"
"202400002274";"1";"AUTOROUTE A6";"0";"";"3";"3";"0";"1";"17";"600";"1";"";"14";"2";"0";"1";"110"
"202400002275";"4";"BD DE SUISSE";"0";"";"2";"0";"1";"1";"-1";"-1";"1";"";"-1";"1";"0";"1";"50"
"202400002276";"4";"MORETTI (BOULEVARD)";"0";"";"2";"2";"0";"2";"0";"0";"3";"";"-1";"1";"0";"1";"50"
"202400002277";"2";"RN12";"0";"";"1";"3";"0";"1";"23";"250";"1";"";"14";"1";"0";"1";"110"
"202400002278";"4";"GUESDE (ALL JULES) DU 1AU 3";"0";"";"3";"1";"0";"1";"-1";"-1";"1";"";"-1";"2";"6";"1";"50"
"202400002279";"4";"PAUL LANGEVIN (RUE)";"0";"";"1";"1";"0";"1";"0";"0";"2";"";"-1";"1";"0";"1";"50"
"202400002280";"1";"AUTOROUTE A15";"0";"";"3";"10";"0";"1";"7";"0";"1";"";"-1";"1";"0";"1";"110"
"202400002281";"4";"STRASBOURG (BD DE) DU 2AU 66";"0";"";"2";"2";"3";"1";"-1";"-1";"1";"";"-1";"1";"0";"1";"50"
"202400002282";"4";"SAINTE MARTHE (chemin)";"0";"";"2";"2";"0";"1";"0";"0";"1";"";"-1";"1";"0";"1";"50"
"202400002283";"1";"3";"0";"";"3";"3";"0";"1";"8";"899";"1";"";"13,5";"1";"0";"1";"110"
"202400002284";"3";"LIBERATION AVENUE DE LA";"0";"";"2";"1";"0";"1";"53";"0";"1";"";"4";"1";"0";"1";"15"
"202400002285";"4";"ALPHONSE DAUDET (RUE)";"0";"";"1";"1";"0";"1";"-1";"-1";"1";"";"-1";"1";"0";"1";"50"
"202400002286";"1";"A104";"0";"";"3";"2";"0";"1";"21";"399";"2";"";"10";"1";"0";"1";"90"
"202400002287";"3";"BERNE (RUE DE)";"0";"";"2";"2";"0";"1";"9";"475";"3";"";"-1";"2";"0";"1";"50"
"202400002288";"4";"CHE DE LA COLLINE SAINT JOSEPH";"0";"";"2";"2";"0";"1";"0";"0";"3";"";"-1";"1";"9";"1";"50"
"202400002289";"1";"86";"0";"";"3";"2";"0";"1";"47";"99";"3";"";"10,5";"1";"0";"1";"90"
"202400002290";"4";"REDON (BOULEVARD DU)";"0";"";"2";"2";"0";"2";"0";"0";"1";"";"-1";"1";"0";"1";"50"
"202400002291";"4";"GEANT CASINO";"0";"";"2";"2";"0";"4";"-1";"-1";"1";"";"-1";"2";"0";"1";"50"
"202400002291";"4";"PLACENN AR GUER (CHEMIN DE)";"0";"";"2";"2";"0";"1";"-1";"-1";"2";"";"-1";"2";"0";"1";"50"
"202400002292";"1";"86";"0";"";"3";"3";"0";"2";"36";"299";"2";"";"-1";"1";"2";"1";"70"
"202400002293";"4";"CRINAS (RUE)";"0";"";"1";"1";"0";"1";"0";"0";"1";"";"-1";"1";"0";"1";"50"
"202400002293";"4";"PAUL CODACCIONI (RUE)";"0";"";"1";"1";"0";"1";"0";"0";"1";"";"-1";"1";"0";"1";"50"
"202400002294";"4";"LORMONT RUE DE";"0";"";"2";"2";"0";"1";"-1";"-1";"1";"";"-1";"1";"0";"1";"50"
"202400002294";"4";"";"-1";"";"2";"2";"-1";"1";"-1";"-1";"1";"";"-1";"1";"5";"1";"50"
"202400002295";"4";"DANTON (RUE)";"0";"";"1";"1";"0";"1";"-1";"-1";"2";"";"-1";"1";"0";"1";"50"
"202400002296";"1";"A4";"0";"";"3";"3";"0";"1";"22";"700";"1";"";"14";"1";"0";"1";"110"
"202400002297";"3";"PORT D'ENVAUX ROUTE DE";"0";"";"2";"2";"0";"1";"29";"650";"1";"";"5,4";"1";"0";"1";"50"
"202400002298";"4";"REPUBLIQUE (RUE DE LA)";"0";"";"1";"1";"0";"1";"0";"0";"2";"";"-1";"1";"0";"1";"50"
"202400002299";"4";"ROGER SALENGRO (AVENUE)";"0";"";"2";"1";"0";"1";"0";"0";"1";"";"-1";"1";"0";"1";"50"
"202400002300";"3";"EXPRESS (VOIE)";"0";"";"2";"2";"0";"3";"39";"917";"1";"";"7";"1";"0";"1";"80"
"202400002301";"4";"TREVOUX (AVENUE DE)";"0";"";"2";"2";"0";"1";"-1";"-1";"1";"";"-1";"1";"0";"1";"50"
"202400002302";"4";"CORDOUAN   RUE DU";"0";"";"1";"1";"0";"1";"-1";"-1";"1";"";"-1";"1";"0";"1";"30"
"202400002302";"4";"ORBIGNY   RUE ALCIDE D'";"0";"";"2";"2";"0";"1";"-1";"-1";"1";"";"-1";"1";"0";"1";"30"
"202400002303";"4";"BOULEVARD PERIPHERIQUE INTERIEUR OUEST";"0";"";"1";"1";"0";"1";"-1";"-1";"3";"";"-1";"1";"0";"1";"50"
"202400002304";"4";"SIX JUIN (AVENUE DU)";"0";"";"1";"2";"1";"2";"-1";"-1";"3";"";"5,5";"1";"0";"5";"50"
"202400002305";"4";"BOULEVARD DES BATIGNOLLES";"0";"";"1";"2";"3";"1";"-1";"-1";"1";"";"-1";"1";"0";"4";"30"
"202400002305";"4";"";"-1";"";"1";"-1";"-1";"1";"-1";"-1";"1";"";"-1";"1";"0";"4";"30"
"202400002306";"4";"D 230";"0";"";"2";"0";"0";"1";"-1";"-1";"2";"";"0";"1";"0";"1";"50"
"202400002306";"4";"JEAN MONNET (RUE)";"0";"";"2";"2";"0";"1";"-1";"-1";"1";"";"0";"1";"0";"1";"50"
"202400002307";"2";"CHARLES DE GAULLE (AV)";"0";"";"2";"2";"0";"1";"0";"0";"1";"";"-1";"1";"0";"1";"50"
"202400002308";"4";"BOULEVARD SAINT MICHEL";"0";"";"2";"4";"1";"2";"-1";"-1";"1";"";"-1";"1";"0";"1";"30"
"202400002308";"4";"null";"-1";"null";"2";"-1";"-1";"1";"-1";"-1";"1";"";"-1";"1";"0";"1";"-1"
"202400002309";"4";"AUXERRE (ROUTE )";"0";"";"2";"2";"1";"1";"-1";"-1";"1";"";"-1";"1";"9";"1";"50"
"202400002309";"4";"LOMBARDS (AVENUE)";"0";"";"2";"0";"0";"1";"-1";"-1";"3";"";"-1";"1";"9";"1";"50"
"202400002310";"4";"ARIIPAEA POMARE (AV)";"0";"";"3";"4";"0";"1";"-1";"-1";"1";"";"-1";"1";"0";"1";"50"
"202400002311";"4";"null";"-1";"null";"1";"-1";"-1";"1";"-1";"-1";"1";"";"-1";"1";"0";"1";"30"
"202400002311";"4";"RUE MANIN";"0";"";"2";"2";"0";"1";"-1";"-1";"1";"";"-1";"1";"0";"1";"30"
"202400002312";"4";"GENERAL SARRAIL (RUE DU)";"0";"";"2";"2";"0";"1";"-1";"-1";"1";"";"-1";"1";"0";"8";"50"
"202400002312";"4";"PREIZE (RUE DE";"0";"";"2";"0";"0";"1";"-1";"-1";"1";"";"-1";"1";"5";"8";"50"
"202400002313";"4";"BOULEVARD DE COURCELLES";"0";"";"1";"1";"1";"2";"-1";"-1";"1";"";"-1";"1";"0";"5";"30"
"202400002314";"4";"LEBLOND 1 (RUE MARIUS ET ARY)";"0";"";"2";"2";"0";"1";"0";"0";"1";"";"-1";"1";"0";"1";"30"
"202400002315";"3";"ROCADE EST (RD 610)";"0";"";"2";"1";"0";"1";"1";"500";"1";"";"4";"1";"0";"1";"90"
"202400002316";"4";"BOULEVARD BERTHIER";"0";"";"3";"3";"1";"1";"-1";"-1";"1";"";"-1";"1";"0";"1";"50"
"202400002316";"4";"";"-1";"";"1";"-1";"-1";"1";"-1";"-1";"1";"";"-1";"1";"0";"1";"-1"
"202400002317";"3";"MACE (ROUTE GABRIEL)";"0";"";"2";"0";"0";"1";"0";"405";"1";"";"-1";"1";"0";"8";"30"
"202400002318";"4";"GAMBETTA (RUE)";"0";"";"2";"2";"0";"1";"-1";"-1";"1";"";"-1";"1";"0";"4";"50"
"202400002318";"4";"MADELEINE (RUE DE LA";"0";"";"2";"2";"0";"1";"-1";"-1";"1";"";"-1";"1";"0";"4";"50"
"202400002319";"4";"AVENUE DE VERSAILLES";"0";"";"1";"2";"0";"1";"-1";"-1";"1";"";"-1";"1";"0";"1";"30"
"202400002319";"4";"";"-1";"";"2";"-1";"-1";"1";"-1";"-1";"1";"";"-1";"1";"0";"1";"30"
"202400002320";"3";"MADELEINE (ROUTE DE LA)";"0";"";"2";"2";"0";"1";"2";"620";"1";"";"-1";"1";"9";"1";"50"
"202400002321";"3";"";"0";"";"2";"2";"0";"4";"40";"770";"1";"";"7";"2";"9";"1";"50"
"202400002322";"4";"RUE RAYMOND LOSSERAND";"0";"";"1";"1";"0";"1";"-1";"-1";"1";"";"-1";"1";"0";"1";"30"
"202400002323";"2";"ROUTE NATIONALE 1";"0";"";"1";"2";"2";"1";"3";"710";"1";"";"-1";"1";"0";"1";"90"
"202400002324";"7";"BOUCHER RUE HELENE";"0";"";"2";"3";"0";"1";"0";" -410";"3";"";"-1";"1";"0";"1";"50"
"202400002324";"7";"GARE AVENUE DE LA";"0";"";"2";"3";"0";"1";"1";"0";"3";"";"-1";"1";"0";"8";"50"
"202400002325";"4";"DESCENTE ( ROUTE DE LA )";"0";"";"2";"2";"0";"2";"0";"0";"2";"";"-1";"1";"0";"3";"30"
"202400002326";"4";"RUE DU FAUBOURG MONTMARTRE";"0";"";"1";"2";"3";"1";"-1";"-1";"1";"";"-1";"1";"0";"1";"30"
"202400002326";"4";"RUE RICHER";"0";"";"1";"2";"2";"1";"-1";"-1";"1";"";"-1";"1";"0";"1";"30"
"202400002327";"2";"ROUTE NATIONALE 1";"0";"";"-1";"4";"0";"1";"2";"500";"1";"";"-1";"1";"0";"1";"70"
"202400002328";"3";"LAC (CHEMIN DU) LE PLAN DE GRASSE";"0";"";"1";"1";"0";"3";"0";"1";"1";"";"5";"1";"0";"8";"50"
"202400002328";"3";"PLAN (ROUTE DU) -D304-";"0";"";"2";"2";"0";"1";"0";"1 639";"1";"";"5";"1";"0";"8";"50"
"202400002329";"4";"BOULEVARD PERIPHERIQUE INTERIEUR SUD";"0";"";"1";"4";"0";"1";"1";"800";"1";"";"-1";"1";"0";"1";"50"
"202400002330";"4";"AVENUE MYRON HERRICK";"0";"";"2";"3";"3";"1";"-1";"-1";"1";"";"-1";"1";"0";"1";"30"
"202400002330";"4";"RUE DU FAUBOURG SAINT HONORE";"0";"";"2";"2";"0";"1";"-1";"-1";"1";"";"-1";"1";"5";"1";"30"
"202400002331";"4";"";"-1";"";"2";"-1";"-1";"1";"-1";"-1";"1";"";"-1";"1";"0";"1";"30"
"202400002331";"4";"QUAI DE LA GIRONDE";"0";"";"1";"1";"1";"1";"-1";"-1";"1";"";"-1";"1";"0";"1";"30"
"202400002332";"2";"RN11";"0";"";"1";"2";"0";"1";"-1";"-1";"1";"";"-1";"1";"0";"1";"90"
"202400002333";"4";"BOULEVARD PERIPHERIQUE EXTERIEUR OUEST";"0";"";"1";"4";"0";"1";"14";"0";"1";"";"-1";"1";"0";"1";"50"
"202400002334";"4";"PLACE DES PYRAMIDES";"0";"";"1";"2";"1";"1";"-1";"-1";"1";"";"-1";"1";"8";"1";"30"
"202400002334";"4";"RUE DE RIVOLI";"0";"";"1";"1";"1";"1";"-1";"-1";"1";"";"-1";"1";"8";"1";"30"
"202400002335";"4";"";"-1";"";"1";"-1";"-1";"1";"-1";"-1";"1";"";"-1";"1";"0";"1";"30"
"202400002335";"4";"RUE POULET";"0";"";"-1";"2";"1";"1";"-1";"-1";"1";"";"-1";"1";"0";"1";"30"
"202400002336";"3";"PATRICK SAINT ELOI ( AVENUE )";"0";"";"1";"3";"0";"1";"-1";"-1";"1";"";"-1";"1";"0";"1";"50"
"202400002337";"4";"QUAI HENRI IV";"0";"";"1";"2";"1";"1";"-1";"-1";"1";"";"-1";"1";"0";"1";"30"
"202400002338";"4";"";"-1";"";"1";"-1";"-1";"1";"-1";"-1";"1";"";"-1";"1";"0";"1";"-1"
"202400002338";"4";"RUE GEORGES DESPLAS";"0";"";"2";"2";"1";"1";"-1";"-1";"1";"";"-1";"1";"0";"1";"30"
"202400002339";"4";"";"-1";"";"2";"-1";"-1";"1";"-1";"-1";"1";"";"-1";"1";"0";"1";"30"
"202400002339";"4";"PLACE ALBERT KAHN";"0";"";"2";"2";"0";"1";"-1";"-1";"1";"";"-1";"1";"0";"1";"30"
"202400002340";"3";"ACHILLE RENE BOISNEUF (RUE)";"0";"";"2";"2";"0";"1";"-1";"-1";"1";"";"-1";"1";"0";"1";"50"
"202400002340";"3";"GENERAL DELACROIX (CITE)";"0";"";"1";"1";"0";"1";"-1";"-1";"2";"";"-1";"1";"0";"1";"30"
"202400002341";"4";"RUE DE TURENNE";"0";"";"2";"2";"0";"1";"-1";"-1";"1";"";"-1";"1";"0";"1";"30"
"202400002341";"4";"RUE VILLEHARDOUIN";"0";"";"1";"2";"2";"1";"-1";"-1";"1";"";"-1";"1";"0";"1";"30"
"202400002342";"4";"RUE DE CONSTANTINOPLE";"0";"";"1";"1";"0";"1";"-1";"-1";"1";"";"-1";"1";"0";"1";"30"
"202400002342";"4";"RUE DE ROME";"0";"";"2";"3";"1";"2";"-1";"-1";"1";"";"-1";"1";"0";"1";"30"
"202400002343";"4";"";"-1";"";"1";"-1";"0";"1";"-1";"-1";"1";"";"-1";"1";"0";"1";"30"
"202400002343";"4";"RUE MONGE";"0";"";"2";"2";"0";"2";"-1";"-1";"1";"";"-1";"1";"0";"1";"30"
"202400002344";"2";"RN4 - SECTION RIVIERA";"0";"";"3";"4";"0";"1";"-1";"-1";"1";"";"-1";"1";"0";"1";"90"
"202400002345";"3";"86";"0";"";"3";"2";"1";"1";"0";"0";"1";"";"-1";"1";"5";"1";"50"
"202400002345";"3";"";"-1";"";"2";"2";"-1";"1";"-1";"-1";"1";"";"-1";"1";"5";"1";"-1"
"202400002346";"4";"";"-1";"";"1";"-1";"-1";"1";"-1";"-1";"1";"";"-1";"1";"0";"1";"-1"
"202400002346";"4";"PLACE DE LA PORTE DE PANTIN";"0";"";"-1";"1";"0";"1";"-1";"-1";"1";"";"-1";"1";"0";"1";"30"
"202400002347";"4";"Avenue de l'egalité";"0";"";"2";"2";"0";"1";"-1";"-1";"1";"";"-1";"1";"0";"1";"50"
"202400002348";"4";"";"0";"";"1";"1";"3";"1";"0";"0";"1";"";"-1";"1";"-1";"6";"50"
"202400002349";"4";"AVENUE FRANKLIN D ROOSEVELT";"0";"";"1";"2";"1";"1";"-1";"-1";"1";"";"-1";"1";"0";"5";"30"
"202400002349";"4";"RUE DU COLISEE";"0";"";"1";"1";"0";"1";"-1";"-1";"1";"";"-1";"1";"0";"1";"30"
"202400002350";"4";"BOULEVARD SUCHET";"0";"";"3";"4";"1";"1";"-1";"-1";"1";"";"-1";"1";"0";"1";"50"
"202400002350";"4";"SQUARE TOLSTOI";"0";"";"1";"1";"0";"1";"-1";"-1";"1";"";"-1";"1";"0";"1";"30"
"202400002351";"4";"";"0";"";"2";"2";"0";"1";"0";"0";"1";"";"-1";"1";"0";"1";"30"
"202400002352";"4";"LECLERC (AVENUE DU GENERAL)";"0";"";"2";"3";"3";"1";"-1";"-1";"1";"";"-1";"1";"0";"1";"50"
"202400002352";"4";"QUATRE SEPTEMBRE (RUE DU)";"0";"";"2";"2";"0";"2";"-1";"-1";"1";"";"-1";"1";"0";"1";"50"
"202400002353";"4";"BOULEVARD JOURDAN";"0";"";"2";"8";"3";"2";"-1";"-1";"1";"";"-1";"1";"-1";"5";"50"
"202400002354";"2";"186B";"0";"";"-1";"3";"0";"1";"0";"0";"1";"";"-1";"1";"0";"1";"110"
"202400002355";"4";"ALLENDE (AV.SALVADOR)";"0";"";"1";"1";"0";"2";"-1";"-1";"3";"";"-1";"1";"9";"1";"50"
"202400002356";"4";"RUE FEYDEAU";"0";"";"1";"1";"0";"1";"-1";"-1";"1";"";"-1";"1";"0";"1";"30"
"202400002356";"4";"RUE MONTMARTRE";"0";"";"1";"3";"3";"1";"-1";"-1";"1";"";"-1";"1";"0";"5";"30"
"202400002357";"4";"AVENUE DE SAINT MAURICE";"0";"";"2";"2";"0";"1";"-1";"-1";"2";"";"-1";"1";"0";"1";"50"
"202400002358";"4";"";"0";"";"2";"2";"0";"1";"1";"0";"1";"";"-1";"1";"0";"1";"50"
"202400002359";"4";"JOSEPH PAXTON (avenue de)";"0";"";"2";"2";"0";"1";"-1";"-1";"1";"";"-1";"1";"0";"1";"50"
"202400002360";"3";"19";"0";"";"3";"0";"0";"1";"0";"0";"1";"";"0";"1";"0";"1";"50"
"202400002360";"3";"";"-1";"";"2";"2";"-1";"1";"-1";"-1";"1";"";"-1";"1";"0";"1";"-1"
"202400002361";"4";"BOULEVARD DE LA MADELEINE";"0";"";"2";"2";"0";"1";"-1";"-1";"1";"";"-1";"1";"0";"1";"30"
"202400002361";"4";"RUE VIGNON";"0";"";"-1";"1";"1";"1";"-1";"-1";"1";"";"-1";"1";"0";"1";"30"
"202400002362";"4";"";"0";"";"1";"1";"0";"1";"0";"0";"1";"";"-1";"1";"9";"1";"10"
"202400002362";"4";"";"0";"";"2";"2";"0";"1";"0";"0";"1";"";"-1";"1";"9";"1";"10"
"202400002363";"3";"ANTOINE DE SAINT EXUPERY";"0";"";"2";"2";"0";"1";"3";"1 000";"2";"";"-1";"2";"0";"1";"50"
"202400002363";"3";"HENRI MATISSE";"0";"";"1";"1";"0";"1";"0";"1";"1";"";"-1";"2";"5";"1";"50"
"202400002364";"4";"";"-1";"";"1";"-1";"-1";"1";"-1";"-1";"1";"";"-1";"1";"0";"1";"-1"
"202400002364";"4";"RUE DE CHATEAUDUN";"0";"";"1";"2";"1";"1";"-1";"-1";"1";"";"-1";"1";"0";"1";"30"
"202400002365";"3";"203";"0";"";"2";"2";"0";"1";"0";"0";"1";"";"-1";"1";"0";"1";"30"
"202400002366";"3";"225";"0";"";"2";"2";"0";"1";"0";"1";"1";"";"5";"1";"5";"1";"50"
"202400002367";"4";"GEORGES BRAQUE (RUE)";"0";"";"2";"2";"0";"1";"0";"0";"1";"";"-1";"1";"0";"1";"50"
"202400002367";"4";"PIERRE FAURE (RUE)";"0";"";"2";"2";"0";"4";"0";"0";"1";"";"-1";"1";"0";"1";"50"
"202400002368";"4";"BOULEVARD POISSONNIERE";"0";"";"2";"4";"2";"1";"-1";"-1";"1";"";"-1";"1";"0";"1";"30"
"202400002368";"4";"";"-1";"";"1";"-1";"-1";"1";"-1";"-1";"1";"";"-1";"1";"0";"1";"-1"
"202400002369";"3";"214";"0";"";"1";"2";"0";"1";"6";"0";"1";"";"5";"1";"0";"1";"50"
"202400002370";"3";"932";"0";"";"2";"4";"0";"1";"0";"1";"1";"";"0";"1";"0";"1";"50"
"202400002371";"4";"DENIS PAPIN (PONT)";"0";"";"2";"2";"2";"2";"0";"0";"2";"";"4";"2";"2";"1";"50"
"202400002372";"4";"";"0";"";"2";"1";"0";"1";"0";"0";"1";"";"-1";"1";"0";"1";"50"
"202400002373";"4";"AVENUE DE FRIEDLAND";"0";"";"1";"5";"0";"1";"-1";"-1";"1";"";"-1";"1";"0";"1";"50"
"202400002373";"4";"";"-1";"";"1";"-1";"-1";"1";"-1";"-1";"1";"";"-1";"1";"0";"1";"-1"
"202400002374";"3";"970";"0";"";"2";"2";"0";"1";"0";"1";"1";"";"-1";"1";"0";"1";"50"
"202400002375";"3";"29";"0";"";"2";"0";"0";"1";"0";"0";"1";"";"0";"1";"0";"1";"50"
"202400002376";"4";"JEANTON (RUE GABRIEL)";"0";"";"1";"2";"0";"2";"-1";"-1";"1";"";"-1";"2";"0";"1";"30"
"202400002376";"4";"";"-1";"";"1";"1";"-1";"1";"-1";"-1";"1";"";"-1";"2";"0";"1";"30"
"202400002377";"4";"";"-1";"";"2";"-1";"-1";"1";"-1";"-1";"1";"";"-1";"1";"0";"1";"-1"
"202400002377";"4";"RUE DE LA PEPINIERE";"0";"";"1";"2";"0";"1";"-1";"-1";"1";"";"-1";"1";"0";"1";"30"
"202400002378";"4";"";"0";"";"1";"1";"0";"1";"0";"0";"1";"";"-1";"1";"0";"1";"50"
"202400002379";"4";"";"0";"";"2";"2";"0";"1";"-1";"-1";"1";"";"-1";"2";"0";"1";"50"
"202400002380";"4";"";"-1";"";"1";"-1";"0";"1";"-1";"-1";"1";"";"-1";"1";"0";"1";"30"
"202400002380";"4";"RUE DE TURENNE";"0";"";"2";"2";"0";"1";"-1";"-1";"1";"";"-1";"1";"0";"1";"30"
"202400002381";"4";"";"-1";"";"2";"4";"3";"1";"-1";"-1";"1";"";"-1";"2";"5";"8";"50"
"202400002381";"4";"";"0";"";"2";"2";"0";"1";"-1";"-1";"1";"";"-1";"2";"0";"1";"50"
"202400002382";"3";"JOFFRE MARECHAL AVENUE DU";"0";"";"2";"4";"0";"1";"0";"0";"1";"";"-1";"1";"0";"1";"50"
"202400002383";"3";"279";"0";"";"-1";"0";"0";"1";"0";"0";"1";"";"-1";"1";"0";"1";"50"
"202400002383";"3";"";"0";"";"-1";"0";"0";"1";"0";"0";"1";"";"-1";"1";"0";"1";"50"
"202400002384";"4";"MANSARD JULES BOULEVARD";"0";"";"2";"1";"0";"1";"0";"0";"3";"";"-1";"1";"0";"1";"50"
"202400002385";"3";"BACHANT (CHEMIN DE)";"0";"";"2";"2";"0";"1";"-1";"-1";"1";"";"5";"1";"0";"1";"50"
"202400002385";"3";"CHS BRUNEHAUT";"0";"";"2";"2";"0";"1";"4";"100";"1";"";"5";"1";"0";"1";"50"
"202400002386";"3";"268";"-1";"";"2";"-1";"-1";"1";"-1";"-1";"1";"";"-1";"1";"0";"1";"-1"
"202400002386";"3";"";"0";"";"1";"2";"0";"1";"0";"0";"1";"";"5";"1";"0";"1";"50"
"202400002387";"4";"ETANGS (RUE DES)";"0";"";"2";"2";"0";"1";"0";"0";"1";"";"-1";"1";"0";"1";"30"
"202400002387";"4";"FONTENAY (RUE DE)";"0";"";"-1";"1";"1";"1";"0";"0";"1";"";"-1";"1";"0";"1";"30"
"202400002388";"3";"RD 621";"0";"";"2";"3";"0";"1";"3";"0";"1";"";"-1";"1";"0";"1";"80"
"202400002389";"4";"";"0";"";"2";"2";"0";"1";"0";"0";"1";"";"-1";"1";"0";"1";"50"
"202400002390";"4";"MANEGE (RUE DU)";"0";"";"1";"1";"0";"1";"0";"0";"1";"";"-1";"1";"6";"1";"30"
"202400002391";"3";"107";"-1";"";"2";"2";"0";"2";"9";"19";"1";"";"5";"1";"0";"1";"80"
"202400002391";"3";"";"-1";"";"2";"2";"0";"1";"-1";"-1";"1";"";"-1";"1";"0";"1";"80"
"202400002392";"3";"157";"0";"";"-1";"2";"0";"1";"6";"500";"1";"";"6";"1";"0";"1";"50"
"202400002393";"4";"";"0";"";"2";"2";"0";"1";"0";"0";"1";"";"-1";"1";"0";"8";"50"
"202400002394";"3";"724";"0";"";"2";"2";"0";"1";"103";"180";"1";"";"5,5";"1";"9";"1";"30"
"202400002394";"3";"";"0";"";"2";"2";"0";"1";"-1";"-1";"1";"";"5,5";"1";"0";"1";"30"
"202400002395";"3";"107";"-1";"";"2";"2";"0";"1";"9";"400";"1";"";"4";"1";"0";"3";"80"
"202400002396";"4";"YEQUEL (RUE  LOUIS )";"0";"";"2";"2";"3";"1";"-1";"-1";"1";"";"-1";"1";"0";"1";"30"
"202400002397";"4";"";"-1";"";"2";"2";"-1";"1";"-1";"-1";"1";"";"-1";"1";"0";"1";"-1"
"202400002398";"9";"SCHOELCHER (RUE  VICTOR )";"0";"";"-1";"-1";"0";"1";"-1";"-1";"1";"";"-1";"1";"0";"6";"10"
"202400002399";"3";"942";"-1";"";"3";"0";"0";"1";"6";"200";"3";"";"0";"1";"0";"3";"90"
"202400002399";"3";"";"-1";"";"1";"-1";"-1";"1";"-1";"-1";"1";"";"-1";"1";"3";"1";"-1"
"202400002400";"4";"";"0";"";"1";"1";"0";"1";"1";"0";"1";"";"-1";"1";"0";"1";"50"
"202400002400";"4";"";"0";"";"2";"2";"0";"1";"1";"0";"1";"";"-1";"1";"0";"1";"50"
"202400002401";"4";"CURIE (RUE)";"0";"";"2";"2";"0";"1";"-1";"-1";"1";"";"-1";"2";"0";"1";"50"
"202400002401";"4";"SENNECEY (RUE DE)";"0";"";"1";"1";"0";"1";"-1";"-1";"1";"";"-1";"2";"0";"1";"50"
"202400002402";"4";"";"-1";"";"2";"2";"0";"1";"-1";"-1";"2";"";"-1";"1";"0";"8";"80"
"202400002403";"4";"FITZELIN (DE)";"0";"";"2";"2";"0";"1";"0";"0";"1";"";"-1";"1";"0";"1";"50"
"202400002404";"3";"73";"-1";"D";"2";"2";"0";"1";"10";"79";"2";"";"7";"1";"0";"3";"50"
"202400002405";"3";"MANGOLD (AVENUE DE L'EV)";"0";"";"2";"2";"0";"1";"-1";"-1";"1";"";"-1";"1";"0";"1";"50"
"202400002405";"3";"SALINE (BOULEVARD DE LA)";"0";"";"3";"4";"0";"1";"29";"0";"1";"";"-1";"1";"0";"1";"70"
"202400002406";"3";"23BIS";"0";"";"3";"2";"0";"2";"0";"0";"1";"";"4";"1";"0";"1";"50"
"202400002406";"3";"";"0";"";"1";"2";"0";"1";"0";"0";"1";"";"4";"1";"0";"1";"50"
"202400002407";"4";"LANGEVIN RUE PAUL";"0";"";"3";"3";"0";"1";"-1";"-1";"1";"";"-1";"1";"0";"1";"50"
"202400002407";"4";"RTE NATIONALE";"0";"";"3";"2";"0";"1";"-1";"-1";"1";"";"-1";"1";"0";"1";"50"
"202400002408";"3";"987";"0";"B";"2";"2";"0";"2";"16";"900";"3";"";"-1";"1";"0";"1";"80"
"202400002409";"4";"CASTELNAU (AVENUE)";"0";"";"2";"3";"0";"1";"0";"0";"1";"";"-1";"1";"9";"1";"50"
"202400002410";"4";"FAURIEL (COURS)";"0";"";"1";"1";"0";"1";"-1";"-1";"1";"";"-1";"1";"0";"1";"30"
"202400002411";"2";"171";"-1";"";"3";"4";"0";"1";"65";"655";"3";"";"-1";"1";"3";"1";"110"
"202400002412";"4";"COTEAUX (BOULEVARD DES)";"0";"";"1";"2";"0";"1";"0";"0";"1";"";"-1";"1";"0";"1";"30"
"202400002412";"4";"REPUBLIQUE (AVENUE DE LA)";"0";"";"1";"2";"1";"1";"0";"0";"1";"";"-1";"1";"0";"1";"30"
"202400002413";"4";"BERRIAT (COURS)             1 A 55-72";"0";"";"2";"0";"1";"1";"-1";"-1";"1";"";"-1";"1";"0";"5";"30"
"202400002413";"4";"RUE THIERS";"0";"";"1";"1";"0";"1";"-1";"-1";"1";"";"-1";"1";"0";"5";"30"
"202400002414";"3";"RD920";"-1";"";"2";"2";"0";"1";"5";"100";"4";"";"5,5";"1";"0";"1";"90"
"202400002415";"4";"CHARLES DE GAULLE (AVENUE,N°118 A 192 +";"0";"";"1";"1";"0";"1";"0";"0";"1";"";"-1";"1";"0";"1";"30"
"202400002416";"4";"BERGSON (RUE HENRI)";"0";"";"2";"2";"0";"1";"-1";"-1";"1";"";"-1";"1";"0";"1";"50"
"202400002416";"4";"DE GAULLE (BD CHARLES)";"0";"";"2";"4";"0";"1";"-1";"-1";"1";"";"-1";"1";"0";"1";"50"
"202400002417";"4";"0";"0";"A";"-1";"2";"0";"1";"-1";"-1";"1";"";"-1";"1";"4";"8";"50"
"202400002418";"4";"RICHARD WALLACE (BOULEVARD)";"0";"";"2";"0";"0";"1";"0";"0";"1";"";"-1";"1";"0";"1";"50"
"202400002419";"3";"BROSSOLETTE RUE PIERRE N°3 A 13";"0";"";"1";"2";"0";"2";"0";"0";"1";"";"-1";"1";"0";"1";"50"
"202400002420";"4";"COMPAGNONS D'EMMAUS (AVENUE DES)";"0";"";"2";"4";"0";"1";"-1";"-1";"1";"";"-1";"1";"0";"1";"50"
"202400002420";"4";"DANEMARK (AVENUE DU)";"0";"";"2";"4";"0";"1";"-1";"-1";"1";"";"-1";"1";"0";"1";"50"
"202400002421";"9";"";"0";"";"2";"2";"0";"1";"0";"60";"3";"";"-1";"1";"0";"1";"80"
"202400002422";"3";"BROSSOLETTE AVENUE PIERRE";"0";"";"1";"1";"0";"1";"0";"0";"1";"";"-1";"2";"0";"1";"50"
"202400002423";"4";"PAPU";"0";"";"2";"3";"0";"1";"-1";"-1";"1";"";"-1";"1";"0";"4";"30"
"202400002423";"4";"VANEAU";"0";"";"2";"3";"2";"1";"-1";"-1";"1";"";"-1";"1";"0";"4";"30"
"202400002424";"3";"901";"0";"";"2";"2";"0";"1";"15";"80";"1";"";"7";"1";"0";"1";"80"
"202400002425";"3";"COURBEVOIE (PONT DE)";"0";"";"4";"-1";"0";"1";"0";"0";"1";"";"-1";"1";"5";"1";"50"
"202400002425";"3";"VICTOR HUGO (DE 47 A FIN)";"0";"";"2";"2";"0";"1";"0";"0";"1";"";"-1";"1";"0";"1";"50"
"202400002426";"3";"662";"0";"D";"2";"2";"0";"1";"0";"800";"3";"";"7";"1";"0";"3";"80"
"202400002427";"4";"LECLERC (AVENUE DU MARECHAL)";"0";"";"2";"2";"0";"1";"-1";"-1";"1";"";"-1";"1";"0";"1";"50"
"202400002427";"4";"PERRUQUE (BOULEVARD DE LA)";"0";"";"2";"2";"1";"1";"-1";"-1";"1";"";"-1";"1";"0";"1";"20"
"202400002428";"3";"GAMBETTA";"0";"";"-1";"1";"0";"1";"0";"0";"1";"";"-1";"1";"0";"1";"30"
"202400002429";"3";"29";"0";"";"2";"2";"0";"1";"5";"0";"2";"";"6";"1";"0";"1";"80"
"202400002430";"4";"JUSTICE DE CASTELNAU (AVENUE DE LA)";"0";"";"1";"4";"2";"1";"-1";"-1";"1";"";"-1";"1";"0";"5";"50"
"202400002431";"3";"FRATERNITE (RUE DE LA)";"0";"";"2";"2";"0";"1";"0";"0";"1";"";"-1";"1";"0";"1";"30"
"202400002431";"3";"VALMY (BD DE)";"0";"";"2";"2";"0";"1";"0";"0";"1";"";"-1";"1";"0";"1";"30"
"202400002432";"3";"979";"-1";"";"2";"2";"0";"1";"12";"600";"4";"";"7";"1";"0";"1";"90"
"202400002433";"4";"SOEURS GRISES (RUE DES)";"0";"";"2";"1";"0";"1";"0";"0";"1";"";"-1";"1";"0";"1";"50"
"202400002434";"4";"AVE DE LA MARNE";"0";"";"2";"2";"0";"1";"-1";"-1";"1";"";"-1";"1";"0";"1";"50"
"202400002435";"3";"921";"-1";"";"2";"2";"0";"2";"20";"970";"3";"";"7";"1";"0";"1";"90"
"202400002436";"4";"CASTERES (RUE)";"0";"";"1";"1";"1";"1";"0";"0";"1";"";"-1";"1";"0";"1";"50"
"202400002437";"4";"";"-1";"";"2";"2";"0";"1";"-1";"-1";"1";"";"-1";"1";"0";"3";"30"
"202400002438";"4";"AVE HENRI VIGNEAU";"0";"";"3";"2";"0";"1";"-1";"-1";"1";"";"-1";"1";"5";"1";"50"
"202400002439";"4";"GALLIENI (RUE) 55/157 - 50/140";"0";"";"2";"2";"0";"1";"0";"0";"1";"";"-1";"1";"0";"1";"30"
"202400002439";"4";"VICTOR HUGO (AVENUE) 49/FIN - 60/FIN";"0";"";"2";"2";"1";"1";"0";"0";"1";"";"-1";"1";"5";"1";"30"
"202400002440";"3";"186";"0";"D";"2";"2";"0";"2";"11";"770";"2";"";"4";"1";"0";"3";"50"
"202400002441";"4";"603";"0";"";"-1";"2";"0";"1";"0";"100";"1";"";"-1";"2";"0";"1";"50"
"202400002442";"4";"";"-1";"";"2";"2";"0";"2";"-1";"-1";"2";"";"-1";"2";"0";"1";"30"
"202400002443";"3";"126";"-1";"";"2";"2";"0";"1";"8";"400";"1";"";"5,5";"1";"0";"1";"-1"
"202400002443";"3";"";"-1";"";"2";"2";"-1";"1";"-1";"-1";"3";"";"-1";"1";"0";"1";"30"
"202400002444";"2";"CHENIER DE (ANDRE)";"0";"";"2";"2";"0";"1";"71";"980";"3";"";"7";"2";"0";"8";"50"
"202400002445";"3";"901";"-1";"";"3";"0";"0";"2";"5";"600";"2";"";"0";"1";"0";"2";"90"
"202400002446";"3";"940";"0";"";"2";"2";"0";"1";"33";"715";"2";"";"7";"1";"0";"1";"70"
"202400002447";"4";"MAIL   ALLEE DU";"0";"";"1";"1";"0";"2";"-1";"-1";"1";"";"-1";"1";"9";"5";"30"
"202400002448";"3";"D921";"-1";"";"2";"2";"0";"1";"7";"55";"1";"";"5,5";"1";"0";"3";"-1"
"202400002449";"3";"18";"0";"D";"2";"2";"0";"1";"0";"130";"1";"";"5,5";"1";"9";"1";"-1"
"202400002450";"4";"GIBBES (CHEMIN DE)";"0";"";"2";"2";"0";"2";"0";"0";"1";"";"-1";"1";"0";"1";"50"
"202400002451";"3";"611";"-1";"";"2";"2";"0";"1";"5";"75";"1";"";"7";"1";"0";"1";"80"
"202400002452";"4";"0";"0";"";"2";"2";"0";"1";"0";"0";"1";"";"-1";"1";"0";"1";"80"
"202400002452";"4";"11";"0";"";"2";"2";"0";"1";"0";"0";"1";"";"-1";"1";"0";"1";"80"
"202400002453";"3";"COURONNADE (CHEMIN DE LA )";"0";"";"2";"2";"0";"1";"0";"0";"1";"";"5,5";"1";"0";"1";"70"
"202400002453";"3";"RD 543";"0";"";"2";"2";"0";"1";"27";"0";"1";"";"5,5";"1";"0";"1";"70"
"202400002454";"3";"118";"0";"D";"2";"2";"0";"1";"14";"510";"1";"";"4";"1";"0";"1";"90"
"202400002455";"9";"";"-1";"";"2";"2";"0";"1";"-1";"-1";"1";"";"-1";"1";"4";"1";"50"
"202400002456";"4";"rue Paul Doumer";"0";"";"1";"1";"0";"1";"-1";"-1";"2";"";"-1";"1";"0";"4";"50"
"202400002457";"4";"NARVIK (RUE DE)";"0";"";"2";"2";"0";"1";"-1";"-1";"1";"";"-1";"1";"0";"1";"50"
"202400002458";"3";"103";"0";"";"2";"2";"0";"2";"1";"100";"1";"";"7";"1";"0";"1";"30"
"202400002458";"3";"";"-1";"";"2";"2";"-1";"1";"-1";"-1";"1";"";"6";"1";"0";"1";"-1"
"202400002459";"3";"97";"0";"";"2";"2";"0";"1";"23";"70";"1";"";"5,5";"1";"0";"1";"70"
"202400002460";"4";"2089";"-1";"";"2";"2";"0";"2";"-1";"-1";"2";"";"-1";"1";"0";"4";"50"
"202400002461";"3";"3";"-1";"";"2";"2";"0";"1";"132";"115";"3";"";"5";"2";"0";"3";"80"
"202400002462";"4";"PORTE DE LA CHAPELLE";"0";"";"1";"4";"0";"1";"22";"700";"1";"";"-1";"2";"0";"1";"70"
"202400002463";"1";"A75";"-1";"";"3";"4";"0";"1";"230";"490";"2";"";"7";"1";"0";"3";"130"
"202400002464";"4";"BOULEVARD SAINT MARCEL";"0";"";"2";"-1";"0";"1";"-1";"-1";"1";"";"-1";"1";"0";"1";"30"
"202400002464";"4";"";"-1";"";"2";"-1";"-1";"1";"-1";"-1";"1";"";"-1";"1";"0";"1";"30"
"202400002465";"3";"69";"-1";"";"2";"2";"0";"1";"27";"70";"2";"";"4";"1";"0";"1";"50"
"202400002466";"3";"";"-1";"";"2";"2";"0";"1";"3";"238";"2";"";"5,5";"1";"0";"1";"90"
"202400002467";"3";"";"0";"";"2";"2";"0";"1";"10";"800";"1";"";"-1";"6";"0";"1";"80"
"202400002468";"4";"AVENUE DES TERNES";"0";"";"2";"4";"0";"1";"-1";"-1";"1";"";"-1";"1";"0";"1";"30"
"202400002468";"4";"";"-1";"";"2";"-1";"-1";"1";"-1";"-1";"1";"";"-1";"1";"0";"1";"30"
"202400002469";"3";"761";"0";"D";"2";"2";"0";"1";"26";"630";"1";"";"7";"1";"0";"1";"90"
"202400002470";"3";"183";"-1";"";"2";"2";"0";"1";"18";"350";"1";"";"5,5";"2";"0";"1";"80"
"202400002471";"4";"";"-1";"";"1";"-1";"-1";"1";"-1";"-1";"1";"";"-1";"1";"0";"1";"30"
"202400002471";"4";"RUE DE LA CROIX NIVERT";"0";"";"2";"2";"0";"1";"-1";"-1";"1";"";"-1";"1";"0";"1";"30"
"202400002472";"3";"999";"0";"";"2";"2";"0";"1";"78";"815";"1";"";"7";"1";"0";"3";"90"
"202400002473";"3";"28";"0";"";"2";"2";"0";"1";"13";"260";"3";"";"7";"1";"0";"3";"90"
"202400002474";"3";"47";"-1";"";"2";"2";"2";"2";"5";"-1";"1";"";"5";"1";"0";"1";"30"
"202400002474";"3";"";"0";"";"2";"2";"2";"1";"-1";"-1";"1";"";"5";"1";"0";"1";"30"
"202400002475";"3";"139";"-1";"D";"2";"2";"0";"1";"6";"500";"3";"";"4";"7";"0";"1";"80"
"202400002476";"3";"242";"0";"";"2";"2";"0";"2";"49";"-1";"1";"";"-1";"1";"0";"1";"90"
"202400002477";"3";"800";"-1";"D";"2";"2";"0";"1";"4";"200";"1";"";"7";"1";"0";"1";"80"
"202400002477";"3";"";"-1";"";"2";"-1";"-1";"1";"-1";"-1";"1";"";"-1";"1";"0";"1";"-1"
"202400002478";"4";"BOULEVARD DE BELLEVILLE";"0";"";"1";"1";"0";"1";"-1";"-1";"1";"";"-1";"1";"0";"1";"30"
"202400002478";"4";"RUE OBERKAMPF";"0";"";"1";"2";"0";"2";"-1";"-1";"1";"";"-1";"1";"0";"1";"30"
"202400002479";"3";"31";"0";"";"2";"2";"0";"1";"45";"110";"2";"";"4";"1";"5";"1";"50"
"202400002479";"3";"";"-1";"";"2";"2";"2";"1";"11";"240";"3";"";"-1";"1";"5";"1";"30"
"202400002480";"3";"1";"0";"A";"2";"2";"0";"2";"0";"830";"1";"";"5,5";"1";"0";"1";"80"
"202400002481";"4";"";"-1";"";"-1";"-1";"-1";"1";"-1";"-1";"1";"";"-1";"1";"0";"1";"30"
"202400002481";"4";"RUE DE LA ROQUETTE";"0";"";"2";"3";"0";"2";"-1";"-1";"1";"";"-1";"1";"0";"1";"30"
"202400002482";"3";"93";"0";"";"2";"2";"0";"1";"15";"696";"1";"";"4";"1";"0";"1";"80"
"202400002483";"3";"14";"0";"D";"2";"2";"0";"1";"13";"510";"1";"";"7";"1";"0";"8";"80"
"202400002483";"3";"";"0";"";"2";"2";"0";"1";"-1";"-1";"1";"";"-1";"1";"0";"8";"50"
"202400002484";"4";"AVENUE DE FRIEDLAND";"0";"";"2";"1";"0";"1";"-1";"-1";"1";"";"-1";"1";"5";"1";"30"
"202400002484";"4";"";"-1";"";"1";"-1";"-1";"1";"-1";"-1";"1";"";"-1";"1";"0";"1";"30"
"202400002485";"4";"";"-1";"";"2";"2";"0";"1";"-1";"-1";"1";"";"-1";"1";"0";"8";"30"
"202400002486";"4";"BOULEVARD DE PORT ROYAL";"0";"";"2";"2";"0";"1";"-1";"-1";"1";"";"-1";"1";"0";"1";"30"
"202400002486";"4";"";"-1";"";"1";"-1";"-1";"1";"-1";"-1";"1";"";"-1";"1";"0";"1";"30"
"202400002487";"3";"932";"0";"";"2";"2";"0";"2";"25";"100";"1";"";"7";"1";"0";"1";"90"
"202400002488";"4";"";"-1";"";"2";"1";"0";"1";"-1";"-1";"2";"";"-1";"2";"0";"1";"70"
"202400002489";"3";"";"-1";"";"2";"2";"0";"2";"24";"40";"3";"";"7";"1";"0";"3";"90"
"202400002490";"3";"7";"0";"";"3";"2";"3";"1";"0";"1";"1";"";"-1";"1";"0";"1";"30"
"202400002490";"3";"";"-1";"";"1";"1";"0";"1";"0";"0";"1";"";"-1";"1";"0";"1";"-1"
"202400002491";"3";"347";"0";"";"2";"2";"0";"1";"66";"11";"1";"";"7";"1";"0";"1";"80"
"202400002492";"3";"51";"0";"";"2";"2";"0";"1";"19";"800";"1";"";"5,5";"1";"6";"1";"50"
"202400002493";"4";"";"0";"";"2";"2";"2";"2";"0";"0";"1";"";"-1";"1";"0";"1";"30"
"202400002494";"3";"80";"-1";"";"2";"2";"0";"1";"14";"210";"1";"";"5,5";"1";"4";"8";"50"
"202400002495";"3";"121";"-1";"D";"2";"2";"0";"1";"6";"500";"4";"";"5";"1";"0";"3";"80"
"202400002496";"6";"";"0";"";"-1";"-1";"0";"1";"0";"0";"1";"";"-1";"1";"9";"8";"15"
"202400002497";"3";"68";"0";"D";"-1";"1";"0";"1";"0";"500";"2";"";"3,5";"1";"0";"1";"80"
"202400002498";"2";"186B";"0";"";"3";"4";"0";"1";"0";"0";"1";"";"7";"1";"0";"3";"90"
"202400002499";"2";"31";"-1";"";"2";"2";"0";"1";"22";"325";"1";"";"7";"1";"0";"1";"80"
"202400002500";"3";"19";"0";"";"2";"2";"0";"1";"0";"0";"1";"";"12";"1";"0";"1";"50"
"202400002500";"3";"";"0";"";"1";"1";"0";"1";"0";"0";"1";"";"12";"1";"0";"1";"50"
"202400002501";"3";"57";"-1";"";"2";"2";"0";"1";"26";"770";"1";"";"4";"1";"0";"1";"80"
"202400002501";"3";"";"-1";"";"2";"-1";"0";"1";"5";"800";"3";"";"-1";"1";"0";"1";"-1"
"202400002502";"3";"600";"0";"D";"3";"2";"0";"2";"51";"165";"2";"";"7";"1";"0";"1";"80"
"202400002503";"4";"";"-1";"";"1";"1";"0";"1";"0";"0";"1";"";"-1";"1";"0";"1";"-1"
"202400002503";"4";"";"0";"";"1";"1";"0";"1";"0";"0";"1";"";"-1";"1";"0";"1";"50"
"202400002504";"3";"59";"-1";"";"2";"2";"0";"1";"12";"465";"1";"";"5,5";"2";"0";"1";"80"
"202400002504";"3";"";"-1";"";"2";"2";"0";"2";"-1";"-1";"2";"";"5,5";"2";"0";"1";"50"
"202400002505";"3";"313";"0";"D";"1";"1";"0";"2";"2";"150";"1";"";"3";"1";"3";"1";"90"
"202400002506";"3";"JEAN JAURES (RUE) (N° IMPAIRS)";"0";"";"2";"2";"0";"1";"0";"0";"1";"";"7";"1";"0";"4";"50"
"202400002507";"3";"6204";"0";"";"2";"2";"0";"1";"21";"350";"2";"";"7";"1";"0";"1";"80"
"202400002508";"4";"BOILEAU RUE";"0";"";"1";"2";"0";"1";"0";"0";"1";"";"7";"1";"0";"1";"50"
"202400002509";"3";"11";"0";"";"-1";"2";"0";"2";"9";"640";"1";"";"4";"2";"0";"3";"80"
"202400002510";"4";"";"-1";"";"2";"2";"0";"1";"-1";"-1";"2";"";"-1";"1";"0";"3";"80"
"202400002511";"3";"ANA. FRANCE(RUE)1A75 ET 2A72";"0";"";"1";"2";"0";"1";"0";"0";"1";"";"-1";"1";"0";"1";"50"
"202400002511";"3";"LOUIS ROUQUIER(RUE)47A111 ET 50A104";"0";"";"1";"2";"0";"1";"0";"0";"1";"";"-1";"1";"0";"1";"50"
"202400002512";"3";"26";"-1";"";"2";"2";"0";"1";"7";"126";"1";"";"5,5";"1";"0";"1";"80"
"202400002513";"3";"GABRIEL PERI (RUE)";"0";"";"2";"0";"0";"1";"0";"0";"1";"";"0";"1";"0";"1";"50"
"202400002514";"3";"54";"0";"";"2";"2";"0";"1";"-1";"-1";"1";"";"5,5";"1";"0";"1";"80"
"202400002515";"4";"ANATOLE FRANCE (RUE)";"0";"";"2";"2";"0";"1";"0";"0";"1";"";"-1";"1";"0";"1";"30"
"202400002516";"3";"21";"0";"D";"3";"2";"0";"1";"2";"900";"3";"";"7";"1";"0";"1";"90"
"202400002517";"3";"21";"0";"";"2";"2";"0";"1";"5";"480";"3";"";"4";"1";"0";"8";"80"
"202400002518";"3";"834";"-1";"";"2";"3";"0";"2";"16";"0";"2";"";"10,5";"1";"0";"1";"50"
"202400002519";"3";"438";"-1";"";"2";"2";"0";"1";"0";"110";"2";"";"4";"1";"0";"3";"80"
"202400002520";"3";"68";"0";"";"2";"3";"0";"1";"0";"0";"1";"";"10,5";"1";"5";"4";"50"
"202400002521";"4";"";"-1";"";"2";"2";"0";"1";"-1";"-1";"1";"";"-1";"1";"0";"3";"50"
"202400002522";"3";"737";"-1";"";"2";"2";"0";"2";"35";"300";"1";"";"5,5";"1";"0";"1";"80"
"202400002523";"3";"60";"0";"D";"2";"2";"0";"2";"23";"500";"2";"";"5";"1";"0";"1";"50"
"202400002524";"3";"D22";"-1";"";"2";"2";"0";"1";"1";"420";"1";"";"5,5";"1";"0";"1";"80"
"202400002524";"3";"";"-1";"";"-1";"2";"0";"1";"-1";"-1";"1";"";"5,5";"1";"0";"1";"80"
"202400002525";"2";"12";"0";"N";"2";"2";"0";"1";"68";"0";"1";"";"7";"1";"0";"3";"80"
"202400002526";"3";"";"-1";"";"2";"2";"0";"1";"6";"800";"2";"";"5,5";"1";"0";"8";"-1"
"202400002527";"4";"28";"-1";"D";"2";"2";"0";"1";"-1";"-1";"1";"";"-1";"1";"0";"1";"50"
"202400002528";"3";"901";"-1";"";"2";"2";"0";"1";"9";"800";"1";"";"7";"1";"0";"1";"80"
"202400002529";"4";"";"0";"";"2";"2";"0";"1";"-1";"-1";"1";"";"-1";"1";"0";"1";"50"
"202400002530";"3";"948";"-1";"";"3";"2";"0";"1";"56";"0";"1";"";"7";"1";"0";"1";"110"
"202400002531";"3";"932E6";"0";"";"2";"2";"0";"1";"2";"189";"1";"";"4";"1";"0";"1";"50"
"202400002531";"3";"932E7";"0";"";"2";"2";"0";"1";"1";"297";"1";"";"4";"1";"0";"1";"50"
"202400002532";"3";"14";"0";"";"2";"2";"0";"2";"9";"500";"2";"";"4";"1";"0";"1";"90"
"202400002533";"3";"998";"0";"";"2";"2";"0";"1";"4";"246";"1";"";"5";"1";"0";"3";"90"
"202400002534";"4";"";"-1";"";"2";"2";"0";"1";"-1";"-1";"1";"";"-1";"1";"0";"3";"50"
"202400002535";"3";"142";"0";"";"2";"2";"0";"1";"4";"910";"2";"";"6";"2";"0";"1";"70"
"202400002535";"3";"";"-1";"";"2";"2";"0";"1";"-1";"-1";"1";"";"6";"2";"0";"1";"80"
"202400002536";"4";"C4";"0";"";"2";"2";"0";"2";"-1";"-1";"3";"";"-1";"2";"0";"1";"80"
"202400002537";"3";"907";"2";"";"2";"2";"0";"1";"11";"960";"2";"";"5";"1";"0";"1";"70"
"202400002538";"3";"0";"2";"";"1";"2";"0";"1";"0";"0";"1";"";"7";"1";"0";"1";"50"
"202400002538";"3";"6101";"-1";"";"2";"2";"0";"1";"0";"260";"1";"";"7";"1";"0";"1";"50"
"202400002539";"3";"65";"-1";"D";"2";"2";"0";"1";"58";"720";"1";"";"7";"1";"0";"3";"90"
"202400002540";"2";"165";"0";"";"3";"2";"0";"1";"112";"0";"1";"";"10";"2";"0";"1";"90"
"202400002541";"1";"10";"0";"A";"3";"3";"0";"1";"141";"500";"1";"";"10";"2";"0";"1";"130"
"202400002542";"3";"1062";"0";"";"2";"2";"0";"1";"12";"760";"1";"";"7";"1";"0";"1";"80"
"202400002543";"3";"817";"0";"";"2";"2";"0";"1";"40";"0";"1";"";"7";"2";"0";"1";"90"
"202400002543";"3";"";"-1";"";"2";"2";"-1";"1";"1";"992";"1";"";"-1";"2";"0";"1";"80"
"202400002544";"3";"135";"-1";"";"2";"2";"0";"1";"22";"800";"1";"";"7";"1";"0";"1";"80"
"202400002545";"4";"";"-1";"";"2";"2";"1";"1";"-1";"-1";"1";"";"-1";"1";"0";"1";"30"
"202400002546";"3";"252";"-1";"";"-1";"2";"0";"2";"4";"850";"1";"";"5,5";"1";"0";"3";"90"
"202400002547";"3";"243";"-1";"";"2";"2";"0";"1";"3";"0";"1";"";"4";"1";"0";"1";"90"
"202400002548";"1";"10";"0";"";"3";"3";"0";"1";"49";"860";"1";"";"13,5";"1";"0";"1";"130"
"202400002549";"3";"744";"-1";"";"2";"2";"0";"3";"17";"730";"1";"";"6";"1";"0";"3";"80"
"202400002550";"2";"2";"0";"";"2";"2";"0";"1";"93";"816";"1";"";"5";"1";"0";"1";"-1"
"202400002551";"3";"55";"-1";"";"2";"2";"0";"1";"10";"50";"3";"";"-1";"1";"0";"1";"50"
"202400002551";"3";"";"-1";"";"2";"2";"-1";"1";"-1";"-1";"2";"";"-1";"1";"0";"1";"-1"
"202400002552";"4";"11";"0";"N";"2";"2";"0";"1";"-1";"-1";"4";"";"-1";"1";"0";"3";"80"
"202400002553";"2";"40";"0";"T";"2";"2";"0";"2";"28";"0";"3";"";"7";"1";"0";"1";"80"
"202400002554";"3";"78";"2";"";"2";"2";"0";"1";"9";"500";"1";"";"5,5";"1";"0";"1";"70"
"202400002554";"3";"8";"-1";"";"2";"2";"0";"1";"-1";"-1";"1";"";"5,5";"1";"0";"1";"50"
"202400002555";"1";"68";"0";"A";"3";"2";"0";"1";"31";"357";"1";"";"6,5";"2";"0";"3";"130"
"202400002556";"2";"1";"0";"";"2";"2";"0";"1";"109";"260";"2";"";"7";"1";"0";"1";"80"
"202400002557";"2";"1";"0";"";"2";"2";"0";"1";"24";"430";"1";"";"7";"1";"0";"1";"80"
"202400002558";"3";"84";"0";"";"2";"2";"0";"1";"15";"600";"2";"";"7";"2";"0";"1";"70"
"202400002558";"3";"";"-1";"";"2";"2";"-1";"1";"7";"800";"1";"";"7";"2";"5";"1";"80"
"202400002559";"3";"81";"-1";"";"2";"2";"0";"1";"8";"300";"1";"";"7";"1";"0";"3";"50"
"202400002560";"3";"121";"0";"D";"2";"2";"0";"1";"18";"250";"1";"";"5,5";"2";"0";"1";"70"
"202400002561";"3";"942";"0";"D";"2";"2";"0";"1";"29";"280";"4";"";"5,5";"1";"0";"3";"90"
"202400002562";"3";"2";"0";"";"2";"0";"0";"1";"8";"950";"1";"";"0";"2";"3";"1";"70"
"202400002563";"4";"";"-1";"";"-1";"2";"0";"1";"-1";"-1";"1";"";"-1";"9";"0";"1";"30"
"202400002564";"3";"21";"2";"B";"2";"2";"0";"1";"8";"820";"3";"";"5,5";"1";"8";"8";"70"
"202400002565";"4";"";"-1";"";"2";"2";"0";"1";"-1";"-1";"4";"";"-1";"1";"0";"1";"80"
"202400002566";"3";"";"-1";"";"3";"2";"0";"2";"36";"50";"1";"";"7";"3";"0";"1";"80"
"202400002567";"3";"779";"0";"D";"2";"2";"0";"1";"-1";"-1";"1";"";"5,5";"1";"0";"1";"50"
"202400002568";"3";"RD 92";"-1";"";"2";"2";"0";"2";"26";"500";"1";"";"5,5";"1";"0";"1";"80"
"202400002569";"3";"";"-1";"";"2";"2";"-1";"1";"42";"980";"1";"";"-1";"2";"0";"8";"50"
"202400002569";"3";"";"0";"D";"1";"1";"0";"1";"0";"0";"2";"";"3";"2";"0";"1";"30"
"202400002570";"3";"22";"-1";"";"2";"2";"0";"3";"41";"350";"1";"";"-1";"1";"0";"1";"80"
"202400002571";"3";"520";"0";"A";"2";"2";"0";"2";"6";"0";"1";"";"-1";"1";"5";"1";"70"
"202400002571";"3";"";"0";"";"2";"2";"0";"1";"-1";"-1";"1";"";"-1";"1";"5";"1";"70"
"202400002572";"3";"33";"0";"D";"2";"2";"0";"2";"48";"790";"2";"";"-1";"2";"0";"3";"80"
"202400002573";"3";"703";"-1";"";"2";"2";"0";"1";"51";"815";"1";"";"7";"2";"0";"1";"90"
"202400002574";"4";"";"-1";"";"2";"2";"0";"1";"-1";"-1";"1";"";"-1";"1";"0";"1";"50"
"202400002574";"4";"";"-1";"";"2";"2";"-1";"1";"-1";"-1";"1";"";"-1";"1";"0";"1";"-1"
"202400002575";"4";"";"-1";"";"1";"1";"0";"2";"-1";"-1";"1";"";"-1";"1";"0";"4";"50"
"202400002576";"4";"";"-1";"";"2";"2";"0";"1";"-1";"-1";"2";"";"-1";"1";"0";"1";"80"
"202400002577";"3";"120";"0";"D";"2";"2";"0";"1";"22";"156";"3";"";"5,8";"1";"0";"8";"80"
"202400002577";"3";"";"-1";"";"2";"2";"-1";"1";"-1";"-1";"1";"";"-1";"1";"0";"1";"50"
"202400002578";"3";"6";"0";"D";"2";"2";"0";"1";"23";"700";"1";"";"7";"1";"0";"1";"80"
"202400002579";"3";"249";"-1";"";"2";"2";"0";"2";"1";"300";"3";"";"-1";"1";"0";"3";"80"
"202400002580";"1";"16";"0";"";"3";"2";"0";"2";"57";"550";"1";"";"10";"1";"0";"2";"130"
"202400002581";"2";"19";"-1";"";"2";"2";"0";"1";"85";"230";"2";"";"7";"1";"0";"1";"70"
"202400002581";"2";"";"-1";"";"2";"2";"-1";"1";"7";"182";"3";"";"-1";"1";"5";"-1";"80"
"202400002582";"1";"AUTOROUTE A21";"0";"";"-1";"2";"0";"1";"15";"699";"1";"";"10";"1";"0";"1";"110"
"202400002583";"3";"41";"0";"D";"2";"2";"0";"1";"30";"700";"1";"";"4";"1";"0";"1";"50"
"202400002584";"1";"A13";"0";"";"1";"3";"0";"2";"46";"599";"3";"";"-1";"1";"0";"1";"110"
"202400002585";"2";"";"-1";"";"2";"2";"0";"1";"4";"290";"1";"";"-1";"1";"0";"1";"50"
"202400002585";"2";"";"-1";"";"2";"-1";"-1";"1";"-1";"-1";"1";"";"-1";"1";"0";"1";"-1"
"202400002586";"1";"14";"0";"";"1";"3";"0";"1";"3";"299";"1";"";"-1";"1";"1";"1";"70"
"202400002587";"7";"14";"0";"D";"2";"2";"0";"2";"4";"687";"3";"";"5,5";"2";"0";"1";"50"
"202400002588";"1";"AUTOROUTE A115";"0";"";"-1";"1";"0";"1";"11";"300";"3";"";"-1";"1";"0";"1";"50"
"202400002589";"1";"40";"-1";"";"3";"2";"0";"1";"104";"180";"3";"";"10";"2";"0";"1";"100"
"202400002590";"1";"AUTOROUTE A1";"0";"";"3";"8";"0";"1";"7";"0";"1";"";"-1";"1";"0";"1";"90"
"202400002591";"1";"61";"0";"A";"4";"2";"0";"1";"375";"650";"1";"";"10";"2";"0";"1";"110"
"202400002592";"1";"1";"0";"";"3";"4";"0";"1";"8";"0";"1";"";"17";"1";"0";"1";"90"
"202400002593";"2";"101";"0";"";"2";"2";"0";"1";"-1";"-1";"1";"";"-1";"1";"0";"1";"60"
"202400002594";"2";"2";"0";"";"2";"2";"0";"1";"19";"200";"4";"";"-1";"1";"0";"1";"60"
"202400002595";"1";"86";"0";"";"3";"3";"0";"1";"19";"299";"2";"";"13,5";"1";"1";"1";"90"
"202400002596";"2";"2";"-1";"";"2";"2";"0";"1";"-1";"-1";"1";"";"-1";"1";"0";"1";"50"
"202400002596";"2";"";"-1";"";"2";"2";"-1";"-1";"-1";"-1";"1";"";"-1";"1";"-1";"1";"-1"
"202400002597";"1";"86";"0";"";"1";"4";"0";"1";"14";"199";"2";"";"17";"1";"0";"6";"70"
"202400002598";"2";"406";"0";"";"1";"2";"0";"2";"5";"890";"3";"";"-1";"1";"3";"1";"50"
"202400002599";"3";"146";"-1";"B";"2";"1";"0";"1";"10";"250";"1";"";"3,5";"1";"0";"3";"80"
"202400002600";"3";"11";"-1";"";"1";"2";"0";"1";"13";"550";"2";"";"7";"1";"0";"1";"50"
"202400002600";"3";"";"-1";"";"2";"-1";"-1";"1";"0";"1";"1";"";"-1";"1";"0";"1";"-1"
"202400002601";"3";"513";"0";"";"2";"2";"0";"1";"45";"415";"1";"";"-1";"1";"0";"1";"90"
"202400002602";"3";"25";"-1";"";"2";"2";"0";"1";"63";"400";"1";"";"5,5";"1";"0";"1";"30"
"202400002603";"3";"98";"-1";"";"2";"2";"0";"1";"54";"71";"1";"";"7";"1";"0";"3";"70"
"202400002604";"4";"RUE DU MONT TE";"0";"";"2";"2";"0";"2";"0";"0";"1";"";"-1";"1";"0";"1";"30"
"202400002604";"4";"RUE MAXIMILIEN BERTHELIN";"0";"";"2";"2";"0";"2";"0";"0";"1";"";"-1";"1";"0";"1";"30"
"202400002605";"3";"";"-1";"";"2";"2";"0";"1";"1";"0";"1";"";"-1";"1";"0";"1";"-1"
"202400002606";"4";"kaweni-Europe (avenue)";"0";"";"2";"1";"0";"1";"0";"0";"1";"";"-1";"1";"0";"1";"50"
"202400002606";"4";"kaweni-Grande Traverse (rue de la)";"0";"";"-1";"2";"0";"1";"-1";"-1";"1";"";"-1";"1";"0";"8";"50"
"202400002607";"3";"ENTRE DEUX(route de l')";"0";"";"-1";"2";"0";"1";"0";"0";"3";"";"-1";"1";"0";"1";"70"
"202400002608";"3";"50";"-1";"D";"2";"2";"0";"2";"15";"16";"2";"";"5,5";"2";"0";"1";"70"
"202400002609";"4";"RICHARD VITTON                      (CO)";"0";"";"1";"1";"0";"1";"-1";"-1";"1";"";"-1";"1";"0";"1";"30"
"202400002610";"3";"40";"0";"";"2";"2";"0";"2";"-1";"-1";"1";"";"5";"1";"0";"1";"30"
"202400002611";"3";"9";"0";"D";"-1";"2";"0";"1";"7";"4 600";"2";"";"-1";"1";"0";"1";"80"
"202400002612";"2";"CROIX RIVAIL";"0";"";"2";"2";"0";"2";"2";"200";"4";"";"-1";"1";"9";"8";"70"
"202400002613";"3";"191";"0";"";"2";"2";"0";"1";"50";"780";"1";"";"5,5";"2";"0";"1";"50"
"202400002614";"2";"ROUTE NATIONALE 1";"0";"";"4";"12";"3";"1";"3";"0";"2";"";"-1";"1";"9";"1";"70"
"202400002615";"1";"A72";"0";"";"3";"2";"0";"1";"1";"330";"1";"";"10";"1";"8";"2";"90"
"202400002616";"7";"AQUEDUC DE BEAUNANT (DE L')         (AV)";"0";"";"2";"3";"2";"2";"4";"0";"1";"";"14";"1";"5";"1";"50"
"202400002616";"7";"BRIGNAIS (DE)      D 42             (RO)";"0";"";"2";"3";"1";"2";"6";"500";"1";"";"14";"1";"5";"1";"50"
"202400002617";"1";"AUTOROUTE A6";"0";"";"1";"3";"0";"2";"18";"899";"1";"";"14";"1";"0";"1";"110"
"202400002618";"4";"FEUILLEE DE LA                      (PT)";"0";"";"2";"2";"1";"1";"-1";"-1";"3";"";"-1";"1";"0";"1";"50"
"202400002618";"4";"PECHERIE (DE LA)                    (QU)";"0";"";"1";"1";"2";"1";"-1";"-1";"1";"";"-1";"1";"0";"1";"50"
"202400002619";"2";"385";"0";"";"3";"2";"0";"1";"54";"40";"1";"";"7";"1";"0";"1";"90"
"202400002620";"3";"RTE NATIONALE 7";"0";"";"3";"2";"0";"1";"0";"0";"1";"";"-1";"1";"0";"1";"90"
"202400002621";"3";"RD 188 CHEVREUSE";"0";"";"2";"2";"0";"1";"10";"0";"3";"";"7";"1";"0";"1";"70"
"202400002622";"4";"FAUBOURG DE LA CUEILLE MIREBALAISE (RUE";"0";"";"1";"2";"0";"3";"-1";"-1";"1";"";"-1";"1";"0";"1";"30"
"202400002623";"1";"86";"0";"";"3";"2";"0";"2";"51";"299";"1";"";"7";"1";"1";"1";"70"
"202400002624";"1";"106";"0";"";"3";"2";"0";"1";"6";"349";"3";"";"10,5";"1";"0";"1";"110"
"202400002625";"4";"GIRONDE (CHEMIN DE LA)";"0";"";"2";"2";"0";"1";"0";"0";"1";"";"-1";"1";"5";"1";"80"
"202400002625";"4";"ROUTE DE CHATEAUNEUF";"0";"";"2";"2";"0";"4";"0";"0";"1";"";"-1";"1";"5";"1";"80"
"202400002626";"1";"A12 W";"0";"";"1";"2";"0";"4";"8";"0";"2";"";"10,5";"1";"0";"1";"90"
"202400002627";"3";"ESTIENNES D'ORVES (AV)";"0";"";"-1";"1";"0";"1";"1";"450";"1";"";"4";"1";"0";"1";"50"
"202400002627";"3";"RD POINT DU 8 MAI";"0";"";"-1";"3";"0";"1";"25";"290";"1";"";"-1";"1";"0";"1";"50"
"202400002628";"2";"118";"0";"";"3";"2";"0";"1";"4";"199";"1";"";"7";"1";"0";"1";"90"
"202400002629";"7";"";"-1";"";"2";"2";"0";"4";"-1";"-1";"1";"";"-1";"1";"1";"1";"30"
"202400002629";"7";"TABLE DE PIERRE. RUE DE LA";"0";"";"2";"2";"0";"2";"26";"250";"1";"";"-1";"1";"0";"1";"30"
"202400002630";"1";"86";"0";"";"1";"2";"0";"2";"23";"700";"2";"";"10";"1";"0";"2";"70"
"202400002631";"7";"AMBROISE CROIZAT                    (BD)";"0";"";"2";"4";"3";"1";"2";"0";"1";"";"-1";"1";"0";"1";"50"
"202400002631";"7";"";"-1";"";"2";"3";"0";"1";"-1";"-1";"2";"";"-1";"1";"0";"1";"50"
"202400002632";"1";"86";"0";"";"3";"6";"0";"1";"27";"700";"3";"";"-1";"1";"0";"1";"90"
"202400002633";"4";"GENERAL LIBERMANN (RUE DU)";"0";"";"2";"2";"0";"1";"-1";"-1";"1";"";"-1";"1";"9";"1";"30"
"202400002634";"4";"THUMENAU (RUE DE LA)";"0";"";"3";"7";"3";"1";"-1";"-1";"1";"";"-1";"1";"0";"1";"50"
"202400002635";"1";"86";"0";"";"3";"3";"0";"1";"21";"799";"1";"";"13,5";"1";"1";"1";"90"
"202400002636";"4";"MAIRE KUSS (RUE DU)";"0";"";"1";"1";"2";"2";"-1";"-1";"1";"";"-1";"1";"6";"1";"30"
"202400002637";"1";"86";"0";"";"3";"3";"0";"1";"11";"500";"1";"";"10,5";"1";"0";"1";"90"
"202400002638";"4";"SOURCES (PROMENADE DES)";"0";"";"2";"2";"0";"1";"-1";"-1";"1";"";"-1";"1";"0";"1";"30"
"202400002639";"2";"186";"0";"";"3";"3";"0";"1";"49";"200";"1";"";"14";"1";"0";"1";"90"
"202400002640";"4";"NATIONS UNIES (AVENUE DES)";"0";"";"2";"4";"3";"1";"-1";"-1";"1";"";"-1";"1";"0";"1";"50"
"202400002641";"4";"MARNE(AVENUE DE LA) MAC DO  A FIN";"0";"";"3";"3";"0";"1";"-1";"-1";"1";"";"-1";"1";"0";"1";"50"
"202400002641";"4";"VINCIN(RUE DU)";"0";"";"2";"2";"0";"1";"-1";"-1";"2";"";"-1";"1";"0";"1";"50"
"202400002642";"3";"906 (RD)";"0";"";"2";"2";"0";"1";"20";"40";"3";"";"7";"1";"0";"1";"80"
"202400002643";"1";"A5b";"0";"";"-1";"3";"0";"1";"3";"0";"1";"";"-1";"2";"0";"1";"110"
"202400002644";"3";"";"0";"";"2";"2";"0";"1";"-1";"-1";"1";"";"-1";"1";"0";"1";"50"
"202400002644";"3";"";"0";"";"2";"2";"0";"1";"46";"650";"1";"";"-1";"1";"0";"8";"50"
"202400002645";"4";"RUE JACQUES IEKAWE";"0";"";"2";"2";"0";"1";"0";"0";"3";"";"-1";"1";"0";"3";"50"
"202400002646";"4";"LIBERATION (AVENUE DE LA)";"0";"";"2";"2";"0";"1";"-1";"-1";"1";"";"-1";"1";"0";"3";"50"
"202400002647";"4";"JUVENAL (PONT)";"0";"";"1";"1";"0";"2";"0";"0";"1";"";"-1";"1";"0";"1";"50"
"202400002648";"4";"OCEAN (BD DE L')";"0";"";"2";"2";"1";"1";"-1";"-1";"2";"";"-1";"1";"-1";"1";"30"
"202400002649";"3";"ROSPORDEN ROUTE DE";"0";"";"2";"2";"0";"2";"50";"300";"4";"";"9";"1";"0";"1";"50"
"202400002650";"4";"ALLENDE (BOULEVARD DU PRESIDENT)";"0";"";"2";"4";"0";"1";"0";"0";"2";"";"-1";"1";"0";"3";"70"
"202400002651";"3";"BOUTIL (LIEU-DIT)";"0";"";"-1";"2";"0";"1";"1";"0";"1";"";"7";"1";"5";"3";"70"
"202400002651";"3";"GUILLOUX (BOULEVARD LOUIS)";"0";"";"2";"2";"0";"1";"1";"0";"3";"";"7";"1";"0";"3";"50"
"202400002652";"3";"BRECHE BUHOT (AVENUE DE LA)";"0";"";"1";"2";"0";"1";"-1";"-1";"1";"";"-1";"1";"5";"1";"50"
"202400002652";"3";"GUILLAUME LE CONQUERANT (AVENUE)";"0";"";"2";"2";"0";"1";"33";"445";"1";"";"-1";"1";"5";"1";"50"
"202400002653";"4";"MENDES FRANCE (AVENUE)";"0";"";"2";"5";"0";"1";"0";"0";"1";"";"-1";"1";"0";"1";"50"
"202400002654";"3";"D911";"0";"";"2";"2";"0";"2";"5";"130";"1";"";"7";"1";"0";"1";"90"
"202400002655";"3";"DOUMER (AVENUE PAUL)";"0";"";"2";"2";"0";"1";"0";"12";"1";"";"5,5";"1";"0";"1";"50"
"202400002656";"4";"ECHANGEUR BERCY";"0";"";"1";"4";"0";"1";"34";"500";"1";"";"-1";"1";"0";"1";"70"
"202400002657";"4";"PORTE DE BAGNOLET";"0";"";"1";"4";"0";"1";"29";"200";"1";"";"-1";"1";"0";"1";"70"
"202400002658";"4";"BOULEVARD D AURELLE DE PALADINES";"0";"";"2";"6";"0";"1";"-1";"-1";"1";"";"-1";"1";"0";"1";"30"
"202400002658";"4";"RUE GUSTAVE CHARPENTIER";"0";"";"1";"1";"0";"1";"-1";"-1";"1";"";"-1";"1";"0";"1";"30"
"202400002659";"4";"AVENUE DE WAGRAM";"0";"";"2";"3";"2";"2";"-1";"-1";"1";"";"-1";"1";"0";"5";"30"
"202400002659";"4";"";"-1";"";"1";"-1";"-1";"1";"-1";"-1";"1";"";"-1";"1";"0";"5";"30"
"202400002660";"4";"AVENUE VICTOR HUGO";"0";"";"2";"1";"0";"1";"-1";"-1";"1";"";"-1";"1";"0";"1";"50"
"202400002660";"4";"PLACE VICTOR HUGO";"0";"";"4";"10";"0";"1";"-1";"-1";"1";"";"-1";"1";"0";"1";"50"
"202400002661";"4";"RUE JEANNE D ARC";"0";"";"2";"2";"0";"1";"-1";"-1";"1";"";"-1";"1";"0";"1";"30"
"202400002662";"4";"";"-1";"";"2";"-1";"-1";"1";"-1";"-1";"1";"";"-1";"1";"0";"5";"30"
"202400002662";"4";"RUE DU HUIT MAI 1945";"0";"";"2";"4";"2";"1";"-1";"-1";"1";"";"-1";"1";"0";"5";"30"
"202400002663";"4";"BOULEVARD DE LA CHAPELLE";"0";"";"2";"2";"3";"1";"-1";"-1";"1";"";"-1";"1";"5";"1";"30"
"202400002663";"4";"";"-1";"";"1";"-1";"-1";"1";"-1";"-1";"1";"";"-1";"1";"0";"1";"30"
"202400002664";"4";"BOULEVARD BOURDON";"0";"";"1";"3";"1";"1";"-1";"-1";"1";"";"-1";"1";"0";"1";"30"
"202400002664";"4";"";"-1";"";"-1";"-1";"-1";"1";"-1";"-1";"1";"";"-1";"1";"0";"1";"30"
"202400002665";"4";"PLACE DU PALAIS ROYAL";"0";"";"1";"0";"0";"1";"-1";"-1";"1";"";"-1";"1";"0";"1";"30"
"202400002665";"4";"RUE DE RIVOLI";"0";"";"2";"4";"1";"1";"-1";"-1";"1";"";"-1";"1";"0";"1";"30"
"202400002666";"3";"204";"0";"";"2";"2";"0";"1";"1";"0";"1";"";"5";"1";"0";"1";"75"
"202400002667";"4";"";"0";"";"2";"2";"0";"1";"0";"0";"1";"";"-1";"1";"0";"1";"50"
"202400002668";"6";"";"0";"";"-1";"0";"0";"1";"1";"0";"2";"";"-1";"1";"0";"1";"30"
"202400002669";"3";"JEAN JAURES (BOULEVARD) 1/61 - COTE IMPA";"0";"";"2";"2";"0";"1";"0";"0";"1";"";"-1";"1";"1";"1";"50"
"202400002670";"3";"2";"0";"D";"2";"2";"0";"1";"50";"963";"1";"";"-1";"1";"0";"3";"80"
"202400002671";"3";"6";"-1";"";"2";"2";"0";"1";"7";"895";"1";"";"5";"1";"0";"1";"-1"
"202400002672";"3";"618";"0";"";"2";"2";"0";"1";"6";"230";"2";"";"7";"1";"0";"1";"80"
"202400002673";"2";"12";"0";"N";"3";"2";"0";"1";"100";"0";"1";"";"10";"1";"0";"3";"110"
"202400002674";"2";"25";"-1";"";"2";"2";"0";"1";"12";"970";"1";"";"7";"1";"5";"1";"80"
"202400002674";"2";"8";"-1";"";"2";"2";"0";"1";"18";"0";"1";"";"5";"1";"0";"1";"80"
"202400002675";"3";"RD85";"-1";"";"2";"2";"0";"1";"8";"200";"2";"";"5";"1";"0";"1";"50"
"202400002676";"4";"";"0";"";"2";"2";"0";"2";"-1";"-1";"1";"";"-1";"1";"0";"3";"80"
"202400002677";"3";"D1089";"-1";"";"2";"3";"0";"1";"40";"155";"1";"";"10,5";"1";"0";"3";"90"
"202400002678";"3";"1089";"0";"D";"2";"2";"0";"2";"59";"0";"1";"";"7";"1";"0";"1";"70"
"202400002679";"2";"165";"-1";"";"3";"4";"0";"1";"36";"754";"1";"";"10";"1";"9";"3";"110"
"202400002680";"2";"20";"-1";"";"2";"2";"0";"2";"53";"842";"2";"";"7";"1";"4";"1";"70"
"202400002681";"3";"D86";"0";"E";"2";"2";"3";"1";"0";"450";"1";"";"5";"1";"4";"6";"30"
"202400002682";"3";"118";"0";"D";"2";"2";"0";"1";"47";"470";"3";"";"7";"1";"0";"1";"80"
"202400002683";"3";"251";"0";"";"2";"2";"0";"1";"2";"610";"1";"";"4";"1";"0";"1";"80"
"202400002684";"3";"66";"0";"A";"2";"2";"0";"2";"0";"0";"1";"";"5";"1";"0";"1";"90"
"202400002684";"3";"";"-1";"";"2";"-1";"-1";"1";"20";"500";"1";"";"-1";"1";"0";"1";"-1"
"202400002685";"3";"86";"-1";"";"2";"1";"0";"1";"23";"0";"1";"";"3,5";"1";"5";"1";"50"
"202400002686";"3";"";"-1";"";"2";"2";"0";"1";"14";"270";"4";"";"5";"1";"0";"1";"30"
"202400002687";"4";"";"0";"";"2";"2";"0";"1";"-1";"-1";"1";"";"-1";"1";"0";"1";"50"
"202400002688";"4";"";"0";"";"2";"2";"0";"1";"-1";"-1";"3";"";"-1";"1";"0";"3";"80"
"202400002689";"3";"765";"-1";"D";"1";"1";"0";"1";"8";"500";"2";"";"3";"1";"5";"1";"90"
"202400002689";"3";"765";"-1";"D";"1";"1";"0";"1";"62";"535";"2";"";"3";"1";"5";"1";"90"
"202400002690";"3";"D65";"-1";"";"2";"2";"0";"1";"0";"930";"2";"";"5";"9";"8";"3";"50"
"202400002691";"3";"35";"-1";"";"2";"2";"0";"1";"7";"0";"3";"";"5";"1";"0";"1";"90"
"202400002692";"3";"32";"0";"D";"2";"2";"0";"1";"5";"100";"1";"";"4";"1";"0";"1";"80"
"202400002693";"3";"D34";"-1";"";"1";"2";"0";"1";"-1";"-1";"2";"";"5";"1";"0";"1";"50"
"202400002694";"2";"RN7";"0";"";"1";"2";"0";"2";"84";"0";"2";"";"10,5";"1";"0";"1";"110"
"202400002695";"3";"D1";"0";"";"2";"2";"0";"1";"30";"-1";"1";"";"5";"1";"0";"1";"50"
"202400002696";"3";"65";"0";"D";"2";"2";"0";"1";"8";"540";"1";"";"5";"1";"0";"1";"-1"
"202400002696";"3";"";"-1";"";"-1";"-1";"-1";"1";"-1";"-1";"1";"";"-1";"9";"0";"1";"-1"
"202400002697";"3";"73";"-1";"";"2";"2";"0";"1";"-1";"-1";"1";"";"5,5";"1";"0";"3";"80"
"202400002698";"3";"625";"-1";"";"2";"2";"0";"1";"23";"460";"1";"";"5,5";"1";"0";"1";"50"
"202400002699";"3";"RD6";"-1";"";"2";"2";"0";"1";"10";"280";"1";"";"5,5";"1";"0";"3";"80"
"202400002700";"3";"532";"0";"";"2";"2";"0";"1";"12";"900";"3";"";"5,5";"9";"0";"1";"50"
"202400002701";"3";"5";"0";"D";"2";"2";"0";"3";"22";"800";"1";"";"5";"1";"0";"1";"90"
"202400002701";"3";"";"-1";"";"2";"-1";"-1";"3";"49";"100";"1";"";"-1";"1";"0";"1";"90"
"202400002702";"3";"20";"0";"";"2";"2";"0";"1";"32";"60";"1";"";"5";"1";"5";"8";"80"
"202400002702";"3";"";"-1";"";"2";"-1";"-1";"1";"-1";"-1";"1";"";"-1";"1";"0";"1";"80"
"202400002703";"3";"136";"-1";"";"2";"2";"0";"1";"25";"650";"1";"";"4";"1";"0";"3";"80"
"202400002704";"3";"940";"0";"D";"2";"2";"0";"1";"5";"500";"1";"";"7";"1";"0";"1";"90"
"202400002704";"3";"";"-1";"";"2";"-1";"-1";"1";"-1";"-1";"1";"";"-1";"1";"0";"1";"90"
"202400002705";"3";"6110";"0";"C";"2";"2";"0";"4";"24";"50";"2";"";"7";"1";"0";"3";"80"
"202400002706";"3";"2";"0";"";"2";"2";"0";"1";"17";"886";"2";"";"5,5";"1";"5";"1";"50"
"202400002706";"3";"";"-1";"";"2";"-1";"-1";"-1";"0";"1";"-1";"";"-1";"-1";"-1";"-1";"-1"
"202400002707";"1";"26";"0";"";"3";"2";"0";"1";"387";"800";"1";"";"10";"1";"0";"2";"130"
"202400002708";"1";"71";"-1";"";"1";"2";"0";"1";"193";"270";"1";"";"10,5";"1";"0";"3";"130"
"202400002709";"1";"71";"0";"A";"1";"2";"3";"1";"266";"180";"1";"";"10,5";"1";"2";"2";"130"
"202400002710";"1";"4";"0";"";"3";"2";"0";"1";"469";"800";"2";"";"10";"1";"0";"1";"110"
"202400002711";"3";"5";"-1";"";"2";"2";"0";"2";"67";"600";"4";"";"7";"1";"0";"1";"80"
"202400002712";"3";"CCD5";"0";"D";"2";"2";"0";"2";"0";"0";"1";"";"-1";"1";"0";"1";"50"
"202400002713";"1";"";"-1";"";"3";"6";"0";"1";"425";"600";"1";"";"13,5";"1";"0";"1";"130"
"202400002714";"1";"8";"0";"A";"3";"3";"0";"2";"16";"0";"2";"";"13,5";"1";"0";"1";"90"
"202400002715";"1";"1";"-1";"";"3";"3";"0";"1";"181";"300";"1";"";"13,5";"1";"0";"1";"130"
"202400002716";"3";"106";"-1";"";"3";"2";"0";"1";"38";"880";"1";"";"7";"1";"9";"1";"110"
"202400002717";"2";"02";"0";"";"3";"1";"0";"1";"7";"0";"3";"";"-1";"1";"0";"1";"50"
"202400002718";"9";"RT412";"-1";"";"2";"2";"0";"1";"-1";"-1";"2";"";"-1";"1";"0";"1";"-1"
"202400002719";"2";"2";"0";"";"2";"2";"0";"2";"23";"500";"3";"";"-1";"1";"0";"1";"60"
"202400002720";"4";"";"-1";"";"3";"4";"2";"1";"-1";"-1";"2";"";"-1";"1";"5";"1";"30"
"202400002721";"4";"";"-1";"";"1";"1";"2";"1";"-1";"-1";"1";"";"-1";"1";"5";"1";"30"
"202400002721";"4";"";"-1";"";"2";"2";"0";"1";"-1";"-1";"1";"";"-1";"1";"5";"1";"30"
"202400002722";"4";"";"-1";"";"2";"2";"0";"1";"-1";"-1";"1";"";"-1";"1";"5";"1";"30"
"202400002722";"4";"";"-1";"";"2";"2";"2";"1";"-1";"-1";"1";"";"-1";"1";"5";"1";"50"
"202400002723";"4";"";"-1";"";"3";"3";"2";"1";"-1";"-1";"1";"";"-1";"1";"-1";"1";"50"
"202400002724";"4";"";"-1";"";"2";"2";"2";"2";"-1";"-1";"1";"";"-1";"1";"-1";"1";"50"
"202400002725";"4";"";"-1";"";"1";"1";"2";"1";"-1";"-1";"1";"";"-1";"1";"5";"1";"30"
"202400002726";"3";"51";"0";"A";"2";"2";"0";"1";"0";"705";"1";"";"4";"2";"0";"1";"80"
"202400002727";"3";"157";"-1";"D";"2";"2";"0";"2";"74";"360";"3";"";"5,5";"1";"0";"1";"80"
"202400002728";"1";"A55-Sens Martigues vers Marseille";"0";"";"1";"2";"0";"1";"25";"799";"1";"";"10";"1";"0";"1";"110"
"202400002729";"3";"";"-1";"";"2";"2";"0";"1";"-1";"-1";"1";"";"5";"2";"0";"4";"50"
"202400002730";"3";"941";"-1";"";"2";"2";"0";"1";"12";"320";"1";"";"5,5";"1";"0";"3";"70"
"202400002731";"2";"12";"-1";"N";"3";"0";"0";"1";"24";"0";"1";"";"0";"1";"0";"1";"110"
"202400002732";"3";"25.1";"-1";"";"2";"2";"0";"1";"0";"14";"2";"";"4";"2";"0";"3";"70"
"202400002733";"3";"160";"0";"";"2";"2";"0";"1";"7";"505";"3";"";"4";"1";"0";"1";"80"
"202400002734";"3";"224";"0";"";"2";"2";"0";"1";"9";"120";"2";"";"5";"2";"0";"3";"80"
"202400002735";"3";"";"-1";"";"2";"2";"0";"2";"4";"35";"3";"";"-1";"2";"0";"1";"70"
"202400002736";"3";"132";"-1";"";"2";"2";"0";"1";"48";"100";"1";"";"4";"2";"0";"1";"50"
"202400002736";"3";"927";"-1";"";"2";"2";"0";"1";"30";"800";"1";"";"4";"2";"0";"1";"70"
"202400002737";"3";"955";"0";"D";"2";"2";"0";"1";"83";"570";"1";"";"7";"2";"0";"3";"90"
"202400002738";"2";"RN 431";"0";"";"3";"2";"0";"1";"1";"0";"1";"";"7";"1";"0";"1";"110"
"202400002739";"1";"13";"0";"";"3";"4";"0";"4";"173";"300";"1";"";"-1";"1";"0";"1";"130"
"202400002740";"4";"";"-1";"";"-1";"1";"0";"1";"-1";"-1";"1";"";"-1";"1";"0";"1";"5"
"202400002740";"4";"";"-1";"";"2";"2";"0";"3";"-1";"-1";"1";"";"-1";"1";"0";"1";"80"
"202400002741";"3";"1916";"0";"D";"2";"2";"0";"2";"6";"450";"4";"";"-1";"1";"0";"3";"90"
"202400002742";"3";"RT91";"0";"";"2";"2";"1";"1";"25";"500";"1";"";"-1";"1";"0";"4";"60"
"202400002743";"2";"01";"0";"A";"1";"5";"0";"4";"8";"8";"1";"";"-1";"1";"0";"1";"50"
"202400002744";"3";"1205";"0";"";"2";"2";"0";"1";"17";"118";"1";"";"-1";"2";"0";"1";"80"
"202400002745";"3";"909";"0";"";"2";"2";"0";"1";"19";"0";"1";"";"7";"1";"0";"1";"50"
"202400002746";"3";"903";"0";"";"2";"2";"0";"2";"73";"445";"1";"";"7";"1";"0";"1";"80"
"202400002747";"1";"A7-Sens Lyon vers Marseille";"0";"";"1";"1";"0";"1";"269";"0";"3";"";"-1";"1";"0";"1";"70"
"202400002748";"6";"";"0";"";"-1";"-1";"0";"1";"-1";"-1";"1";"";"-1";"1";"9";"8";"-1"
"202400002749";"3";"12";"-1";"D";"2";"2";"0";"2";"42";"590";"1";"";"7";"1";"0";"1";"80"
"202400002750";"4";"PASSAGE DE VILLEVERT";"0";"";"2";"2";"0";"1";"1";"0";"1";"";"-1";"1";"0";"4";"30"
"202400002751";"3";"27";"0";"";"2";"2";"0";"1";"15";"105";"1";"";"5,5";"1";"0";"3";"80"
"202400002752";"3";"109";"-1";"";"2";"2";"0";"1";"9";"280";"1";"";"5,5";"1";"5";"1";"50"
"202400002752";"3";"81";"-1";"";"2";"2";"0";"1";"27";"659";"1";"";"5,5";"1";"5";"1";"50"
"202400002753";"3";"2";"-1";"";"2";"2";"0";"1";"22";"50";"1";"";"4";"1";"2";"1";"80"
"202400002754";"3";"ROUTE ROYALE";"0";"";"2";"2";"0";"4";"0";"0";"1";"";"5,5";"1";"0";"1";"50"
"202400002754";"3";"TOUTES RUES";"0";"";"-1";"2";"0";"1";"0";"0";"1";"";"5,5";"1";"0";"1";"50"
"202400002755";"2";"10";"0";"T";"-1";"2";"0";"1";"128";"50";"1";"";"7";"1";"0";"1";"50"
"202400002756";"2";"10";"-1";"";"2";"2";"0";"1";"177";"950";"3";"";"7";"2";"0";"3";"80"
"202400002757";"2";"20";"0";"";"2";"2";"0";"2";"83";"147";"2";"";"7";"2";"0";"1";"80"
"202400002758";"4";"";"-1";"";"2";"2";"0";"1";"-1";"-1";"1";"";"-1";"1";"0";"1";"50"
"202400002759";"3";"81";"0";"A";"2";"2";"0";"3";"230";"800";"3";"";"-1";"2";"0";"8";"80"
"202400002760";"9";"11 - RT";"0";"";"1";"4";"0";"1";"0";"0";"1";"";"-1";"1";"0";"1";"50"
"202400002761";"2";"10";"0";"";"2";"2";"0";"2";"139";"660";"1";"";"7";"1";"0";"1";"80"
"202400002762";"4";"";"-1";"";"1";"1";"0";"1";"-1";"-1";"1";"";"-1";"1";"0";"1";"50"
"202400002763";"3";"84";"0";"";"2";"2";"0";"2";"42";"600";"1";"";"5,5";"1";"0";"1";"80"
"202400002764";"4";"";"0";"";"1";"1";"0";"1";"-1";"-1";"1";"";"-1";"2";"0";"1";"30"
"202400002765";"3";"84";"0";"";"2";"2";"0";"1";"49";"100";"1";"";"5,5";"1";"0";"1";"80"
"202400002766";"3";"81";"0";"";"2";"2";"0";"1";"229";"200";"1";"";"5,5";"1";"0";"1";"80"
"202400002767";"3";"15";"0";"D";"2";"2";"0";"1";"6";"890";"1";"";"4";"1";"0";"1";"70"
"202400002767";"3";"";"-1";"";"2";"2";"-1";"1";"-1";"-1";"1";"";"-1";"1";"0";"1";"-1"
"202400002768";"3";"49";"-1";"D";"2";"2";"0";"1";"7";"310";"1";"";"-1";"1";"0";"1";"80"
"202400002769";"3";"28";"-1";"D";"2";"2";"0";"1";"15";"440";"1";"";"5,5";"1";"0";"1";"80"
"202400002770";"3";"MACE (ROUTE GABRIEL)";"0";"";"2";"2";"0";"2";"0";"0";"1";"";"-1";"1";"0";"1";"50"
"202400002771";"4";"178";"-1";"";"2";"2";"0";"1";"-1";"-1";"1";"";"-1";"7";"0";"1";"80"
"202400002772";"4";"JACQUELINE DE ROMILLY (RUE)";"0";"";"2";"2";"0";"1";"-1";"-1";"1";"";"-1";"1";"0";"1";"50"
"202400002772";"4";"";"-1";"";"2";"-1";"-1";"1";"-1";"-1";"1";"";"-1";"1";"0";"1";"-1"
"202400002773";"2";"RN1";"0";"";"3";"4";"0";"1";"79";"200";"1";"";"-1";"1";"0";"1";"110"
"202400002774";"2";"2";"0";"";"2";"2";"0";"1";"41";"100";"4";"";"-1";"1";"0";"3";"60"
"202400002775";"3";"91";"-1";"";"2";"2";"1";"1";"21";"400";"2";"";"-1";"1";"0";"3";"60"
"202400002776";"3";"CHATENAY (CITE)";"0";"";"2";"2";"0";"1";"-1";"-1";"1";"";"-1";"1";"0";"1";"50"
"202400002776";"3";"MONTABO (ROUTE DE) 3";"0";"";"2";"2";"0";"1";"1";"650";"1";"";"-1";"1";"0";"1";"50"
"202400002777";"2";"2";"0";"";"2";"2";"2";"1";"15";"500";"1";"";"-1";"1";"0";"1";"60"
"202400002778";"3";"ROUTE NATIONALE 3";"0";"";"2";"2";"0";"1";"0";"470";"1";"";"-1";"1";"0";"1";"50"
"202400002779";"2";"91";"-1";"";"2";"2";"0";"1";"31";"-1";"1";"";"-1";"1";"0";"3";"60"
"202400002780";"2";"2";"0";"";"2";"2";"0";"1";"32";"300";"2";"";"-1";"1";"0";"3";"40"
"202400002781";"4";"CHALLEMEL LACOUR                    (R )";"0";"";"2";"2";"2";"1";"-1";"-1";"1";"";"-1";"2";"0";"1";"50"
"202400002781";"4";"GERLAND (DE)                        (R )";"0";"";"2";"3";"0";"1";"-1";"-1";"1";"";"-1";"2";"0";"1";"50"
"202400002782";"4";"";"-1";"";"2";"2";"0";"1";"-1";"-1";"2";"";"-1";"1";"0";"1";"50"
"202400002783";"2";"MORNE PITAULT (ROUTE DE)";"0";"";"2";"1";"0";"3";"0";"100";"1";"";"-1";"1";"0";"1";"70"
"202400002783";"2";"ROUTE NATIONALE 1";"0";"";"1";"2";"0";"2";"7";"0";"2";"";"-1";"1";"0";"1";"90"
"202400002784";"3";"23";"0";"D";"2";"2";"0";"1";"27";"429";"1";"";"-1";"1";"0";"6";"50"
"202400002785";"3";"ROUTE DEPARTEMENTALE 3";"0";"";"-1";"2";"0";"1";"2";"500";"1";"";"-1";"1";"0";"1";"70"
"202400002786";"3";"157";"0";"";"2";"2";"0";"1";"27";"200";"1";"";"7";"1";"0";"1";"70"
"202400002787";"3";"ROUTE D'HERBAVILLE";"0";"";"2";"2";"0";"1";"7";"800";"1";"";"5,5";"1";"0";"1";"70"
"202400002788";"4";"THIERS (RUE)";"0";"";"2";"2";"0";"1";"0";"0";"1";"";"-1";"1";"6";"1";"30"
"202400002789";"3";"GENERAL DE GAULLE (BLD DU)";"0";"";"1";"3";"3";"1";"0";"200";"1";"";"-1";"1";"0";"1";"30"
"202400002790";"4";"Rue du Petit SAINT-DIE";"0";"";"-1";"2";"0";"1";"-1";"-1";"1";"";"-1";"2";"0";"1";"50"
"202400002791";"3";"RD 41 (ROCADE)";"0";"";"-1";"2";"0";"2";"1";"500";"1";"";"-1";"1";"3";"1";"50"
"202400002792";"3";"157";"-1";"";"2";"2";"2";"1";"9";"100";"1";"";"10,5";"1";"0";"1";"70"
"202400002792";"3";"";"-1";"";"2";"-1";"-1";"1";"-1";"-1";"1";"";"-1";"1";"0";"1";"-1"
"202400002793";"4";"PASTEUR                             (R )";"0";"";"2";"2";"2";"1";"-1";"-1";"1";"";"-1";"2";"0";"1";"30"
"202400002794";"3";"157";"-1";"A";"2";"2";"0";"1";"0";"0";"1";"";"7";"1";"0";"1";"80"
"202400002794";"3";"";"-1";"";"2";"-1";"-1";"1";"3";"634";"2";"";"-1";"1";"5";"1";"-1"
"202400002795";"4";"DOTHEMARE";"0";"";"2";"2";"0";"1";"-1";"0";"1";"";"-1";"1";"0";"1";"50"
"202400002796";"3";"512";"0";"";"2";"2";"0";"1";"9";"430";"1";"";"5,5";"2";"0";"1";"30"
"202400002797";"3";"DIVISION LECLERC (AVENUE DE LA)";"0";"";"1";"2";"0";"1";"1";"35";"4";"";"-1";"2";"9";"1";"50"
"202400002798";"3";"15";"0";"D";"2";"2";"0";"1";"5";"200";"1";"";"4";"1";"0";"1";"-1"
"202400002799";"3";"AV DAMIETTE";"0";"";"2";"2";"2";"1";"1";"64";"1";"";"-1";"2";"0";"1";"50"
"202400002799";"3";"BD CHARLES DE GAULLE";"0";"";"2";"2";"2";"1";"2";"549";"1";"";"-1";"2";"0";"1";"50"
"202400002800";"3";"943";"0";"D";"2";"2";"0";"1";"61";"390";"3";"";"7";"1";"0";"1";"80"
"202400002800";"3";"";"-1";"";"2";"2";"-1";"1";"-1";"-1";"1";"";"-1";"1";"0";"1";"-1"
"202400002801";"4";"RENAN (RUE ERNEST-)";"0";"";"2";"2";"0";"2";"0";"0";"1";"";"-1";"2";"0";"1";"50"
"202400002802";"3";"";"-1";"";"2";"2";"2";"1";"2";"810";"1";"";"-1";"1";"0";"3";"50"
"202400002803";"4";"AGRICULTEURS (DES)";"0";"";"-1";"2";"0";"1";"-1";"-1";"1";"";"-1";"2";"0";"1";"50"
"202400002804";"3";"LYAUTEY (DU MARECHAL)";"0";"";"1";"2";"0";"1";"22";"50";"1";"";"5,5";"2";"0";"1";"30"
"202400002805";"3";"D188";"0";"";"2";"2";"0";"1";"3";"600";"1";"";"4";"1";"0";"1";"80"
"202400002805";"3";"";"-1";"";"-1";"-1";"-1";"1";"-1";"-1";"1";"";"-1";"1";"0";"1";"-1"
"202400002806";"4";"MAISONS (ROUTE DE)";"0";"";"2";"2";"0";"1";"-1";"-1";"1";"";"-1";"2";"0";"1";"50"
"202400002807";"3";"83";"0";"D";"2";"1";"-1";"4";"5";"200";"1";"";"3,5";"1";"5";"8";"80"
"202400002807";"3";"943";"0";"D";"2";"2";"0";"1";"31";"250";"2";"";"7";"1";"5";"8";"80"
"202400002808";"4";"COURTILLIERE (AVENUE DE LA )";"0";"";"2";"2";"0";"2";"1";"0";"1";"";"-1";"2";"0";"1";"50"
"202400002809";"3";"907";"-1";"";"2";"2";"0";"1";"45";"845";"1";"";"7";"1";"5";"1";"80"
"202400002809";"3";"";"-1";"";"2";"2";"-1";"1";"-1";"-1";"1";"";"-1";"1";"0";"1";"-1"
"202400002810";"7";"D938";"0";"";"2";"2";"0";"1";"-1";"-1";"1";"";"-1";"2";"0";"1";"70"
"202400002811";"3";"15";"0";"";"2";"2";"0";"1";"7";"910";"1";"";"4";"1";"0";"1";"80"
"202400002812";"4";"JEAN DIDIER (RUE)";"0";"";"2";"2";"0";"1";"-1";"-1";"1";"";"-1";"1";"0";"1";"50"
"202400002813";"4";"";"-1";"";"2";"2";"0";"1";"-1";"-1";"1";"";"-1";"1";"0";"8";"50"
"202400002814";"7";"";"0";"";"2";"2";"0";"1";"5";"400";"1";"";"5";"2";"0";"3";"70"
"202400002815";"3";"R D 900";"0";"";"1";"4";"0";"1";"24";"936";"1";"";"0";"1";"0";"1";"90"
"202400002816";"3";"20";"0";"D";"2";"2";"0";"1";"9";"300";"1";"";"4";"1";"0";"1";"80"
"202400002817";"3";"CARON (RUE DES FRERES)";"0";"";"2";"2";"0";"2";"0";"150";"1";"";"-1";"2";"0";"1";"50"
"202400002818";"3";"900";"0";"";"2";"2";"0";"1";"20";"130";"1";"";"-1";"1";"0";"8";"50"
"202400002819";"7";"AUGER (RUE)";"0";"";"1";"1";"0";"1";"35";"800";"3";"";"3";"2";"5";"1";"50"
"202400002820";"3";"22";"-1";"";"2";"2";"0";"1";"-1";"-1";"1";"";"5,5";"1";"0";"8";"80"
"202400002821";"4";"ARC RUE JEANNE D";"0";"";"1";"1";"2";"1";"-1";"-1";"1";"";"-1";"1";"0";"1";"30"
"202400002821";"4";"WAZEMMES RUE DE N°1 et 43-2 et 46";"0";"";"1";"1";"2";"1";"-1";"-1";"1";"";"-1";"1";"0";"1";"30"
"202400002822";"3";"145";"0";"D";"2";"2";"0";"1";"1";"200";"3";"";"4";"1";"0";"1";"80"
"202400002823";"4";"MARIN (VIADUC LOUIS)";"0";"";"2";"2";"0";"2";"-1";"-1";"1";"";"-1";"2";"2";"3";"50"
"202400002824";"3";"150";"0";"D";"2";"2";"0";"2";"2";"500";"1";"";"4";"1";"0";"1";"70"
"202400002824";"3";"";"-1";"";"2";"2";"-1";"1";"-1";"-1";"1";"";"-1";"1";"0";"1";"-1"
"202400002825";"4";"MAISON BLANCHE (RUE) DU N°1 AU 73 ET DU";"0";"";"1";"1";"0";"1";"-1";"-1";"1";"";"-1";"2";"0";"1";"50"
"202400002826";"4";"JAURES (AVENUE JEAN ) DU N° 61 A FIN";"0";"";"2";"2";"0";"1";"-1";"-1";"1";"";"-1";"1";"0";"1";"50"
"202400002827";"3";"13";"0";"D";"2";"2";"0";"2";"1";"225";"1";"";"-1";"1";"0";"1";"30"
"202400002828";"4";"HENRI IV (RUE)";"0";"";"1";"1";"1";"1";"-1";"-1";"1";"";"-1";"2";"0";"1";"30"
"202400002829";"4";"";"-1";"";"2";"2";"0";"1";"-1";"-1";"1";"";"-1";"1";"0";"1";"30"
"202400002830";"4";"LUNDY (BOULEVARD)";"0";"";"2";"2";"1";"1";"-1";"-1";"1";"";"-1";"1";"0";"1";"50"
"202400002831";"3";"VIEILLE ROUTE DE PARIS";"0";"";"2";"2";"0";"2";"5";"300";"3";"";"5";"2";"0";"1";"70"
"202400002832";"3";"929";"-1";"";"2";"2";"0";"2";"8";"896";"3";"";"5,5";"2";"0";"1";"90"
"202400002833";"4";"RUE CHARLES RIVIERE";"0";"";"2";"2";"0";"1";"-1";"-1";"1";"";"-1";"2";"0";"1";"50"
"202400002834";"1";"AUTOROUTE A 10";"0";"";"3";"6";"0";"2";"531";"700";"1";"";"-1";"2";"0";"1";"130"
"202400002835";"2";"13";"-1";"";"3";"2";"0";"1";"74";"400";"1";"";"7";"1";"0";"3";"110"
"202400002836";"4";"BONNIN ANDRE (AVENUE)";"0";"";"2";"2";"0";"1";"-1";"-1";"1";"";"-1";"1";"0";"1";"30"
"202400002836";"4";"LOGES (RUE DES)";"0";"";"2";"2";"0";"1";"-1";"-1";"1";"";"-1";"1";"0";"1";"30"
"202400002837";"3";"ROUTE DEPARTEMENTALE 15";"0";"";"2";"2";"0";"1";"0";"0";"1";"";"-1";"1";"5";"1";"70"
"202400002838";"4";"";"-1";"";"2";"-1";"-1";"1";"-1";"-1";"1";"";"-1";"1";"0";"1";"-1"
"202400002838";"4";"";"0";"";"2";"2";"0";"2";"-1";"-1";"1";"";"-1";"1";"0";"1";"30"
"202400002839";"2";"ROUTE NATIONALE 1";"0";"";"1";"2";"0";"1";"0";"0";"1";"";"-1";"1";"0";"1";"70"
"202400002840";"4";"MONDIAL 98 (AVENUE DU)";"0";"";"1";"2";"1";"1";"-1";"-1";"1";"";"-1";"2";"0";"1";"50"
"202400002841";"2";"ROUTE NATIONALE 1";"0";"";"1";"4";"0";"1";"2 500";"0";"2";"";"-1";"2";"5";"1";"90"
"202400002842";"4";"MERIGNAC (AVENUE DE)";"0";"";"2";"2";"2";"1";"-1";"-1";"1";"";"-1";"2";"-1";"1";"50"
"202400002843";"4";"ERNEST MAUGEE (RUE)";"0";"";"1";"1";"0";"1";"-1";"-1";"1";"";"-1";"1";"0";"1";"50"
"202400002843";"4";"HARDY DE SAINT-OMER (RUE)";"0";"";"1";"1";"0";"1";"-1";"-1";"1";"";"-1";"1";"0";"1";"50"
"202400002844";"4";"AVE THIERS";"0";"";"3";"4";"3";"1";"-1";"-1";"1";"";"-1";"1";"4";"5";"50"
"202400002845";"1";"AUTOROUTE A1";"0";"";"3";"6";"0";"1";"4";"0";"1";"";"-1";"1";"0";"1";"90"
"202400002846";"3";"";"0";"";"2";"2";"0";"1";"39";"750";"1";"";"-1";"2";"0";"1";"70"
"202400002847";"3";"ROUTE DEPARTEMENTALE 3";"-1";"";"2";"2";"-1";"1";"4";"300";"1";"";"-1";"1";"-1";"1";"70"
"202400002848";"9";"NUISEMENT (CHEMIN DE)";"0";"";"-1";"0";"0";"1";"0";"0";"1";"";"-1";"2";"0";"8";"30"
"202400002849";"4";"DANTON (R )";"0";"";"2";"0";"0";"1";"-1";"-1";"1";"";"-1";"1";"9";"1";"50"
"202400002850";"2";"RN 12 (DESCENTE ET PONT FERMAINCOURT)";"0";"";"3";"0";"0";"2";"16";"0";"1";"";"0";"1";"2";"1";"90"
"202400002851";"4";"FORET (RUE DE LA)";"0";"";"2";"2";"0";"1";"0";"1";"1";"";"-1";"2";"9";"8";"50"
"202400002852";"3";"6";"0";"D";"2";"2";"0";"1";"34";"1 050";"1";"";"5,5";"1";"0";"1";"90"
"202400002852";"3";"";"-1";"";"2";"-1";"-1";"1";"12";"322";"1";"";"-1";"1";"0";"1";"-1"
"202400002853";"4";"AUGE (RUE D')";"0";"";"-1";"2";"0";"1";"-1";"-1";"2";"";"-1";"1";"5";"1";"50"
"202400002853";"4";"VAUCELLES (RUE DE)";"0";"";"-1";"2";"0";"1";"-1";"-1";"1";"";"-1";"1";"5";"1";"50"
"202400002854";"3";"RTE NATIONALE 20";"0";"";"2";"4";"0";"1";"0";"0";"1";"";"-1";"1";"0";"1";"70"
"202400002855";"4";"BOUES (BOULEVARD)";"0";"";"-1";"1";"0";"1";"0";"0";"1";"";"-1";"1";"0";"1";"50"
"202400002856";"4";"RUE PIERRE CURIE";"0";"";"1";"1";"0";"2";"0";"0";"2";"";"-1";"2";"5";"1";"30"
"202400002857";"4";"BAILLE (BOULEVARD)";"0";"";"2";"4";"3";"1";"0";"0";"1";"";"-1";"1";"0";"1";"50"
"202400002857";"4";"VERTUS (RUE DES)";"0";"";"1";"1";"0";"1";"0";"0";"1";"";"-1";"1";"0";"1";"50"
"202400002858";"6";"PRESIDENT FRANKLIN ROOSEVELT (PL.DU)";"0";"";"-1";"-1";"3";"2";"0";"0";"1";"";"-1";"1";"9";"1";"50"
"202400002859";"4";"EMILE ZOLA (RUE)";"0";"";"2";"2";"0";"1";"0";"0";"1";"";"-1";"2";"0";"1";"50"
"202400002860";"7";"ANGLAIS (DU N° 114 AU N° 263)";"0";"";"3";"6";"0";"1";"0";"0";"1";"";"-1";"2";"0";"1";"50"
"202400002861";"1";"Autoroute A31";"0";"";"2";"4";"0";"1";"286";"600";"1";"";"-1";"1";"0";"8";"110"
"202400002862";"4";"PORTE MAILLOT";"0";"";"1";"4";"0";"1";"16";"0";"1";"";"-1";"1";"0";"1";"70"
"202400002863";"1";"Autoroute A30";"0";"";"1";"2";"0";"1";"8";"229";"1";"";"10";"2";"0";"1";"80"
"202400002864";"4";"AVENUE CESAR CAIRE";"0";"";"2";"2";"0";"1";"-1";"-1";"1";"";"-1";"2";"0";"1";"50"
"202400002864";"4";"PLACE SAINT AUGUSTIN";"0";"";"1";"4";"0";"1";"-1";"-1";"2";"";"-1";"2";"6";"1";"30"
"202400002865";"2";"20";"0";"T";"2";"2";"0";"1";"29";"400";"1";"";"-1";"1";"0";"1";"80"
"202400002866";"4";"";"-1";"";"1";"-1";"0";"1";"-1";"-1";"1";"";"-1";"2";"0";"1";"30"
"202400002866";"4";"RUE DU MAROC";"0";"";"2";"2";"0";"1";"-1";"-1";"1";"";"-1";"2";"0";"1";"30"
"202400002867";"4";"DEMORIEUX (BD) ENTRE HUISNE ET RD-POINT";"0";"";"-1";"4";"0";"1";"0";"0";"2";"";"-1";"2";"5";"1";"50"
"202400002867";"4";"EICHTHAL (RUE D')";"0";"";"-1";"2";"0";"1";"0";"0";"2";"";"-1";"2";"5";"1";"50"
"202400002868";"4";"AVENUE CORENTIN CARIOU";"0";"";"2";"3";"0";"1";"-1";"-1";"1";"";"-1";"2";"0";"1";"30"
"202400002868";"4";"";"-1";"";"1";"-1";"0";"1";"-1";"-1";"1";"";"-1";"2";"0";"1";"30"
"202400002869";"3";"D935";"0";"";"2";"2";"0";"1";"10";"990";"1";"";"7";"1";"0";"1";"70"
"202400002870";"1";"A55-Sens Marseille vers Martigues";"0";"";"-1";"2";"0";"1";"3";"200";"2";"";"10";"1";"0";"1";"70"
"202400002871";"4";"BOULEVARD DE ROCHECHOUART";"0";"";"1";"2";"3";"1";"-1";"-1";"1";"";"-1";"1";"0";"1";"30"
"202400002872";"4";"SIMOND ST AVENUE";"0";"";"2";"2";"0";"1";"-1";"-1";"1";"";"-1";"2";"0";"1";"50"
"202400002873";"4";"BOULEVARD DE COURCELLES";"0";"";"2";"4";"1";"1";"-1";"-1";"1";"";"-1";"2";"0";"1";"30"
"202400002873";"4";"RUE DES RENAUDES";"0";"";"1";"1";"0";"2";"-1";"-1";"1";"";"-1";"2";"0";"1";"30"
"202400002874";"4";"";"-1";"";"2";"-1";"-1";"1";"-1";"-1";"1";"";"-1";"2";"0";"1";"-1"
"202400002875";"4";"AVENUE DES TERNES";"0";"";"2";"4";"0";"1";"-1";"-1";"1";"";"-1";"1";"0";"4";"30"
"202400002875";"4";"";"-1";"";"2";"-1";"0";"1";"-1";"-1";"1";"";"-1";"1";"0";"4";"30"
"202400002876";"4";"";"-1";"";"1";"1";"0";"2";"-1";"-1";"1";"";"-1";"1";"0";"1";"50"
"202400002876";"4";"";"-1";"";"2";"2";"0";"2";"-1";"-1";"1";"";"-1";"1";"0";"1";"50"
"202400002877";"4";"AVENUE DE LOWENDAL";"0";"";"2";"2";"0";"1";"-1";"-1";"1";"";"-1";"2";"0";"1";"30"
"202400002877";"4";"AVENUE DE SUFFREN";"0";"";"2";"2";"1";"1";"-1";"-1";"1";"";"-1";"2";"0";"1";"30"
"202400002878";"3";"27";"-1";"D";"1";"2";"0";"1";"8";"1 236";"2";"";"6";"2";"0";"1";"50"
"202400002878";"3";"";"0";"";"-1";"2";"0";"1";"-1";"-1";"1";"";"6";"2";"0";"1";"50"
"202400002879";"4";"AVENUE FRANKLIN D ROOSEVELT";"0";"";"1";"3";"3";"1";"-1";"-1";"1";"";"-1";"2";"5";"1";"30"
"202400002879";"4";"";"-1";"";"1";"-1";"0";"1";"-1";"-1";"1";"";"-1";"2";"5";"1";"30"
"202400002880";"3";"700";"-1";"N";"3";"0";"0";"2";"-1";"-1";"1";"";"0";"2";"0";"1";"80"
"202400002881";"4";"AVENUE DELCASSE";"0";"";"1";"1";"0";"1";"-1";"-1";"1";"";"-1";"2";"0";"1";"30"
"202400002881";"4";"RUE LA BOETIE";"0";"";"1";"1";"0";"2";"-1";"-1";"1";"";"-1";"2";"0";"1";"30"
"202400002882";"3";"45";"0";"D";"2";"2";"0";"1";"0";"0";"1";"";"-1";"1";"0";"8";"80"
"202400002882";"3";"7";"0";"D";"2";"2";"0";"1";"0";"0";"1";"";"-1";"1";"0";"1";"80"
"202400002883";"3";"161";"0";"";"2";"2";"0";"1";"0";"1";"1";"";"-1";"2";"0";"1";"50"
"202400002884";"4";"";"0";"";"2";"2";"0";"1";"0";"0";"1";"";"-1";"2";"0";"1";"50"
"202400002885";"2";"";"0";"";"2";"2";"0";"1";"36";"870";"2";"";"10";"1";"0";"1";"50"
"202400002886";"1";"986";"0";"";"1";"2";"0";"1";"1";"0";"1";"";"-1";"2";"0";"1";"50"
"202400002886";"1";"";"-1";"";"1";"2";"0";"2";"26";"600";"1";"";"-1";"2";"3";"1";"-1"
"202400002887";"3";"358";"0";"D";"2";"2";"0";"1";"0";"0";"1";"";"3,5";"1";"5";"1";"80"
"202400002887";"3";"";"-1";"";"2";"2";"-1";"1";"24";"980";"1";"";"-1";"1";"5";"8";"80"
"202400002888";"3";"";"0";"";"1";"1";"0";"1";"0";"0";"1";"";"-1";"1";"0";"1";"30"
"202400002888";"3";"";"0";"";"1";"1";"0";"1";"1";"0";"1";"";"-1";"1";"0";"1";"30"
"202400002889";"3";"46";"-1";"D";"2";"2";"0";"1";"22";"400";"1";"";"5";"1";"0";"1";"50"
"202400002890";"4";"PIERRE VALETTE (RUE)";"0";"";"1";"1";"0";"1";"0";"0";"1";"";"-1";"2";"0";"1";"50"
"202400002891";"4";"";"-1";"";"2";"2";"0";"1";"-1";"-1";"1";"";"-1";"1";"4";"8";"30"
"202400002892";"4";"CHARLES DE GAULLE (AVENUE,N°118 A 192 +";"0";"";"1";"1";"1";"1";"0";"0";"1";"";"-1";"2";"0";"1";"30"
"202400002893";"4";"FOCH (AVENUE MARECHAL)";"0";"";"2";"2";"0";"1";"0";"0";"1";"";"-1";"1";"0";"1";"50"
"202400002894";"4";"FOCH MARECHAL PLACE DU";"0";"";"2";"4";"1";"1";"0";"0";"1";"";"-1";"2";"0";"1";"50"
"202400002895";"4";"JOHN F. KENNEDY (AV)-RUE DU PARC NON IN";"0";"";"2";"1";"1";"1";"-1";"-1";"1";"";"-1";"2";"0";"1";"50"
"202400002896";"3";"ARNOUX AVENUE MAURICE AUTRES N°";"0";"";"1";"1";"0";"1";"0";"1";"1";"";"-1";"2";"0";"1";"50"
"202400002896";"3";"DORMOY AVENUE MARX N°102 A FIN";"0";"";"2";"2";"0";"1";"2 260";"0";"1";"";"-1";"2";"0";"1";"50"
"202400002897";"3";"983";"0";"";"2";"2";"0";"1";"72";"330";"1";"";"5,5";"2";"0";"8";"80"
"202400002898";"4";"PAIX AVENUE DE LA N°1 A 55 ET 2 A 70";"0";"";"1";"1";"0";"1";"0";"0";"1";"";"-1";"1";"0";"1";"30"
"202400002899";"3";"GEORGES GORSE (QUAI)";"0";"";"-1";"2";"0";"1";"0";"0";"1";"";"7";"2";"0";"1";"50"
"202400002900";"4";"COUBERTIN AVENUE PIERRE DE";"0";"";"2";"2";"0";"1";"0";"0";"1";"";"-1";"1";"0";"1";"50"
"202400002900";"4";"PLATANE CHEMIN DE LA";"0";"";"2";"2";"0";"1";"0";"0";"1";"";"-1";"1";"0";"1";"50"
"202400002901";"3";"PERNES ROUTE DE";"0";"";"2";"2";"0";"1";"3";"50";"1";"";"-1";"1";"0";"3";"80"
"202400002902";"3";"BRETAGNE ( RUE DE )";"0";"";"2";"2";"0";"1";"0";"0";"1";"";"7";"2";"0";"1";"50"
"202400002902";"3";"MARNE   ( AVENUE DE LA )";"0";"";"2";"2";"0";"2";"0";"0";"1";"";"7";"2";"0";"1";"50"
"202400002903";"4";"";"-1";"";"2";"2";"0";"1";"-1";"-1";"1";"";"-1";"2";"0";"1";"50"
"202400002904";"4";"BERTHELOT(AV)";"0";"";"2";"2";"0";"1";"-1";"-1";"1";"";"-1";"1";"0";"1";"50"
"202400002905";"3";"757";"0";"D";"2";"2";"0";"4";"46";"200";"2";"";"-1";"2";"0";"8";"80"
"202400002906";"4";"";"-1";"";"2";"1";"0";"1";"-1";"-1";"1";"";"-1";"1";"0";"1";"90"
"202400002907";"3";"CD 41";"0";"";"2";"1";"0";"1";"4";"900";"1";"";"7";"1";"0";"1";"50"
"202400002907";"3";"MALISSOL(MONTEE DE)";"0";"";"2";"2";"0";"1";"-1";"-1";"1";"";"-1";"1";"0";"1";"50"
"202400002908";"1";"A61";"-1";"";"3";"2";"0";"1";"318";"820";"1";"";"10";"1";"0";"1";"130"
"202400002909";"4";"MARECHAL RANDON (AVENUE)";"0";"";"2";"6";"1";"1";"-1";"-1";"1";"";"-1";"1";"0";"6";"30"
"202400002910";"3";"11";"0";"D";"3";"2";"0";"1";"2";"700";"1";"";"5,5";"1";"0";"1";"50"
"202400002911";"2";"1";"0";"";"2";"2";"0";"1";"-1";"-1";"1";"";"5";"2";"0";"1";"50"
"202400002912";"2";"111";"-1";"";"2";"2";"0";"1";"0";"0";"1";"";"-1";"9";"0";"1";"40"
"202400002913";"4";"BOULEVARD DE L EUROPE";"0";"";"1";"2";"0";"1";"-1";"-1";"3";"";"-1";"1";"0";"1";"50"
"202400002914";"3";"6580";"0";"";"2";"1";"0";"1";"24";"150";"2";"";"6";"1";"5";"1";"80"
"202400002915";"4";"BATTUT (Rue Pierre)";"0";"";"2";"2";"0";"1";"-1";"-1";"1";"";"-1";"1";"0";"8";"50"
"202400002915";"4";"SAINT OMER ( Route de )";"0";"";"2";"2";"0";"2";"-1";"-1";"1";"";"-1";"1";"0";"1";"50"
"202400002916";"3";"554";"-1";"";"2";"2";"0";"2";"91";"130";"2";"";"5,5";"1";"0";"1";"80"
"202400002917";"4";"WAVRANS ( RUE DE )";"0";"";"1";"1";"0";"2";"-1";"-1";"1";"";"-1";"1";"0";"1";"50"
"202400002918";"3";"5";"-1";"";"2";"2";"0";"1";"21";"80";"3";"";"7";"2";"0";"3";"80"
"202400002919";"3";"196";"0";"D";"2";"2";"0";"2";"2";"830";"3";"";"4";"1";"0";"1";"50"
"202400002920";"3";"PASTEUR ( RUE LOUIS )";"0";"";"-1";"2";"0";"1";"8";"1 040";"1";"";"-1";"1";"0";"1";"50"
"202400002921";"3";"211";"0";"D";"2";"2";"0";"2";"39";"824";"1";"";"5,5";"2";"0";"3";"80"
"202400002922";"3";"";"0";"D";"-1";"2";"0";"2";"22";"120";"3";"";"7";"2";"0";"1";"80"
"202400002923";"3";"909";"-1";"";"2";"2";"0";"1";"43";"120";"1";"";"5,5";"2";"0";"3";"90"
"202400002924";"3";"253";"0";"";"2";"2";"0";"1";"2";"500";"1";"";"-1";"2";"0";"8";"80"
"202400002925";"3";"D15";"0";"";"2";"2";"0";"1";"10";"172";"1";"";"5";"2";"0";"3";"80"
"202400002926";"4";"GUERANDE (ROUTE DE)";"0";"";"2";"2";"0";"1";"-1";"-1";"1";"";"-1";"1";"0";"1";"70"
"202400002927";"3";"RD 44";"-1";"";"2";"2";"0";"1";"7";"903";"3";"";"5";"2";"0";"3";"80"
"202400002928";"3";"3";"-1";"";"2";"2";"0";"1";"13";"558";"1";"";"6";"2";"0";"3";"50"
"202400002929";"3";"32";"-1";"";"2";"2";"0";"1";"8";"0";"1";"";"7";"2";"0";"1";"80"
"202400002930";"4";"";"-1";"";"2";"2";"0";"1";"-1";"-1";"1";"";"-1";"1";"0";"3";"50"
"202400002931";"3";"373";"0";"D";"2";"1";"0";"1";"0";"0";"1";"";"5,5";"1";"0";"1";"50"
"202400002932";"3";"d525";"-1";"";"2";"2";"2";"1";"6";"500";"1";"";"6";"2";"0";"3";"70"
"202400002933";"2";"88";"-1";"";"1";"2";"0";"2";"98";"649";"3";"";"7";"1";"0";"1";"80"
"202400002934";"3";"6";"-1";"";"2";"2";"0";"4";"75";"460";"3";"";"5,5";"2";"0";"3";"70"
"202400002935";"3";"BONTE (RUE)";"0";"";"2";"2";"0";"1";"0";"0";"1";"";"-1";"1";"0";"1";"50"
"202400002935";"3";"";"-1";"";"2";"-1";"-1";"1";"-1";"-1";"1";"";"-1";"1";"0";"1";"-1"
"202400002936";"4";"";"0";"";"2";"2";"0";"2";"0";"0";"1";"";"-1";"1";"0";"3";"30"
"202400002937";"4";"CALONNE ( RUE DE )";"0";"";"2";"2";"0";"1";"-1";"-1";"1";"";"-1";"1";"0";"1";"50"
"202400002937";"4";"CHAMPAGNE ( RUE DE )";"0";"";"2";"2";"0";"1";"-1";"-1";"1";"";"-1";"1";"0";"1";"50"
"202400002938";"3";"149";"0";"D";"2";"2";"0";"1";"14";"310";"1";"";"5,5";"1";"0";"1";"80"
"202400002938";"3";"";"-1";"";"2";"-1";"-1";"1";"-1";"-1";"1";"";"-1";"1";"0";"1";"-1"
"202400002939";"2";"88";"-1";"";"2";"2";"0";"2";"47";"280";"3";"";"7";"2";"0";"1";"80"
"202400002940";"3";"4";"0";"D";"2";"2";"0";"2";"19";"10";"2";"";"5,5";"1";"0";"3";"80"
"202400002941";"3";"820";"-1";"";"2";"3";"0";"2";"15";"670";"1";"";"9";"2";"0";"4";"90"
"202400002942";"2";"05 PK RN237 MOULIN JUSTICE RE";"0";"";"3";"4";"0";"1";"34";"870";"1";"";"-1";"1";"0";"1";"90"
"202400002943";"3";"";"-1";"";"2";"2";"0";"1";"69";"240";"1";"";"7";"2";"0";"1";"50"
"202400002944";"1";"40";"0";"";"1";"2";"0";"1";"115";"100";"3";"";"10";"2";"2";"1";"110"
"202400002945";"3";"931";"-1";"D";"2";"2";"0";"2";"65";"584";"4";"";"5,5";"2";"0";"1";"90"
"202400002946";"3";"498";"0";"D";"3";"4";"0";"1";"42";"360";"1";"";"-1";"1";"0";"1";"110"
"202400002947";"3";"MOULIN ( AVENUE JEAN)";"0";"";"-1";"2";"0";"2";"0";"0";"1";"";"-1";"1";"0";"1";"50"
"202400002947";"3";"ROUMANILLE ( RUE JOSEPH )";"0";"";"-1";"0";"0";"1";"-1";"-1";"1";"";"-1";"1";"0";"1";"50"
"202400002948";"4";"";"0";"";"2";"2";"0";"2";"-1";"-1";"1";"";"-1";"2";"0";"1";"50"
"202400002949";"4";"AVENUE DE LA PORTE DE CLICHY";"0";"";"3";"4";"0";"1";"-1";"-1";"1";"";"-1";"1";"0";"1";"30"
"202400002949";"4";"";"-1";"";"1";"-1";"-1";"1";"-1";"-1";"1";"";"-1";"1";"0";"1";"30"
"202400002950";"3";"386";"0";"D";"2";"2";"2";"1";"12";"600";"1";"";"3,5";"2";"0";"1";"90"
"202400002951";"4";"";"-1";"";"2";"1";"0";"1";"-1";"-1";"1";"";"-1";"1";"0";"8";"50"
"202400002952";"4";"JOLIOT CURIE";"0";"";"3";"4";"0";"1";"-1";"-1";"1";"";"-1";"2";"0";"1";"70"
"202400002953";"1";"1";"0";"";"3";"3";"0";"1";"146";"650";"1";"";"13,5";"2";"0";"1";"130"
"202400002954";"4";"RONDE (CHEMIN DE)";"0";"";"2";"4";"0";"1";"1";"0";"1";"";"-1";"1";"6";"1";"50"
"202400002955";"3";"";"-1";"";"2";"2";"0";"2";"-1";"-1";"2";"";"-1";"2";"0";"3";"30"
"202400002956";"3";"1205";"0";"";"2";"2";"0";"1";"40";"950";"1";"";"7";"1";"0";"1";"80"
"202400002957";"3";"1203";"-1";"";"2";"2";"0";"1";"22";"900";"1";"";"7";"2";"0";"1";"80"
"202400002957";"3";"";"-1";"";"2";"-1";"-1";"1";"-1";"-1";"3";"";"-1";"2";"0";"1";"-1"
"202400002958";"3";"62";"0";"";"3";"2";"0";"1";"8";"50";"1";"";"7";"1";"0";"1";"110"
"202400002959";"3";"1201";"-1";"";"2";"2";"0";"1";"30";"150";"1";"";"7";"1";"0";"1";"50"
"202400002960";"3";"558";"0";"";"2";"2";"0";"1";"26";"700";"1";"";"7";"2";"0";"1";"70"
"202400002961";"3";"2";"-1";"";"2";"2";"0";"1";"45";"204";"4";"";"5";"1";"0";"1";"80"
"202400002962";"3";"4";"-1";"";"2";"2";"0";"1";"31";"900";"1";"";"5,5";"1";"0";"1";"50"
"202400002962";"3";"";"-1";"";"2";"-1";"-1";"1";"-1";"-1";"1";"";"-1";"1";"0";"1";"-1"
"202400002963";"3";"26";"-1";"";"2";"2";"0";"1";"49";"190";"1";"";"5,5";"2";"6";"6";"-1"
"202400002964";"4";"21";"0";"G";"2";"2";"0";"1";"0";"0";"1";"";"-1";"1";"0";"8";"70"
"202400002965";"3";"52";"-1";"";"2";"2";"0";"1";"10";"370";"1";"";"-1";"1";"0";"1";"50"
"202400002965";"3";"";"-1";"";"-1";"-1";"0";"1";"-1";"-1";"1";"";"-1";"1";"0";"1";"20"
"202400002966";"3";"27";"0";"";"2";"2";"0";"1";"12";"290";"1";"";"5,5";"1";"0";"1";"80"
"202400002967";"4";"";"-1";"";"2";"2";"0";"2";"-1";"-1";"3";"";"6";"2";"0";"3";"-1"
"202400002968";"3";"101";"0";"";"2";"2";"0";"2";"55";"520";"3";"";"4";"2";"0";"8";"80"
"202400002969";"2";"7";"-1";"";"2";"2";"0";"1";"26";"890";"1";"";"5,5";"2";"0";"6";"50"
"202400002970";"4";"USINE (RUE DE L')";"0";"";"-1";"1";"0";"1";"-1";"-1";"1";"";"-1";"1";"0";"1";"50"
"202400002971";"3";"18";"0";"";"2";"2";"0";"2";"24";"484";"1";"";"5,5";"2";"0";"1";"50"
"202400002972";"3";"RD 600";"0";"";"3";"0";"0";"1";"0";"0";"1";"";"0";"1";"0";"1";"50"
"202400002972";"3";"ROND POINT SALVADOR ALLENDE";"0";"";"1";"0";"0";"1";"6";"0";"2";"";"0";"1";"9";"1";"50"
"202400002973";"3";"";"-1";"";"2";"-1";"-1";"1";"0";"230";"1";"";"-1";"1";"0";"1";"-1"
"202400002974";"3";"223";"0";"D";"2";"2";"0";"1";"1";"450";"1";"";"4";"2";"0";"1";"70"
"202400002975";"1";"";"-1";"";"3";"6";"-1";"1";"17";"680";"1";"";"4";"1";"0";"1";"90"
"202400002976";"1";"A51-Sens Aix en Provence vers Marseille";"0";"";"1";"3";"0";"1";"2";"299";"1";"";"13,5";"2";"0";"1";"90"
"202400002977";"4";"";"-1";"";"2";"-1";"2";"1";"-1";"-1";"1";"";"-1";"1";"5";"1";"30"
"202400002978";"1";"A57";"0";"";"1";"1";"0";"2";"2";"500";"3";"";"-1";"2";"8";"1";"50"
"202400002979";"3";"";"-1";"";"2";"2";"0";"1";"27";"0";"1";"";"-1";"8";"0";"1";"80"
"202400002980";"7";"35";"0";"";"3";"3";"0";"1";"308";"600";"1";"";"-1";"1";"0";"1";"90"
"202400002981";"4";"";"-1";"";"2";"-1";"-1";"1";"-1";"-1";"1";"";"-1";"2";"0";"1";"-1"
"202400002981";"4";"";"-1";"";"2";"-1";"-1";"1";"-1";"-1";"1";"";"-1";"2";"5";"1";"-1"
"202400002982";"1";"AUTOROUTE A 10";"0";"";"3";"6";"0";"2";"534";"500";"1";"";"-1";"4";"2";"1";"130"
"202400002983";"2";"5";"0";"";"2";"2";"0";"1";"-1";"-1";"1";"";"7";"1";"0";"1";"50"
"202400002984";"1";"ROCADE A 630";"0";"";"3";"6";"0";"1";"29";"20";"1";"";"-1";"4";"0";"1";"90"
"202400002985";"3";"909";"0";"";"2";"2";"0";"1";"35";"450";"3";"";"5,5";"2";"2";"1";"50"
"202400002986";"1";"AUTOROUTE A10";"0";"";"1";"2";"0";"1";"4";"699";"3";"";"10,5";"2";"0";"1";"70"
"202400002987";"3";"RD 41 (ROCADE)";"0";"";"1";"2";"0";"2";"0";"0";"1";"";"-1";"1";"0";"1";"60"
"202400002988";"1";"AUTOROUTE (A1)";"0";"";"3";"8";"3";"1";"0";"0";"1";"";"-1";"1";"0";"1";"90"
"202400002989";"1";"A86 INT";"0";"";"1";"3";"0";"1";"60";"0";"1";"";"14";"2";"0";"1";"70"
"202400002990";"1";"AUTOROUTE A1";"0";"";"2";"6";"3";"1";"3";"0";"1";"";"-1";"2";"0";"1";"90"
"202400002991";"3";"ROUTE DEPARTEMENTALE 3";"0";"";"2";"2";"0";"1";"0";"0";"1";"";"-1";"1";"0";"1";"70"
"202400002992";"2";"RN12 INT";"0";"";"1";"2";"0";"2";"37";"0";"2";"";"-1";"2";"0";"1";"110"
"202400002993";"2";"ROUTE NATIONALE 5";"0";"";"2";"4";"0";"1";"0";"0";"1";"";"-1";"1";"0";"1";"70"
"202400002994";"2";"REDOUTE (ROUTE DE LA)";"0";"";"1";"0";"0";"2";"0";"0";"1";"";"-1";"1";"0";"1";"50"
"202400002995";"3";"RD 41 (ROCADE)";"0";"";"1";"4";"0";"2";"0";"0";"2";"";"-1";"1";"0";"1";"90"
"202400002996";"1";"15";"0";"";"1";"2";"0";"1";"4";"0";"1";"";"7";"2";"0";"1";"70"
"202400002997";"2";"RN 104";"0";"";"1";"1";"0";"2";"18";"500";"2";"";"3,5";"2";"0";"3";"50"
"202400002998";"3";"ROUTE DEPARTEMENTALE 3";"0";"";"2";"2";"0";"1";"0";"0";"1";"";"-1";"2";"0";"1";"50"
"202400002998";"3";"VICTOR LAMON";"0";"";"-1";"2";"0";"1";"-1";"-1";"1";"";"-1";"2";"0";"1";"50"
"202400002999";"1";"AUTOROUTE A3";"0";"";"3";"2";"0";"1";"16";"610";"1";"";"10,5";"1";"0";"1";"90"
"202400003000";"4";"RUE ADOLPHE ET LOUISE LAPLAGNE";"0";"";"2";"2";"0";"1";"0";"0";"2";"";"-1";"1";"0";"1";"30"
"202400003001";"1";"ROUTE NATIONALE 5";"0";"";"2";"6";"0";"1";"0";"0";"1";"";"-1";"1";"0";"1";"90"
"202400003002";"2";"ROUTE DU SACRE COEUR";"0";"";"1";"2";"0";"1";"0";"280";"1";"";"-1";"1";"0";"8";"50"
"202400003003";"1";"ROUTE NATIONALE 5";"0";"";"1";"3";"0";"1";"-1";"0";"2";"";"-1";"1";"0";"1";"90"
"202400003004";"3";"BADUEL (ROUTE DE)";"0";"";"2";"2";"0";"1";"4";"320";"1";"";"-1";"1";"0";"1";"50"
"202400003005";"3";"ROUTE DEPARTEMENTALE 15";"0";"";"2";"2";"0";"1";"2";"599";"1";"";"-1";"1";"0";"1";"60"
"202400003006";"2";"ROUTE NATIONALE 1";"0";"";"1";"2";"0";"1";"0";"310";"3";"";"-1";"1";"0";"1";"50"
"202400003007";"3";"ROUTE DEPARTEMENTALE 15";"0";"";"2";"2";"0";"1";"0";"0";"1";"";"-1";"2";"0";"1";"30"
"202400003008";"3";"RD 41 (ROCADE)";"0";"";"1";"2";"0";"1";"3";"500";"1";"";"-1";"1";"0";"1";"60"
"202400003009";"2";"ROUTE NATIONALE 1";"0";"";"1";"2";"0";"1";"3";"250";"1";"";"-1";"1";"0";"1";"50"
"202400003009";"2";"ROUTE NATIONALE 3";"0";"";"1";"1";"0";"1";"0";"100";"3";"";"-1";"1";"0";"1";"50"
"202400003010";"1";"ROUTE NATIONALE 5";"0";"";"3";"4";"0";"1";"7";"0";"1";"";"-1";"1";"0";"1";"90"
"202400003011";"3";"BADUEL (ROUTE DE)";"0";"";"2";"2";"2";"1";"2";"340";"1";"";"-1";"1";"0";"3";"50"
"202400003012";"3";"ROUTE DEPARTEMENTALE 3";"0";"";"2";"2";"0";"1";"0";"0";"3";"";"-1";"2";"0";"1";"70"
"202400003013";"4";"JEAN JAURES                         (AV)";"0";"";"2";"2";"2";"1";"-1";"-1";"1";"";"-1";"2";"8";"1";"50"
"202400003013";"4";"TONY GARNIER                        (AV)";"0";"";"2";"5";"2";"1";"-1";"-1";"1";"";"-1";"2";"8";"1";"50"
"202400003014";"2";"D41";"0";"";"1";"1";"0";"1";"0";"0";"3";"";"-1";"1";"0";"1";"50"
"202400003014";"2";"N3";"0";"";"1";"2";"0";"1";"0";"0";"3";"";"-1";"1";"0";"1";"50"
"202400003015";"3";"ROUTE DEPARTEMENTALE 3";"0";"";"-1";"2";"0";"1";"2";"0";"2";"";"-1";"1";"0";"3";"70"
"202400003016";"3";"ROUTE DEPARTEMENTALE 13";"0";"";"2";"2";"0";"2";"0";"0";"3";"";"-1";"1";"0";"8";"50"
"202400003017";"4";"TOUTES RUES";"0";"";"2";"2";"0";"1";"1";"0";"1";"";"-1";"1";"0";"1";"30"
"202400003018";"1";"AUTOROUTE A1";"0";"";"1";"2";"0";"1";"0";"0";"1";"";"-1";"1";"2";"1";"90"
"202400003019";"6";"SAMPIERO CORSO - AV";"0";"";"-1";"-1";"0";"1";"0";"0";"1";"";"-1";"1";"0";"1";"10"
"202400003020";"3";"";"0";"";"-1";"2";"0";"2";"-1";"-1";"1";"";"-1";"1";"0";"1";"30"
"202400003020";"3";"ROUTE DEPARTEMENTALE 15";"0";"";"-1";"2";"0";"2";"3";"299";"1";"";"-1";"1";"0";"1";"50"
"202400003021";"4";"GERTY ARCHIMEDE (RESIDENCE)";"0";"";"2";"2";"0";"1";"-1";"-1";"1";"";"-1";"1";"0";"1";"50"
"202400003022";"2";"112";"0";"N";"1";"1";"0";"1";"999";"50";"2";"";"4,5";"1";"9";"1";"80"
"202400003023";"4";"ALATA ROUTE";"0";"";"2";"2";"0";"1";"0";"0";"2";"";"-1";"2";"0";"1";"50"
"202400003024";"1";"29";"0";"A";"3";"2";"0";"2";"198";"0";"3";"";"10";"1";"0";"1";"110"
"202400003025";"1";"FRANCOIS MITTERRAND (AVENUE)";"0";"";"1";"2";"0";"1";"33";"489";"1";"";"-1";"2";"0";"1";"50"
"202400003025";"1";"RN 14 (PROLONGEMENT A15)";"0";"";"1";"2";"0";"2";"24";"671";"2";"";"-1";"2";"0";"1";"50"
"202400003026";"3";"939";"-1";"";"2";"2";"0";"1";"46";"780";"1";"";"7";"2";"0";"8";"90"
"202400003026";"3";"";"-1";"";"2";"2";"-1";"1";"11";"100";"1";"";"-1";"2";"5";"1";"80"
"202400003027";"3";"RUE LOUIS WEISS";"0";"";"-1";"2";"0";"2";"1";"0";"1";"";"7";"9";"6";"1";"50"
"202400003028";"2";"12";"-1";"";"3";"0";"0";"1";"24";"0";"1";"";"0";"1";"0";"1";"110"
"202400003028";"2";"";"-1";"";"2";"2";"-1";"1";"2";"50";"1";"";"-1";"1";"5";"1";"80"
"202400003029";"4";"COMMANDANT BARRE (AVENUE DU)";"0";"";"-1";"2";"0";"1";"0";"0";"1";"";"-1";"2";"0";"1";"50"
"202400003029";"4";"COMPIEGNE (VOIE DE)";"0";"";"-1";"2";"0";"1";"0";"0";"1";"";"-1";"2";"0";"1";"50"
"202400003030";"3";"VALOIS (AVENUE DU DR)";"0";"";"2";"2";"0";"1";"5";"30";"1";"";"-1";"1";"0";"8";"50"
"202400003031";"4";"LOUVOIS (BD)";"0";"";"1";"2";"0";"1";"0";"0";"1";"";"-1";"1";"0";"1";"50"
"202400003031";"4";"";"-1";"";"2";"-1";"-1";"1";"-1";"-1";"1";"";"-1";"1";"0";"1";"-1"
"202400003032";"4";"EUROPE (AVENUE DE L')";"0";"";"1";"2";"0";"1";"-1";"-1";"1";"";"-1";"1";"3";"1";"30"
"202400003033";"3";"PAVIOT (AVENUE DE)";"0";"";"2";"2";"0";"1";"3";"600";"1";"";"7";"1";"0";"1";"50"
"202400003034";"3";"GRANDOU (AVENUE MICHEL)";"0";"";"2";"2";"0";"1";"56";"380";"1";"";"-1";"1";"0";"1";"50"
"202400003035";"1";"AUTOROUTE A6";"0";"";"3";"3";"0";"1";"22";"100";"1";"";"14";"1";"0";"1";"110"
"202400003036";"4";"";"-1";"";"2";"1";"0";"1";"-1";"-1";"1";"";"-1";"1";"0";"1";"80"
"202400003037";"1";"AUTOROUTE A6";"0";"";"1";"3";"0";"1";"17";"299";"1";"";"14";"1";"0";"1";"110"
"202400003038";"4";"PADERBORN (AV) CONTRE ALLEE";"0";"";"1";"1";"0";"2";"0";"0";"1";"";"-1";"2";"0";"1";"30"
"202400003039";"4";"FONTANELLE (CHEMIN)";"0";"";"2";"2";"0";"1";"0";"0";"1";"";"-1";"1";"0";"1";"80"
"202400003040";"1";"86";"0";"";"1";"2";"0";"1";"8";"300";"1";"";"7";"1";"0";"1";"90"
"202400003041";"4";"RUBILLARD AV N° PAIRS 2 A 116";"0";"";"2";"2";"1";"1";"0";"0";"1";"";"-1";"2";"0";"1";"50"
"202400003042";"4";"EVIAN (AVENUE D')";"0";"";"2";"2";"0";"1";"-1";"-1";"1";"";"-1";"1";"0";"1";"50"
"202400003043";"3";"rocade ouest";"0";"";"-1";"1";"0";"2";"1";"0";"3";"";"-1";"1";"0";"1";"50"
"202400003044";"1";"A12 Y";"0";"";"1";"5";"0";"2";"5";"570";"1";"";"-1";"1";"1";"1";"90"
"202400003045";"4";"ALOUETTES (AVENUE DES)";"0";"";"2";"2";"0";"1";"-1";"-1";"1";"";"-1";"1";"0";"1";"50"
"202400003046";"4";"BOULEVARD DE LA CHAPELLE";"0";"";"1";"2";"1";"1";"-1";"-1";"1";"";"-1";"2";"0";"1";"30"
"202400003047";"4";"GRAND FOUR (RUE DU)";"0";"";"-1";"2";"0";"1";"-1";"-1";"1";"";"-1";"2";"9";"1";"50"
"202400003048";"1";"86";"0";"";"1";"2";"0";"1";"23";"830";"1";"";"10";"1";"0";"1";"70"
"202400003049";"3";"40";"0";"";"3";"3";"0";"1";"0";"1";"1";"";"-1";"2";"0";"1";"50"
"202400003049";"3";"";"-1";"";"2";"3";"0";"1";"0";"0";"1";"";"-1";"2";"0";"1";"-1"
"202400003050";"3";"LOUIS JACQUES THENARD (RUE)";"0";"";"2";"2";"1";"1";"0";"300";"1";"";"-1";"1";"0";"1";"50"
"202400003051";"1";"86";"0";"";"3";"3";"0";"1";"16";"799";"1";"";"14";"1";"0";"1";"90"
"202400003052";"3";"41";"0";"";"2";"2";"0";"1";"0";"0";"1";"";"-1";"1";"0";"1";"50"
"202400003053";"1";"86";"0";"";"3";"4";"0";"1";"15";"199";"1";"";"15";"1";"0";"1";"90"
"202400003054";"7";"312                                     ";"0";"";"1";"1";"0";"2";"-1";"-1";"2";"";"3,5";"2";"5";"1";"70"
"202400003054";"7";"312                                     ";"0";"";"2";"2";"0";"2";"-1";"-1";"3";"";"3,5";"2";"5";"1";"70"
"202400003055";"3";"41";"0";"";"2";"2";"0";"1";"0";"0";"1";"";"-1";"2";"0";"1";"50"
"202400003056";"4";"DANIEL CASANOVA (CITE)";"0";"";"-1";"1";"0";"1";"0";"0";"1";"";"-1";"2";"0";"1";"50"
"202400003057";"1";"86";"0";"";"3";"4";"0";"1";"14";"800";"1";"";"17";"1";"0";"1";"110"
"202400003058";"7";"DROITS DE L'HOMME (DES)             (BD)";"0";"";"2";"5";"1";"1";"-1";"-1";"1";"";"-1";"1";"0";"1";"70"
"202400003059";"3";"115";"0";"";"2";"2";"0";"1";"0";"1";"1";"";"-1";"1";"0";"1";"50"
"202400003059";"3";"";"-1";"";"2";"2";"0";"1";"0";"0";"1";"";"-1";"1";"0";"1";"-1"
"202400003060";"4";"ATHENES (PLACE D )";"0";"";"2";"2";"0";"1";"-1";"-1";"1";"";"-1";"2";"0";"1";"50"
"202400003060";"4";"MOLKENBRONN (RUE DU)";"0";"";"2";"2";"0";"1";"-1";"-1";"1";"";"-1";"2";"0";"8";"50"
"202400003061";"1";"3";"0";"";"3";"4";"0";"1";"1";"600";"1";"";"17";"1";"0";"1";"90"
"202400003062";"4";"";"0";"";"1";"1";"0";"1";"0";"0";"1";"";"-1";"1";"0";"1";"50"
"202400003062";"4";"";"0";"";"2";"2";"0";"1";"0";"0";"1";"";"-1";"1";"0";"1";"50"
"202400003063";"3";"41";"0";"";"2";"2";"0";"1";"0";"0";"1";"";"-1";"1";"0";"8";"50"
"202400003063";"3";"";"0";"";"2";"2";"0";"1";"0";"0";"4";"";"-1";"1";"0";"8";"50"
"202400003064";"7";"A35 (BRETELLE ECHANGEUR)";"0";"";"1";"2";"0";"2";"-1";"-1";"3";"";"-1";"2";"3";"3";"70"
"202400003064";"7";"HAGUENAU (PLACE DE)";"0";"";"2";"2";"1";"1";"-1";"-1";"1";"";"-1";"2";"1";"5";"25"
"202400003065";"3";"121";"-1";"";"2";"2";"0";"1";"33";"625";"1";"";"-1";"1";"0";"1";"80"
"202400003065";"3";"939";"-1";"";"2";"2";"0";"1";"16";"60";"1";"";"-1";"1";"0";"1";"80"
"202400003066";"4";"DALADIER EDOUARD";"0";"";"2";"2";"0";"1";"1";"0";"1";"";"-1";"1";"0";"1";"50"
"202400003066";"4";"EISENHOWER AVENUE DWIGHT";"0";"";"1";"1";"0";"1";"1";"0";"2";"";"-1";"1";"5";"1";"50"
"202400003067";"3";"41";"0";"";"2";"2";"1";"1";"0";"1";"1";"";"-1";"1";"0";"1";"50"
"202400003068";"4";"MONTHYON (RUE)";"0";"";"2";"2";"0";"1";"-1";"-1";"1";"";"-1";"1";"0";"1";"30"
"202400003069";"4";"PAIX (AVENUE DE LA)";"0";"";"3";"4";"3";"1";"-1";"-1";"1";"";"-1";"1";"4";"6";"50"
"202400003069";"4";"VOSGES (AVENUE DES)";"0";"";"2";"3";"2";"1";"-1";"-1";"1";"";"-1";"1";"4";"8";"50"
"202400003070";"6";"";"-1";"";"-1";"-1";"0";"1";"-1";"-1";"1";"";"-1";"1";"0";"8";"30"
"202400003071";"4";"";"-1";"";"2";"2";"-1";"1";"0";"0";"1";"";"-1";"1";"0";"1";"-1"
"202400003071";"4";"";"0";"";"1";"1";"0";"1";"0";"0";"1";"";"-1";"1";"0";"1";"50"
"202400003072";"9";"PAU (ROUTE DE)";"0";"";"-1";"1";"0";"1";"-1";"-1";"1";"";"-1";"1";"0";"8";"30"
"202400003073";"3";"BADUEL (ROND POINT DE)";"0";"";"4";"2";"0";"1";"2";"510";"1";"";"-1";"1";"0";"1";"50"
"202400003074";"4";"5";"-1";"";"2";"2";"0";"4";"-1";"-1";"1";"";"-1";"1";"0";"1";"70"
"202400003075";"4";"";"-1";"";"2";"2";"0";"2";"-1";"-1";"3";"";"-1";"1";"0";"3";"80"
"202400003076";"3";"COMPAGNET (GIRATOIRE DE)";"0";"";"1";"3";"0";"1";"3";"500";"3";"";"9";"2";"5";"1";"50"
"202400003077";"3";"ZEPHIR (ROCADE)";"0";"";"2";"2";"0";"1";"-1";"-1";"1";"";"-1";"1";"5";"1";"50"
"202400003077";"3";"ZEPHIR (ROCADE)";"0";"";"2";"2";"0";"1";"2";"730";"1";"";"-1";"1";"0";"1";"50"
"202400003078";"3";"140";"-1";"";"2";"2";"0";"3";"0";"0";"1";"";"7";"1";"0";"1";"80"
"202400003078";"3";"988";"-1";"";"2";"2";"0";"2";"4";"750";"2";"";"7";"1";"0";"1";"80"
"202400003079";"4";"BUGHES (PLACE DES)";"0";"";"1";"1";"1";"1";"-1";"-1";"1";"";"-1";"1";"0";"1";"30"
"202400003080";"1";"11";"-1";"";"3";"3";"0";"1";"101";"160";"2";"";"13,5";"2";"0";"1";"130"
"202400003081";"4";"COLOMBIER (DU)                      (R )";"0";"";"1";"1";"2";"1";"-1";"-1";"1";"";"-1";"1";"0";"5";"30"
"202400003081";"4";"DOMER                               (R )";"0";"";"1";"1";"2";"1";"-1";"-1";"1";"";"-1";"1";"0";"5";"30"
"202400003082";"1";"35";"0";"";"1";"2";"0";"1";"66";"300";"1";"";"10";"1";"0";"1";"110"
"202400003083";"4";"NERVAL (RUE GERARD DE)";"0";"";"2";"2";"0";"1";"-1";"-1";"1";"";"-1";"2";"0";"1";"30"
"202400003084";"3";"";"0";"";"2";"2";"0";"1";"24";"450";"1";"";"-1";"1";"0";"1";"50"
"202400003085";"4";"AUBIGNY (D')                        (R )";"0";"";"2";"2";"2";"1";"-1";"-1";"1";"";"-1";"2";"0";"1";"30"
"202400003085";"4";"ETIENNE RICHERAND                   (R )";"0";"";"1";"1";"0";"1";"-1";"-1";"1";"";"-1";"2";"0";"1";"30"
"202400003086";"4";"AMERIQUE (CHAUSSEE D')";"0";"";"3";"4";"0";"1";"0";"0";"1";"";"-1";"2";"0";"4";"50"
"202400003087";"1";"AUTOROUTE (A1)";"0";"";"-1";"3";"0";"1";"1";"0";"1";"";"-1";"1";"0";"1";"90"
"202400003088";"2";"1";"-1";"";"2";"2";"1";"3";"5";"5";"2";"";"-1";"1";"2";"1";"40"
"202400003089";"3";"TOURNEUR (RUE) ";"0";"";"2";"1";"0";"1";"0";"210";"1";"";"-1";"2";"0";"1";"50"
"202400003090";"2";"SIDAMBAROM(AVENUE)";"0";"";"3";"3";"0";"2";"10";"0";"2";"";"-1";"1";"9";"1";"80"
"202400003091";"3";"RT01";"-1";"R";"2";"2";"0";"1";"0";"0";"2";"";"-1";"1";"0";"3";"60"
"202400003092";"4";"SARTENE ANCIENNE ROUTE";"0";"";"2";"2";"0";"1";"-1";"-1";"1";"";"-1";"1";"0";"1";"50"
"202400003093";"3";"MITTERAND ( AV. FRANCOIS )";"0";"";"2";"2";"1";"1";"8";"220";"1";"";"7";"1";"0";"5";"30"
"202400003094";"4";"8 MAI 1945 (AVENUE DU)";"0";"";"-1";"2";"0";"1";"0";"0";"1";"";"-1";"1";"0";"1";"50"
"202400003094";"4";"CAMUS (BD ALBERT)";"0";"";"-1";"4";"0";"1";"0";"0";"3";"";"-1";"1";"0";"1";"50"
"202400003095";"4";"RUE DES ECOLES";"0";"";"2";"2";"0";"1";"0";"0";"1";"";"-1";"1";"0";"1";"50"
"202400003096";"4";"BADONVILLER (RUE DE)";"0";"";"1";"2";"0";"2";"-1";"-1";"1";"";"-1";"2";"0";"1";"50"
"202400003097";"3";"D115";"-1";"";"2";"2";"0";"1";"7";"330";"1";"";"-1";"1";"0";"1";"50"
"202400003097";"3";"";"-1";"";"2";"2";"0";"1";"0";"0";"1";"";"-1";"1";"0";"8";"80"
"202400003098";"4";"COSMONAUTES (AVENUE DES)";"0";"";"2";"0";"0";"2";"1";"0";"1";"";"-1";"1";"0";"1";"50"
"202400003098";"4";"UNNA (RUE DE)";"0";"";"2";"2";"0";"1";"1";"0";"1";"";"-1";"1";"0";"1";"50"
"202400003099";"4";"JAURES (AVENUE JEAN)";"0";"";"2";"2";"0";"1";"-1";"-1";"1";"";"-1";"1";"0";"1";"30"
"202400003099";"4";"RECLUS (AVENUE DU)";"0";"";"2";"2";"0";"2";"-1";"-1";"1";"";"-1";"1";"0";"1";"30"
"202400003100";"3";"103";"-1";"";"2";"2";"0";"1";"-1";"-1";"1";"";"4";"1";"0";"3";"80"
"202400003101";"4";"FAUBOURG DES TROIS MAISONS (RUE DU)";"0";"";"2";"2";"1";"1";"-1";"-1";"1";"";"-1";"2";"-1";"1";"30"
"202400003102";"4";"GAY-LUSSAC (COURS)";"0";"";"3";"2";"0";"2";"-1";"-1";"1";"";"-1";"1";"0";"1";"30"
"202400003102";"4";"PETINIAUD DUBOS (RUE)";"0";"";"1";"1";"0";"1";"-1";"-1";"1";"";"-1";"2";"0";"1";"30"
"202400003103";"4";"RUISSELET (RUE)";"0";"";"2";"2";"0";"1";"-1";"-1";"1";"";"-1";"1";"0";"1";"50"
"202400003104";"3";"952";"0";"";"2";"2";"0";"1";"32";"450";"1";"";"5,5";"2";"0";"1";"50"
"202400003104";"3";"961";"0";"";"2";"2";"0";"1";"32";"440";"1";"";"5,5";"2";"0";"1";"50"
"202400003105";"4";"COURCELLES (RUE DE) DU 223 A FIN ET 102";"0";"";"2";"2";"0";"1";"-1";"-1";"1";"";"-1";"2";"9";"1";"50"
"202400003105";"4";"ROUSSEAU (PLACE MAX)";"0";"";"1";"0";"0";"1";"-1";"-1";"1";"";"-1";"2";"9";"1";"50"
"202400003106";"3";"410";"0";"D";"2";"2";"0";"1";"2";"146";"1";"";"5";"1";"0";"3";"90"
"202400003107";"4";"TARASCON ( Avenue de)";"0";"";"2";"4";"3";"1";"0";"1";"1";"";"-1";"1";"0";"1";"50"
"202400003108";"4";"ONZE NOVEMBRE 1918 AVENUE";"0";"";"2";"2";"2";"1";"1";"0";"1";"";"-1";"2";"0";"1";"30"
"202400003108";"4";"WALDECK ROUSSEAU";"0";"";"2";"2";"2";"1";"1";"0";"1";"";"-1";"2";"0";"1";"30"
"202400003109";"3";"983";"0";"D";"2";"2";"0";"1";"52";"700";"1";"";"5,5";"1";"0";"1";"50"
"202400003110";"4";"DUSSERRE (BD REGIS)";"0";"";"1";"1";"0";"1";"0";"0";"1";"";"-1";"1";"0";"1";"50"
"202400003110";"4";"FERRIE (RUE GENERAL)";"0";"";"1";"1";"0";"1";"0";"0";"1";"";"-1";"1";"0";"1";"50"
"202400003111";"4";"";"-1";"";"2";"2";"0";"2";"-1";"-1";"1";"";"-1";"1";"0";"1";"50"
"202400003112";"4";"MARIE FLICHE BERGIS (AV)";"0";"";"2";"2";"0";"1";"0";"0";"1";"";"-1";"1";"0";"1";"50"
"202400003113";"4";"LIBERTE BOULEVARD";"0";"";"3";"2";"0";"1";"1";"0";"1";"";"-1";"2";"0";"1";"50"
"202400003114";"3";"99";"0";"";"2";"2";"0";"1";"24";"363";"1";"";"6";"1";"0";"3";"80"
"202400003115";"4";"TEYSSIER (AV DU COLONEL)";"0";"";"2";"2";"1";"1";"-1";"-1";"1";"";"-1";"1";"0";"1";"50"
"202400003116";"4";"CHARBONNIERE (RUE DE)";"0";"";"2";"2";"1";"1";"-1";"-1";"1";"";"-1";"1";"5";"1";"50"
"202400003116";"4";"MOTTE LUQUET (RUE DE LA MOTTE LUQUET)";"0";"";"2";"2";"0";"1";"-1";"-1";"1";"";"-1";"1";"0";"1";"50"
"202400003117";"3";"PARIS (AV) DE 294 et 393  A SORTIE VILLE";"0";"";"2";"2";"0";"1";"1";"370";"1";"2";"6,5";"1";"2";"1";"70"
"202400003118";"4";"TEMPS MODERNES (RUE DES)";"0";"";"-1";"2";"0";"1";"-1";"-1";"1";"";"-1";"1";"0";"1";"30"
"202400003119";"3";"136";"-1";"";"2";"2";"0";"1";"1";"25";"1";"";"4";"2";"0";"1";"50"
"202400003119";"3";"";"-1";"";"2";"2";"0";"4";"-1";"-1";"3";"";"4";"2";"0";"1";"50"
"202400003120";"4";"RUE DE LA BRASSERIE";"0";"";"2";"2";"0";"1";"-1";"-1";"1";"";"-1";"2";"0";"1";"30"
"202400003120";"4";"RUE MEURIS";"0";"";"2";"2";"0";"1";"-1";"-1";"1";"";"-1";"2";"0";"1";"30"
"202400003121";"4";"CUGNOT NICOLAS (BD)";"0";"";"1";"1";"0";"1";"-1";"-1";"3";"";"-1";"1";"5";"1";"30"
"202400003122";"4";"ROUTE DE LA CHAPELLE SUR ERDRE";"0";"";"2";"2";"0";"1";"-1";"-1";"1";"";"-1";"1";"0";"1";"50"
"202400003123";"3";"905";"0";"D";"2";"2";"0";"1";"108";"680";"1";"";"7";"1";"0";"8";"90"
"202400003124";"4";"NEUF CLES (BOULEVARD DES)";"0";"";"3";"2";"2";"1";"-1";"-1";"1";"";"-1";"1";"-1";"1";"50"
"202400003124";"4";"RD POINT DES NEUFS CLES";"0";"";"2";"2";"2";"2";"-1";"-1";"1";"";"-1";"1";"5";"1";"50"
"202400003125";"4";"OBSERVATOIRE (ROUTE DE L')";"0";"";"2";"1";"0";"2";"-1";"-1";"1";"";"-1";"1";"0";"4";"50"
"202400003126";"4";"HENRI LEGAY   (Rue)";"0";"";"2";"2";"2";"1";"-1";"-1";"1";"";"-1";"1";"0";"1";"50"
"202400003127";"3";"132";"-1";"A";"2";"2";"0";"1";"24";"980";"4";"";"4";"1";"0";"1";"80"
"202400003128";"4";"GARIBALDI                           (R )";"0";"";"1";"2";"3";"1";"-1";"-1";"1";"";"-1";"1";"0";"4";"50"
"202400003128";"4";"SEZE (DE)                           (R )";"0";"";"1";"1";"2";"1";"-1";"-1";"1";"";"-1";"1";"0";"4";"30"
"202400003129";"4";"SULLY                               (R )";"0";"";"2";"2";"0";"1";"-1";"-1";"1";"";"-1";"1";"0";"8";"50"
"202400003130";"4";"MUSSET (RUE ALFRED DE)";"0";"";"2";"2";"0";"3";"-1";"-1";"1";"";"-1";"1";"0";"1";"50"
"202400003130";"4";"WAGNER (BOULEVARD RICHARD)";"0";"";"2";"5";"0";"1";"-1";"-1";"1";"";"-1";"1";"0";"1";"50"
"202400003131";"3";"201";"0";"";"2";"2";"0";"1";"46";"900";"1";"";"7";"1";"0";"1";"80"
"202400003131";"3";"";"-1";"";"2";"-1";"-1";"1";"15";"75";"1";"";"-1";"1";"0";"1";"-1"
"202400003132";"4";"8 MAI 1945 (DU)                     (AV)";"0";"";"2";"2";"0";"1";"-1";"-1";"1";"";"-1";"1";"0";"1";"50"
"202400003132";"4";"BEIT SAHOUR (DE)                    (R )";"0";"";"2";"2";"0";"1";"-1";"-1";"1";"";"-1";"1";"0";"1";"30"
"202400003133";"4";"MARCEL PAUL                         (AV)";"0";"";"2";"2";"0";"1";"-1";"-1";"1";"";"-1";"1";"0";"1";"30"
"202400003134";"3";"112";"0";"F";"1";"0";"0";"1";"1";"0";"3";"";"0";"1";"0";"1";"50"
"202400003135";"4";"VERNE (RUE JULES)";"0";"";"2";"2";"0";"1";"-1";"-1";"3";"";"-1";"1";"0";"3";"50"
"202400003136";"7";"RD 137";"0";"";"3";"4";"0";"1";"56";"470";"1";"";"-1";"2";"0";"1";"110"
"202400003137";"4";"JACQUELINE AURIOL";"0";"";"2";"3";"0";"1";"-1";"-1";"1";"";"-1";"1";"0";"1";"50"
"202400003137";"4";"JEAN MERMOZ (RUE)";"0";"";"2";"3";"0";"1";"-1";"-1";"1";"";"-1";"1";"0";"1";"30"
"202400003137";"4";"SCHACH (RUE)";"0";"";"2";"3";"0";"1";"-1";"-1";"1";"";"-1";"1";"0";"8";"30"
"202400003138";"3";"8";"0";"D";"2";"2";"0";"1";"72";"210";"1";"";"7";"1";"0";"1";"80"
"202400003139";"3";"BLANC CAMILLE (BOULEVARD)";"0";"";"2";"2";"0";"1";"43";"430";"1";"";"5,5";"1";"0";"1";"50"
"202400003140";"3";"";"-1";"";"2";"-1";"-1";"1";"0";"0";"1";"";"-1";"1";"0";"1";"50"
"202400003140";"3";"TARBES DE";"0";"";"2";"1";"1";"1";"21";"400";"3";"";"3";"1";"0";"1";"50"
"202400003141";"3";"238";"-1";"E";"2";"2";"0";"1";"1";"300";"1";"";"7,2";"2";"0";"1";"80"
"202400003142";"4";"SALIE";"0";"";"2";"2";"0";"1";"-1";"-1";"1";"";"-1";"1";"0";"1";"50"
"202400003143";"4";"RIMBAUD (RUE PAUL)";"0";"";"2";"4";"0";"1";"-1";"-1";"1";"";"-1";"1";"0";"1";"50"
"202400003144";"3";"8 MAI 1945 DU";"0";"";"2";"3";"0";"1";"7";"450";"1";"";"-1";"1";"1";"1";"70"
"202400003144";"3";"GUINDALOS DE";"0";"";"2";"2";"0";"1";"-1";"-1";"1";"";"-1";"1";"0";"1";"50"
"202400003145";"3";"22";"-1";"";"2";"2";"0";"1";"14";"590";"1";"";"5,5";"1";"0";"1";"50"
"202400003146";"4";"CONDORCET";"0";"";"1";"2";"0";"1";"-1";"-1";"1";"";"-1";"1";"5";"1";"50"
"202400003147";"4";"ITALIE (PLACE D')";"0";"";"1";"2";"0";"1";"-1";"-1";"3";"";"-1";"1";"0";"1";"30"
"202400003148";"4";"BAHINOS (ROND POINT DE)";"0";"";"1";"2";"0";"1";"-1";"-1";"2";"";"-1";"1";"0";"1";"50"
"202400003149";"4";"";"-1";"";"2";"2";"0";"1";"-1";"-1";"1";"";"-1";"1";"0";"1";"80"
"202400003150";"4";"BAB (BOULEVARD DU)";"0";"";"2";"4";"0";"1";"-1";"-1";"1";"";"-1";"1";"0";"1";"50"
"202400003151";"4";"32";"0";"A";"2";"2";"0";"1";"-1";"-1";"1";"";"-1";"1";"0";"1";"30"
"202400003152";"4";"RUE BERNARD ADOUR CAUD";"0";"";"1";"1";"2";"1";"-1";"-1";"1";"";"-1";"1";"5";"1";"30"
"202400003152";"4";"RUE VERTE CAUD";"0";"";"1";"1";"0";"1";"-1";"-1";"1";"";"-1";"1";"5";"1";"30"
"202400003153";"6";"ADOUR (AVENUE DE L')";"0";"";"-1";"-1";"0";"1";"-1";"-1";"1";"";"-1";"1";"9";"8";"30"
"202400003154";"1";"VA007553 A61";"0";"";"1";"6";"0";"1";"0";"18";"1";"";"-1";"1";"0";"1";"130"
"202400003155";"3";"178";"-1";"";"2";"2";"0";"2";"12";"670";"1";"";"-1";"1";"9";"1";"80"
"202400003156";"4";"MOLINIE (AVENUE JEAN)";"0";"";"1";"1";"0";"2";"-1";"-1";"1";"";"-1";"1";"0";"1";"30"
"202400003157";"6";"RUE DES SORBIERS";"0";"";"-1";"0";"0";"1";"0";"0";"1";"";"-1";"1";"0";"8";"30"
"202400003158";"3";"";"-1";"";"2";"-1";"-1";"1";"-1";"-1";"1";"";"-1";"1";"0";"1";"50"
"202400003158";"3";"NAVARRE (AVENUE HENRI DE)";"0";"";"2";"3";"0";"1";"3";"350";"3";"";"9";"1";"0";"1";"50"
"202400003159";"3";"1003";"-1";"";"2";"2";"0";"1";"8";"0";"3";"";"7";"1";"0";"1";"80"
"202400003160";"4";"FAIENCERIE(Rond Point de la)";"0";"";"1";"2";"0";"1";"-1";"-1";"2";"";"-1";"1";"0";"1";"30"
"202400003161";"4";"X";"0";"X";"2";"2";"0";"1";"0";"0";"1";"";"-1";"1";"0";"1";"50"
"202400003162";"3";"GRAND KERVAO";"0";"";"2";"2";"0";"2";"1";"0";"3";"";"-1";"2";"0";"1";"50"
"202400003162";"3";"";"-1";"";"2";"-1";"0";"1";"-1";"-1";"1";"";"-1";"2";"0";"1";"-1"
"202400003163";"4";"RESPLANDY (AVENUE DU CAPITAINE)";"0";"";"2";"2";"0";"1";"-1";"-1";"1";"";"-1";"1";"5";"1";"30"
"202400003163";"4";"RESPLANDY (AVENUE DU CAPITAINE)";"0";"";"2";"0";"1";"1";"-1";"-1";"3";"";"-1";"1";"0";"1";"30"
"202400003164";"4";"EUSEN VICTOR";"0";"";"2";"2";"0";"1";"-1";"-1";"1";"";"-1";"2";"0";"1";"50"
"202400003165";"1";"A42 4.329 A 5.760   LYON/GEN";"0";"";"1";"3";"0";"1";"4";"900";"1";"";"10";"1";"0";"1";"110"
"202400003166";"3";"BRUNEHAUT ( CHAUSSEE ) CD 341";"0";"";"-1";"1";"0";"1";"30";"510";"1";"";"3,5";"1";"0";"1";"50"
"202400003166";"3";"BRUNEHAUT ( CHAUSSEE ) CD 341";"0";"";"1";"1";"0";"1";"12";"350";"2";"";"3,5";"1";"0";"1";"50"
"202400003167";"4";"COUBERTIN (AVENUE PIERRE DE)";"0";"";"2";"2";"0";"1";"-1";"-1";"1";"";"-1";"1";"0";"1";"50"
"202400003168";"1";"Autoroute A31";"0";"";"3";"4";"0";"1";"347";"0";"1";"";"-1";"1";"0";"1";"110"
"202400003169";"4";"ROLLIN (RUE)";"0";"";"2";"2";"0";"1";"-1";"-1";"3";"";"-1";"1";"0";"1";"50"
"202400003169";"4";"TURGOT (RUE)";"0";"";"2";"2";"0";"1";"-1";"-1";"1";"";"-1";"1";"0";"1";"50"
"202400003170";"2";"RN12";"0";"";"-1";"2";"0";"1";"27";"0";"1";"";"-1";"1";"0";"1";"110"
"202400003171";"4";"THOREL (PLACE ERNEST)";"0";"";"1";"1";"0";"1";"0";"1";"2";"";"-1";"1";"0";"1";"30"
"202400003172";"4";"STRATEGIQUE PAVE";"0";"";"1";"2";"0";"1";"-1";"-1";"3";"";"4";"1";"0";"1";"30"
"202400003173";"1";"A13";"0";"";"-1";"3";"0";"1";"43";"700";"1";"";"-1";"2";"0";"1";"130"
"202400003174";"4";"QUATORZE JUILLET (BOULEVARD)";"0";"";"1";"2";"0";"1";"0";"0";"1";"";"-1";"2";"0";"1";"50"
"202400003175";"7";"ROUBAIX AVNUE DE";"0";"";"1";"2";"0";"1";"6";"90";"3";"";"5";"1";"3";"1";"70"
"202400003176";"4";"PLOYART LOUIS";"0";"";"2";"2";"0";"1";"-1";"-1";"1";"";"-1";"1";"0";"1";"50"
"202400003176";"4";"REPUBLIQUE";"0";"";"2";"0";"0";"1";"-1";"-1";"1";"";"-1";"1";"9";"1";"30"
"202400003177";"4";"CASSOTTE  RUE DE LA";"0";"";"1";"2";"0";"1";"-1";"-1";"1";"";"-1";"2";"0";"4";"50"
"202400003178";"1";"3";"0";"";"3";"3";"0";"1";"14";"0";"1";"";"13,5";"1";"0";"1";"90"
"202400003179";"4";"";"0";"";"2";"2";"0";"3";"-1";"-1";"1";"";"-1";"1";"0";"1";"30"
"202400003179";"4";"";"0";"";"3";"2";"3";"1";"-1";"-1";"1";"";"-1";"1";"0";"1";"30"
"202400003180";"3";"BARIEROU (RUE DU)";"0";"";"2";"2";"0";"1";"-1";"-1";"1";"";"7";"1";"0";"1";"50"
"202400003180";"3";"CLERMONT (AVENUE) N° PAIRS";"0";"";"2";"2";"0";"1";"22";"28";"1";"";"7";"1";"0";"1";"70"
"202400003181";"1";"A4.W";"0";"";"3";"4";"0";"1";"20";"0";"1";"";"17,5";"1";"0";"1";"110"
"202400003182";"7";"CHARTREUSE (AVENUE DE LA)";"0";"";"2";"2";"1";"1";"1";"400";"1";"";"7";"1";"-1";"1";"50"
"202400003183";"4";"CONNETABLE (AVENUE DE)";"0";"";"-1";"2";"0";"1";"-1";"-1";"1";"";"-1";"1";"0";"1";"50"
"202400003183";"4";"LUCAS (RUE ABBE)";"0";"";"-1";"2";"0";"1";"-1";"-1";"1";"";"-1";"1";"0";"1";"50"
"202400003184";"4";"PINCHARD (AVENUE - OMBELLES)";"0";"";"3";"4";"3";"1";"-1";"-1";"1";"";"-1";"1";"0";"1";"30"
"202400003185";"2";"RN104";"0";"";"3";"3";"0";"1";"1";"0";"3";"";"-1";"1";"3";"1";"90"
"202400003186";"4";"CHEMIN DU MERLAN A LA ROSE ";"0";"";"-1";"3";"0";"1";"0";"0";"1";"";"-1";"1";"0";"1";"50"
"202400003187";"3";"";"0";"";"2";"2";"2";"1";"1";"860";"1";"";"6";"2";"-1";"1";"50"
"202400003188";"1";"86";"0";"";"1";"3";"0";"1";"42";"200";"3";"";"-1";"1";"0";"1";"90"
"202400003189";"4";"ROI RENE (BD DU)";"0";"";"1";"2";"3";"2";"0";"0";"1";"";"-1";"2";"0";"6";"50"
"202400003190";"4";"";"-1";"";"1";"-1";"-1";"1";"-1";"-1";"1";"";"-1";"1";"-1";"1";"-1"
"202400003190";"4";"SACY (RUE)";"0";"";"1";"2";"1";"1";"1";"0";"1";"";"-1";"1";"0";"1";"30"
"202400003191";"3";"GINESTE (AVENUE DE LA)";"0";"";"2";"2";"0";"2";"2";"145";"1";"";"-1";"1";"0";"1";"50"
"202400003192";"4";"GERUZEZ (RUE)";"0";"";"2";"2";"0";"1";"-1";"-1";"1";"";"-1";"1";"0";"1";"50"
"202400003193";"4";"LOMBARDS (AVENUE)";"0";"";"2";"3";"3";"1";"-1";"-1";"1";"";"-1";"2";"0";"1";"50"
"202400003194";"1";"A104";"0";"";"1";"3";"0";"2";"25";"0";"1";"";"-1";"1";"0";"1";"90"
"202400003195";"4";"ALBERT 1ER (BOULEVARD)";"0";"";"2";"6";"0";"1";"-1";"-1";"1";"";"-1";"1";"0";"1";"50"
"202400003195";"4";"HUET (RUE ANDRE)";"0";"";"2";"6";"1";"1";"-1";"-1";"1";"";"-1";"1";"0";"1";"50"
"202400003196";"4";"CAPUCINS (CHEMIN ET IMPASSE DES)";"0";"";"2";"2";"0";"2";"0";"0";"2";"";"-1";"2";"0";"1";"30"
"202400003197";"3";"";"-1";"";"2";"2";"0";"1";"22";"206";"1";"";"-1";"1";"0";"1";"80"
"202400003197";"3";"";"-1";"";"2";"2";"0";"2";"-1";"-1";"1";"";"-1";"1";"0";"1";"80"
"202400003198";"4";"LAC DE MAINE AVENUE";"0";"";"2";"2";"0";"1";"1";"0";"1";"";"-1";"1";"0";"1";"50"
"202400003199";"3";"CD1";"0";"";"3";"2";"0";"1";"18";"299";"3";"";"-1";"2";"3";"1";"110"
"202400003200";"3";"PONT DE PIERRE";"0";"";"-1";"2";"0";"1";"46";"1 019";"1";"";"-1";"1";"0";"1";"50"
"202400003201";"4";"PORTE DE CHARENTON";"0";"";"1";"4";"0";"1";"34";"0";"1";"";"-1";"1";"1";"1";"70"
"202400003202";"4";"LEVAILLANT MAITRE SIMONE";"0";"";"2";"0";"0";"1";"-1";"-1";"1";"";"-1";"1";"0";"1";"50"
"202400003202";"4";"VERNEY CARRON CLAUDE";"0";"";"2";"6";"0";"1";"-1";"-1";"1";"";"-1";"1";"0";"1";"50"
"202400003203";"4";"AVENUE DE FLANDRE";"0";"";"1";"3";"1";"1";"-1";"-1";"1";"";"-1";"1";"0";"1";"30"
"202400003204";"3";"";"-1";"";"2";"2";"0";"1";"2";"654";"1";"";"-1";"1";"5";"1";"80"
"202400003204";"3";"";"-1";"";"2";"3";"0";"1";"11";"981";"1";"";"-1";"1";"5";"1";"80"
"202400003205";"4";"AVENUE DU GENERAL LECLERC";"0";"";"3";"-1";"0";"1";"-1";"-1";"1";"";"-1";"2";"5";"6";"30"
"202400003205";"4";"PLACE DENFERT ROCHEREAU";"0";"";"1";"5";"3";"1";"-1";"-1";"1";"";"-1";"2";"5";"1";"30"
"202400003206";"5";"BEGON (RUE MICHEL)  N° IMPAIRS";"0";"";"2";"2";"0";"1";"0";"0";"1";"";"-1";"1";"0";"1";"50"
"202400003207";"2";"";"-1";"";"3";"4";"0";"2";"32";"295";"1";"";"-1";"1";"0";"1";"90"
"202400003208";"4";"AVENUE DE L OBSERVATOIRE";"0";"";"2";"3";"0";"1";"-1";"-1";"1";"";"-1";"2";"0";"1";"30"
"202400003208";"4";"";"-1";"";"1";"-1";"-1";"1";"-1";"-1";"1";"";"-1";"2";"0";"1";"30"
"202400003209";"4";"ARMAGNAC (AV DE L')";"0";"";"2";"1";"1";"1";"-1";"-1";"1";"";"-1";"1";"-1";"8";"30"
"202400003209";"4";"VIGNAU (AV DU)";"0";"";"2";"1";"0";"1";"-1";"-1";"1";"";"-1";"1";"0";"1";"50"
"202400003210";"4";"";"-1";"";"3";"2";"2";"1";"-1";"-1";"1";"";"-1";"1";"5";"1";"30"
"202400003211";"4";"AVENUE D ITALIE";"0";"";"2";"6";"1";"1";"-1";"-1";"1";"";"-1";"2";"0";"1";"30"
"202400003211";"4";"RUE DE TOLBIAC";"0";"";"2";"3";"3";"1";"-1";"-1";"1";"";"-1";"2";"0";"1";"30"
"202400003212";"4";"SAINT MICHEL (BLD)";"0";"";"3";"3";"0";"1";"-1";"-1";"1";"";"-1";"1";"9";"1";"50"
"202400003213";"4";"22 AOUT 1944 (AVENUE DU)";"0";"";"-1";"0";"0";"4";"0";"0";"1";"";"-1";"1";"0";"1";"50"
"202400003213";"4";"SAINT SAENS CAMILLE (AV)";"0";"";"2";"2";"0";"1";"0";"0";"1";"";"-1";"1";"0";"3";"50"
"202400003214";"4";"BOULEVARD VOLTAIRE";"0";"";"2";"-1";"1";"1";"-1";"-1";"1";"";"-1";"1";"8";"1";"30"
"202400003214";"4";"";"-1";"";"1";"-1";"0";"1";"-1";"-1";"1";"";"-1";"1";"0";"1";"30"
"202400003215";"4";"CHARCOT (RUE J.B.)";"0";"";"2";"2";"0";"3";"0";"1";"1";"";"-1";"1";"0";"1";"50"
"202400003215";"4";"LIVRON (ROUTE DU)";"0";"";"-1";"2";"0";"2";"0";"1";"1";"";"-1";"1";"0";"1";"50"
"202400003216";"4";"COSTES (AV DIEUDONNE)";"0";"";"2";"2";"0";"1";"-1";"-1";"1";"";"-1";"1";"0";"1";"50"
"202400003217";"4";"BOULEVARD DE SEBASTOPOL";"0";"";"1";"4";"1";"1";"-1";"-1";"1";"";"-1";"1";"0";"5";"30"
"202400003217";"4";"RUE DE RIVOLI";"0";"";"1";"3";"2";"1";"-1";"-1";"1";"";"-1";"1";"0";"5";"30"
"202400003218";"4";"BD DE STRASBOURG";"0";"";"-1";"4";"0";"1";"-1";"-1";"1";"";"-1";"1";"0";"1";"50"
"202400003219";"4";"VILLENEUVE (RUE)";"0";"";"2";"3";"3";"1";"-1";"-1";"1";"";"-1";"1";"5";"1";"50"
"202400003220";"4";"MARCEAU (DE 17 A 31 ET 22 A 34)";"0";"";"2";"2";"0";"2";"0";"0";"1";"";"-1";"1";"5";"1";"50"
"202400003220";"4";"MONTAIGNE (DE 39 A 111 ET 32 A 96)";"0";"";"2";"4";"0";"1";"-1";"-1";"1";"";"-1";"1";"5";"1";"50"
"202400003221";"4";"CHATEAUBRIAND                       (R )";"0";"";"2";"2";"0";"1";"-1";"-1";"1";"";"-1";"1";"0";"1";"50"
"202400003221";"4";"EMILE ZOLA                          (R )";"0";"";"2";"2";"2";"1";"-1";"-1";"1";"";"-1";"1";"0";"1";"50"
"202400003222";"4";"MARCEAU (RUE)";"0";"";"2";"1";"0";"1";"0";"0";"1";"";"-1";"1";"0";"1";"50"
"202400003223";"3";"MANOUVRIER (AVENUE)";"0";"";"2";"3";"0";"1";"35";"710";"1";"";"-1";"1";"0";"8";"50"
"202400003223";"3";"PASTEUR (AVENUE)";"0";"";"2";"2";"0";"1";"35";"710";"1";"";"-1";"1";"0";"1";"50"
"202400003224";"4";"BEDIER (AVENUE JOSEPH)";"0";"";"1";"1";"0";"2";"66";"0";"1";"";"-1";"1";"0";"1";"30"
"202400003225";"3";"CABASSOU (ROUTE DE)";"0";"";"2";"2";"0";"1";"1";"10";"1";"";"-1";"1";"0";"1";"50"
"202400003226";"2";"RN 142";"0";"";"3";"0";"0";"1";"11";"950";"1";"";"0";"1";"0";"1";"110"
"202400003227";"4";"NATIONAL 1 A 67 ET 2 A 44 COURS";"0";"";"2";"2";"3";"2";"-1";"-1";"1";"";"-1";"1";"0";"6";"30"
"202400003228";"4";"SAINT ANTOINE (CHEMIN)";"0";"";"2";"2";"0";"1";"-1";"-1";"1";"";"-1";"1";"0";"1";"50"
"202400003229";"4";"RABELAIS                            (R )";"0";"";"1";"1";"0";"1";"-1";"-1";"1";"";"-1";"1";"0";"1";"30"
"202400003230";"4";"COLIGNY   AVENUE";"0";"";"2";"2";"0";"1";"-1";"-1";"1";"";"-1";"1";"0";"1";"30"
"202400003231";"4";"PAUL NARDAL (AVENUE)";"0";"";"2";"2";"0";"1";"0";"699";"1";"";"-1";"2";"0";"1";"50"
"202400003231";"4";"THUMERVILLE EMMILIEN (RUE)";"0";"";"2";"2";"0";"1";"0";"700";"2";"";"-1";"2";"0";"1";"50"
"202400003232";"4";"GRANDE CAVEE (AVENUE DE LA)";"0";"";"2";"3";"0";"2";"-1";"-1";"1";"";"-1";"1";"0";"1";"30"
"202400003232";"4";"SAINT CLAIR (PLACE)";"0";"";"2";"3";"0";"1";"-1";"-1";"1";"";"-1";"1";"0";"1";"30"
"202400003233";"3";"VALERY (AVEUE PAUL)";"0";"";"1";"2";"0";"1";"6";"81";"1";"";"-1";"1";"9";"8";"50"
"202400003234";"4";"DIDEROT (AVENUE)";"0";"";"-1";"1";"0";"1";"49";"27";"1";"";"-1";"1";"0";"1";"50"
"202400003234";"4";"MARCEAU (AVENUE)";"0";"";"-1";"2";"0";"1";"2";"463";"1";"";"-1";"1";"0";"1";"50"
"202400003235";"4";"GIBBES (CHEMIN DE)";"0";"";"2";"2";"0";"2";"0";"0";"1";"";"-1";"1";"0";"1";"50"
"202400003235";"4";"PLOMBIERES (RUE DE)";"0";"";"2";"4";"0";"1";"0";"0";"1";"";"-1";"1";"0";"1";"50"
"202400003236";"4";"FOND DE VAUX (AVENUE DU)";"0";"";"3";"0";"0";"2";"0";"0";"3";"";"-1";"1";"0";"1";"70"
"202400003237";"4";"PERIER (TRAVERSE)";"0";"";"2";"3";"3";"2";"1";"0";"1";"";"-1";"1";"0";"8";"50"
"202400003237";"4";"PRADO (AVENUE DU)";"0";"";"2";"6";"3";"1";"0";"0";"1";"";"-1";"1";"0";"1";"50"
"202400003238";"6";"RESIDENCE LES TILLEULS RUE RAIE TORTUE";"0";"";"-1";"0";"0";"2";"0";"0";"3";"";"-1";"1";"0";"1";"50"
"202400003239";"4";"BONNEFOY (RUE)";"0";"";"2";"2";"1";"1";"0";"0";"1";"";"-1";"1";"0";"1";"50"
"202400003240";"4";"CAMPING VOIE DES PRES";"0";"";"2";"1";"0";"1";"0";"0";"1";"";"-1";"1";"0";"1";"30"
"202400003240";"4";"MOCQUET (RUE GUY)";"0";"";"2";"2";"0";"2";"0";"0";"1";"";"-1";"1";"0";"1";"30"
"202400003241";"4";"LEMAITRE (RUE)";"0";"";"2";"3";"0";"1";"0";"0";"1";"";"-1";"1";"0";"1";"50"
"202400003241";"4";"LÉON GAMBETTA (ALLEE)";"0";"";"1";"1";"0";"1";"27";"0";"1";"";"-1";"1";"0";"1";"50"
"202400003242";"3";"AV FRANCOIS MITTERRAND";"0";"";"2";"0";"0";"1";"0";"0";"1";"";"0";"1";"0";"1";"50"
"202400003243";"4";"LITTORAL (CHEMIN DU)";"0";"";"1";"2";"0";"1";"0";"0";"1";"";"-1";"1";"0";"1";"50"
"202400003244";"3";"AV JEAN ALLEMANE";"0";"";"2";"4";"0";"1";"48";"686";"1";"";"-1";"1";"0";"1";"50"
"202400003245";"4";"TARTUGUES CHEMIN DES";"0";"";"2";"2";"0";"1";"1";"0";"1";"";"-1";"1";"4";"1";"50"
"202400003246";"4";"MAUVENDIERE (RUE DE LA)";"0";"";"2";"2";"0";"1";"-1";"-1";"1";"";"-1";"2";"0";"1";"30"
"202400003246";"4";"PETIT TOUR (RUE DU)";"0";"";"2";"2";"0";"1";"-1";"-1";"1";"";"-1";"2";"0";"1";"30"
"202400003247";"3";"LYCEE (AVENUE)";"0";"";"-1";"2";"0";"1";"16";"610";"1";"";"-1";"1";"0";"1";"70"
"202400003248";"4";"NAZARETH (RUE DE)";"0";"";"2";"2";"0";"1";"-1";"-1";"1";"";"-1";"1";"0";"1";"30"
"202400003248";"4";"RUBEN (AVENUE ERNEST)";"0";"";"3";"2";"0";"2";"-1";"-1";"1";"";"-1";"1";"0";"1";"30"
"202400003249";"4";"VANTEAUX (BOULEVARD DE)";"0";"";"1";"1";"1";"2";"-1";"-1";"1";"";"-1";"1";"0";"4";"50"
"202400003250";"3";"RD 6009 NARBONNE - PERPIGNAN";"0";"";"1";"2";"0";"1";"14";"880";"1";"";"-1";"1";"0";"1";"50"
"202400003251";"4";"MONTMAILLER (RUE)";"0";"";"2";"2";"0";"1";"-1";"-1";"1";"";"-1";"2";"0";"1";"30"
"202400003251";"4";"PALISSY (RUE BERNARD)";"0";"";"2";"2";"0";"1";"-1";"-1";"1";"";"-1";"2";"0";"1";"30"
"202400003252";"4";"Avenue Jules Guesde";"0";"";"2";"4";"2";"1";"-1";"-1";"1";"";"-1";"1";"0";"1";"50"
"202400003253";"2";"GOT ( route du )";"0";"";"2";"2";"0";"1";"-1";"-1";"1";"";"-1";"1";"0";"1";"70"
"202400003253";"2";"RD947";"0";"";"2";"2";"0";"1";"6";"0";"1";"";"-1";"1";"0";"1";"70"
"202400003254";"4";"CHARMILLES (MAIL DES)";"0";"";"1";"2";"1";"1";"-1";"-1";"1";"";"-1";"1";"0";"1";"50"
"202400003255";"4";"C.DE GAULLE (ROCADE)";"0";"";"3";"4";"0";"1";"0";"1";"1";"";"-1";"1";"5";"1";"50"
"202400003255";"4";"PIERRE SEMARD (AVENUE)";"0";"";"3";"4";"3";"1";"0";"1";"1";"";"-1";"1";"5";"1";"50"
"202400003256";"3";"ROCADE EST (RD 610)";"0";"";"2";"2";"0";"1";"0";"0";"1";"";"-1";"1";"0";"1";"90"
"202400003257";"3";"JOFFRE (BD MARECHAL)";"0";"";"2";"2";"0";"1";"1";"240";"1";"";"-1";"1";"0";"1";"30"
"202400003258";"4";"MARCHE AUX BOEUFS PLACE DU";"0";"";"2";"2";"0";"1";"-1";"-1";"1";"";"-1";"1";"0";"1";"50"
"202400003258";"4";"";"-1";"";"2";"-1";"-1";"1";"-1";"-1";"1";"";"-1";"1";"0";"1";"-1"
"202400003259";"3";"SAINT JUERY (AV DE) DU N° 1 AU N° 48";"0";"";"2";"2";"0";"1";"2";"520";"1";"";"-1";"1";"0";"1";"50"
"202400003260";"4";"CHAMP DE PRUNIERS (CH.)";"0";"";"2";"2";"0";"1";"0";"1";"1";"";"-1";"1";"0";"1";"50"
"202400003261";"4";"VICTOR HUGO (RUE)";"0";"";"-1";"2";"0";"1";"-1";"-1";"1";"";"-1";"1";"0";"1";"50"
"202400003262";"3";"D907";"0";"";"2";"2";"0";"2";"0";"1";"1";"";"5,5";"1";"0";"1";"80"
"202400003263";"4";"PARC (AVENUE DU)";"0";"";"2";"2";"0";"1";"-1";"-1";"1";"";"-1";"1";"0";"1";"30"
"202400003264";"4";"PORTE D ORLEANS";"0";"";"1";"2";"0";"1";"4";"800";"1";"";"-1";"1";"0";"1";"70"
"202400003265";"4";"ANGLAIS (RUE DES)";"0";"";"2";"0";"0";"1";"-1";"-1";"1";"";"-1";"1";"0";"1";"50"
"202400003265";"4";"DE GAULLE (BD DU GENERAL)";"0";"";"2";"0";"0";"1";"-1";"-1";"1";"";"-1";"1";"0";"1";"50"
"202400003266";"4";"RUE ANDRE DANJON";"0";"";"1";"1";"0";"1";"-1";"-1";"1";"";"-1";"1";"0";"1";"30"
"202400003267";"4";"AVENUE DE SAINT OUEN";"0";"";"2";"2";"1";"1";"-1";"-1";"1";"";"-1";"1";"-1";"5";"30"
"202400003268";"3";"DE VOISINS AVENUE DU PRESIDENT GILBERT";"0";"";"2";"2";"1";"1";"1";"925";"1";"";"7";"2";"0";"1";"70"
"202400003269";"4";"";"-1";"";"1";"-1";"-1";"1";"-1";"-1";"1";"";"-1";"1";"0";"1";"-1"
"202400003269";"4";"RUE MARX DORMOY";"0";"";"2";"5";"3";"1";"-1";"-1";"1";"";"-1";"1";"0";"1";"30"
"202400003270";"2";"N 105";"0";"";"-1";"0";"0";"1";"15";"372";"1";"";"0";"1";"0";"1";"80"
"202400003271";"4";"TRINITAIRES (RUE DES)";"0";"";"2";"2";"0";"2";"0";"0";"1";"";"-1";"1";"0";"1";"30"
"202400003272";"4";"BOULEVARD PEREIRE";"0";"";"1";"1";"0";"1";"-1";"-1";"1";"";"-1";"1";"0";"1";"30"
"202400003272";"4";"";"-1";"";"1";"-1";"-1";"1";"-1";"-1";"1";"";"-1";"1";"0";"1";"30"
"202400003273";"4";"ALLEE DES FORTIFICATIONS";"0";"";"2";"2";"0";"1";"-1";"-1";"1";"";"-1";"1";"0";"1";"30"
"202400003274";"4";"CYPRIAN   (Rue de)                  ";"0";"";"2";"2";"0";"1";"-1";"-1";"1";"";"-1";"1";"0";"1";"30"
"202400003274";"4";"PAUL KRUGER      (Avenue)";"0";"";"2";"4";"0";"1";"-1";"-1";"1";"";"-1";"1";"0";"1";"30"
"202400003275";"4";"RUE DE LA TOUR";"0";"";"1";"1";"0";"2";"-1";"-1";"1";"";"-1";"1";"0";"1";"30"
"202400003276";"3";"HERRIOT (rue Edouard)";"0";"";"2";"4";"0";"1";"23";"600";"1";"";"12";"2";"0";"1";"50"
"202400003276";"3";"RIOTTIER (route de)";"0";"";"1";"1";"0";"1";"-1";"-1";"2";"";"12";"2";"0";"1";"50"
"202400003277";"4";"ALLEE DE LA REINE MARGUERITE";"0";"";"2";"4";"0";"1";"-1";"-1";"1";"";"-1";"1";"0";"1";"50"
"202400003278";"4";"DES PARCS(allée)";"0";"";"2";"2";"0";"1";"-1";"-1";"1";"";"-1";"2";"0";"1";"50"
"202400003278";"4";"PORTE DES ALPES (DE LA) - BD URBAIN (BD)";"0";"";"2";"4";"0";"1";"-1";"-1";"1";"";"-1";"2";"0";"1";"70"
"202400003279";"4";"BOULEVARD GARIBALDI";"0";"";"1";"1";"1";"1";"-1";"-1";"1";"";"-1";"1";"-1";"5";"30"
"202400003280";"4";"AVENUE LEDRU ROLLIN";"0";"";"2";"2";"0";"1";"-1";"-1";"1";"";"-1";"1";"0";"1";"30"
"202400003280";"4";"";"-1";"";"2";"-1";"-1";"1";"-1";"-1";"1";"";"-1";"1";"0";"1";"-1"
"202400003281";"4";"UNIVERSITE  (DE L')              (BD)";"0";"";"3";"4";"0";"2";"-1";"-1";"3";"";"-1";"1";"0";"1";"50"
"202400003282";"4";"AVENUE PHILIPPE AUGUSTE";"0";"";"2";"-1";"0";"1";"-1";"-1";"1";"";"-1";"1";"0";"1";"30"
"202400003283";"4";"MARECHAL LECLERC (DU)               (R )";"0";"";"1";"1";"0";"1";"-1";"-1";"1";"";"-1";"1";"0";"1";"50"
"202400003283";"4";"REIMS (DE)                          (R )";"0";"";"2";"2";"0";"1";"-1";"-1";"1";"";"-1";"1";"0";"1";"50"
"202400003284";"4";"";"-1";"";"1";"-1";"-1";"2";"-1";"-1";"1";"";"-1";"1";"0";"1";"30"
"202400003284";"4";"RUE DE LANCRY";"0";"";"1";"1";"0";"2";"-1";"-1";"1";"";"-1";"1";"0";"1";"30"
"202400003285";"4";"";"-1";"";"2";"2";"0";"1";"-1";"-1";"1";"";"-1";"1";"0";"1";"-1"
"202400003285";"4";"ROSES (DES)                         (BD)";"0";"";"2";"2";"0";"1";"-1";"-1";"1";"";"-1";"1";"0";"1";"50"
"202400003286";"4";"";"-1";"";"1";"-1";"-1";"1";"-1";"-1";"1";"";"-1";"1";"0";"1";"-1"
"202400003286";"4";"PLACE D ESTIENNE D ORVES";"0";"";"1";"3";"0";"2";"-1";"-1";"3";"";"-1";"1";"0";"1";"30"
"202400003287";"7";"ALSACE (D')                         (R )";"0";"";"2";"2";"0";"1";"-1";"-1";"1";"";"14";"1";"0";"1";"50"
"202400003287";"7";"PIERRE MENDES FRANCE                (R )";"0";"";"2";"3";"3";"1";"2";"300";"1";"";"14";"1";"0";"1";"50"
"202400003288";"4";"RUE CLOCHE PERCE";"0";"";"-1";"0";"3";"1";"-1";"-1";"1";"";"-1";"1";"0";"1";"30"
"202400003288";"4";"RUE DE RIVOLI";"0";"";"2";"4";"0";"1";"-1";"-1";"1";"";"-1";"1";"0";"1";"30"
"202400003289";"3";"EUROPE DE L'";"0";"";"2";"2";"0";"1";"34";"0";"1";"";"-1";"1";"0";"1";"50"
"202400003290";"4";"";"-1";"";"-1";"-1";"0";"1";"-1";"-1";"1";"";"-1";"1";"0";"1";"30"
"202400003290";"4";"QUAI DE L HOTEL DE VILLE";"0";"";"2";"-1";"0";"1";"-1";"-1";"1";"";"-1";"1";"0";"1";"30"
"202400003291";"3";"RD165";"0";"";"2";"2";"0";"1";"16";"850";"1";"";"7";"1";"0";"1";"70"
"202400003292";"3";"5";"0";"";"3";"4";"1";"1";"0";"1";"1";"";"-1";"1";"0";"1";"50"
"202400003292";"3";"";"0";"";"2";"2";"0";"1";"0";"0";"1";"";"-1";"1";"0";"1";"50"
"202400003293";"4";"HUGO VICTOR - BOULEVARD";"0";"";"2";"3";"0";"1";"-1";"-1";"1";"";"-1";"2";"0";"1";"50"
"202400003293";"4";"SAINT MATTHIEU";"0";"";"2";"0";"0";"1";"-1";"-1";"1";"";"-1";"2";"0";"1";"50"
"202400003294";"3";"130";"0";"";"2";"2";"0";"1";"0";"1";"1";"";"-1";"1";"0";"1";"30"
"202400003294";"3";"287";"0";"";"2";"2";"0";"1";"0";"1";"1";"";"-1";"1";"0";"1";"30"
"202400003295";"4";"";"0";"";"2";"3";"0";"1";"-1";"-1";"1";"";"-1";"1";"0";"1";"30"
"202400003295";"4";"";"0";"";"2";"2";"0";"3";"-1";"-1";"1";"";"-1";"1";"0";"1";"50"
"202400003296";"3";"101";"0";"";"3";"4";"0";"1";"0";"1";"2";"";"7";"1";"0";"1";"50"
"202400003296";"3";"";"-1";"";"3";"6";"0";"1";"0";"1";"2";"";"-1";"1";"0";"1";"-1"
"202400003297";"4";"BASCH (RUE VICTOR)";"0";"";"2";"2";"0";"1";"-1";"-1";"1";"";"-1";"1";"0";"1";"30"
"202400003298";"4";"BEAULIEU (RUE DU LIEUTENANT COLONNEL)";"0";"";"2";"1";"0";"2";"-1";"-1";"2";"";"-1";"1";"0";"1";"30"
"202400003299";"3";"138";"0";"";"2";"2";"0";"1";"0";"1";"1";"";"5";"1";"0";"1";"60"
"202400003299";"3";"";"-1";"";"1";"1";"0";"1";"-1";"-1";"1";"";"-1";"1";"0";"1";"-1"
"202400003300";"4";"MAINE";"0";"";"1";"1";"0";"1";"1";"0";"1";"";"-1";"2";"0";"1";"30"
"202400003301";"4";"";"0";"";"1";"1";"0";"1";"0";"0";"1";"";"-1";"1";"0";"1";"50"
"202400003302";"3";"CORNEILLE PIERRE (RUE)";"0";"";"2";"2";"0";"1";"-1";"-1";"1";"";"10,5";"1";"0";"1";"50"
"202400003302";"3";"MUSSET  RD 207 (RUE ALFRED DE)";"0";"";"2";"2";"0";"1";"0";"670";"1";"";"10,5";"1";"0";"1";"50"
"202400003303";"3";"4";"0";"";"2";"2";"0";"1";"0";"0";"1";"";"-1";"1";"5";"1";"50"
"202400003303";"3";"";"0";"";"1";"1";"0";"1";"0";"0";"1";"";"-1";"1";"5";"1";"50"
"202400003304";"4";"DUGAY-TROUIN (RUE)  N° IMPAIRS";"0";"";"2";"2";"0";"1";"0";"0";"1";"";"-1";"1";"0";"1";"50"
"202400003305";"4";"";"0";"";"3";"2";"0";"1";"0";"0";"1";"";"-1";"1";"0";"1";"30"
"202400003306";"4";"CAMBRIDGE (RUE DE)";"0";"";"2";"2";"0";"1";"0";"0";"1";"";"-1";"1";"0";"1";"50"
"202400003307";"3";"406";"0";"";"3";"3";"0";"1";"0";"1";"1";"";"-1";"1";"0";"1";"50"
"202400003307";"3";"";"0";"";"2";"2";"0";"1";"0";"0";"1";"";"-1";"1";"0";"1";"50"
"202400003308";"4";"SORIECH (CHEMIN DE)";"0";"";"2";"1";"0";"1";"-1";"-1";"1";"";"-1";"1";"9";"1";"50"
"202400003309";"4";"";"0";"";"1";"2";"0";"2";"0";"0";"2";"";"5";"1";"0";"1";"30"
"202400003310";"7";"PALAVAS D986 (ROUTE DE)";"0";"";"1";"2";"0";"1";"-1";"-1";"1";"";"7";"1";"9";"1";"50"
"202400003310";"7";"PRES D'ARENES (ROND-POINT DES)";"0";"";"1";"2";"0";"1";"-1";"-1";"2";"";"-1";"1";"5";"1";"30"
"202400003311";"4";"";"0";"";"2";"2";"0";"1";"0";"0";"1";"";"-1";"1";"0";"1";"30"
"202400003312";"4";"AVE DE LA LIBERATION";"0";"";"2";"3";"3";"1";"-1";"-1";"1";"";"-1";"2";"-1";"1";"30"
"202400003312";"4";"MASARYK (AVE JEAN)";"0";"";"2";"4";"0";"1";"-1";"-1";"1";"";"-1";"2";"0";"1";"30"
"202400003313";"4";"";"-1";"";"1";"1";"0";"1";"0";"0";"1";"";"-1";"1";"0";"1";"-1"
"202400003313";"4";"";"0";"";"1";"1";"0";"1";"0";"0";"1";"";"-1";"1";"0";"1";"30"
"202400003314";"1";"VA008493 LA CRABE A624 Sortie 2";"0";"";"1";"1";"0";"1";"2";"588";"2";"";"-1";"2";"3";"1";"30"
"202400003315";"4";"PLACE CLEMENCEAU";"0";"";"1";"0";"0";"1";"0";"0";"1";"";"-1";"1";"0";"1";"50"
"202400003316";"3";"RAYMOND POINCARE";"0";"";"2";"4";"0";"3";"0";"0";"1";"";"12";"1";"8";"1";"50"
"202400003317";"4";"GUELMEUR (DE 63 ET 70 A FIN)";"0";"";"2";"1";"0";"1";"-1";"-1";"1";"";"-1";"2";"0";"1";"30"
"202400003317";"4";"MELOU GEORGES (DE 58 ET 63BIS A FIN)";"0";"";"2";"1";"0";"2";"-1";"-1";"1";"";"-1";"2";"0";"1";"30"
"202400003318";"3";"RICHELIEU (BOULEVARD)";"0";"";"2";"2";"0";"1";"0";"0";"1";"";"-1";"1";"0";"1";"50"
"202400003318";"3";"ZURICH (RUE DE)";"0";"";"2";"3";"0";"1";"0";"0";"1";"";"-1";"1";"0";"1";"50"
"202400003319";"3";"ROUTE NATIONALE 113-L'ANJOLY";"0";"";"1";"3";"0";"1";"0";"9";"1";"";"-1";"1";"0";"1";"70"
"202400003319";"3";"STADIUM (CD9)";"0";"";"1";"2";"0";"1";"0";"9";"3";"";"-1";"1";"0";"1";"70"
"202400003320";"2";"ROUTE NATIONALE 568";"0";"";"1";"0";"0";"2";"0";"0";"2";"";"0";"1";"0";"1";"90"
"202400003321";"2";"CHARLES DE GAULLE (AVENUE, N° 18 A 116)";"0";"";"3";"4";"0";"1";"0";"0";"1";"";"-1";"1";"0";"1";"50"
"202400003321";"2";"LOUIS-PHILIPPE (RUE )";"0";"";"1";"3";"0";"1";"0";"0";"1";"";"-1";"1";"0";"1";"50"
"202400003322";"4";"NATIONAL (BOULEVARD)";"0";"";"1";"1";"0";"1";"0";"0";"1";"";"-1";"1";"0";"4";"50"
"202400003323";"3";"CHARLES PASQUA (QUAI) 32 A 58";"0";"";"1";"2";"0";"1";"0";"0";"1";"";"-1";"1";"0";"1";"70"
"202400003324";"3";"C.D 10";"0";"";"2";"2";"0";"1";"1";"0";"1";"";"-1";"1";"6";"1";"50"
"202400003325";"3";"GENERAL ROGUET (RUE DU) DE (1 A 57)   (2";"0";"";"2";"2";"0";"1";"0";"0";"1";"";"-1";"1";"0";"1";"50"
"202400003326";"3";"MONNET JEAN (AV)";"0";"";"2";"2";"2";"1";"0";"0";"1";"";"7";"1";"0";"1";"50"
"202400003327";"3";"BONE (RUE DE)";"0";"";"1";"4";"0";"1";"2";"0";"1";"";"12";"1";"6";"1";"30"
"202400003327";"3";"DIVISION LECLERC (53 A 217 - 58 A 186)";"0";"";"2";"4";"0";"1";"86";"0";"1";"";"12";"1";"6";"1";"50"
"202400003328";"3";"MARCORIGNAN (ROUTE DE)";"0";"";"1";"2";"0";"1";"10";"410";"1";"";"7";"1";"0";"1";"50"
"202400003329";"3";"751";"-1";"";"2";"3";"0";"1";"70";"500";"1";"";"10,5";"1";"0";"1";"90"
"202400003330";"3";"60";"-1";"";"2";"2";"0";"1";"0";"900";"1";"";"5,5";"1";"0";"4";"50"
"202400003331";"3";"ROCADE OUEST";"0";"";"-1";"2";"0";"1";"0";"330";"1";"";"7";"1";"0";"1";"80"
"202400003332";"4";"ROCADE OUEST (RD 610)";"0";"";"1";"1";"0";"4";"0";"0";"2";"";"-1";"1";"2";"1";"50"
"202400003333";"3";"14";"-1";"";"2";"2";"0";"1";"9";"199";"1";"";"5,5";"1";"9";"1";"-1"
"202400003333";"3";"";"-1";"";"2";"-1";"-1";"1";"6";"290";"1";"";"-1";"1";"0";"1";"-1"
"202400003334";"4";"AUGUSTE TERRENOIRE (RUE)";"0";"";"2";"3";"3";"1";"-1";"-1";"1";"";"-1";"1";"0";"5";"50"
"202400003335";"6";"92";"0";"";"-1";"-1";"0";"1";"-1";"-1";"1";"";"-1";"1";"0";"8";"50"
"202400003336";"4";"";"-1";"";"2";"-1";"-1";"1";"-1";"-1";"1";"";"-1";"1";"0";"4";"50"
"202400003336";"4";"";"0";"";"2";"2";"1";"1";"-1";"-1";"1";"";"-1";"1";"9";"4";"50"
"202400003337";"4";"LACOUR (AVENUE)";"0";"";"1";"1";"0";"1";"0";"0";"1";"";"-1";"1";"0";"1";"30"
"202400003337";"4";"LACOUR (AVENUE)";"0";"";"1";"1";"0";"1";"1";"0";"1";"";"-1";"1";"0";"1";"30"
"202400003338";"2";"2";"-1";"";"2";"2";"1";"1";"42";"720";"1";"";"7";"1";"0";"1";"70"
"202400003339";"4";"LAVAL";"0";"";"1";"1";"0";"1";"1";"0";"1";"";"-1";"1";"0";"8";"50"
"202400003340";"4";"";"-1";"";"2";"2";"0";"1";"-1";"-1";"1";"";"-1";"1";"0";"1";"50"
"202400003341";"3";"227";"-1";"";"2";"2";"0";"1";"4";"100";"3";"";"4";"1";"0";"8";"80"
"202400003342";"4";"GUSTAVE GREGOIRE (BOULEVARD)";"0";"";"2";"0";"0";"1";"-1";"-1";"1";"";"-1";"1";"0";"1";"50"
"202400003342";"4";"JACQUARD";"0";"";"2";"2";"0";"1";"-1";"-1";"1";"";"-1";"1";"0";"1";"50"
"202400003343";"3";"976";"0";"D";"2";"2";"0";"2";"3";"600";"2";"";"5";"1";"5";"1";"50"
"202400003344";"4";"BOULEVARD PERIPHERIQUE INTERIEUR OUEST";"0";"";"1";"4";"0";"1";"12";"300";"1";"";"-1";"1";"0";"1";"50"
"202400003345";"4";"";"-1";"";"2";"2";"0";"2";"-1";"-1";"1";"";"-1";"1";"0";"1";"50"
"202400003345";"4";"";"-1";"";"2";"-1";"-1";"2";"-1";"-1";"1";"";"-1";"1";"0";"1";"50"
"202400003346";"3";"237";"0";"D";"2";"2";"0";"2";"7";"162";"2";"";"4";"1";"0";"4";"50"
"202400003347";"4";"BOULEVARD PERIPHERIQUE EXTERIEUR NORD  ";"0";"";"1";"4";"0";"1";"22";"600";"1";"";"-1";"1";"0";"1";"50"
"202400003348";"3";"392";"-1";"";"2";"2";"0";"2";"3";"730";"2";"";"5,5";"1";"0";"3";"80"
"202400003349";"4";"BOULEVARD DE LA VILLETTE";"0";"";"1";"1";"1";"1";"-1";"-1";"1";"";"-1";"2";"0";"8";"30"
"202400003349";"4";"";"-1";"";"1";"-1";"-1";"1";"-1";"-1";"1";"";"-1";"2";"0";"8";"30"
"202400003350";"3";"921";"0";"";"2";"2";"0";"1";"33";"110";"3";"";"7";"1";"0";"1";"90"
"202400003351";"4";"";"-1";"";"2";"-1";"0";"1";"-1";"-1";"1";"";"-1";"1";"0";"1";"30"
"202400003351";"4";"RUE GUSTAVE CHARPENTIER";"0";"";"1";"1";"0";"1";"-1";"-1";"1";"";"-1";"1";"0";"4";"30"
"202400003352";"3";"41";"-1";"";"2";"2";"0";"1";"7";"495";"1";"";"5,5";"1";"0";"1";"90"
"202400003352";"3";"";"-1";"";"2";"-1";"-1";"2";"-1";"-1";"2";"";"-1";"1";"0";"1";"-1"
"202400003353";"4";"RUE BRANCION";"0";"";"1";"2";"2";"2";"-1";"-1";"1";"";"-1";"1";"0";"1";"30"
"202400003354";"3";"";"0";"";"2";"3";"0";"1";"21";"560";"1";"";"7";"1";"0";"1";"50"
"202400003355";"3";"23";"0";"A";"2";"2";"0";"1";"5";"36";"1";"";"5";"1";"0";"1";"50"
"202400003356";"4";"";"-1";"";"1";"-1";"-1";"1";"-1";"-1";"1";"";"-1";"1";"0";"1";"30"
"202400003356";"4";"PLACE BALARD";"0";"";"2";"1";"1";"1";"-1";"-1";"1";"";"-1";"1";"0";"1";"30"
"202400003357";"4";"93";"-1";"";"2";"2";"0";"1";"-1";"-1";"1";"";"-1";"1";"0";"1";"50"
"202400003358";"3";"67";"-1";"";"2";"2";"0";"1";"3";"820";"2";"";"5,5";"1";"0";"1";"90"
"202400003359";"4";"RUE DE PICPUS";"0";"";"2";"2";"0";"1";"-1";"-1";"1";"";"-1";"1";"0";"1";"30"
"202400003359";"4";"RUE DU DOCTEUR GOUJON";"0";"";"4";"2";"1";"1";"-1";"-1";"1";"";"-1";"1";"0";"1";"30"
"202400003360";"4";" -";"0";" -";"-1";"1";"0";"1";"-1";"-1";"1";"";"-1";"6";"0";"1";"30"
"202400003361";"4";"BOULEVARD DE BERCY";"0";"";"3";"4";"1";"1";"-1";"-1";"1";"";"-1";"1";"0";"1";"30"
"202400003361";"4";"RUE DE CHARENTON";"0";"";"3";"3";"1";"1";"-1";"-1";"1";"";"-1";"1";"0";"1";"30"
"202400003362";"4";"BOULEVARD RICHARD LENOIR";"0";"";"1";"2";"2";"1";"-1";"-1";"1";"";"-1";"1";"0";"5";"50"
"202400003362";"4";"";"-1";"";"1";"-1";"-1";"1";"-1";"-1";"1";"";"-1";"1";"0";"5";"50"
"202400003363";"3";"115";"-1";"";"2";"2";"0";"2";"43";"556";"3";"";"6";"1";"0";"1";"80"
"202400003364";"4";"";"-1";"";"1";"-1";"-1";"1";"-1";"-1";"1";"";"-1";"1";"0";"1";"30"
"202400003364";"4";"RUE DU FAUBOURG SAINT DENIS";"0";"";"2";"2";"0";"2";"-1";"-1";"1";"";"-1";"1";"0";"1";"30"
"202400003365";"3";"D305";"0";"";"2";"2";"0";"2";"31";"740";"3";"";"-1";"1";"0";"1";"90"
"202400003365";"3";"";"-1";"";"2";"-1";"-1";"1";"-1";"-1";"1";"";"-1";"1";"0";"1";"-1"
"202400003366";"4";"BOULEVARD DE ROCHECHOUART";"0";"";"1";"2";"3";"2";"-1";"-1";"1";"";"-1";"1";"0";"1";"30"
"202400003367";"3";"12";"-1";"";"2";"2";"0";"1";"8";"265";"1";"";"5,5";"1";"0";"1";"90"
"202400003367";"3";"";"-1";"";"2";"2";"0";"2";"-1";"-1";"1";"";"5,5";"1";"0";"1";"50"
"202400003368";"3";"900";"0";"";"2";"2";"0";"2";"44";"890";"1";"";"7";"1";"0";"3";"80"
"202400003369";"4";"AVENUE DE FRIEDLAND";"0";"";"2";"4";"0";"1";"-1";"-1";"1";"";"-1";"1";"0";"1";"50"
"202400003369";"4";"";"-1";"";"1";"-1";"0";"1";"-1";"-1";"1";"";"-1";"1";"0";"1";"30"
"202400003370";"3";"955";"-1";"D";"3";"2";"0";"2";"38";"570";"1";"";"5";"1";"0";"1";"50"
"202400003370";"3";"";"-1";"";"2";"-1";"-1";"1";"-1";"-1";"1";"";"-1";"1";"0";"1";"-1"
"202400003371";"4";"PONT DE LA CONCORDE";"0";"";"2";"6";"1";"1";"-1";"-1";"1";"";"-1";"1";"2";"1";"30"
"202400003372";"3";"207";"0";"";"2";"2";"0";"3";"0";"200";"2";"";"5,5";"1";"0";"1";"80"
"202400003373";"4";"";"-1";"";"2";"-1";"-1";"1";"-1";"-1";"1";"";"-1";"1";"0";"5";"30"
"202400003373";"4";"QUAI D ORSAY";"0";"";"2";"5";"2";"1";"-1";"-1";"1";"";"-1";"1";"9";"5";"30"
"202400003374";"3";"13";"0";"D";"2";"2";"0";"1";"30";"500";"1";"";"5,5";"1";"0";"3";"80"
"202400003375";"3";"372";"0";"";"2";"2";"0";"1";"2";"200";"1";"";"5";"1";"0";"3";"80"
"202400003375";"3";"";"-1";"";"2";"2";"-1";"1";"-1";"-1";"1";"";"3,5";"1";"0";"1";"80"
"202400003376";"4";"BOULEVARD SAINT GERMAIN";"0";"";"1";"3";"3";"1";"-1";"-1";"1";"";"-1";"1";"0";"1";"30"
"202400003376";"4";"RUE DES SAINTS PERES";"0";"";"1";"1";"1";"3";"-1";"-1";"1";"";"-1";"1";"0";"1";"30"
"202400003377";"3";"533";"-1";"";"2";"2";"0";"2";"28";"90";"1";"";"7";"1";"2";"1";"90"
"202400003378";"4";"BOULEVARD DE SEBASTOPOL";"0";"";"1";"4";"1";"1";"-1";"-1";"1";"";"-1";"2";"0";"1";"30"
"202400003378";"4";"";"-1";"";"2";"-1";"-1";"1";"-1";"-1";"1";"";"-1";"2";"0";"1";"30"
"202400003379";"3";"14";"-1";"";"2";"2";"0";"1";"12";"870";"1";"";"5,5";"2";"0";"3";"50"
"202400003380";"4";"";"-1";"";"1";"-1";"3";"1";"-1";"-1";"1";"";"-1";"1";"0";"5";"30"
"202400003380";"4";"RUE DU LOUVRE";"0";"";"2";"3";"3";"1";"-1";"-1";"1";"";"-1";"1";"0";"5";"30"
"202400003381";"3";"21";"-1";"";"2";"2";"0";"1";"51";"200";"1";"";"4";"1";"0";"1";"80"
"202400003382";"4";"BOULEVARD BEAUMARCHAIS";"0";"";"3";"5";"3";"1";"-1";"-1";"1";"";"-1";"1";"5";"1";"30"
"202400003382";"4";"";"-1";"";"1";"-1";"-1";"1";"-1";"-1";"1";"";"-1";"1";"0";"1";"30"
"202400003383";"3";"34";"-1";"";"2";"2";"0";"1";"6";"3";"1";"";"5";"2";"0";"1";"90"
"202400003383";"3";"";"-1";"";"2";"2";"0";"1";"-1";"-1";"1";"";"5";"1";"0";"1";"90"
"202400003384";"4";"";"0";"";"1";"1";"1";"1";"1";"0";"1";"";"-1";"1";"0";"1";"30"
"202400003385";"4";"0";"0";"C";"-1";"1";"0";"1";"-1";"-1";"1";"";"-1";"1";"0";"3";"80"
"202400003386";"3";"123";"0";"";"2";"2";"0";"1";"0";"0";"1";"";"-1";"1";"0";"1";"30"
"202400003386";"3";"";"0";"";"2";"2";"0";"1";"0";"0";"1";"";"-1";"1";"0";"1";"30"
"202400003387";"3";"7";"0";"";"2";"3";"3";"1";"0";"0";"1";"";"-1";"2";"0";"1";"50"
"202400003388";"4";"";"-1";"";"1";"-1";"-1";"1";"-1";"-1";"1";"";"-1";"1";"0";"1";"-1"
"202400003388";"4";"";"-1";"";"2";"2";"0";"2";"-1";"-1";"1";"";"-1";"1";"0";"1";"-1"
"202400003389";"1";"35";"0";"";"3";"2";"0";"1";"103";"800";"1";"";"10";"1";"0";"1";"130"
"202400003390";"3";"19";"0";"";"-1";"0";"0";"1";"0";"0";"1";"";"-1";"1";"0";"1";"50"
"202400003391";"3";"86";"0";"";"1";"2";"0";"1";"0";"0";"1";"";"-1";"2";"0";"1";"50"
"202400003392";"4";"";"0";"";"2";"2";"0";"1";"-1";"-1";"3";"";"-1";"1";"0";"1";"50"
"202400003393";"1";"8";"0";"A";"3";"6";"0";"2";"194";"50";"1";"";"14";"1";"2";"1";"90"
"202400003394";"3";"219";"0";"";"3";"3";"0";"3";"0";"0";"1";"";"9";"1";"5";"1";"50"
"202400003394";"3";"4";"0";"";"1";"3";"0";"1";"0";"0";"1";"";"9";"1";"5";"1";"50"
"202400003395";"4";"CLOS (SENTIER DU)";"0";"";"2";"2";"0";"1";"0";"0";"1";"";"-1";"1";"0";"1";"30"
"202400003396";"2";"2";"0";"";"2";"2";"0";"1";"36";"500";"2";"";"5";"1";"0";"1";"50"
"202400003397";"3";"20";"0";"";"2";"2";"1";"2";"0";"0";"1";"";"5";"1";"0";"1";"50"
"202400003397";"3";"931";"0";"";"2";"2";"1";"2";"0";"1";"1";"";"5";"1";"0";"1";"50"
"202400003398";"4";"";"-1";"";"2";"2";"0";"1";"-1";"-1";"1";"";"-1";"1";"0";"1";"50"
"202400003398";"4";"";"-1";"";"2";"2";"-1";"1";"-1";"-1";"1";"";"-1";"1";"0";"1";"50"
"202400003399";"3";"902";"0";"";"1";"2";"0";"1";"1";"0";"1";"";"-1";"2";"0";"1";"50"
"202400003399";"3";"";"0";"";"2";"2";"0";"2";"1";"0";"1";"";"-1";"2";"0";"1";"50"
"202400003400";"3";"RN";"0";"";"3";"4";"0";"1";"0";"-1";"1";"";"-1";"1";"0";"1";"90"
"202400003401";"3";"838";"-1";"";"2";"2";"0";"1";"-1";"-1";"1";"";"-1";"1";"9";"1";"70"
"202400003402";"3";"null";"-1";"null";"2";"-1";"-1";"1";"-1";"-1";"1";"";"-1";"2";"0";"1";"-1"
"202400003402";"3";"SAINT LEU (ROUTE)";"0";"";"2";"2";"0";"1";"0";"0";"1";"";"-1";"1";"0";"1";"50"
"202400003403";"3";"13";"0";"";"2";"2";"0";"1";"22";"291";"3";"";"4";"1";"0";"1";"80"
"202400003404";"3";"30";"0";"";"2";"2";"0";"1";"0";"0";"1";"";"-1";"2";"0";"1";"50"
"202400003405";"4";"";"0";"";"2";"2";"0";"1";"0";"0";"1";"";"-1";"1";"0";"1";"30"
"202400003406";"3";"43";"-1";"";"2";"2";"0";"1";"6";"327";"3";"";"-1";"1";"0";"1";"-1"
"202400003407";"3";"MARECHAL JUIN";"0";"";"2";"0";"3";"1";"0";"0";"1";"";"0";"1";"0";"1";"50"
"202400003408";"4";"";"-1";"";"2";"2";"0";"1";"-1";"-1";"1";"";"-1";"1";"0";"3";"50"
"202400003409";"4";"";"-1";"";"1";"-1";"-1";"1";"-1";"-1";"1";"";"-1";"1";"5";"1";"-1"
"202400003409";"4";"ROULE (AVENUE DU, N° 29 A 91 ET 30 A 86)";"0";"";"3";"0";"1";"1";"0";"0";"1";"";"-1";"1";"0";"5";"50"
"202400003410";"3";"164";"-1";"D";"2";"2";"0";"1";"21";"787";"1";"";"5,5";"1";"0";"1";"80"
"202400003411";"4";"BARBUSSE RUE HENRI N°1A 3 ET2 A 10";"0";"";"2";"1";"0";"2";"0";"0";"2";"";"-1";"2";"0";"5";"30"
"202400003412";"3";"D31";"0";"B";"2";"1";"0";"2";"2";"350";"3";"";"3,5";"1";"9";"1";"80"
"202400003412";"3";"D31";"0";"";"2";"1";"0";"1";"4";"850";"1";"";"3,5";"1";"0";"1";"80"
"202400003413";"4";"9";"0";"";"-1";"2";"0";"2";"-1";"-1";"1";"";"-1";"1";"0";"3";"50"
"202400003414";"2";"90";"0";"";"3";"5";"0";"2";"54";"705";"2";"";"-1";"1";"0";"1";"90"
"202400003415";"3";"78";"0";"D";"2";"2";"0";"1";"8";"1 548";"1";"";"-1";"1";"0";"1";"50"
"202400003416";"3";"8";"0";"";"2";"2";"0";"1";"8";"560";"1";"";"5,5";"1";"0";"1";"70"
"202400003416";"3";"";"-1";"";"2";"2";"0";"1";"-1";"-1";"1";"";"5,5";"1";"0";"1";"-1"
"202400003417";"3";"952";"-1";"";"2";"2";"0";"1";"128";"-1";"1";"";"7";"1";"0";"1";"80"
"202400003418";"3";"";"0";"D";"2";"2";"2";"2";"12";"100";"3";"";"7";"1";"0";"1";"70"
"202400003419";"1";"6";"0";"A";"1";"2";"0";"1";"239";"265";"1";"";"10";"1";"0";"1";"130"
"202400003420";"3";"07";"0";"N";"2";"2";"1";"2";"54";"690";"1";"";"-1";"1";"0";"1";"90"
"202400003421";"4";"";"0";"";"2";"2";"2";"1";"-1";"-1";"1";"";"-1";"1";"0";"5";"50"
"202400003422";"3";"766";"0";"E";"2";"2";"0";"1";"0";"1";"3";"";"3,5";"1";"5";"1";"80"
"202400003423";"3";"748";"0";"D";"2";"2";"0";"1";"23";"350";"1";"";"6";"1";"0";"1";"80"
"202400003424";"4";"";"-1";"";"2";"2";"0";"1";"-1";"-1";"3";"";"-1";"2";"9";"1";"50"
"202400003425";"4";"";"-1";"";"2";"2";"0";"1";"-1";"-1";"1";"";"-1";"1";"0";"1";"80"
"202400003426";"3";"648";"-1";"";"2";"2";"0";"2";"12";"100";"2";"";"4";"1";"0";"3";"90"
"202400003427";"4";"";"-1";"";"2";"2";"0";"1";"-1";"-1";"2";"";"-1";"1";"0";"1";"50"
"202400003428";"4";"";"-1";"";"2";"2";"0";"1";"0";"0";"2";"";"-1";"1";"0";"3";"80"
"202400003429";"3";"712";"-1";"D";"1";"2";"0";"1";"-1";"-1";"1";"";"-1";"1";"0";"3";"50"
"202400003429";"3";"787";"-1";"D";"1";"2";"0";"1";"13";"1 145";"2";"";"-1";"8";"0";"3";"50"
"202400003430";"3";"";"-1";"";"2";"2";"0";"1";"19";"765";"1";"";"7";"2";"0";"1";"50"
"202400003431";"3";"125";"-1";"";"2";"2";"0";"2";"7";"371";"4";"";"7";"1";"0";"1";"80"
"202400003432";"4";"";"-1";"";"2";"2";"2";"1";"-1";"-1";"1";"";"-1";"1";"9";"5";"50"
"202400003433";"4";"VC3";"-1";"";"2";"2";"0";"2";"-1";"-1";"1";"";"-1";"1";"0";"1";"80"
"202400003434";"3";"1029";"-1";"";"3";"2";"0";"1";"7";"965";"1";"";"7";"1";"0";"1";"80"
"202400003434";"3";"";"-1";"";"2";"-1";"-1";"1";"-1";"-1";"1";"";"-1";"1";"0";"1";"-1"
"202400003435";"3";"44";"0";"D";"2";"2";"0";"1";"22";"380";"1";"";"7";"1";"0";"1";"80"
"202400003436";"3";"1";"0";"D";"2";"2";"0";"1";"7";"185";"1";"";"-1";"1";"0";"1";"80"
"202400003436";"3";"1";"2";"B";"2";"2";"0";"1";"-1";"-1";"1";"";"-1";"1";"0";"1";"80"
"202400003437";"3";"2";"0";"D";"2";"2";"0";"2";"28";"435";"1";"";"7";"1";"0";"1";"90"
"202400003438";"3";"198";"0";"";"2";"2";"0";"2";"9";"135";"1";"";"4";"1";"0";"3";"30"
"202400003438";"3";"";"-1";"";"2";"2";"0";"1";"0";"0";"1";"";"4";"1";"0";"3";"30"
"202400003439";"4";"";"0";"";"2";"2";"0";"2";"-1";"-1";"4";"";"-1";"1";"0";"1";"80"
"202400003440";"3";"7";"0";"";"2";"2";"0";"2";"11";"935";"1";"";"5,5";"1";"0";"1";"80"
"202400003440";"3";"";"-1";"";"2";"-1";"-1";"3";"-1";"-1";"2";"";"-1";"1";"0";"1";"-1"
"202400003441";"4";"";"-1";"";"2";"2";"0";"1";"-1";"-1";"1";"";"-1";"1";"0";"1";"80"
"202400003441";"4";"";"-1";"";"2";"-1";"-1";"1";"-1";"-1";"1";"";"-1";"1";"-1";"1";"-1"
"202400003442";"2";"31";"0";"N";"2";"2";"0";"1";"86";"585";"2";"";"10,5";"1";"2";"1";"80"
"202400003443";"1";"A50 TUNNEL TUBE NORD";"0";"";"1";"4";"0";"1";"70";"59";"1";"";"-1";"1";"1";"1";"70"
"202400003444";"3";"916";"0";"D";"2";"2";"0";"1";"34";"300";"1";"";"7";"1";"9";"3";"50"
"202400003444";"3";"";"-1";"";"2";"-1";"-1";"1";"-1";"-1";"1";"";"-1";"1";"0";"1";"-1"
"202400003445";"3";"918";"0";"D";"2";"2";"0";"1";"11";"540";"3";"";"5,5";"2";"0";"1";"50"
"202400003445";"3";"";"-1";"";"2";"-1";"0";"1";"11";"500";"1";"";"-1";"2";"0";"1";"-1"
"202400003446";"3";"";"-1";"";"2";"2";"0";"1";"6";"800";"4";"";"5";"1";"0";"1";"50"
"202400003447";"1";"AUTOROUTE A 63";"0";"";"3";"2";"0";"1";"6";"362";"1";"";"10";"1";"0";"1";"90"
"202400003448";"1";"ROCADE A 630";"0";"";"3";"6";"0";"1";"33";"259";"1";"";"-1";"1";"0";"1";"90"
"202400003449";"3";"918";"0";"D";"2";"2";"0";"1";"5";"76";"1";"";"5,5";"1";"0";"1";"80"
"202400003449";"3";"";"-1";"";"2";"-1";"-1";"1";"-1";"-1";"1";"";"-1";"1";"0";"1";"50"
"202400003450";"4";"0";"0";"C";"2";"1";"0";"2";"-1";"-1";"1";"";"-1";"1";"0";"8";"90"
"202400003451";"1";"ROCADE A 630";"0";"";"3";"6";"0";"1";"30";"180";"1";"";"14";"1";"0";"1";"90"
"202400003452";"1";"106";"0";"";"1";"2";"0";"2";"7";"800";"1";"";"10,5";"1";"0";"1";"70"
"202400003453";"3";"";"-1";"";"2";"-1";"0";"1";"-1";"-1";"1";"";"-1";"2";"0";"1";"-1"
"202400003453";"3";"";"-1";"";"2";"2";"0";"1";"2";"880";"1";"";"4";"2";"0";"1";"50"
"202400003454";"3";"313";"-1";"";"2";"2";"0";"1";"69";"1 250";"1";"";"5";"1";"0";"1";"80"
"202400003454";"3";"";"-1";"";"2";"2";"-1";"1";"-1";"-1";"1";"";"-1";"1";"0";"1";"80"
"202400003455";"1";"13";"0";"";"-1";"3";"0";"1";"6";"156";"1";"";"10,5";"1";"0";"1";"110"
"202400003456";"3";"6";"-1";"D";"2";"2";"3";"1";"1";"320";"3";"";"-1";"1";"0";"6";"70"
"202400003457";"3";"504";"0";"";"3";"2";"1";"2";"3";"874";"1";"";"0";"1";"0";"1";"70"
"202400003458";"2";"1";"-1";"";"2";"2";"1";"1";"4";"2";"1";"";"-1";"1";"0";"1";"40"
"202400003459";"3";"18";"0";"";"2";"2";"0";"1";"85";"450";"3";"";"-1";"1";"0";"1";"80"
"202400003460";"3";"";"-1";"";"-1";"2";"1";"2";"13";"750";"1";"";"-1";"1";"0";"8";"5"
"202400003461";"2";"118";"0";"";"-1";"3";"0";"1";"3";"99";"1";"";"10,5";"1";"0";"1";"90"
"202400003462";"3";"41";"-1";"";"2";"2";"0";"1";"8";"600";"1";"";"4";"1";"0";"1";"90"
"202400003463";"1";"3";"0";"";"3";"6";"0";"1";"13";"399";"1";"";"-1";"1";"0";"1";"90"
"202400003464";"1";"AUTOROUTE A86";"0";"";"3";"6";"0";"1";"11";"800";"1";"";"-1";"1";"0";"3";"90"
"202400003465";"4";"000";"0";"A";"2";"2";"0";"1";"-1";"-1";"1";"";"-1";"1";"0";"1";"50"
"202400003465";"4";"";"-1";"";"2";"-1";"-1";"1";"-1";"-1";"1";"";"-1";"1";"1";"1";"-1"
"202400003466";"3";"14e1";"0";"D";"2";"2";"0";"1";"1";"860";"2";"";"5,5";"1";"0";"4";"50"
"202400003467";"3";"1113";"-1";"";"2";"2";"0";"1";"30";"120";"1";"";"7";"1";"0";"1";"80"
"202400003468";"3";"D55";"0";"";"2";"2";"0";"1";"-1";"-1";"1";"";"5";"1";"0";"1";"80"
"202400003469";"2";"330";"0";" -";"2";"0";"0";"1";"4";"60";"3";"";"0";"1";"0";"1";"80"
"202400003470";"1";"A51-Sens Marseille vers Aix en Provence";"0";"";"-1";"2";"0";"1";"11";"0";"1";"";"-1";"1";"0";"1";"90"
"202400003471";"1";"A7-Sens Lyon vers Marseille";"0";"";"1";"2";"0";"1";"256";"200";"1";"";"-1";"1";"0";"1";"90"
"202400003472";"1";"AUTOROUTE A 62";"0";"";"3";"2";"0";"1";"7";"0";"1";"";"10";"1";"0";"1";"130"
"202400003473";"1";"AUTOROUTE A25";"0";"";"3";"2";"0";"1";"23";"509";"1";"";"10";"1";"0";"1";"130"
"202400003474";"1";"AUTOROUTE A6";"0";"";"3";"3";"0";"1";"25";"0";"1";"";"14";"1";"0";"1";"110"
"202400003475";"1";"86";"0";"";"-1";"2";"0";"1";"2";"500";"1";"";"7";"1";"0";"1";"90"
"202400003476";"1";"1";"0";"";"3";"4";"0";"1";"4";"500";"1";"";"17";"1";"0";"1";"90"
"202400003477";"1";"AUTOROUTE A103";"0";"";"3";"2";"0";"1";"1";"500";"1";"";"10";"1";"0";"1";"90"
"202400003478";"1";"AUTOROUTE A115";"0";"";"3";"2";"0";"1";"1";"200";"1";"";"10,5";"1";"0";"1";"90"
"202400003479";"1";"4";"0";"";"3";"5";"1";"1";"12";"0";"1";"";"-1";"1";"0";"1";"110"
"202400003480";"1";"86";"0";"";"1";"2";"0";"1";"31";"100";"1";"";"-1";"2";"1";"1";"90"
"202400003481";"4";"";"-1";"";"1";"-1";"-1";"1";"-1";"-1";"1";"";"-1";"2";"0";"1";"30"
"202400003481";"4";"RUE DAUPHINE";"0";"";"1";"1";"0";"1";"-1";"-1";"1";"";"-1";"2";"0";"1";"30"
"202400003482";"1";"411";"0";"";"3";"2";"0";"1";"0";"200";"3";"";"10";"1";"0";"1";"70"
"202400003483";"3";"1206";"-1";"";"2";"2";"0";"1";"18";"500";"1";"";"7";"1";"0";"1";"80"
"202400003484";"3";"215";"-1";"";"2";"2";"0";"2";"5";"400";"4";"";"4";"1";"0";"3";"80"
"202400003485";"3";"903";"-1";"";"2";"2";"0";"2";"61";"300";"2";"";"-1";"1";"0";"1";"80"
"202400003485";"3";"";"-1";"";"2";"-1";"-1";"2";"10";"550";"2";"";"-1";"1";"0";"1";"-1"
"202400003486";"3";"ZONE (ROUTE DE)";"0";"";"1";"1";"0";"1";"0";"1";"1";"";"3,5";"1";"0";"1";"1"
"202400003487";"3";"35";"0";"";"-1";"2";"0";"1";"22";"800";"1";"";"5";"2";"0";"1";"30"
"202400003487";"3";"";"-1";"";"2";"-1";"-1";"1";"-1";"-1";"1";"";"-1";"2";"0";"1";"-1"
"202400003488";"4";"GARE (RUE DE LA)";"0";"";"1";"1";"0";"1";"0";"1";"1";"";"-1";"1";"0";"1";"50"
"202400003489";"4";"JEAN-JAURES (RUE)";"0";"";"2";"2";"0";"1";"0";"1";"1";"";"-1";"1";"9";"8";"30"
"202400003490";"3";"42";"0";"";"2";"2";"0";"2";"7";"300";"1";"";"4";"1";"0";"1";"50"
"202400003491";"3";"909";"-1";"";"2";"2";"0";"2";"37";"35";"2";"";"5,5";"1";"0";"1";"80"
"202400003492";"3";"22";"0";"";"-1";"2";"0";"2";"47";"72";"3";"";"5,5";"1";"0";"3";"80"
"202400003493";"3";"1";"0";"";"2";"2";"0";"1";"4";"430";"1";"";"7";"1";"0";"1";"80"
"202400003494";"3";"2";"-1";"";"2";"2";"0";"2";"12";"680";"1";"";"5,5";"1";"0";"1";"30"
"202400003495";"3";"60";"-1";"";"2";"2";"0";"1";"0";"500";"1";"";"5,5";"1";"0";"1";"50"
"202400003496";"6";"";"-1";"";"-1";"-1";"0";"1";"-1";"-1";"1";"";"-1";"1";"0";"1";"-1"
"202400003497";"1";"40";"-1";"";"3";"2";"0";"1";"29";"900";"1";"";"10";"1";"0";"2";"130"
"202400003498";"3";"20";"-1";"";"2";"1";"0";"2";"32";"750";"4";"";"4";"1";"9";"1";"30"
"202400003499";"4";"QUAI DE BERCY";"0";"";"1";"3";"0";"1";"-1";"-1";"1";"";"-1";"1";"0";"1";"50"
"202400003500";"4";"";"-1";"";"1";"-1";"-1";"1";"-1";"-1";"1";"";"-1";"1";"0";"1";"30"
"202400003500";"4";"PLACE DE LA BASTILLE";"0";"";"4";"3";"1";"1";"-1";"-1";"2";"";"-1";"1";"0";"1";"30"
"202400003501";"4";"BOULEVARD VOLTAIRE";"0";"";"2";"4";"1";"1";"-1";"-1";"1";"";"-1";"1";"0";"1";"30"
"202400003501";"4";"";"-1";"";"1";"-1";"-1";"1";"-1";"-1";"1";"";"-1";"1";"0";"1";"30"
"202400003502";"4";"";"-1";"";"1";"-1";"-1";"1";"-1";"-1";"1";"";"-1";"1";"0";"8";"30"
"202400003502";"4";"RUE DU FAUBOURG SAINT MARTIN";"0";"";"2";"4";"0";"1";"-1";"-1";"1";"";"-1";"1";"0";"8";"30"
"202400003503";"4";"QUAI DE L HOTEL DE VILLE";"0";"";"2";"6";"1";"1";"-1";"-1";"1";"";"-1";"1";"0";"1";"30"
"202400003503";"4";"RUE DU PONT LOUIS PHILIPPE";"0";"";"1";"2";"1";"1";"-1";"-1";"1";"";"-1";"1";"0";"1";"30"
"202400003504";"2";"6";"0";"";"3";"4";"0";"1";"14";"350";"1";"";"0";"1";"0";"1";"50"
"202400003505";"4";"";"0";"";"2";"2";"0";"1";"0";"0";"1";"";"-1";"1";"0";"1";"30"
"202400003506";"4";"";"0";"";"1";"1";"0";"1";"0";"0";"1";"";"-1";"1";"0";"4";"30"
"202400003507";"3";"";"-1";"";"2";"2";"0";"1";"0";"1";"2";"";"-1";"1";"0";"1";"-1"
"202400003507";"3";"";"0";"";"1";"1";"0";"1";"0";"0";"1";"";"-1";"1";"0";"1";"50"
"202400003508";"3";"126B";"0";"";"1";"2";"0";"1";"-1";"-1";"1";"";"-1";"1";"0";"1";"50"
"202400003508";"3";"";"-1";"";"1";"2";"0";"1";"-1";"-1";"1";"";"-1";"1";"0";"1";"-1"
"202400003509";"4";"";"0";"";"1";"2";"3";"1";"0";"0";"2";"";"10,5";"1";"9";"1";"30"
"202400003510";"4";"";"0";"";"1";"1";"2";"1";"0";"0";"1";"";"-1";"1";"0";"1";"30"
"202400003510";"4";"";"0";"";"1";"1";"2";"1";"0";"0";"3";"";"-1";"1";"0";"1";"30"
"202400003511";"3";"933";"0";"";"3";"4";"3";"1";"1";"0";"1";"";"-1";"1";"0";"1";"50"
"202400003511";"3";"";"-1";"";"2";"1";"0";"1";"0";"0";"1";"";"-1";"1";"0";"1";"-1"
"202400003512";"3";"932";"0";"";"1";"2";"0";"1";"1";"0";"1";"";"-1";"1";"0";"1";"50"
"202400003512";"3";"";"-1";"";"2";"2";"0";"1";"0";"0";"1";"";"-1";"1";"0";"1";"-1"
"202400003513";"3";"CAMELINAT";"0";"";"2";"4";"0";"1";"0";"0";"1";"";"-1";"1";"0";"1";"50"
"202400003514";"3";"REPUBLIQUE AVENUE DE LA";"0";"";"1";"2";"0";"1";"0";"0";"1";"";"-1";"2";"0";"8";"50"
"202400003515";"4";"GRANDS PRES RUE DES";"0";"";"2";"1";"0";"1";"0";"0";"1";"";"-1";"1";"0";"1";"50"
"202400003515";"4";"SAULES RUE DES";"0";"";"2";"1";"0";"1";"0";"0";"1";"";"-1";"1";"0";"1";"50"
"202400003516";"3";"";"-1";"";"2";"-1";"-1";"1";"-1";"-1";"1";"";"-1";"1";"5";"1";"-1"
"202400003516";"3";"PREMIER MAI RUE DU";"0";"";"1";"0";"0";"1";"0";"0";"1";"";"0";"1";"5";"1";"50"
"202400003517";"4";"SORRIERES (RUE DES)";"0";"";"1";"1";"0";"1";"0";"0";"3";"";"-1";"1";"0";"1";"50"
"202400003518";"3";"GRESILLONS (AVENUE DES) (103/139)";"0";"";"2";"0";"0";"1";"0";"0";"1";"";"0";"1";"0";"1";"50"
"202400003518";"3";"ROSSIGNOL DUBOST (RUE)";"0";"";"3";"2";"0";"1";"1";"0";"1";"";"-1";"1";"0";"1";"50"
"202400003519";"3";"GABRIEL PERI (AVENUE) (147/177)";"0";"";"2";"2";"0";"1";"0";"0";"1";"";"-1";"1";"0";"1";"50"
"202400003520";"1";"";"-1";"";"1";"-1";"0";"2";"9";"0";"2";"";"-1";"1";"3";"1";"-1"
"202400003520";"1";"SORTIE A 86";"0";"";"2";"5";"0";"2";"9";"0";"1";"";"-1";"1";"3";"1";"50"
"202400003521";"3";"VERDUN (DE 01 A 61)";"0";"";"3";"2";"1";"1";"0";"0";"1";"";"-1";"1";"0";"1";"50"
"202400003522";"3";"PRÉSIDENT PAUL DOUMER (QUAI DU)";"0";"";"-1";"0";"0";"1";"0";"0";"1";"";"0";"1";"9";"4";"50"
"202400003523";"3";"HENRI BARBUSSE (AVENUE)";"0";"";"2";"2";"1";"1";"0";"0";"1";"";"-1";"1";"0";"1";"30"
"202400003523";"3";"MARQUIS (PLACE) N°1 ET 2";"0";"";"1";"2";"1";"1";"0";"0";"1";"";"-1";"1";"0";"1";"30"
"202400003524";"3";"DIVISION LECLERC (AVENUE DE LA)";"0";"";"2";"2";"0";"1";"0";"1";"1";"";"-1";"1";"9";"4";"50"
"202400003524";"3";"THOMAS ALBERT (AVENUE)";"0";"";"2";"2";"0";"1";"0";"1";"1";"";"-1";"1";"0";"4";"50"
"202400003525";"3";"ANDRE MORIZET (AVENUE) 1/47 - 2/52";"0";"";"2";"3";"2";"1";"0";"0";"1";"";"10,5";"1";"0";"1";"30"
"202400003526";"4";"PIERRE DURAND";"0";"";"2";"1";"0";"1";"0";"0";"1";"";"-1";"1";"0";"1";"50"
"202400003526";"4";"SADI-CARNOT";"0";"";"2";"1";"0";"1";"0";"0";"1";"";"-1";"1";"0";"1";"50"
"202400003527";"4";"";"-1";"";"2";"2";"0";"1";"-1";"-1";"3";"";"-1";"1";"6";"1";"50"
"202400003528";"1";"29";"-1";"A";"3";"2";"0";"1";"68";"250";"1";"";"10";"2";"0";"1";"130"
"202400003529";"2";"1";"-1";"";"2";"2";"0";"2";"-1";"-1";"1";"";"-1";"1";"0";"1";"-1"
"202400003530";"3";"2009";"0";"D";"2";"3";"0";"1";"2";"70";"1";"";"7";"1";"5";"1";"90"
"202400003530";"3";"93";"-1";"";"2";"2";"0";"1";"18";"100";"1";"";"7";"1";"5";"1";"90"
"202400003531";"2";"165";"0";"";"3";"2";"0";"2";"92";"200";"1";"";"10";"1";"0";"1";"110"
"202400003532";"3";"813";"0";"";"2";"2";"0";"2";"82";"750";"2";"";"7";"1";"0";"1";"80"
"202400003533";"3";"901";"-1";"";"2";"2";"0";"3";"2";"730";"1";"";"7";"2";"0";"1";"80"
"202400003533";"3";"";"-1";"";"2";"2";"0";"1";"0";"0";"1";"";"7";"2";"0";"1";"50"
"202400003534";"4";"6";"0";"C";"2";"2";"0";"1";"-1";"-1";"1";"";"-1";"1";"0";"3";"80"
"202400003535";"3";"75A2";"0";"";"2";"2";"0";"2";"0";"188";"1";"";"5";"1";"0";"1";"50"
"202400003536";"3";"929";"-1";"";"2";"2";"0";"1";"-1";"-1";"1";"";"5,5";"2";"0";"1";"80"
"202400003536";"3";"";"-1";"";"2";"2";"0";"1";"1";"770";"1";"";"5,5";"2";"0";"1";"80"
"202400003537";"2";"10";"0";"";"2";"2";"0";"1";"132";"580";"1";"";"7";"1";"0";"1";"80"
"202400003538";"3";"921";"-1";"A";"2";"2";"0";"1";"5";"138";"1";"";"7";"1";"0";"1";"50"
"202400003539";"3";"10";"0";"D";"2";"2";"0";"1";"0";"150";"1";"";"5,5";"1";"0";"1";"50"
"202400003540";"3";"";"-1";"";"2";"2";"0";"2";"-1";"-1";"1";"";"-1";"1";"0";"1";"50"
"202400003540";"3";"";"-1";"";"2";"-1";"-1";"1";"47";"490";"1";"";"-1";"1";"0";"1";"-1"
"202400003541";"3";"770";"-1";"";"2";"2";"0";"1";"35";"200";"1";"";"7";"1";"0";"1";"90"
"202400003542";"7";"54";"-1";"";"2";"2";"0";"2";"26";"450";"2";"";"5,5";"1";"0";"1";"80"
"202400003542";"7";"";"-1";"";"2";"2";"0";"1";"-1";"-1";"1";"";"5,5";"1";"0";"1";"50"
"202400003543";"3";"461";"-1";"";"2";"2";"0";"1";"56";"40";"2";"";"5,5";"1";"0";"1";"90"
"202400003544";"3";"31";"0";"D";"2";"2";"0";"2";"27";"320";"1";"";"4";"1";"0";"1";"50"
"202400003545";"3";"520";"0";"D";"2";"2";"0";"2";"8";"740";"1";"";"-1";"1";"0";"8";"50"
"202400003545";"3";"";"-1";"";"1";"1";"0";"2";"-1";"-1";"1";"";"-1";"1";"0";"8";"30"
"202400003546";"3";"RD1";"-1";"";"2";"2";"0";"1";"68";"990";"3";"";"7";"1";"0";"1";"80"
"202400003547";"3";"12";"-1";"";"2";"2";"0";"1";"2";"820";"1";"";"5,5";"2";"0";"1";"50"
"202400003548";"4";"1";"0";"";"2";"2";"0";"1";"-1";"-1";"1";"";"-1";"1";"0";"1";"50"
"202400003549";"9";"0";"0";"";"2";"2";"0";"1";"0";"0";"3";"";"-1";"1";"0";"3";"80"
"202400003550";"3";"304";"0";"R";"2";"2";"0";"1";"15";"420";"1";"";"7";"1";"0";"1";"90"
"202400003551";"3";"579";"-1";"";"2";"2";"0";"1";"5";"1 030";"1";"";"7";"1";"0";"1";"90"
"202400003552";"2";"1019";"0";"N";"2";"2";"0";"1";"0";"80";"1";"";"-1";"1";"0";"1";"80"
"202400003553";"2";"20";"0";"N";"2";"2";"0";"2";"91";"330";"3";"";"7";"1";"0";"1";"80"
"202400003554";"2";"20";"0";"";"2";"2";"0";"1";"63";"200";"1";"";"7";"1";"0";"1";"80"
"202400003555";"3";"D112";"-1";"";"2";"2";"0";"1";"71";"440";"1";"";"4";"1";"0";"1";"80"
"202400003555";"3";"RD28b";"-1";"";"2";"2";"0";"1";"5";"440";"1";"";"4";"1";"0";"1";"80"
"202400003556";"3";"974";"0";"";"2";"2";"0";"1";"1";"100";"1";"";"7";"1";"0";"1";"90"
"202400003557";"3";"";"-1";"";"2";"-1";"-1";"1";"-1";"-1";"2";"";"-1";"1";"0";"1";"-1"
"202400003557";"3";"";"2";"D";"2";"2";"0";"1";"2";"330";"1";"";"7";"1";"0";"1";"80"
"202400003558";"3";"2";"-1";"D";"2";"2";"0";"1";"16";"376";"3";"";"5,5";"1";"0";"8";"70"
"202400003559";"3";"140";"0";"A";"2";"2";"0";"1";"28";"600";"1";"";"4";"1";"0";"1";"80"
"202400003560";"1";"20";"0";"";"3";"4";"0";"1";"15";"0";"2";"";"-1";"1";"0";"1";"130"
"202400003561";"3";"16";"-1";"";"2";"2";"0";"2";"5";"300";"4";"";"6";"1";"0";"3";"80"
"202400003562";"3";"922";"-1";"";"2";"2";"0";"2";"1";"150";"1";"";"5,5";"1";"0";"1";"50"
"202400003563";"1";"61";"-1";"A";"-1";"3";"3";"1";"248";"800";"1";"";"10";"1";"0";"8";"130"
"202400003564";"3";"7";"-1";"";"2";"2";"0";"1";"58";"380";"3";"";"4";"1";"0";"3";"80"
"202400003565";"1";"4";"0";"";"1";"2";"0";"2";"219";"800";"3";"";"10";"2";"0";"2";"110"
"202400003566";"5";"";"-1";"";"2";"2";"0";"2";"-1";"-1";"2";"";"-1";"1";"0";"8";"50"
"202400003567";"3";"24";"0";"";"3";"2";"0";"1";"57";"25";"1";"";"7";"2";"5";"1";"80"
"202400003567";"3";"996";"0";"";"2";"3";"0";"2";"22";"18";"1";"";"7";"2";"5";"1";"80"
"202400003568";"9";"CD9";"0";"";"2";"2";"0";"1";"-1";"-1";"2";"";"-1";"1";"0";"1";"90"
"202400003569";"3";"";"0";"";"2";"4";"0";"1";"72";"400";"1";"";"0";"1";"5";"1";"90"
"202400003570";"3";"45";"-1";"";"2";"2";"0";"1";"5";"60";"3";"";"-1";"1";"0";"1";"90"
"202400003570";"3";"";"-1";"";"2";"2";"0";"4";"-1";"-1";"1";"";"-1";"1";"0";"1";"50"
"202400003571";"4";"";"-1";"";"2";"2";"0";"2";"-1";"-1";"3";"";"-1";"1";"0";"8";"50"
"202400003572";"3";"d907";"-1";"";"2";"2";"0";"1";"36";"550";"2";"";"7";"1";"0";"1";"80"
"202400003573";"3";"34";"-1";"";"2";"2";"0";"3";"3";"910";"3";"";"5,5";"2";"0";"3";"50"
"202400003574";"3";"986";"0";"";"2";"2";"0";"1";"2";"300";"1";"";"5,5";"1";"0";"1";"50"
"202400003575";"3";"1";"0";"D";"2";"2";"0";"2";"3";"700";"1";"";"5,5";"1";"0";"1";"50"
"202400003575";"3";"";"-1";"";"2";"-1";"-1";"2";"-1";"-1";"1";"";"-1";"1";"0";"1";"-1"
"202400003576";"3";"561";"-1";"D";"3";"2";"0";"2";"10";"0";"1";"";"7";"1";"5";"1";"80"
"202400003576";"3";"";"-1";"";"1";"-1";"-1";"1";"10";"0";"2";"";"-1";"1";"3";"1";"-1"
"202400003577";"3";"122";"-1";"";"2";"2";"0";"1";"1";"50";"1";"";"5,5";"2";"0";"1";"80"
"202400003578";"3";"30";"0";"D";"2";"1";"0";"1";"32";"950";"1";"";"-1";"2";"0";"1";"30"
"202400003579";"4";"";"0";"";"-1";"1";"0";"3";"-1";"-1";"3";"";"-1";"9";"0";"8";"-1"
"202400003580";"3";"437";"-1";"";"2";"2";"0";"1";"71";"65";"2";"";"7";"1";"0";"1";"70"
"202400003580";"3";"";"-1";"";"2";"2";"-1";"3";"-1";"-1";"2";"";"-1";"1";"0";"1";"70"
"202400003581";"2";"7";"-1";"";"2";"3";"0";"1";"95";"750";"1";"";"10,5";"1";"0";"1";"-1"
"202400003581";"2";"";"-1";"";"2";"-1";"-1";"1";"-1";"-1";"1";"";"-1";"1";"0";"1";"-1"
"202400003582";"3";"178";"0";"D";"2";"2";"0";"1";"69";"1 051";"1";"";"7";"1";"0";"1";"90"
"202400003583";"3";"532";"-1";"";"2";"2";"0";"1";"48";"800";"2";"";"5,5";"1";"0";"3";"70"
"202400003584";"3";"117";"0";"D";"2";"2";"0";"1";"19";"44";"1";"";"5";"1";"0";"1";"30"
"202400003585";"3";"1084";"-1";"";"2";"2";"0";"1";"6";"560";"1";"";"-1";"1";"9";"1";"50"
"202400003586";"3";"13";"0";"";"2";"2";"0";"1";"15";"319";"3";"";"5";"1";"0";"3";"70"
"202400003587";"3";"";"0";"";"2";"2";"0";"1";"26";"80";"2";"";"7";"1";"0";"3";"80"
"202400003588";"3";"262";"0";"";"2";"2";"0";"1";"22";"800";"1";"";"7";"1";"0";"1";"50"
"202400003589";"3";"";"-1";"";"2";"2";"0";"1";"4";"570";"2";"";"-1";"1";"0";"1";"70"
"202400003589";"3";"";"-1";"";"2";"2";"-1";"1";"10";"105";"2";"";"-1";"1";"0";"1";"70"
"202400003590";"3";"166";"0";"D";"2";"2";"0";"1";"2";"926";"1";"";"10,5";"2";"0";"1";"80"
"202400003591";"4";"102";"-1";"";"2";"2";"0";"1";"-1";"-1";"1";"";"-1";"1";"0";"1";"70"
"202400003592";"3";"1001";"-1";"D";"2";"0";"0";"1";"31";"950";"1";"";"0";"1";"0";"1";"50"
"202400003592";"3";"";"-1";"";"2";"-1";"-1";"1";"-1";"-1";"1";"";"-1";"1";"5";"1";"-1"
"202400003593";"3";"10";"0";"D";"2";"2";"0";"1";"29";"550";"1";"";"5";"1";"0";"1";"90"
"202400003594";"7";"";"-1";"";"3";"2";"1";"1";"2";"100";"1";"";"-1";"2";"0";"1";"70"
"202400003595";"7";"M941";"-1";"";"2";"2";"1";"1";"39";"700";"1";"";"-1";"2";"0";"3";"-1"
"202400003596";"3";"66";"0";"";"2";"2";"0";"2";"66";"10";"2";"";"7";"1";"0";"3";"80"
"202400003597";"1";"A50-Sens Aubagne vers Marseille";"0";"";"1";"3";"0";"1";"8";"0";"1";"";"13,5";"1";"0";"1";"90"
"202400003598";"7";"2205";"-1";"M";"2";"2";"0";"3";"59";"576";"3";"";"-1";"1";"0";"1";"-1"
"202400003599";"7";"97";"0";"M";"2";"2";"0";"2";"11";"800";"1";"";"7";"1";"0";"1";"80"
"202400003600";"1";"AUTOROUTE A 62";"0";"";"3";"4";"0";"1";"0";"823";"1";"";"-1";"1";"3";"1";"70"
"202400003601";"3";"83";"0";"D";"1";"2";"0";"1";"16";"690";"2";"";"7";"1";"0";"1";"70"
"202400003602";"1";"ROCADE A 630";"0";"";"3";"6";"0";"1";"10";"722";"1";"";"10";"1";"0";"1";"90"
"202400003603";"3";"30H";"0";"D";"2";"2";"0";"4";"2";"800";"1";"";"-1";"1";"0";"1";"80"
"202400003604";"3";"13";"0";"D";"2";"1";"0";"1";"12";"600";"1";"";"-1";"1";"0";"1";"80"
"202400003605";"1";"AUTOROUTE A16";"0";"";"3";"4";"0";"1";"112";"150";"1";"";"-1";"1";"0";"1";"110"
"202400003606";"3";"57";"0";"D";"2";"2";"0";"2";"9";"250";"1";"";"-1";"1";"0";"1";"50"
"202400003607";"2";"RN 104";"0";"";"3";"2";"0";"1";"45";"799";"1";"";"10,5";"1";"0";"1";"110"
"202400003608";"3";"128";"-1";"";"2";"2";"0";"1";"0";"130";"1";"";"5";"1";"0";"3";"80"
"202400003609";"1";"AUTOROUTE A10";"0";"";"3";"2";"0";"3";"4";"500";"3";"";"10,5";"1";"0";"1";"70"
"202400003610";"3";"";"-1";"";"2";"-1";"-1";"1";"-1";"-1";"1";"";"-1";"1";"0";"1";"-1"
"202400003610";"3";"";"0";"D";"2";"2";"0";"1";"22";"510";"1";"";"5,5";"1";"0";"1";"50"
"202400003611";"2";"RN12 EXT";"0";"";"1";"3";"0";"1";"30";"900";"1";"";"14";"1";"3";"8";"70"
"202400003612";"2";"385";"0";"";"3";"3";"0";"1";"58";"970";"1";"";"10,5";"1";"3";"1";"90"
"202400003613";"2";"13";"0";"N";"2";"3";"0";"1";"11";"500";"1";"";"10";"1";"0";"1";"80"
"202400003614";"2";"101";"0";"";"2";"2";"0";"1";"-1";"-1";"1";"";"-1";"1";"0";"1";"60"
"202400003615";"1";"A86 EXT";"0";"";"1";"3";"0";"1";"62";"99";"1";"";"-1";"1";"0";"1";"110"
"202400003616";"1";"AUTOROUTE A15";"0";"";"3";"4";"0";"1";"8";"750";"1";"";"17,5";"1";"0";"1";"110"
"202400003617";"2";"3";"0";"N";"3";"0";"0";"2";"14";"0";"1";"";"0";"1";"0";"1";"90"
"202400003618";"1";"1";"0";"";"3";"4";"0";"1";"1";"0";"1";"";"17";"1";"1";"1";"90"
"202400003619";"4";"";"-1";"";"2";"2";"0";"1";"-1";"-1";"1";"";"-1";"1";"0";"1";"50"
"202400003620";"1";"86";"0";"";"1";"3";"0";"1";"31";"600";"1";"";"-1";"1";"1";"1";"90"
"202400003621";"2";"RN406.W";"0";"";"3";"2";"0";"1";"2";"799";"1";"";"10,5";"1";"0";"1";"90"
"202400003622";"4";"81";"0";"D";"1";"4";"3";"1";"-1";"-1";"1";"";"7";"1";"0";"6";"50"
"202400003623";"1";"A4";"0";"";"3";"5";"0";"1";"5";"400";"2";"";"17,5";"1";"0";"1";"90"
"202400003624";"4";"AVE DE L'HIPPODROME";"0";"";"3";"2";"2";"1";"-1";"-1";"1";"";"-1";"1";"5";"1";"30"
"202400003625";"3";"215";"0";"D";"2";"2";"0";"2";"1";"198";"2";"";"5,5";"1";"0";"1";"80"
"202400003626";"3";"POMARE (BVD BLOC MARINE)";"0";"";"-1";"2";"0";"1";"0";"0";"3";"";"-1";"1";"0";"1";"30"
"202400003626";"3";"POMARE V (AVENUE)";"0";"";"-1";"2";"0";"1";"0";"0";"1";"";"-1";"1";"0";"1";"30"
"202400003627";"3";"952";"-1";"";"2";"2";"0";"1";"1";"900";"2";"";"5,5";"1";"0";"1";"80"
"202400003628";"4";"DE VILLIERS 5CHEMIN ADAM)";"0";"";"3";"0";"3";"1";"56";"0";"1";"";"-1";"1";"9";"1";"50"
"202400003629";"4";"";"-1";"";"2";"2";"0";"1";"-1";"-1";"1";"";"-1";"1";"0";"3";"70"
"202400003630";"2";"RN3 (2)";"0";"";"-1";"2";"0";"2";"58";"0";"1";"";"-1";"1";"0";"1";"110"
"202400003631";"4";"";"-1";"";"2";"2";"0";"1";"-1";"-1";"2";"";"-1";"1";"0";"1";"-1"
"202400003631";"4";"RD99";"0";"";"2";"2";"0";"1";"-1";"-1";"1";"";"5,5";"1";"0";"1";"50"
"202400003632";"3";"TIGRE (ROUTE DU)";"0";"";"2";"2";"0";"1";"2";"780";"1";"";"-1";"1";"0";"1";"50"
"202400003633";"3";"TIGRE (ROUTE DU)";"0";"";"2";"2";"0";"1";"2";"160";"1";"";"-1";"1";"0";"1";"50"
"202400003634";"3";"MADELEINE (ROUTE DE LA)";"0";"";"2";"2";"0";"1";"2";"500";"1";"";"-1";"1";"0";"1";"50"
"202400003635";"7";"51";"0";"";"2";"2";"2";"1";"16";"200";"1";"";"4";"1";"0";"1";"70"
"202400003636";"3";"918";"0";"D";"2";"2";"0";"2";"25";"0";"1";"";"5,5";"1";"0";"1";"80"
"202400003637";"3";"ZEPHIR (ROCADE)";"0";"";"2";"2";"0";"1";"0";"0";"1";"";"-1";"1";"0";"1";"50"
"202400003637";"3";"ZEPHIR (ROCADE)";"0";"";"2";"2";"0";"1";"3";"0";"1";"";"-1";"1";"0";"1";"50"
"202400003638";"3";"7";"0";"D";"2";"2";"0";"1";"15";"100";"3";"";"7";"2";"0";"8";"50"
"202400003639";"4";"";"0";"";"2";"2";"0";"1";"-1";"-1";"1";"";"-1";"1";"0";"1";"30"
"202400003639";"4";"";"0";"";"2";"2";"2";"1";"-1";"-1";"1";"";"-1";"1";"0";"1";"30"
"202400003640";"4";"ST VINCENT                          (QU)";"0";"";"1";"4";"1";"1";"-1";"-1";"1";"";"-1";"1";"0";"1";"50"
"202400003641";"3";"137";"-1";"D";"2";"2";"0";"1";"54";"620";"1";"";"-1";"1";"0";"1";"70"
"202400003641";"3";"";"-1";"";"2";"2";"-1";"1";"-1";"-1";"1";"";"-1";"1";"0";"1";"50"
"202400003642";"4";"Rue Hubert FAROUIL";"0";"";"2";"2";"0";"1";"-1";"-1";"1";"";"-1";"1";"0";"1";"50"
"202400003643";"3";"130";"0";"E";"2";"2";"0";"1";"1";"178";"2";"";"4";"1";"0";"8";"80"
"202400003644";"3";"FAIDHERBE (BOULEVARD)";"0";"";"3";"4";"0";"1";"-1";"-1";"1";"";"-1";"1";"0";"1";"50"
"202400003645";"4";"";"-1";"";"2";"2";"0";"2";"-1";"-1";"3";"";"-1";"1";"0";"1";"30"
"202400003646";"4";"MARECHAL FOCH (RUE DU)";"0";"";"1";"1";"0";"1";"0";"150";"1";"";"-1";"1";"0";"1";"50"
"202400003646";"4";"RUE DE LA GARE";"0";"";"1";"1";"0";"1";"0";"100";"1";"";"-1";"1";"0";"1";"50"
"202400003647";"3";"";"0";"";"2";"2";"0";"2";"5";"30";"1";"";"5,5";"1";"0";"1";"-1"
"202400003648";"2";"RN 14 (PROLONGEMENT A15)";"0";"";"1";"2";"0";"1";"21";"950";"1";"";"10,5";"1";"0";"2";"110"
"202400003649";"4";"AV JEAN JAURES";"0";"";"2";"2";"0";"2";"0";"0";"1";"";"-1";"1";"0";"1";"50"
"202400003649";"4";"RUE DES CHERCHEFEUILLES";"0";"";"2";"2";"0";"2";"0";"0";"1";"";"-1";"1";"0";"1";"50"
"202400003650";"3";"4";"-1";"C";"2";"2";"0";"1";"-1";"-1";"1";"";"-1";"1";"0";"1";"80"
"202400003650";"3";"76";"-1";"D";"2";"2";"0";"1";"12";"81";"2";"";"4";"1";"0";"1";"80"
"202400003651";"3";"AV ARAGO";"0";"";"2";"2";"0";"1";"0";"0";"1";"";"-1";"1";"0";"1";"50"
"202400003651";"3";"AV FERDINAND DE LESSEPS";"0";"";"-1";"2";"0";"1";"0";"0";"3";"";"-1";"1";"5";"1";"50"
"202400003652";"4";"24";"0";"R";"1";"1";"0";"1";"-1";"-1";"1";"";"-1";"2";"9";"1";"50"
"202400003653";"4";"ABBE HAUSTETE (RUE)";"0";"";"2";"2";"0";"2";"-1";"-1";"1";"";"-1";"1";"0";"1";"50"
"202400003654";"3";"65";"-1";"";"4";"2";"0";"1";"13";"50";"1";"";"7";"1";"9";"1";"50"
"202400003655";"3";"11 NOVEMBRE (AVENUE DU)";"0";"";"-1";"4";"0";"1";"6";"130";"1";"";"7";"1";"0";"1";"50"
"202400003656";"1";"A7-Sens Marseille vers Lyon";"0";"";"1";"3";"0";"1";"272";"0";"1";"";"13,5";"1";"8";"1";"90"
"202400003657";"3";"AERODROME SUD OUEST (LIEU DIT L')";"0";"";"3";"4";"0";"1";"55";"890";"1";"";"-1";"1";"9";"1";"50"
"202400003657";"3";"NUNGESSER (RUE)";"0";"";"2";"2";"0";"1";"-1";"-1";"1";"";"-1";"1";"0";"1";"50"
"202400003658";"1";"A55-Sens Marseille vers Martigues";"0";"";"1";"2";"0";"1";"25";"0";"1";"";"10";"1";"0";"1";"110"
"202400003659";"4";"CAPDEVILLA (BOULEVARD";"0";"";"2";"2";"0";"1";"0";"1";"1";"";"-1";"1";"5";"1";"50"
"202400003659";"4";"FOLIE (Avenue de la)";"0";"";"2";"2";"0";"1";"0";"1";"1";"";"-1";"1";"5";"1";"50"
"202400003660";"1";"A7   15.770 A 20.110";"0";"";"3";"6";"0";"1";"16";"0";"1";"";"14";"1";"0";"1";"90"
"202400003661";"3";"MANTES (ROUTE DE)";"0";"";"2";"0";"0";"1";"25";"490";"1";"";"0";"1";"0";"1";"50"
"202400003662";"3";"AMBASSADEUR (RUE DE L')";"0";"";"2";"2";"0";"1";"0";"263";"1";"";"-1";"1";"0";"1";"50"
"202400003663";"1";"";"0";"";"3";"2";"0";"1";"244";"649";"1";"";"10";"1";"0";"1";"110"
"202400003664";"4";"SAINT DENIS  (RUE   )";"0";"";"2";"2";"0";"1";"1";"0";"1";"";"-1";"1";"0";"1";"50"
"202400003665";"1";"A13";"0";"";"1";"3";"0";"1";"35";"700";"1";"";"14";"1";"0";"1";"130"
"202400003666";"4";"ESPALIER (ALLEE DE L')";"0";"";"2";"0";"0";"1";"1";"0";"1";"";"-1";"1";"0";"1";"30"
"202400003666";"4";"ORANGERIE (ALLEE DE L')";"0";"";"2";"0";"0";"1";"1";"0";"1";"";"-1";"1";"0";"1";"30"
"202400003667";"1";"AUTOROUTE A3";"0";"";"3";"8";"0";"1";"16";"0";"1";"";"-1";"1";"0";"1";"90"
"202400003668";"3";"RD 109";"0";"";"2";"2";"0";"1";"4";"530";"3";"";"4";"1";"0";"1";"80"
"202400003669";"1";"AUTOROUTE A15";"0";"";"3";"3";"0";"1";"10";"199";"1";"";"14";"1";"0";"1";"110"
"202400003670";"4";"GENEVE (AVENUE DE)(SECTEUR 410)";"0";"";"2";"2";"0";"1";"0";"0";"1";"";"-1";"1";"0";"1";"30"
"202400003671";"1";"86";"0";"";"1";"4";"0";"2";"25";"200";"2";"";"-1";"1";"0";"1";"50"
"202400003672";"4";"ROOSEVELT FRANKLIN PL HAUT RUE NATIONALE";"0";"";"-1";"1";"0";"1";"0";"0";"1";"";"-1";"1";"0";"4";"30"
"202400003673";"1";"4";"0";"";"3";"5";"0";"1";"1";"0";"1";"";"-1";"1";"0";"1";"90"
"202400003674";"4";"ALBERT RAMBOZ                           ";"0";"";"2";"2";"0";"1";"-1";"-1";"1";"";"-1";"1";"0";"1";"50"
"202400003675";"2";"406";"0";"";"3";"2";"0";"1";"2";"900";"1";"";"10,5";"1";"0";"1";"90"
"202400003676";"4";"BLEICH (RUE DE LA)";"0";"";"2";"2";"0";"1";"-1";"-1";"1";"";"-1";"1";"0";"1";"50"
"202400003676";"4";"";"-1";"";"2";"-1";"-1";"1";"-1";"-1";"1";"";"-1";"1";"0";"1";"-1"
"202400003677";"3";"HOPITAUX CARREFOUR DES";"0";"";"2";"2";"0";"1";"18";"410";"2";"";"-1";"2";"0";"1";"50"
"202400003678";"4";"MOHEDAN DU";"0";"";"2";"2";"0";"1";"-1";"-1";"1";"";"-1";"1";"0";"1";"30"
"202400003679";"4";"DOMREMY(RD-PT)";"0";"";"1";"1";"0";"1";"-1";"-1";"1";"";"-1";"1";"0";"6";"30"
"202400003680";"2";"";"-1";"";"1";"1";"0";"2";"27";"536";"3";"";"-1";"1";"3";"1";"70"
"202400003681";"3";"930";"0";"D";"2";"2";"0";"1";"5";"440";"2";"";"7";"1";"0";"8";"80"
"202400003682";"4";"ADOUR (AVENUE DE L')";"0";"";"2";"2";"0";"1";"-1";"-1";"1";"";"-1";"1";"0";"1";"50"
"202400003683";"3";"958";"0";"";"2";"2";"0";"1";"67";"249";"2";"";"7";"2";"0";"3";"70"
"202400003684";"4";"GRENET (AVENUE HENRI)";"0";"";"2";"2";"0";"2";"-1";"-1";"1";"";"-1";"1";"0";"1";"50"
"202400003685";"3";"33";"0";"";"2";"2";"0";"1";"5";"20";"2";"";"-1";"2";"0";"3";"80"
"202400003686";"7";"CLEMENTEL (BD ETIENNE)";"0";"";"3";"2";"0";"1";"31";"700";"1";"";"-1";"1";"0";"6";"50"
"202400003687";"3";"ESTREE (R DE L')";"0";"";"2";"2";"0";"1";"4";"470";"1";"";"-1";"1";"0";"1";"50"
"202400003688";"4";"QUIMPER ( RUE DE)";"0";"";"2";"2";"0";"1";"-1";"-1";"1";"";"-1";"1";"0";"1";"50"
"202400003689";"3";"ANCIENS COMBATTANTS (RUE DES)";"0";"";"2";"0";"0";"1";"-1";"-1";"1";"";"-1";"1";"0";"1";"50"
"202400003689";"3";"GAZ (RUE DU)";"0";"";"2";"2";"0";"1";"56";"150";"1";"";"-1";"1";"0";"1";"50"
"202400003690";"4";"F.F.I.";"0";"";"2";"2";"0";"1";"-1";"-1";"1";"";"-1";"1";"0";"1";"50"
"202400003690";"4";"";"-1";"";"2";"-1";"-1";"1";"-1";"-1";"1";"";"-1";"1";"0";"1";"50"
"202400003691";"4";"LIBERATION ( AVENUE )";"0";"";"2";"2";"0";"2";"-1";"-1";"1";"";"-1";"1";"0";"1";"50"
"202400003692";"4";"HAMUTA VAL (RUE)";"0";"";"2";"2";"0";"1";"-1";"-1";"1";"";"-1";"1";"0";"1";"30"
"202400003693";"4";"EUROPE (AVENUE DE L')";"0";"";"2";"2";"0";"1";"-1";"-1";"1";"";"-1";"1";"6";"8";"30"
"202400003694";"3";"MONTABO (ROUTE DE) 3";"0";"";"2";"2";"1";"1";"3";"460";"1";"";"-1";"1";"0";"1";"50"
"202400003695";"4";"DELESTRAINT(AVENUE DU GENERAL)";"0";"";"2";"2";"0";"1";"-1";"-1";"1";"";"-1";"1";"5";"1";"50"
"202400003696";"1";"AUTOROUTE A1";"0";"";"2";"6";"0";"1";"6";"0";"1";"";"-1";"1";"0";"1";"90"
"202400003697";"1";"AUTOROUTE (A1)";"0";"";"2";"6";"0";"1";"1";"0";"1";"";"-1";"1";"0";"1";"90"
"202400003698";"3";"767";"0";"";"2";"2";"0";"1";"1";"800";"1";"";"7";"1";"0";"1";"70"
"202400003699";"4";"";"0";"";"2";"2";"0";"1";"-1";"-1";"1";"";"-1";"1";"0";"1";"50"
"202400003700";"3";"SECTION TOMBEAU";"0";"";"2";"2";"0";"1";"-1";"-1";"1";"";"-1";"1";"0";"1";"70"
"202400003701";"6";"MULLER ( DU COLONEL JEAN )";"0";"";"-1";"-1";"0";"1";"-1";"-1";"2";"";"-1";"1";"5";"1";"30"
"202400003702";"4";"COURBET (RUE)";"0";"";"1";"1";"0";"2";"-1";"-1";"1";"";"-1";"1";"0";"1";"30"
"202400003702";"4";"";"-1";"";"2";"-1";"0";"1";"-1";"-1";"1";"";"-1";"1";"0";"1";"50"
"202400003703";"4";"BONAPARTE CHARLES  BD";"0";"";"1";"2";"0";"1";"0";"0";"1";"";"-1";"1";"9";"1";"30"
"202400003704";"4";"CHARLES III (RUE)";"0";"";"1";"2";"2";"1";"-1";"-1";"1";"";"-1";"1";"-1";"1";"30"
"202400003704";"4";"INSURRECTION DU GHETTO VARSOVIE (BD)";"0";"";"2";"3";"3";"1";"-1";"-1";"1";"";"-1";"1";"-1";"1";"30"
"202400003705";"3";"ALATA ROUTE";"0";"";"2";"2";"0";"3";"2";"520";"3";"";"6";"1";"0";"1";"80"
"202400003706";"4";"PASTEUR (RUE)";"0";"";"1";"2";"0";"1";"0";"649";"1";"";"-1";"1";"0";"4";"50"
"202400003707";"4";"BEAUREPAIRE (RUE)";"0";"";"-1";"2";"0";"1";"-1";"-1";"1";"";"-1";"1";"0";"1";"50"
"202400003707";"4";"ORLEANS (RUE D')";"0";"";"1";"2";"3";"1";"-1";"-1";"1";"";"-1";"1";"0";"1";"50"
"202400003708";"4";"ONZE NOVEMBRE 1918 AVENUE";"0";"";"2";"2";"0";"1";"1";"0";"1";"";"-1";"1";"0";"1";"50"
"202400003709";"3";"RUE ALPHONSE DAUDET";"0";"";"2";"2";"0";"1";"0";"0";"3";"";"-1";"1";"0";"1";"50"
"202400003710";"3";"CONDOM(ROUTE DE)";"0";"";"2";"3";"0";"1";"2";"32";"1";"";"-1";"1";"0";"1";"70"
"202400003711";"3";"UNIVERSITE (AVE DE L')";"0";"";"1";"2";"0";"1";"0";"971";"1";"";"5,5";"1";"0";"1";"50"
"202400003712";"3";"SANDILLON (ROUTE DE)";"0";"";"2";"2";"1";"1";"90";"150";"1";"";"5,5";"1";"0";"5";"50"
"202400003713";"4";"ASSAS (RUE D')";"0";"";"2";"2";"0";"2";"-1";"-1";"1";"";"-1";"1";"0";"1";"30"
"202400003713";"4";"LE CHEVALIER (ALLEE)";"0";"";"1";"0";"0";"2";"-1";"-1";"3";"";"-1";"1";"0";"1";"20"
"202400003714";"4";"CHEVALLIER (ALLEE PIERRE)";"0";"";"-1";"2";"0";"1";"-1";"-1";"1";"";"-1";"1";"0";"1";"30"
"202400003714";"4";"GAMBETTA (RUE)";"0";"";"1";"1";"0";"1";"-1";"-1";"1";"";"-1";"1";"0";"1";"30"
"202400003715";"4";"PONT GENERAL AUDIBERT";"0";"";"3";"4";"1";"1";"-1";"-1";"1";"";"-1";"1";"2";"1";"30"
"202400003716";"3";"D606 de l'obélisque à limite MORET";"0";"";"2";"0";"0";"1";"31";"24";"1";"";"0";"1";"5";"1";"70"
"202400003717";"4";"BOULEVARD DE LAUNAY";"0";"";"2";"2";"2";"1";"-1";"-1";"1";"";"-1";"1";"0";"1";"50"
"202400003717";"4";"RUE CUVIER";"0";"";"2";"2";"0";"1";"-1";"-1";"1";"";"-1";"1";"0";"1";"50"
"202400003718";"4";"";"0";"";"2";"4";"2";"1";"-1";"-1";"1";"";"-1";"1";"0";"1";"50"
"202400003719";"3";"RD 6015";"0";"";"3";"2";"0";"1";"93";"800";"1";"";"5,5";"1";"0";"1";"50"
"202400003720";"4";"HESPERIDES (RUE DU JARDIN DES)";"0";"";"2";"2";"0";"1";"0";"0";"1";"";"-1";"1";"0";"1";"50"
"202400003720";"4";"VERDUN (BOULEVARD DE)";"0";"";"2";"3";"3";"1";"0";"0";"1";"";"-1";"1";"0";"1";"50"
"202400003721";"4";"EMILE RENOUF";"0";"";"2";"2";"0";"1";"0";"0";"1";"";"-1";"1";"0";"1";"50"
"202400003721";"4";"RICHELIEU";"0";"";"2";"2";"0";"1";"0";"0";"1";"";"-1";"1";"0";"1";"50"
"202400003722";"4";"MOULINS (AVENUE DES";"0";"";"2";"4";"0";"1";"-1";"-1";"1";"";"-1";"1";"0";"8";"50"
"202400003723";"5";"WINSTON CHURCHILL";"0";"";"-1";"1";"0";"1";"0";"0";"1";"";"-1";"1";"0";"1";"10"
"202400003724";"4";"GREZES (RUE DES)";"0";"";"2";"3";"0";"1";"-1";"-1";"1";"";"-1";"1";"0";"1";"50"
"202400003725";"4";"VENDEMIAIRE (RUE)";"0";"";"1";"1";"0";"1";"-1";"-1";"1";"";"-1";"1";"0";"3";"50"
"202400003726";"4";"";"-1";"";"1";"1";"2";"1";"-1";"-1";"1";"";"-1";"1";"0";"1";"50"
"202400003726";"4";"VERNIER (RUE DU DR)";"0";"";"2";"2";"0";"1";"-1";"-1";"1";"";"-1";"1";"0";"1";"50"
"202400003727";"7";"AVENTURIN (RUE)";"0";"";"1";"0";"0";"3";"15";"790";"3";"";"0";"1";"0";"1";"50"
"202400003728";"4";"LOUIS BLANC (QUAI)";"0";"";"2";"2";"0";"1";"-1";"-1";"1";"";"-1";"1";"5";"1";"50"
"202400003729";"4";"BD MARECHAL LECLERC";"0";"";"3";"4";"3";"1";"-1";"-1";"1";"";"-1";"1";"5";"1";"50"
"202400003729";"4";"THOMAS (RUE ALBERT)";"0";"";"1";"1";"0";"1";"-1";"-1";"1";"";"-1";"1";"0";"1";"30"
"202400003730";"3";"LUCY (RUE DE)";"0";"";"1";"2";"0";"1";"13";"10";"1";"";"-1";"1";"0";"1";"50"
"202400003731";"4";"DASSAULT (AVE MARCEL)";"0";"";"2";"2";"1";"1";"-1";"-1";"1";"";"-1";"1";"-1";"1";"50"
"202400003732";"4";"AV ETIENNE BILLIERES";"0";"";"2";"4";"1";"1";"-1";"-1";"1";"";"-1";"1";"0";"1";"50"
"202400003732";"4";"RUE DE GASCOGNE";"0";"";"1";"1";"0";"1";"-1";"-1";"1";"";"-1";"1";"0";"1";"50"
"202400003733";"4";"EMILE ZOLA                          (R )";"0";"";"2";"2";"1";"1";"-1";"-1";"1";"";"-1";"1";"0";"1";"50"
"202400003733";"4";"JEAN MACE                           (AV)";"0";"";"2";"2";"0";"1";"-1";"-1";"1";"";"-1";"1";"0";"1";"30"
"202400003734";"2";"RN 165";"0";"";"1";"2";"0";"1";"55";"0";"1";"";"-1";"1";"0";"1";"110"
"202400003735";"4";"PORTE DE L HOPITAL (RUE DE LA)";"0";"";"1";"3";"2";"1";"-1";"-1";"3";"";"-1";"1";"9";"4";"50"
"202400003736";"4";"KERAMBEC (RUE DE)";"0";"";"-1";"2";"0";"1";"-1";"-1";"1";"";"-1";"1";"0";"1";"80"
"202400003736";"4";"KERAMPENNOU ( CHEMIN DE )";"0";"";"2";"2";"0";"1";"-1";"-1";"1";"";"-1";"1";"0";"1";"80"
"202400003737";"4";"";"0";"";"2";"2";"1";"1";"-1";"-1";"1";"";"-1";"1";"2";"5";"25"
"202400003738";"3";"PREMIERE DFL (AVENUE)";"0";"";"3";"3";"0";"1";"4";"0";"1";"";"-1";"1";"4";"6";"50"
"202400003739";"7";"GAMBETTA (BOULEVARD)";"0";"";"2";"2";"0";"1";"-1";"-1";"1";"";"-1";"1";"0";"1";"50"
"202400003739";"7";"MAGENTA (RUE)";"0";"";"1";"1";"0";"1";"0";"900";"1";"";"-1";"1";"0";"1";"50"
"202400003740";"7";"";"0";"";"2";"3";"2";"1";"74";"300";"1";"";"-1";"1";"6";"1";"30"
"202400003741";"4";"CHURCHILL (AVENUE WINSTON)";"0";"";"2";"0";"0";"1";"0";"0";"1";"";"-1";"1";"0";"1";"50"
"202400003742";"4";"BERTAUT (RUE JULES)";"0";"";"2";"2";"0";"1";"-1";"-1";"1";"";"-1";"1";"5";"1";"50"
"202400003742";"4";"LATTRE DE TASSIGNY (AVENUE DU MARECHAL D";"0";"";"2";"2";"0";"1";"-1";"-1";"1";"";"-1";"1";"5";"1";"50"
"202400003743";"4";"LOUIS VICAT";"0";"";"2";"2";"0";"1";"0";"0";"1";"";"-1";"1";"0";"1";"30"
"202400003743";"4";"PERRIERES";"0";"";"1";"1";"0";"1";"0";"0";"1";"";"-1";"1";"0";"1";"30"
"202400003744";"4";"BERNUS(RUE DE)";"0";"";"1";"1";"0";"1";"-1";"-1";"1";"";"-1";"1";"0";"1";"50"
"202400003745";"4";"CARTIER   RUE JACQUES";"0";"";"2";"2";"0";"1";"-1";"-1";"1";"";"-1";"1";"0";"8";"50"
"202400003745";"4";"";"0";"";"2";"2";"0";"1";"-1";"-1";"1";"";"-1";"1";"0";"1";"50"
"202400003746";"4";"TURCAT MERY ALLÉE (ALLEE)";"0";"";"2";"4";"0";"1";"0";"0";"1";"";"-1";"1";"0";"1";"50"
"202400003747";"4";"MIRECOURT (ROUTE DE)";"0";"";"1";"-1";"0";"1";"-1";"-1";"1";"";"-1";"1";"0";"1";"50"
"202400003747";"4";"";"-1";"";"2";"-1";"0";"1";"-1";"-1";"1";"";"-1";"1";"0";"1";"50"
"202400003748";"4";"DOCTEUR HECKEL (RUE DU)";"0";"";"2";"2";"0";"1";"0";"0";"1";"";"-1";"1";"0";"1";"30"
"202400003748";"4";"EMMANUEL ALLARD (RUE)";"0";"";"1";"1";"0";"1";"0";"0";"1";"";"-1";"1";"0";"1";"30"
"202400003749";"3";"MATIGNON (AV DES)";"0";"";"2";"2";"0";"1";"31";"300";"1";"";"-1";"2";"0";"1";"50"
"202400003750";"3";"LOGES (CHEMIN DE LA)";"0";"";"1";"1";"0";"4";"-1";"-1";"4";"";"-1";"2";"0";"1";"50"
"202400003751";"4";"JEAN LOMBARD (AVENUE)";"0";"";"2";"2";"0";"1";"0";"0";"1";"";"-1";"1";"0";"1";"50"
"202400003752";"4";"Puits de brunet (Chemin)";"0";"";"1";"2";"0";"1";"0";"0";"1";"";"-1";"1";"0";"1";"50"
"202400003753";"3";"Départementale 820";"0";"";"-1";"3";"0";"2";"82";"900";"2";"";"10,5";"1";"0";"3";"80"
"202400003754";"4";"BEAUREGARD (CH)";"0";"";"2";"2";"0";"2";"0";"0";"1";"";"4";"1";"0";"8";"50"
"202400003754";"4";"RD 10";"0";"";"2";"2";"0";"1";"0";"0";"1";"";"4";"1";"0";"1";"50"
"202400003755";"4";"COGNETTERIE (RUE DE LA)";"0";"";"2";"2";"0";"1";"-1";"-1";"1";"";"-1";"1";"0";"1";"50"
"202400003755";"4";"MARCHAIS ROUGE (RUE DU)";"0";"";"2";"2";"0";"1";"-1";"-1";"1";"";"-1";"1";"0";"1";"50"
"202400003756";"4";"LIBERTE -DE LA -";"0";"";"1";"2";"0";"1";"-1";"-1";"1";"";"-1";"1";"9";"1";"30"
"202400003757";"4";"DE LATTRE DE TASSIGNY (RUE)";"0";"";"-1";"2";"0";"1";"-1";"-1";"1";"";"-1";"1";"0";"1";"50"
"202400003757";"4";"MERIC (RUE VICTOR)";"0";"";"3";"2";"0";"2";"-1";"-1";"1";"";"-1";"1";"0";"1";"50"
"202400003757";"4";"PONTONNERIE (CHEMIN DE LA)";"0";"";"2";"2";"0";"1";"-1";"-1";"1";"";"-1";"1";"0";"1";"50"
"202400003758";"7";"EDOUARD VAILLANT RUE";"0";"";"2";"2";"0";"1";"4";"300";"1";"";"-1";"1";"0";"1";"70"
"202400003759";"7";"ANGLAIS (DU N° 1 AU N° 43)";"0";"";"3";"6";"3";"1";"1";"0";"1";"";"-1";"1";"0";"1";"50"
"202400003760";"4";"TUILERIES (LEVEE DES)";"0";"";"2";"2";"0";"1";"0";"0";"1";"";"-1";"1";"0";"1";"30"
"202400003761";"4";"CHURCHILL (BOULEVARD WINSTON)";"0";"";"3";"4";"0";"1";"-1";"-1";"1";"";"-1";"1";"0";"8";"50"
"202400003761";"4";"LOUIS XI (BOULEVARD)";"0";"";"3";"4";"0";"1";"-1";"-1";"1";"";"-1";"1";"0";"1";"50"
"202400003762";"3";"HERRIOT ( BOULEVARD EDOUARD COTE PAIR)";"0";"";"3";"5";"0";"1";"32";"140";"2";"";"-1";"1";"5";"1";"50"
"202400003762";"3";"";"0";"";"2";"3";"0";"2";"-1";"-1";"1";"";"-1";"1";"5";"1";"50"
"202400003763";"7";"CONDORCET (RUE)";"0";"";"2";"2";"1";"2";"-1";"-1";"1";"";"-1";"1";"0";"1";"30"
"202400003763";"7";"PROUDHON (AVENUE)";"0";"";"3";"4";"0";"1";"-1";"-1";"1";"";"-1";"1";"0";"1";"50"
"202400003764";"4";"PORTE DE SEVRES";"0";"";"-1";"4";"0";"1";"9";"900";"1";"";"-1";"1";"0";"1";"70"
"202400003765";"4";"PORTE MAILLOT";"0";"";"1";"3";"0";"1";"-1";"-1";"1";"";"-1";"1";"0";"1";"50"
"202400003766";"4";"BRETAGNE (PLACE DE)";"0";"";"1";"2";"0";"1";"-1";"-1";"1";"";"-1";"2";"5";"1";"30"
"202400003766";"4";"LAMENNAIS (QUAI)";"0";"";"2";"2";"3";"1";"-1";"-1";"1";"";"-1";"2";"5";"1";"30"
"202400003767";"4";"PORTE MAILLOT";"0";"";"-1";"4";"0";"1";"16";"500";"1";"";"-1";"1";"0";"1";"70"
"202400003768";"4";"PORTE MAILLOT";"0";"";"1";"4";"0";"1";"16";"400";"1";"";"-1";"1";"0";"1";"70"
"202400003769";"7";"AV DU GENERAL EISENHOWER";"0";"";"2";"4";"0";"1";"-1";"-1";"1";"";"-1";"1";"0";"1";"50"
"202400003769";"7";"AV PAUL OURLIAC";"0";"";"1";"0";"3";"1";"-1";"-1";"1";"";"-1";"1";"0";"1";"50"
"202400003770";"2";"ROUTE NATIONALE 123";"0";"";"-1";"2";"0";"2";"7";"975";"2";"";"-1";"1";"9";"1";"50"
"202400003771";"4";"AVENUE DE LA PORTE D AUBERVILLIERS";"0";"";"2";"4";"0";"1";"-1";"-1";"1";"";"-1";"1";"0";"1";"30"
"202400003771";"4";"ECHANGEUR AUBERVILLIERS";"0";"";"1";"1";"0";"1";"-1";"-1";"1";"";"-1";"1";"0";"1";"30"
"202400003772";"2";"BEAUMONT CHEMIN DE VALENCE A";"0";"";"1";"1";"0";"1";"48";"0";"1";"";"3,5";"1";"2";"1";"50"
"202400003773";"4";"PLACE DE VARSOVIE";"0";"";"2";"1";"0";"1";"-1";"-1";"2";"";"-1";"1";"8";"1";"50"
"202400003774";"4";"";"-1";"";"1";"-1";"-1";"1";"-1";"-1";"1";"";"-1";"1";"0";"1";"30"
"202400003774";"4";"RUE D ALESIA";"0";"";"2";"2";"2";"1";"-1";"-1";"1";"";"-1";"1";"9";"5";"30"
"202400003775";"4";"";"-1";"";"2";"-1";"-1";"4";"-1";"-1";"3";"";"-1";"1";"0";"1";"-1"
"202400003775";"4";"VESOUL RUE DE (inf 52)";"0";"";"2";"2";"1";"2";"-1";"-1";"1";"";"-1";"1";"0";"1";"50"
"202400003776";"4";"";"-1";"";"2";"-1";"-1";"1";"-1";"-1";"1";"";"-1";"1";"0";"1";"30"
"202400003776";"4";"RUE DE PATAY";"0";"";"4";"2";"0";"2";"-1";"-1";"1";"";"-1";"1";"0";"1";"30"
"202400003777";"4";"EDISON RUE THOMAS";"0";"";"2";"3";"0";"1";"-1";"-1";"1";"";"-1";"1";"5";"1";"50"
"202400003777";"4";"LAVOISIER RUE";"0";"";"2";"2";"2";"2";"-1";"-1";"1";"";"-1";"1";"5";"1";"50"
"202400003777";"4";"";"-1";"";"2";"2";"2";"1";"-1";"-1";"1";"";"-1";"1";"5";"1";"-1"
"202400003778";"4";"";"-1";"";"1";"-1";"-1";"1";"-1";"-1";"1";"";"-1";"1";"0";"1";"30"
"202400003778";"4";"RUE DE TOLBIAC";"0";"";"2";"3";"3";"1";"-1";"-1";"1";"";"-1";"1";"0";"1";"30"
"202400003779";"3";"LITTORAL (AVENUE DU)";"0";"";"2";"1";"0";"1";"17";"110";"1";"";"-1";"1";"9";"1";"50"
"202400003780";"4";"QUAI DE BERCY";"0";"";"2";"3";"0";"1";"-1";"-1";"1";"";"-1";"1";"0";"1";"50"
"202400003781";"3";"CD 9 ESTROUBLANS";"0";"";"-1";"2";"0";"1";"0";"9";"1";"";"7";"1";"0";"1";"90"
"202400003782";"4";"";"-1";"";"1";"-1";"-1";"1";"-1";"-1";"1";"";"-1";"1";"0";"1";"30"
"202400003782";"4";"RUE DU FAUBOURG SAINT MARTIN";"0";"";"1";"2";"0";"2";"-1";"-1";"1";"";"-1";"1";"8";"1";"30"
"202400003783";"4";"BALPIN (CHEMIN)";"0";"";"2";"2";"0";"2";"0";"0";"1";"";"-1";"1";"0";"1";"50"
"202400003784";"4";"BOULEVARD DES CAPUCINES";"0";"";"1";"3";"3";"1";"-1";"-1";"1";"";"-1";"1";"0";"1";"30"
"202400003784";"4";"";"-1";"";"1";"-1";"-1";"1";"-1";"-1";"1";"";"-1";"1";"0";"1";"30"
"202400003785";"4";"AVENUE FREDERIC LE PLAY";"0";"";"-1";"1";"0";"1";"-1";"-1";"1";"";"-1";"1";"0";"1";"30"
"202400003785";"4";"";"-1";"";"2";"-1";"-1";"1";"-1";"-1";"1";"";"-1";"1";"0";"1";"30"
"202400003786";"4";"PORTE DOREE";"0";"";"1";"4";"0";"1";"34";"400";"1";"";"-1";"1";"0";"1";"70"
"202400003787";"4";"BOULEVARD RASPAIL";"0";"";"-1";"1";"0";"1";"-1";"-1";"1";"";"-1";"1";"0";"1";"30"
"202400003787";"4";"";"-1";"";"1";"-1";"-1";"1";"-1";"-1";"1";"";"-1";"1";"0";"1";"30"
"202400003788";"4";"AVENUE DE SUFFREN";"0";"";"2";"4";"0";"1";"-1";"-1";"1";"";"-1";"1";"0";"1";"30"
"202400003788";"4";"QUAI BRANLY";"0";"";"2";"6";"2";"1";"-1";"-1";"1";"";"-1";"1";"0";"1";"30"
"202400003789";"3";"";"-1";"";"1";"1";"0";"1";"0";"0";"1";"";"-1";"1";"0";"1";"-1"
"202400003789";"3";"";"0";"";"2";"2";"0";"1";"0";"1";"1";"";"-1";"1";"0";"1";"50"
"202400003790";"4";"AVENUE DE FLANDRE";"0";"";"3";"6";"1";"1";"-1";"-1";"1";"";"-1";"1";"-1";"5";"30"
"202400003790";"4";"";"-1";"";"1";"-1";"-1";"1";"-1";"-1";"1";"";"-1";"1";"-1";"5";"-1"
"202400003791";"3";"6";"0";"";"2";"4";"1";"1";"0";"1";"1";"";"-1";"1";"0";"5";"50"
"202400003791";"3";"";"0";"";"1";"1";"0";"1";"0";"0";"1";"";"-1";"1";"0";"5";"50"
"202400003792";"4";"";"-1";"";"2";"-1";"-1";"1";"-1";"-1";"1";"";"-1";"1";"0";"1";"-1"
"202400003792";"4";"PLACE CLEMENT ADER";"0";"";"-1";"4";"0";"1";"-1";"-1";"1";"";"-1";"1";"0";"1";"30"
"202400003793";"3";"10";"0";"";"3";"4";"3";"1";"0";"1";"1";"";"0";"1";"0";"1";"50"
"202400003793";"3";"19";"0";"";"1";"1";"1";"1";"0";"1";"1";"";"0";"1";"5";"1";"50"
"202400003794";"4";"BOULEVARD DE VAUGIRARD";"0";"";"1";"2";"0";"1";"-1";"-1";"1";"";"-1";"1";"0";"1";"50"
"202400003795";"3";"4";"0";"";"3";"4";"0";"1";"0";"1";"1";"";"-1";"1";"5";"1";"50"
"202400003795";"3";"";"0";"";"3";"4";"0";"1";"0";"0";"1";"";"-1";"1";"5";"1";"50"
"202400003796";"3";"22";"0";"";"2";"2";"0";"1";"0";"1";"1";"";"-1";"1";"0";"1";"30"
"202400003797";"4";"BOULEVARD JOURDAN";"0";"";"1";"2";"0";"1";"-1";"-1";"1";"";"-1";"1";"0";"1";"30"
"202400003797";"4";"RUE EMILE DEUTSCH DE LA MEURTHE";"0";"";"2";"2";"0";"1";"-1";"-1";"1";"";"-1";"1";"0";"1";"30"
"202400003798";"4";"";"-1";"";"1";"-1";"-1";"1";"-1";"-1";"1";"";"-1";"1";"0";"1";"-1"
"202400003798";"4";"RUE DU CHEVALERET";"0";"";"1";"2";"1";"1";"-1";"-1";"1";"";"-1";"1";"0";"1";"30"
"202400003799";"3";"931";"0";"";"3";"2";"3";"1";"0";"1";"1";"";"-1";"1";"2";"1";"50"
"202400003800";"4";"BOULEVARD MORTIER";"0";"";"1";"2";"0";"1";"-1";"-1";"1";"";"-1";"1";"0";"1";"30"
"202400003801";"4";"AVENUE DES CHAMPS ELYSEES";"0";"";"2";"4";"1";"2";"-1";"-1";"1";"";"-1";"1";"-1";"5";"50"
"202400003801";"4";"";"-1";"";"1";"-1";"-1";"1";"-1";"-1";"1";"";"-1";"1";"-1";"5";"-1"
"202400003802";"4";"";"-1";"";"1";"-1";"-1";"1";"-1";"-1";"1";"";"-1";"1";"0";"1";"-1"
"202400003802";"4";"PLACE DES TERNES";"0";"";"2";"2";"0";"1";"-1";"-1";"3";"";"-1";"1";"0";"1";"50"
"202400003803";"4";"";"0";"";"2";"2";"0";"1";"0";"0";"1";"";"-1";"1";"0";"1";"50"
"202400003804";"4";"BOULEVARD HAUSSMANN";"0";"";"2";"2";"0";"1";"-1";"-1";"1";"";"-1";"1";"0";"1";"30"
"202400003804";"4";"RUE DE COURCELLES";"0";"";"2";"4";"0";"1";"-1";"-1";"1";"";"-1";"1";"0";"1";"30"
"202400003805";"4";"EDOUARD LUCY (AVENUE)";"0";"";"1";"1";"0";"1";"0";"0";"1";"";"-1";"1";"0";"1";"50"
"202400003805";"4";"";"0";"";"1";"1";"0";"1";"0";"0";"1";"";"-1";"1";"0";"1";"50"
"202400003806";"4";"QUAI D ORSAY";"0";"";"2";"2";"1";"1";"-1";"-1";"1";"";"-1";"1";"0";"1";"30"
"202400003807";"4";"RUE D ALGER";"0";"";"1";"1";"0";"1";"-1";"-1";"1";"";"-1";"1";"0";"1";"30"
"202400003807";"4";"RUE DE RIVOLI";"0";"";"1";"2";"1";"1";"-1";"-1";"1";"";"-1";"1";"0";"1";"30"
"202400003808";"3";"932";"0";"";"3";"4";"0";"1";"0";"1";"1";"";"-1";"1";"0";"1";"50"
"202400003809";"3";"MARECHAL LECLERC (AVENUE) (N° IMPAIRS)";"0";"";"3";"4";"0";"1";"0";"0";"3";"";"12";"1";"0";"1";"50"
"202400003810";"4";"";"-1";"";"1";"-1";"-1";"1";"-1";"-1";"1";"";"-1";"1";"0";"1";"-1"
"202400003810";"4";"RUE DE RICHELIEU";"0";"";"1";"2";"3";"1";"-1";"-1";"1";"";"-1";"1";"0";"1";"30"
"202400003811";"4";"GENERAL DE GAULLE (AVENUE DU)";"0";"";"2";"2";"0";"1";"0";"0";"1";"";"-1";"1";"0";"1";"50"
"202400003811";"4";"SAINT EXUPERY (RUE)";"0";"";"2";"2";"0";"1";"0";"0";"1";"";"-1";"1";"0";"1";"50"
"202400003812";"3";"154";"-1";"";"3";"3";"-1";"2";"-1";"-1";"1";"";"-1";"1";"5";"1";"-1"
"202400003812";"3";"";"0";"";"4";"2";"1";"1";"0";"0";"1";"";"-1";"1";"9";"8";"30"
"202400003813";"4";"";"0";"";"1";"1";"0";"1";"0";"1";"1";"";"-1";"1";"0";"1";"50"
"202400003814";"3";"GENEAL DE GAULLE (AVENUE) (1/41)";"0";"";"2";"2";"0";"1";"0";"0";"1";"";"5";"1";"0";"1";"50"
"202400003814";"3";"THOMAS EDISON (RUE)";"0";"";"2";"2";"0";"1";"0";"0";"1";"";"5";"1";"0";"1";"50"
"202400003815";"3";"231";"-1";"";"2";"-1";"-1";"1";"-1";"-1";"1";"";"-1";"1";"5";"1";"-1"
"202400003815";"3";"";"0";"";"2";"0";"0";"1";"0";"0";"1";"";"0";"1";"5";"1";"30"
"202400003816";"4";"EDGARD QUINET (BD)";"0";"";"2";"2";"0";"1";"0";"0";"1";"";"-1";"1";"0";"1";"30"
"202400003816";"4";"REINE HENRIETTE (RUE DE LA)";"0";"";"2";"2";"0";"1";"0";"0";"1";"";"-1";"1";"0";"1";"30"
"202400003817";"4";"";"0";"";"-1";"1";"0";"1";"0";"375";"1";"";"-1";"1";"0";"1";"30"
"202400003817";"4";"";"0";"";"1";"2";"1";"1";"0";"375";"1";"";"-1";"9";"0";"1";"30"
"202400003818";"3";"PELLETAN CAMILLE (RUE)";"0";"";"-1";"2";"0";"2";"0";"1";"3";"";"7";"1";"0";"1";"30"
"202400003818";"3";"QUATRE CHEMINS (AVENUE DES)";"0";"";"3";"2";"0";"2";"0";"0";"1";"";"7";"1";"5";"1";"30"
"202400003819";"3";"902";"0";"";"3";"4";"0";"1";"1";"0";"1";"";"-1";"1";"0";"1";"50"
"202400003819";"3";"";"0";"";"1";"1";"3";"1";"0";"0";"1";"";"0";"1";"0";"1";"50"
"202400003820";"3";"35BIS";"0";"";"2";"2";"0";"2";"0";"1";"1";"";"-1";"1";"0";"1";"30"
"202400003820";"3";"";"0";"";"1";"1";"0";"1";"0";"0";"1";"";"-1";"1";"0";"1";"30"
"202400003821";"3";"GRANDE RUE";"0";"";"3";"0";"0";"1";"0";"0";"1";"";"0";"1";"5";"8";"50"
"202400003821";"3";"LECLERC (AVENUE DE LA DIVISION)";"0";"";"2";"0";"0";"2";"0";"0";"1";"";"0";"1";"5";"8";"30"
"202400003822";"4";"ACHILLE PERETTI (AVENUE, N° 90 A 96 ET 9";"0";"";"2";"0";"1";"1";"0";"0";"1";"";"-1";"1";"0";"1";"50"
"202400003822";"4";"ORLEANS (RUE D', N° 11 A 29 ET 12 A 34)";"0";"";"1";"1";"0";"1";"0";"0";"1";"";"-1";"1";"0";"1";"50"
"202400003822";"4";"WINSTON CHURCHILL (PLACE)";"0";"";"1";"1";"0";"1";"0";"0";"3";"";"-1";"1";"0";"1";"50"
"202400003823";"4";"GUSTAVE EIFFEL (RUE)";"0";"";"2";"2";"0";"1";"0";"0";"1";"";"-1";"1";"0";"1";"30"
"202400003824";"4";"MOURINOUX ( RUE DES )";"0";"";"1";"1";"0";"1";"0";"0";"1";"";"-1";"1";"0";"1";"30"
"202400003825";"7";"114";"-1";"D";"2";"2";"0";"1";"17";"500";"3";"";"5,5";"1";"0";"1";"80"
"202400003826";"3";"112";"-1";"";"2";"2";"0";"1";"9";"820";"1";"";"5,5";"1";"0";"1";"80"
"202400003827";"3";"81";"-1";"";"2";"2";"0";"1";"31";"200";"2";"";"-1";"1";"0";"4";"50"
"202400003828";"3";"41";"-1";"D";"2";"2";"0";"1";"39";"200";"1";"";"4";"1";"0";"1";"70"
"202400003829";"3";"656";"-1";"";"2";"2";"0";"3";"0";"344";"2";"";"5";"1";"0";"1";"80"
"202400003830";"3";"3";"0";"";"2";"2";"0";"1";"202";"325";"1";"";"5";"1";"0";"1";"-1"
"202400003831";"2";"6";"-1";"";"2";"2";"0";"1";"4";"200";"1";"";"-1";"1";"0";"1";"80"
"202400003832";"2";"3";"-1";"";"2";"2";"0";"2";"21";"338";"1";"";"5";"1";"1";"1";"90"
"202400003833";"3";"50";"0";"D";"2";"2";"0";"2";"34";"350";"3";"";"-1";"9";"0";"1";"80"
"202400003834";"3";"951";"0";"A";"2";"2";"0";"1";"14";"600";"1";"";"-1";"1";"0";"1";"90"
"202400003835";"3";"28";"-1";"";"2";"2";"0";"1";"6";"894";"1";"";"5,5";"2";"0";"3";"80"
"202400003836";"3";"27";"-1";"";"2";"2";"0";"1";"-1";"-1";"1";"";"4";"2";"0";"3";"80"
"202400003837";"4";"";"0";"";"2";"2";"0";"1";"-1";"-1";"1";"";"-1";"2";"0";"1";"50"
"202400003838";"3";"145";"-1";"";"2";"2";"0";"1";"9";"900";"1";"";"5";"1";"0";"1";"70"
"202400003839";"3";"156";"-1";"C";"2";"2";"0";"3";"1";"630";"1";"";"6";"1";"0";"1";"50"
"202400003840";"4";"";"-1";"";"2";"2";"0";"1";"-1";"-1";"2";"";"-1";"1";"2";"1";"50"
"202400003841";"3";"979";"0";"D";"2";"2";"0";"1";"68";"400";"2";"";"-1";"1";"0";"1";"70"
"202400003841";"3";"";"-1";"";"2";"-1";"-1";"1";"3";"0";"1";"";"-1";"1";"0";"1";"90"
"202400003842";"3";"768";"0";"D";"2";"2";"0";"2";"6";"600";"1";"";"7";"1";"0";"1";"50"
"202400003843";"3";"133";"-1";"";"2";"2";"0";"1";"18";"410";"2";"";"4";"2";"0";"3";"80"
"202400003844";"3";"314";"0";"";"2";"2";"0";"2";"4";"305";"2";"";"5,5";"1";"0";"1";"80"
"202400003845";"2";"10";"-1";"";"2";"2";"0";"2";"133";"360";"1";"";"7";"1";"0";"1";"80"
"202400003846";"3";"959";"-1";"";"2";"2";"0";"2";"12";"720";"4";"";"7";"1";"0";"3";"80"
"202400003847";"3";"224";"0";" -";"2";"2";"0";"1";"26";"0";"1";"";"7";"1";"0";"1";"70"
"202400003847";"3";"";"-1";"";"2";"1";"-1";"1";"-1";"-1";"1";"";"-1";"1";"0";"1";"-1"
"202400003848";"4";"";"0";"";"2";"2";"0";"2";"-1";"-1";"1";"";"-1";"1";"0";"1";"30"
"202400003849";"3";"999";"-1";"";"2";"3";"0";"2";"100";"350";"2";"";"10,5";"1";"0";"3";"90"
"202400003850";"3";"668";"-1";"";"2";"2";"0";"1";"4";"585";"1";"";"6";"1";"0";"1";"80"
"202400003850";"3";"";"-1";"";"2";"2";"-1";"1";"-1";"-1";"1";"";"-1";"1";"0";"1";"-1"
"202400003851";"3";"4";"-1";"";"2";"2";"0";"1";"21";"880";"3";"";"5,5";"1";"0";"8";"70"
"202400003852";"3";"50";"0";"D";"2";"2";"0";"1";"57";"0";"1";"";"7";"1";"0";"1";"90"
"202400003853";"3";"381";"-1";"";"2";"2";"0";"1";"1";"1 059";"1";"";"3";"1";"5";"1";"80"
"202400003853";"3";"";"-1";"";"2";"2";"0";"1";"-1";"-1";"1";"";"3";"1";"0";"1";"50"
"202400003854";"3";"820";"0";"";"2";"4";"0";"1";"53";"136";"1";"";"14";"1";"0";"1";"80"
"202400003855";"4";"21";"-1";"";"2";"1";"0";"2";"-1";"-1";"1";"";"3";"1";"0";"1";"30"
"202400003856";"3";"114";"-1";"D";"-1";"2";"0";"1";"1";"999";"1";"";"5,5";"1";"0";"1";"50"
"202400003857";"4";"";"-1";"";"2";"1";"0";"1";"-1";"-1";"4";"";"-1";"1";"0";"1";"80"
"202400003857";"4";"";"-1";"";"2";"-1";"-1";"1";"-1";"-1";"1";"";"-1";"1";"0";"1";"-1"
"202400003858";"3";"901";"-1";"";"2";"2";"0";"2";"24";"160";"1";"";"5,5";"1";"0";"1";"90"
"202400003859";"4";"";"-1";"";"2";"2";"0";"2";"-1";"-1";"4";"";"-1";"1";"0";"1";"80"
"202400003860";"3";"82A2";"0";"D";"-1";"2";"0";"2";"-1";"-1";"3";"";"4";"1";"0";"3";"80"
"202400003861";"4";"";"-1";"";"2";"2";"0";"1";"-1";"-1";"2";"";"-1";"1";"2";"1";"80"
"202400003862";"2";"145";"0";"";"2";"2";"0";"1";"4";"400";"3";"";"7";"1";"0";"3";"80"
"202400003863";"3";"142";"-1";"D";"2";"2";"0";"1";"2";"430";"3";"";"5";"1";"0";"1";"50"
"202400003864";"3";"19";"-1";"A";"2";"2";"0";"1";"0";"800";"1";"";"7";"1";"0";"1";"80"
"202400003865";"3";"18";"-1";"";"2";"1";"0";"1";"22";"0";"1";"";"3";"1";"0";"8";"-1"
"202400003865";"3";"936";"-1";"";"2";"1";"0";"2";"29";"500";"1";"";"3";"1";"0";"1";"80"
"202400003866";"2";"66";"0";"";"1";"2";"0";"1";"11";"980";"2";"";"7";"1";"5";"1";"-1"
"202400003867";"1";"6";"0";"";"3";"3";"0";"4";"74";"290";"3";"";"14";"1";"0";"1";"130"
"202400003868";"3";"723";"0";"D";"3";"4";"0";"1";"38";"130";"1";"";"10";"1";"0";"1";"90"
"202400003869";"4";"";"-1";"";"2";"-1";"0";"1";"-1";"-1";"1";"";"-1";"1";"0";"1";"80"
"202400003870";"3";"101";"0";"D";"2";"2";"0";"1";"13";"340";"2";"";"4";"1";"0";"1";"80"
"202400003871";"3";"81";"-1";"";"2";"2";"0";"1";"216";"644";"1";"";"7";"1";"0";"1";"50"
"202400003872";"3";"rd914";"-1";"";"-1";"3";"0";"1";"92";"482";"1";"";"16";"1";"0";"1";"80"
"202400003873";"3";"900";"0";"";"2";"2";"0";"1";"31";"655";"1";"";"7";"1";"0";"1";"80"
"202400003873";"3";"";"-1";"";"-1";"-1";"-1";"1";"-1";"-1";"1";"";"-1";"1";"0";"8";"10"
"202400003874";"7";"613";"0";"D";"2";"0";"0";"1";"20";"360";"1";"";"0";"1";"5";"1";"50"
"202400003874";"7";"";"-1";"";"2";"-1";"-1";"1";"-1";"-1";"1";"";"-1";"1";"0";"1";"-1"
"202400003875";"3";"22";"0";"D";"2";"2";"0";"2";"7";"778";"2";"";"-1";"1";"0";"1";"70"
"202400003876";"3";"952";"-1";"";"2";"2";"0";"2";"18";"650";"3";"";"5,5";"1";"0";"1";"80"
"202400003877";"1";"7";"0";"A";"3";"3";"0";"1";"33";"700";"1";"";"13,5";"1";"0";"1";"130"
"202400003878";"3";"475";"-1";"";"2";"2";"0";"1";"1";"270";"2";"";"5,5";"1";"5";"1";"50"
"202400003878";"3";"";"-1";"";"1";"-1";"-1";"1";"-1";"-1";"1";"";"-1";"1";"5";"1";"-1"
"202400003878";"3";"";"-1";"";"2";"-1";"-1";"1";"-1";"-1";"1";"";"-1";"1";"5";"1";"-1"
"202400003879";"3";"417";"-1";"";"2";"2";"0";"2";"15";"250";"3";"";"5,5";"1";"0";"1";"80"
"202400003880";"3";"496";"0";"D";"2";"2";"0";"2";"6";"420";"1";"";"7";"1";"0";"1";"80"
"202400003881";"7";"529";"0";"D";"2";"2";"0";"2";"11";"0";"2";"";"5,5";"1";"0";"1";"80"
"202400003882";"4";"";"-1";"";"2";"2";"0";"1";"-1";"-1";"3";"";"-1";"1";"0";"1";"70"
"202400003883";"3";"133";"-1";"E";"2";"2";"0";"1";"1";"230";"1";"";"6";"1";"0";"1";"50"
"202400003883";"3";"669";"-1";"";"2";"2";"0";"1";"9";"847";"1";"";"6";"1";"0";"1";"50"
"202400003884";"3";"";"-1";"";"2";"2";"0";"1";"0";"2 710";"1";"";"-1";"1";"0";"1";"80"
"202400003885";"3";"9";"-1";"";"2";"2";"0";"1";"32";"568";"3";"";"5";"1";"0";"1";"70"
"202400003886";"4";"";"-1";"";"2";"2";"0";"1";"-1";"-1";"1";"";"-1";"2";"0";"1";"70"
"202400003887";"3";"47";"0";"D";"2";"2";"0";"2";"12";"300";"1";"";"-1";"1";"0";"1";"50"
"202400003888";"1";"ROCADE A 630";"0";"";"1";"2";"0";"1";"0";"355";"3";"";"10";"1";"3";"1";"50"
"202400003889";"1";"AUTOROUTE A6";"0";"";"1";"3";"0";"1";"28";"600";"1";"";"14";"1";"0";"1";"110"
"202400003890";"4";"";"0";"";"2";"2";"0";"1";"0";"0";"1";"";"-1";"9";"0";"1";"50"
"202400003891";"4";"116";"0";"";"2";"2";"0";"2";"-1";"-1";"1";"";"-1";"1";"0";"1";"50"
"202400003892";"3";"370";"0";"";"2";"2";"0";"1";"1";"0";"1";"";"-1";"1";"0";"1";"50"
"202400003892";"3";"";"0";"";"2";"2";"0";"1";"1";"0";"1";"";"-1";"1";"0";"1";"50"
"202400003893";"3";"902";"0";"";"2";"1";"0";"1";"1";"0";"1";"";"-1";"1";"0";"1";"30"
"202400003893";"3";"";"0";"";"1";"1";"0";"1";"1";"0";"1";"";"-1";"1";"0";"1";"30"
"202400003894";"3";"114";"0";"";"2";"2";"0";"1";"0";"0";"1";"";"-1";"1";"9";"5";"50"
"202400003894";"3";"986";"0";"";"2";"2";"1";"1";"0";"0";"1";"";"5";"1";"0";"1";"50"
"202400003895";"4";"";"0";"";"1";"1";"0";"1";"0";"0";"1";"";"-1";"1";"0";"1";"30"
"202400003896";"4";"";"0";"";"1";"1";"0";"1";"92";"0";"1";"";"-1";"1";"0";"1";"50"
"202400003896";"4";"";"0";"";"2";"1";"0";"1";"20";"0";"1";"";"-1";"1";"0";"1";"50"
"202400003897";"3";"VAILLANT-COUTURIER (AVENUE PAUL)";"0";"";"-1";"0";"0";"1";"0";"0";"1";"";"-1";"1";"0";"1";"50"
"202400003898";"3";"BONAPARTE (AVENUE NAPOLEON) NORD";"0";"";"1";"2";"0";"1";"0";"0";"1";"";"-1";"1";"0";"1";"50"
"202400003899";"3";"FRERES VOISIN (BOULEVARD DES)";"0";"";"1";"2";"3";"1";"0";"0";"1";"";"-1";"1";"0";"6";"50"
"202400003900";"3";"342";"0";"";"2";"1";"0";"1";"4";"270";"1";"";"3";"1";"5";"1";"50"
"202400003900";"3";"";"-1";"";"-1";"1";"0";"1";"-1";"-1";"1";"";"3";"2";"0";"1";"50"
"202400003900";"3";"";"-1";"";"2";"1";"0";"1";"-1";"-1";"1";"";"3";"2";"0";"1";"50"
"202400003901";"3";"4";"0";"Z";"2";"2";"0";"1";"17";"75";"1";"";"5";"2";"0";"1";"50"
"202400003902";"3";"977";"0";"D";"2";"2";"0";"1";"28";"0";"1";"";"-1";"1";"0";"4";"50"
"202400003903";"2";"12";"0";"N";"3";"2";"0";"1";"39";"931";"1";"";"10";"1";"0";"1";"110"
"202400003904";"2";"580";"0";"";"2";"2";"0";"1";"7";"380";"1";"";"-1";"1";"0";"1";"80"
"202400003904";"2";"765";"0";"";"2";"2";"0";"1";"5";"620";"1";"";"-1";"1";"0";"1";"80"
"202400003905";"9";"28";"-1";"";"1";"1";"0";"1";"-1";"-1";"3";"";"-1";"1";"0";"1";"30"
"202400003906";"4";"";"-1";"";"2";"2";"0";"1";"-1";"-1";"3";"";"-1";"1";"9";"1";"50"
"202400003906";"4";"";"-1";"";"2";"-1";"-1";"1";"-1";"-1";"1";"";"-1";"1";"0";"1";"-1"
"202400003907";"6";"";"-1";"";"-1";"-1";"0";"1";"-1";"-1";"2";"";"-1";"1";"0";"3";"50"
"202400003908";"3";"44";"0";"D";"2";"2";"0";"1";"11";"700";"1";"";"5,5";"1";"0";"1";"80"
"202400003909";"3";"35";"0";"D";"2";"2";"0";"1";"4";"1 050";"1";"";"5,5";"1";"0";"3";"80"
"202400003910";"3";"33";"0";"D";"2";"2";"0";"1";"7";"700";"3";"";"6";"1";"0";"1";"80"
"202400003911";"3";"11";"0";"D";"2";"2";"0";"1";"14";"460";"3";"";"5,5";"1";"0";"3";"80"
"202400003912";"3";"117";"-1";"";"2";"2";"0";"1";"2";"105";"2";"";"3";"1";"5";"1";"80"
"202400003912";"3";"";"-1";"";"1";"1";"0";"2";"107";"367";"1";"";"-1";"1";"3";"1";"80"
"202400003913";"4";"";"-1";"";"2";"2";"0";"1";"-1";"-1";"1";"";"-1";"1";"0";"1";"-1"
"202400003914";"4";"";"-1";"";"2";"2";"0";"2";"-1";"-1";"1";"";"-1";"1";"0";"8";"50"
"202400003914";"4";"";"0";"";"2";"2";"0";"2";"-1";"-1";"1";"";"-1";"1";"0";"1";"50"
"202400003915";"3";"2";"-1";"";"2";"2";"0";"3";"31";"220";"2";"";"5";"1";"0";"1";"80"
"202400003916";"3";"94";"-1";"";"2";"2";"0";"1";"24";"200";"1";"";"-1";"1";"0";"3";"80"
"202400003917";"3";"98";"-1";"";"2";"1";"0";"1";"3";"871";"1";"";"3";"1";"0";"1";"90"
"202400003917";"3";"";"-1";"";"2";"-1";"-1";"1";"5";"463";"1";"";"-1";"1";"0";"1";"-1"
"202400003918";"3";"107";"-1";"";"2";"2";"0";"1";"9";"370";"1";"";"5";"1";"0";"3";"80"
"202400003919";"4";"";"-1";"";"2";"2";"0";"1";"-1";"-1";"1";"";"-1";"1";"0";"8";"80"
"202400003920";"3";"86";"0";"";"2";"2";"0";"1";"110";"400";"1";"";"7";"1";"0";"1";"50"
"202400003920";"3";"";"0";"";"2";"2";"0";"1";"110";"400";"1";"";"-1";"1";"0";"6";"50"
"202400003921";"1";"11";"0";"";"2";"0";"0";"1";"1";"850";"1";"";"0";"1";"2";"1";"50"
"202400003921";"1";"41";"0";"S";"-1";"0";"0";"1";"5";"750";"1";"";"0";"1";"3";"1";"110"
"202400003922";"2";"150";"0";"N";"2";"2";"0";"1";"73";"95";"1";"";"7,6";"1";"0";"1";"80"
"202400003923";"2";"";"0";"";"2";"2";"0";"1";"-1";"-1";"1";"";"-1";"1";"0";"1";"50"
"202400003923";"2";"";"0";"";"2";"2";"0";"1";"255";"310";"1";"";"-1";"1";"0";"1";"50"
"202400003924";"3";"148";"0";"D";"2";"2";"0";"2";"0";"0";"2";"";"5";"1";"0";"1";"70"
"202400003925";"3";"372";"0";"D";"2";"2";"0";"4";"14";"0";"1";"";"7";"1";"9";"1";"80"
"202400003926";"3";"N8";"-1";"";"2";"2";"0";"2";"10";"150";"1";"";"7";"1";"0";"1";"-1"
"202400003927";"3";"71";"0";"";"2";"2";"0";"1";"13";"710";"1";"";"4";"1";"0";"1";"-1"
"202400003928";"3";"99";"0";"D";"2";"2";"0";"1";"-1";"-1";"2";"";"7";"1";"0";"1";"80"
"202400003929";"3";"994";"0";"";"2";"2";"0";"1";"1";"866";"1";"";"5,5";"1";"0";"1";"50"
"202400003929";"3";"";"0";"";"2";"2";"0";"1";"-1";"-1";"1";"";"5,5";"1";"0";"8";"50"
"202400003930";"1";"8";"0";"A";"3";"8";"0";"1";"183";"887";"1";"";"17";"1";"0";"1";"90"
"202400003931";"3";"979";"0";"";"2";"2";"0";"1";"42";"1 016";"1";"";"7";"1";"0";"1";"50"
"202400003932";"3";"90";"0";"";"2";"2";"0";"1";"2";"520";"3";"";"5";"1";"0";"1";"80"
"202400003932";"3";"";"-1";"";"2";"2";"-1";"1";"-1";"-1";"1";"";"-1";"1";"0";"1";"-1"
"202400003933";"1";"A2";"0";"A";"1";"2";"0";"1";"31";"400";"1";"";"10,5";"1";"0";"1";"130"
"202400003934";"3";"89";"0";"D";"2";"2";"0";"2";"2";"940";"1";"";"5,5";"1";"0";"4";"30"
"202400003934";"3";"";"-1";"";"2";"2";"0";"1";"-1";"-1";"1";"";"5,5";"1";"0";"4";"30"
"202400003935";"2";"2";"-1";"";"2";"2";"0";"1";"-1";"-1";"3";"";"-1";"1";"0";"3";"60"
"202400003936";"4";"";"0";"";"2";"2";"0";"1";"-1";"-1";"2";"";"-1";"1";"0";"1";"70"
"202400003937";"4";"1";"-1";"";"2";"2";"0";"1";"-1";"-1";"3";"";"-1";"1";"2";"1";"90"
"202400003938";"3";"22";"-1";"";"2";"2";"0";"2";"34";"400";"4";"";"5,5";"1";"0";"1";"80"
"202400003939";"2";"2";"0";"A";"2";"2";"0";"1";"1";"1";"1";"";"-1";"1";"0";"1";"70"
"202400003940";"3";"921";"0";"";"2";"2";"0";"1";"22";"880";"1";"";"5,5";"1";"0";"1";"50"
"202400003941";"7";"837";"-1";"";"3";"5";"0";"1";"8";"678";"1";"";"-1";"1";"8";"1";"70"
"202400003941";"7";"";"-1";"";"2";"3";"0";"1";"-1";"-1";"1";"";"-1";"1";"0";"1";"80"
"202400003942";"3";"1036";"-1";"";"2";"2";"0";"1";"61";"821";"1";"";"5";"1";"0";"1";"80"
"202400003943";"4";"0";"0";"V";"1";"1";"0";"1";"0";"0";"1";"";"-1";"1";"0";"1";"50"
"202400003944";"3";"D45";"0";"D";"2";"2";"0";"3";"22";"903";"3";"";"-1";"2";"0";"3";"80"
"202400003945";"3";"81";"-1";"A";"1";"2";"0";"1";"6";"920";"2";"";"-1";"1";"9";"1";"-1"
"202400003946";"3";"11";"-1";"";"2";"2";"0";"1";"31";"560";"1";"";"5,5";"1";"0";"1";"80"
"202400003946";"3";"";"0";"";"2";"2";"0";"1";"-1";"-1";"1";"";"-1";"1";"0";"1";"50"
"202400003947";"3";"106";"0";"D";"2";"2";"0";"1";"0";"900";"1";"";"4";"1";"0";"1";"80"
"202400003948";"2";"94";"0";" -";"2";"2";"0";"2";"154";"70";"1";"";"7";"1";"0";"3";"80"
"202400003949";"3";"946";"-1";"";"2";"2";"0";"1";"6";"195";"1";"";"5";"1";"0";"1";"50"
"202400003949";"3";"";"-1";"";"2";"-1";"-1";"1";"-1";"-1";"1";"";"-1";"1";"0";"1";"-1"
"202400003950";"3";"8";"0";"N";"1";"2";"0";"2";"54";"0";"3";"";"7";"1";"0";"3";"90"
"202400003951";"1";"AUTOROUTE A6";"0";"";"-1";"3";"0";"1";"22";"700";"1";"";"14";"1";"0";"1";"110"
"202400003952";"1";"3";"0";"";"3";"3";"0";"1";"2";"900";"1";"";"13,5";"1";"0";"1";"90"
"202400003953";"4";"";"-1";"";"2";"2";"0";"1";"2";"700";"1";"";"-1";"1";"9";"1";"50"
"202400003954";"1";"1";"0";"";"3";"3";"0";"2";"6";"699";"1";"";"13,5";"1";"2";"1";"90"
"202400003955";"3";"36";"-1";"D";"2";"2";"0";"2";"1";"550";"3";"";"4";"1";"0";"1";"50"
"202400003955";"3";"";"-1";"";"2";"2";"0";"1";"-1";"-1";"1";"";"4";"1";"0";"8";"50"
"202400003956";"3";"1085";"0";"D";"4";"2";"0";"1";"-1";"-1";"1";"";"-1";"1";"0";"1";"70"
"202400003957";"1";"86";"0";"";"3";"3";"0";"1";"25";"799";"1";"";"13,5";"1";"9";"1";"90"
"202400003958";"3";"306";"0";"";"2";"3";"0";"1";"31";"400";"1";"";"10,5";"1";"0";"1";"80"
"202400003959";"1";"1";"0";"";"3";"4";"0";"1";"12";"300";"1";"";"13,5";"1";"0";"1";"110"
"202400003960";"4";"44";"0";"D";"3";"2";"1";"1";"-1";"-1";"3";"";"7";"2";"0";"1";"50"
"202400003961";"1";"4";"0";"";"3";"3";"0";"1";"15";"300";"1";"";"10,5";"1";"0";"1";"90"
"202400003962";"4";"SCHUMAN ( RUE ROBERT )";"0";"";"2";"2";"0";"1";"1";"0";"1";"";"-1";"1";"6";"1";"50"
"202400003963";"3";"1016";"0";"";"3";"2";"0";"1";"23";"600";"1";"";"7";"2";"0";"1";"110"
"202400003964";"3";"D49";"-1";"";"2";"2";"0";"1";"-1";"-1";"3";"";"7";"1";"0";"1";"80"
"202400003965";"1";"A50-Sens Aubagne vers Marseille";"0";"";"1";"3";"3";"1";"2";"0";"1";"";"13,5";"1";"0";"1";"90"
"202400003966";"3";"CD9";"0";"";"3";"0";"0";"1";"5";"0";"3";"";"0";"1";"0";"1";"90"
"202400003967";"1";"A50 TUNNEL TUBE NORD";"0";"";"1";"2";"0";"1";"72";"199";"1";"";"-1";"1";"1";"1";"70"
"202400003968";"4";"COURTILLE (BOULEVARD DE LA)";"0";"";"1";"4";"3";"2";"-1";"-1";"2";"";"-1";"1";"0";"1";"30"
"202400003968";"4";"MARTIN (RUE JULES)";"0";"";"1";"1";"0";"2";"-1";"-1";"1";"";"-1";"1";"0";"1";"30"
"202400003969";"7";"RD383   7.640 A 11.044";"0";"";"3";"12";"0";"1";"9";"600";"1";"";"-1";"1";"0";"1";"70"
"202400003970";"1";"A72";"0";"";"3";"4";"0";"1";"16";"800";"1";"";"13,5";"1";"0";"1";"110"
"202400003971";"4";"QUAI DE BERCY";"0";"";"1";"2";"0";"1";"-1";"-1";"1";"";"-1";"2";"0";"1";"50"
"202400003972";"4";"20";"0";"";"2";"2";"0";"1";"-1";"0";"1";"";"-1";"1";"0";"1";"50"
"202400003972";"4";"";"0";"";"2";"2";"0";"2";"-1";"-1";"1";"";"-1";"1";"0";"1";"50"
"202400003973";"1";"ROCADE A 630";"0";"";"3";"6";"0";"1";"24";"270";"1";"";"14";"1";"0";"1";"90"
"202400003974";"2";"CLEMENCEAU (RUE QTIER MAMAO)";"0";"";"2";"4";"0";"1";"0";"0";"1";"";"-1";"1";"0";"1";"50"
"202400003975";"1";"AUTOROUTE A 62";"0";"";"3";"4";"0";"1";"0";"600";"1";"";"-1";"1";"3";"1";"70"
"202400003976";"2";"CHARLES DE GAULLE (AV)";"0";"";"3";"4";"0";"1";"0";"0";"1";"";"-1";"1";"5";"1";"30"
"202400003977";"2";"ROUTE NATIONALE 230";"0";"";"3";"6";"0";"1";"43";"56";"1";"";"-1";"1";"9";"1";"90"
"202400003978";"4";"ARIIPAEA POMARE (AV)";"0";"";"-1";"2";"0";"1";"-1";"-1";"3";"";"-1";"1";"0";"1";"50"
"202400003979";"2";"N118";"0";"";"1";"2";"0";"1";"5";"400";"1";"";"-1";"1";"0";"1";"90"
"202400003980";"4";"doujani-Mouhindi Hassani (rue )";"0";"";"-1";"2";"0";"1";"-1";"-1";"1";"";"-1";"2";"8";"2";"30"
"202400003981";"2";"RN13";"0";"";"1";"2";"0";"2";"7";"199";"1";"";"-1";"1";"0";"1";"70"
"202400003982";"3";"HIPPOLYTE  PIOT (RUE)";"0";"";"1";"1";"0";"1";"0";"615";"2";"";"-1";"1";"0";"1";"30"
"202400003983";"1";"AUTOROUTE A15";"0";"";"3";"5";"0";"1";"7";"699";"1";"";"17,5";"1";"0";"1";"110"
"202400003984";"3";"LIGNE PARADIS(ROUTE DE LA)";"0";"";"2";"2";"0";"1";"2";"200";"1";"";"-1";"1";"0";"1";"50"
"202400003985";"1";"AUTOROUTE A15";"0";"";"3";"6";"0";"1";"7";"500";"1";"";"21";"1";"0";"1";"110"
"202400003986";"2";"JAURES (BOULEVARD JEAN)";"0";"";"-1";"1";"0";"1";"5";"500";"1";"";"-1";"1";"0";"1";"70"
"202400003987";"1";"3";"0";"";"3";"3";"0";"1";"12";"0";"1";"";"13,5";"1";"0";"1";"130"
"202400003988";"4";"FELIX EBOUE(ROCADE)";"0";"";"1";"1";"0";"1";"-1";"-1";"1";"";"-1";"1";"0";"1";"50"
"202400003989";"2";"RN 184";"0";"";"3";"4";"0";"1";"11";"213";"1";"";"-1";"1";"0";"1";"90"
"202400003990";"4";"REPUBLIQUE (BD DE LA)";"0";"";"1";"2";"3";"1";"-1";"-1";"1";"";"-1";"1";"9";"6";"50"
"202400003991";"1";"3";"0";"";"3";"2";"0";"1";"13";"0";"1";"";"10";"1";"0";"1";"90"
"202400003992";"1";"AUTOROUTE A15";"0";"";"3";"8";"0";"1";"5";"500";"1";"";"-1";"2";"2";"1";"90"
"202400003993";"4";"ABONDANCE (DE L')                   (R )";"0";"";"1";"1";"0";"1";"-1";"-1";"1";"";"-1";"1";"0";"1";"30"
"202400003993";"4";"ANDRE PHILIP                        (R )";"0";"";"1";"1";"2";"1";"-1";"-1";"1";"";"-1";"1";"5";"1";"30"
"202400003994";"1";"BDL";"0";"";"1";"4";"0";"1";"1";"0";"1";"";"-1";"2";"3";"1";"50"
"202400003995";"1";"A104";"0";"";"3";"2";"0";"1";"28";"0";"1";"";"10";"1";"0";"1";"90"
"202400003996";"2";"ROUTE NATIONALE 5";"0";"";"1";"3";"0";"1";"1";"0";"1";"";"-1";"1";"0";"1";"90"
"202400003997";"4";"CROIX-ROUSSE (DE LA)                (BD)";"0";"";"2";"2";"0";"1";"-1";"-1";"1";"";"-1";"1";"0";"1";"30"
"202400003998";"3";"AVENUE GILBERT MARTELLI";"0";"";"2";"4";"0";"1";"-1";"-1";"1";"";"-1";"1";"5";"1";"50"
"202400003998";"3";"RD 612";"0";"";"1";"2";"0";"1";"23";"590";"2";"";"-1";"1";"5";"1";"30"
"202400003999";"3";"ROUTE DE CHAZEAU";"0";"";"2";"2";"0";"2";"-1";"-1";"3";"";"-1";"1";"0";"1";"70"
"202400004000";"3";"SECTION BESSON";"0";"";"2";"2";"0";"1";"-1";"-1";"1";"";"-1";"1";"0";"1";"70"
"202400004001";"3";"SALARIO ROUTE DU";"0";"";"2";"2";"0";"2";"4";"360";"2";"";"5,5";"1";"0";"1";"50"
"202400004002";"3";"BD MAURICE BERTEAUX";"0";"";"2";"2";"0";"1";"1";"375";"1";"";"5";"1";"0";"1";"50"
"202400004002";"3";"RUE LEON PROTAIS";"0";"";"1";"2";"0";"1";"0";"0";"1";"";"5";"1";"0";"1";"50"
"202400004003";"3";"BALARUC (ROUTE DE)";"0";"";"2";"0";"0";"1";"40";"600";"1";"";"0";"1";"0";"1";"50"
"202400004004";"3";"AV DU 18 AVRIL";"0";"";"2";"2";"0";"1";"129";"0";"1";"";"-1";"1";"0";"1";"50"
"202400004005";"3";"115";"0";"";"2";"2";"0";"1";"0";"1";"1";"";"-1";"1";"0";"1";"50"
"202400004006";"3";"JEAN JAURES (AVENUE) N°";"0";"";"2";"2";"0";"1";"0";"1";"1";"";"-1";"1";"0";"1";"50"
"202400004006";"3";"";"-1";"";"1";"1";"0";"1";"0";"0";"1";"";"-1";"1";"0";"1";"-1"
"202400004007";"3";"DRAVEIL (RUE DE)";"0";"";"2";"3";"0";"1";"0";"0";"1";"";"-1";"1";"0";"1";"20"
"202400004007";"3";"MONTTESSUY (RUE DE)";"0";"";"2";"3";"0";"1";"0";"0";"1";"";"-1";"1";"0";"1";"50"
"202400004008";"4";"";"0";"";"1";"1";"0";"1";"0";"0";"1";"";"-1";"1";"0";"1";"50"
"202400004009";"6";"";"0";"";"-1";"0";"0";"1";"0";"0";"1";"";"-1";"2";"9";"8";"30"
"202400004010";"4";"";"0";"";"2";"2";"0";"1";"0";"0";"1";"";"-1";"1";"0";"1";"50"
"202400004011";"3";"AV ARISTIDE BRIAND";"0";"";"2";"0";"0";"1";"0";"0";"1";"";"0";"1";"0";"1";"50"
"202400004011";"3";"AV FRANCOIS MITTERRAND";"0";"";"2";"0";"0";"1";"0";"0";"1";"";"0";"1";"0";"1";"50"
"202400004012";"4";"";"0";"";"2";"2";"0";"1";"0";"0";"1";"";"-1";"1";"0";"1";"50"
"202400004013";"4";"REPUBLIQUE (DE LA) N° 1-161";"0";"";"2";"2";"0";"1";"0";"0";"1";"";"-1";"1";"0";"1";"30"
"202400004014";"3";"R.D. 20";"0";"";"2";"1";"0";"1";"0";"0";"3";"";"-1";"1";"9";"1";"30"
"202400004015";"3";"30";"0";"";"2";"4";"0";"1";"0";"1";"1";"";"-1";"1";"0";"1";"50"
"202400004016";"4";"RUE DE L ANCIENNE FECULERIE";"0";"";"-1";"2";"0";"1";"0";"0";"1";"";"-1";"1";"0";"1";"80"
"202400004017";"3";"PERRIN (RUE FRANCOIS)";"0";"";"2";"2";"0";"1";"0";"160";"1";"";"-1";"1";"0";"1";"50"
"202400004018";"3";"115";"0";"";"2";"2";"0";"1";"0";"1";"1";"";"-1";"1";"0";"1";"30"
"202400004018";"3";"";"0";"";"1";"1";"0";"1";"0";"0";"1";"";"-1";"1";"0";"1";"30"
"202400004019";"3";"RD979";"0";"";"3";"0";"0";"4";"1";"899";"1";"";"0";"1";"0";"1";"50"
"202400004020";"3";"30";"0";"";"2";"2";"0";"1";"0";"1";"1";"";"-1";"2";"0";"1";"50"
"202400004020";"3";"";"0";"";"1";"1";"0";"1";"0";"0";"1";"";"-1";"2";"0";"1";"50"
"202400004021";"4";"NANTEUIL (RUE DE)";"0";"";"2";"2";"0";"1";"-1";"-1";"1";"";"-1";"1";"0";"1";"30"
"202400004022";"3";"952";"-1";"";"2";"2";"0";"1";"8";"100";"1";"";"7";"1";"0";"1";"80"
"202400004022";"3";"";"-1";"";"2";"-1";"-1";"1";"-1";"-1";"1";"";"-1";"-1";"0";"1";"-1"
"202400004023";"4";"PASTEUR BOULEVARD";"0";"";"1";"0";"0";"1";"2";"0";"2";"";"-1";"1";"5";"1";"50"
"202400004023";"4";"TREWEY BOULEVARD";"0";"";"2";"2";"0";"1";"1";"0";"3";"";"-1";"1";"0";"1";"50"
"202400004024";"4";"";"-1";"";"2";"2";"-1";"-1";"-1";"-1";"1";"";"-1";"1";"-1";"1";"-1"
"202400004024";"4";"RUE SUZANNE ULM";"0";"";"2";"2";"0";"4";"0";"0";"1";"";"-1";"1";"5";"1";"50"
"202400004025";"4";"C.DE GAULLE (ROCADE)";"0";"";"3";"5";"0";"1";"0";"1";"1";"";"-1";"1";"5";"1";"50"
"202400004025";"4";"TARASCON (AVENUE DE)";"0";"";"3";"5";"0";"1";"0";"1";"1";"";"-1";"1";"5";"1";"50"
"202400004026";"3";"ENTRE DEUX(route de l')";"0";"";"2";"2";"0";"1";"0";"810";"1";"";"-1";"1";"0";"1";"80"
"202400004027";"4";"BARTOLINI (RUE JEAN)";"0";"";"2";"2";"0";"1";"0";"0";"1";"";"-1";"1";"0";"1";"30"
"202400004028";"4";"DU LYCEE(RUE)";"0";"";"2";"2";"0";"1";"0";"0";"1";"";"-1";"1";"0";"1";"50"
"202400004028";"4";"MINGARD(RUE)";"0";"";"2";"2";"0";"1";"0";"0";"1";"";"-1";"1";"0";"1";"50"
"202400004029";"2";"ROCADE NORD EST RN 25";"0";"";"3";"2";"0";"1";"6";"200";"1";"";"10";"1";"0";"1";"110"
"202400004030";"2";"ROCADE NORD RN 1";"0";"";"3";"4";"0";"1";"5";"500";"1";"";"-1";"1";"0";"2";"110"
"202400004031";"4";"COMMUNE DE PARIS (AVENUE)";"0";"";"3";"1";"1";"1";"0";"0";"1";"";"-1";"1";"0";"1";"50"
"202400004032";"4";"VANMARCKE (RUE)";"0";"";"2";"2";"0";"1";"-1";"-1";"1";"";"-1";"1";"0";"1";"50"
"202400004033";"9";"Chateauboeuf  (Pont de)";"0";"";"1";"1";"0";"2";"1";"300";"2";"";"-1";"1";"2";"1";"50"
"202400004034";"3";"D 605";"0";"";"2";"3";"0";"1";"18";"112";"1";"";"10,5";"1";"0";"1";"70"
"202400004035";"4";"BOUCLE (DE LA)                      (MO)";"0";"";"2";"3";"1";"2";"-1";"-1";"1";"";"-1";"2";"9";"1";"30"
"202400004036";"3";"RD 31";"0";"";"1";"1";"0";"1";"6";"500";"2";"";"5";"1";"5";"1";"50"
"202400004037";"4";"DENIS CORDONNIER (RUE)";"0";"";"2";"2";"0";"2";"0";"0";"1";"";"7";"1";"0";"1";"50"
"202400004037";"4";"IRENE JOLIOT CURIE (RUE)";"0";"";"2";"2";"0";"1";"0";"0";"1";"";"7";"1";"0";"1";"50"
"202400004038";"4";"MAILLETS (RUE DES) IMP 161 ET plus";"0";"";"-1";"2";"0";"1";"0";"0";"1";"";"-1";"1";"0";"1";"50"
"202400004038";"4";"ZAMENHOF DOCTEUR (AV DU)";"0";"";"-1";"2";"0";"1";"0";"0";"1";"";"-1";"1";"0";"1";"50"
"202400004039";"2";"TOUTES RUES";"0";"";"3";"4";"0";"1";"1";"0";"1";"";"-1";"1";"4";"1";"110"
"202400004040";"2";"GRAND CAMP(SECTION)";"0";"";"3";"2";"0";"1";"-1";"-1";"1";"";"-1";"1";"0";"1";"90"
"202400004041";"3";"";"-1";"";"2";"2";"0";"1";"-1";"-1";"1";"";"-1";"1";"0";"1";"-1"
"202400004041";"3";"TARARE (route de)";"0";"";"2";"2";"0";"1";"-1";"-1";"1";"";"4";"1";"0";"1";"50"
"202400004042";"3";"D802";"0";"";"2";"2";"1";"1";"5";"650";"2";"";"-1";"1";"0";"1";"70"
"202400004043";"4";"GRAND BAIE ( RN4)";"0";"";"2";"-1";"0";"1";"-1";"-1";"1";"";"-1";"1";"0";"1";"30"
"202400004044";"3";"CARPEAUX (BOULEVARD)";"0";"";"-1";"2";"0";"1";"6";"47";"3";"";"-1";"1";"0";"8";"50"
"202400004045";"4";"FOUCHET";"0";"";"-1";"0";"0";"1";"-1";"-1";"1";"";"-1";"1";"9";"1";"30"
"202400004045";"4";"JEAN MERMOZ";"0";"";"2";"2";"0";"1";"-1";"-1";"1";"";"-1";"1";"9";"1";"50"
"202400004046";"3";"D170";"0";"";"3";"0";"0";"1";"3";"-1";"1";"";"0";"1";"0";"1";"110"
"202400004047";"7";"ROYAT (AVENUE DE)";"0";"";"-1";"2";"0";"1";"0";"530";"1";"";"-1";"1";"0";"1";"30"
"202400004048";"4";"ANDILLY      RUE D'";"0";"";"2";"2";"0";"1";"0";"0";"1";"";"-1";"1";"0";"1";"50"
"202400004049";"4";"HELLE CHARLES";"0";"";"2";"2";"0";"1";"-1";"-1";"1";"";"-1";"1";"6";"1";"50"
"202400004050";"3";"LIBERATION (AVENUE DE LA)";"0";"";"3";"2";"0";"1";"0";"350";"1";"";"-1";"1";"9";"1";"50"
"202400004051";"4";"THOREZ (RUE MAURICE)";"0";"";"2";"2";"0";"2";"-1";"-1";"1";"";"-1";"2";"0";"1";"50"
"202400004052";"3";"RUE DE L EGLISE";"0";"";"2";"2";"0";"1";"2";"0";"1";"";"-1";"1";"0";"1";"50"
"202400004052";"3";"RUE DU MAIL";"0";"";"2";"2";"0";"1";"0";"0";"1";"";"-1";"1";"0";"1";"50"
"202400004053";"3";"DELADIENNEE (RUE ALPHONSE)";"0";"";"2";"2";"0";"1";"129";"0";"2";"";"-1";"1";"0";"1";"50"
"202400004054";"4";"RONSARD (RUE)";"0";"";"2";"2";"0";"1";"-1";"-1";"3";"";"-1";"1";"0";"4";"30"
"202400004055";"4";"ROYALE (AV.)";"0";"";"2";"2";"0";"1";"-1";"-1";"1";"";"-1";"1";"0";"1";"30"
"202400004056";"3";"BATISSEURS (RUE DES)";"0";"";"2";"2";"0";"1";"0";"0";"1";"";"-1";"2";"0";"1";"50"
"202400004056";"3";"EMILE ALLIAUD (AVENUE)";"0";"";"2";"2";"0";"1";"0";"0";"1";"";"-1";"2";"0";"1";"50"
"202400004057";"4";"RUE LAMARTINE";"0";"";"2";"1";"0";"1";"0";"0";"1";"";"-1";"1";"0";"1";"50"
"202400004058";"4";"WATTRELOT EDOUARD RUE";"0";"";"2";"2";"0";"1";"-1";"-1";"1";"";"-1";"1";"4";"6";"30"
"202400004059";"2";"RN1 (ROUTE NATIONALE)";"0";"";"3";"4";"0";"1";"78";"0";"2";"";"-1";"1";"0";"1";"110"
"202400004060";"3";"BD DES COQUIBUS";"0";"";"2";"2";"0";"1";"0";"0";"1";"";"5";"2";"0";"1";"50"
"202400004061";"4";"CONCESSION CONDE(CHEMIN)";"0";"";"2";"2";"0";"2";"0";"0";"1";"";"-1";"1";"0";"1";"50"
"202400004062";"4";"";"0";"";"3";"4";"1";"1";"-1";"-1";"1";"";"-1";"1";"5";"5";"30"
"202400004063";"3";"ARAMON (ROUTE D')";"0";"";"2";"2";"0";"1";"15";"950";"2";"";"7";"1";"0";"3";"80"
"202400004064";"6";"DIGUE (ROUTE)";"0";"";"-1";"-1";"0";"1";"0";"0";"1";"";"-1";"1";"0";"1";"50"
"202400004065";"6";"";"0";"";"-1";"-1";"0";"2";"-1";"-1";"2";"";"-1";"1";"0";"1";"30"
"202400004066";"4";"PINEDE (AVENUE DE LA) MTF";"0";"";"1";"0";"0";"1";"0";"1";"1";"";"-1";"9";"8";"8";"50"
"202400004067";"6";"BRIDET";"0";"";"-1";"-1";"3";"1";"0";"0";"1";"";"-1";"1";"0";"8";"10"
"202400004068";"4";"";"0";"";"1";"1";"0";"1";"-1";"-1";"1";"";"-1";"1";"5";"1";"30"
"202400004068";"4";"PLOEMEUR ( ET IMP DE )";"0";"";"2";"2";"0";"1";"-1";"-1";"1";"";"-1";"1";"5";"1";"30"
"202400004069";"4";"EUROPE (PONT DE L')";"0";"";"3";"4";"0";"1";"0";"1";"1";"";"-1";"1";"2";"1";"70"
"202400004070";"4";"ARBALETE (RUE)";"0";"";"2";"2";"0";"1";"-1";"-1";"2";"";"-1";"1";"0";"1";"30"
"202400004071";"4";"LEOPOLD BISSOL (RUE)";"0";"";"1";"1";"0";"2";"-1";"-1";"1";"";"-1";"1";"0";"1";"30"
"202400004072";"4";"CAPELLANE (CHEMIN DE LA)";"0";"";"2";"2";"0";"2";"-1";"0";"1";"";"5";"1";"0";"1";"50"
"202400004073";"4";"ROUSSILLON (AVENUE)";"0";"";"2";"2";"1";"2";"-1";"-1";"1";"";"-1";"1";"0";"5";"50"
"202400004074";"3";"CULTIVATEURS (CHEMIN DES)";"0";"";"2";"2";"0";"1";"1";"831";"1";"";"-1";"1";"0";"1";"80"
"202400004075";"4";"MONT D'ARENE (RUE)";"0";"";"2";"2";"0";"1";"-1";"-1";"1";"";"-1";"1";"0";"1";"50"
"202400004075";"4";"ROMAINS (RUE)";"0";"";"-1";"0";"0";"1";"-1";"-1";"1";"";"-1";"1";"0";"1";"50"
"202400004076";"4";"ARMARIS (BD DES)";"0";"";"1";"1";"0";"2";"0";"0";"1";"";"4";"1";"5";"1";"50"
"202400004076";"4";"MIRASOULEOU (AVE)";"0";"";"1";"2";"0";"1";"0";"0";"3";"";"-1";"1";"5";"1";"50"
"202400004077";"4";"FOCH BOULEVARD MARECHAL";"0";"";"2";"2";"0";"1";"1";"0";"1";"";"-1";"1";"0";"1";"50"
"202400004077";"4";"VERDUN BOULEVARD DE";"0";"";"2";"2";"0";"1";"1";"0";"1";"";"-1";"1";"0";"1";"50"
"202400004078";"3";"CHAMBON (RUE)";"0";"";"-1";"2";"0";"1";"-1";"-1";"3";"";"-1";"1";"0";"1";"50"
"202400004078";"3";"LIBERATION (RUE DE LA)";"0";"";"2";"2";"0";"1";"0";"2 200";"1";"";"-1";"1";"0";"1";"50"
"202400004079";"4";"ARMANDO (AV. ESPRIT)";"0";"";"2";"0";"0";"1";"0";"0";"1";"";"-1";"1";"0";"8";"50"
"202400004079";"4";"COLLINES DE TAMARIS (LES)";"0";"";"1";"1";"0";"1";"0";"0";"1";"";"-1";"1";"0";"1";"50"
"202400004080";"3";"BRIAND (AVE ARISTIDE PROLONGEE)";"0";"";"-1";"0";"0";"1";"28";"390";"2";"";"0";"1";"0";"1";"50"
"202400004081";"4";"";"0";"";"2";"4";"0";"1";"-1";"-1";"1";"";"-1";"1";"0";"4";"50"
"202400004082";"4";"WILSON (AVENUE DU PRESIDENT)";"0";"";"2";"2";"2";"1";"0";"0";"1";"";"-1";"1";"0";"1";"30"
"202400004083";"3";"BANDOL (ROUTE)N° IMPAIRS";"0";"";"2";"2";"0";"1";"13";"56";"1";"";"6";"1";"0";"1";"50"
"202400004084";"4";"JULES VALLES (AVENUE)";"0";"";"2";"2";"0";"1";"-1";"-1";"1";"";"-1";"1";"0";"1";"50"
"202400004085";"4";"PILAIN (ALLEE ROLAND)";"0";"";"2";"4";"0";"1";"-1";"-1";"2";"";"-1";"1";"5";"1";"50"
"202400004086";"3";"CD 91";"0";"";"1";"0";"0";"2";"3";"660";"2";"";"0";"1";"0";"1";"70"
"202400004087";"3";"NECKARSULM (AV. DE)";"0";"";"2";"2";"0";"1";"-1";"-1";"1";"";"-1";"1";"0";"1";"50"
"202400004087";"3";"RODEZ  (AVENUE DE)";"0";"";"2";"3";"0";"1";"18";"566";"1";"";"-1";"1";"0";"1";"50"
"202400004088";"4";"DUCLOS (AVENUE JACQUES)";"0";"";"2";"2";"0";"1";"-1";"-1";"1";"";"-1";"1";"0";"1";"50"
"202400004089";"4";"AMPERE (AVENUE)";"0";"";"2";"2";"0";"1";"0";"0";"1";"";"-1";"1";"7";"8";"50"
"202400004090";"3";"RUE DE LA GARE";"0";"";"2";"2";"0";"1";"31";"229";"1";"";"-1";"2";"0";"1";"30"
"202400004091";"4";"QUINELEU (DE)";"0";"";"1";"1";"2";"1";"-1";"-1";"1";"";"-1";"1";"0";"5";"30"
"202400004092";"4";"EUROPE (AVENUE DE L')";"0";"";"2";"4";"1";"2";"0";"0";"1";"";"-1";"1";"0";"5";"50"
"202400004093";"4";"CRECY (CH.DE)";"0";"";"2";"2";"0";"2";"-1";"-1";"1";"";"-1";"2";"0";"1";"50"
"202400004094";"4";"CABON (RUE)";"0";"";"1";"1";"0";"1";"0";"0";"1";"";"-1";"1";"0";"1";"50"
"202400004095";"3";"TESSAN (RUE FRANCOIS DE)";"0";"";"3";"4";"0";"1";"2";"861";"1";"";"-1";"2";"0";"1";"50"
"202400004096";"4";"AVE JEAN JAURES";"0";"";"2";"2";"1";"1";"-1";"-1";"1";"";"-1";"1";"0";"1";"30"
"202400004096";"4";"RUE EDOUARD VAILLANT";"0";"";"2";"2";"0";"1";"-1";"-1";"1";"";"-1";"1";"0";"1";"30"
"202400004097";"4";"AV DE LA FERME BRIARDE";"0";"";"2";"2";"0";"2";"1";"0";"1";"";"-1";"1";"0";"1";"50"
"202400004097";"4";"CRS DU CLOS ROSE";"0";"";"2";"2";"0";"1";"1";"0";"1";"";"-1";"1";"0";"8";"50"
"202400004098";"4";"AV ROBERT SCHUMAN";"0";"";"2";"2";"0";"1";"-1";"-1";"1";"";"-1";"2";"0";"5";"50"
"202400004099";"4";"AVE PASTEUR";"0";"";"2";"4";"0";"1";"-1";"-1";"1";"";"-1";"1";"5";"1";"50"
"202400004100";"4";"ANNEXION (RUE DE L')";"0";"";"2";"2";"0";"1";"0";"1";"1";"";"-1";"1";"0";"1";"50"
"202400004100";"4";"JOROUX (RUE DU)";"0";"";"-1";"2";"0";"1";"0";"1";"1";"";"-1";"1";"0";"1";"50"
"202400004101";"1";"A150";"0";"";"3";"4";"0";"1";"2";"550";"1";"";"10";"1";"0";"1";"110"
"202400004102";"4";"MARNE (BD DE LA) DU 1AU 28";"0";"";"1";"1";"1";"1";"-1";"-1";"3";"";"-1";"1";"-1";"5";"30"
"202400004103";"4";"HAGUENAU (PLACE DE)";"0";"";"2";"4";"1";"1";"-1";"-1";"1";"";"-1";"1";"5";"5";"50"
"202400004103";"4";"JACQUES KABLE (RUE)";"0";"";"2";"3";"1";"1";"-1";"-1";"1";"";"-1";"1";"0";"5";"50"
"202400004104";"4";"LENINGRAD (BD DE)";"0";"";"3";"8";"1";"1";"0";"0";"1";"";"-1";"1";"0";"1";"50"
"202400004104";"4";"NICOLAS VALLARD (RUE)";"0";"";"2";"3";"0";"1";"0";"0";"1";"";"-1";"1";"0";"1";"50"
"202400004105";"4";"BD DE SUISSE";"0";"";"2";"3";"0";"1";"-1";"-1";"1";"";"-1";"1";"0";"1";"50"
"202400004105";"4";"ELCHE (AVENUE D')";"0";"";"2";"5";"0";"1";"-1";"-1";"1";"";"-1";"1";"0";"1";"50"
"202400004106";"4";"FOURRIER";"0";"";"2";"2";"0";"1";"0";"0";"1";"";"-1";"1";"0";"1";"50"
"202400004107";"7";"ETATS UNIS (AV DES) DU 1AU 281";"0";"";"1";"0";"0";"1";"0";"3 022";"1";"";"-1";"1";"0";"1";"50"
"202400004108";"4";"EXUPERY (RUE SAINT)";"0";"";"3";"2";"0";"1";"-1";"-1";"1";"";"-1";"2";"0";"1";"30"
"202400004109";"4";"BASTILLE (DE LA)";"0";"";"2";"1";"0";"1";"1";"0";"1";"";"-1";"1";"0";"1";"30"
"202400004110";"4";"MILADY (AVENUE DE LA)";"0";"";"-1";"2";"0";"1";"-1";"-1";"2";"";"-1";"1";"0";"1";"50"
"202400004111";"4";"PONT L'ABBE ROUTE DE";"0";"";"2";"2";"0";"1";"-1";"-1";"1";"";"-1";"1";"0";"1";"50"
"202400004112";"4";"NATIONALE (PLACE)";"0";"";"1";"2";"0";"1";"1";"0";"1";"";"-1";"1";"9";"1";"30"
"202400004113";"4";"COURCY ( RUE GUY DE )";"0";"";"-1";"1";"0";"1";"-1";"-1";"1";"";"-1";"1";"0";"1";"50"
"202400004113";"4";"";"-1";"";"1";"-1";"-1";"1";"-1";"-1";"1";"";"-1";"1";"0";"1";"-1"
"202400004114";"4";"GRANDE PLAGE (AVENUE DE LA)";"0";"";"2";"1";"3";"1";"-1";"-1";"1";"";"-1";"1";"9";"1";"30"
"202400004115";"4";"GAULLE BOULEVARD DU GENERAL DE";"0";"";"3";"2";"0";"1";"-1";"-1";"1";"";"-1";"1";"0";"1";"50"
"202400004116";"4";"GENESLAY FELIX (AV) N° IMP 1 A 151";"0";"";"1";"0";"0";"1";"-1";"-1";"1";"";"-1";"2";"8";"1";"50"
"202400004116";"4";"MOULIN JEAN (BD) N° IMP";"0";"";"1";"0";"0";"1";"-1";"-1";"1";"";"-1";"2";"8";"1";"50"
"202400004117";"7";"SUND DU PUY (RUE DU)";"0";"";"2";"2";"0";"1";"1";"480";"1";"";"4";"2";"8";"1";"50"
"202400004118";"4";"CHAMPION HENRI (RUE) N° PAIRS";"0";"";"-1";"2";"0";"1";"-1";"-1";"1";"";"-1";"2";"6";"1";"50"
"202400004119";"3";"DE GAULLE (AV DU GENERAL) N° IMPAIRS";"0";"";"-1";"1";"0";"1";"55";"460";"1";"";"-1";"1";"0";"1";"50"
"202400004119";"3";"EIFFEL (RUE GUSTAVE)";"0";"";"3";"1";"0";"1";"-1";"-1";"1";"";"-1";"1";"0";"1";"50"
"202400004120";"4";"NEGRIER GENERAL (BD) N° IMP";"0";"";"2";"2";"0";"1";"-1";"-1";"1";"";"-1";"2";"0";"1";"50"
"202400004121";"4";"BAUDIMONT ( CARREFOUR )";"0";"";"2";"4";"0";"1";"-1";"-1";"1";"";"-1";"1";"0";"1";"50"
"202400004121";"4";"BESNIER ( BOULEVARD GEORGES )";"0";"";"2";"0";"0";"1";"-1";"-1";"1";"";"-1";"1";"0";"1";"50"
"202400004121";"4";"HALETTE ( ALEXIS )";"0";"";"2";"0";"0";"1";"-1";"-1";"1";"";"-1";"1";"0";"1";"50"
"202400004122";"4";"19 MARS 1962 (DU)                   (R )";"0";"";"2";"2";"0";"1";"-1";"-1";"1";"";"-1";"2";"0";"5";"30"
"202400004122";"4";"";"-1";"";"2";"3";"1";"1";"-1";"-1";"1";"";"-1";"2";"0";"5";"50"
"202400004123";"3";"LADHOF (RUE DU)";"0";"";"2";"2";"0";"1";"1";"160";"1";"";"-1";"1";"0";"1";"50"
"202400004123";"3";"";"-1";"";"2";"-1";"-1";"1";"-1";"-1";"1";"";"-1";"1";"0";"1";"-1"
"202400004124";"4";"SELESTAT (RUE DE)";"0";"";"2";"2";"0";"1";"-1";"-1";"1";"";"-1";"1";"0";"1";"30"
"202400004125";"4";"SALVADOR ALLENDE (AVENUE)";"0";"";"2";"1";"0";"1";"-1";"-1";"1";"";"-1";"1";"0";"1";"50"
"202400004126";"3";"FOURQUES ROUTE DE";"0";"";"2";"2";"0";"1";"6";"100";"3";"";"7";"1";"0";"1";"80"
"202400004127";"7";"BISCHWILLER (ROUTE DE)";"0";"";"3";"6";"1";"1";"-1";"-1";"1";"";"-1";"1";"2";"5";"50"
"202400004128";"4";"HAUTE MONTEE (RUE DE LA)";"0";"";"2";"2";"3";"1";"-1";"-1";"1";"";"-1";"1";"0";"4";"50"
"202400004129";"4";"BORDEAUX (AVENUE DE)";"0";"";"2";"2";"0";"1";"-1";"-1";"1";"";"-1";"1";"0";"1";"50"
"202400004130";"4";"MEIRLANDT (AVENUE MAURICE)";"0";"";"2";"4";"1";"1";"0";"0";"1";"";"-1";"1";"0";"1";"70"
"202400004130";"4";"PHILIPPOT (RUE GEORGES)";"0";"";"2";"2";"0";"1";"0";"0";"1";"";"-1";"1";"0";"1";"50"
"202400004131";"4";"";"0";"";"2";"4";"3";"1";"-1";"-1";"1";"";"-1";"1";"0";"1";"30"
"202400004132";"4";"LECLERC (BOULEVARD DU MARECHAL)";"0";"";"2";"2";"0";"1";"0";"0";"1";"";"-1";"1";"0";"1";"50"
"202400004133";"4";"";"0";"";"2";"2";"0";"1";"-1";"-1";"1";"";"-1";"1";"0";"1";"30"
"202400004134";"3";"AULNOYE (RUE D')";"0";"";"2";"2";"0";"1";"16";"750";"1";"";"-1";"1";"0";"1";"50"
"202400004135";"3";"MASSIER AV.ET IMP.CLEMENT";"0";"";"-1";"1";"0";"2";"0";"523";"4";"";"-1";"1";"0";"1";"30"
"202400004136";"4";"COURTAIGNE (R DE)";"0";"";"2";"2";"0";"1";"-1";"-1";"1";"";"-1";"1";"0";"1";"50"
"202400004136";"4";"LORRAINE (R DE)";"0";"";"2";"2";"0";"1";"-1";"-1";"1";"";"-1";"1";"0";"1";"50"
"202400004137";"4";"BOULEVARD PERIPHERIQUE EXTERIEUR SUD";"0";"";"1";"3";"0";"1";"-1";"-1";"1";"";"-1";"1";"0";"1";"70"
"202400004137";"4";"PORTE BRANCION";"0";"";"1";"2";"0";"1";"-1";"-1";"1";"";"-1";"1";"0";"1";"50"
"202400004138";"4";"DAUMONT PAUL";"0";"";"2";"2";"0";"1";"-1";"-1";"1";"";"-1";"1";"9";"1";"50"
"202400004139";"7";"CAMBRAI RUE DE N° IMPAIRS";"0";"";"2";"2";"0";"1";"12";"400";"1";"";"6";"2";"0";"1";"30"
"202400004140";"4";"BOULEVARD PERIPHERIQUE INTERIEUR OUEST";"0";"";"1";"2";"0";"1";"-1";"-1";"1";"";"-1";"1";"0";"1";"50"
"202400004141";"3";"VERMELLES (R DE)";"0";"";"2";"2";"0";"1";"35";"320";"1";"";"-1";"1";"0";"1";"50"
"202400004142";"4";"ENROCHEMENTS (ROUTE DES)";"0";"";"-1";"2";"1";"1";"-1";"-1";"1";"";"-1";"1";"0";"8";"50"
"202400004143";"4";"";"-1";"";"1";"-1";"-1";"1";"-1";"-1";"1";"";"-1";"1";"0";"1";"-1"
"202400004143";"4";"RUE CARDINET";"0";"";"2";"2";"0";"1";"-1";"-1";"1";"";"-1";"1";"0";"1";"30"
"202400004144";"3";"LIBERATION ( AVENUE )";"0";"";"2";"2";"0";"1";"5";"100";"1";"";"-1";"1";"0";"1";"50"
"202400004145";"2";"NATIONALE 52 (ROUTE)";"0";"";"3";"2";"0";"1";"14";"37";"1";"";"10";"1";"0";"3";"110"
"202400004146";"4";"BOULEVARD PASTEUR";"0";"";"3";"1";"0";"1";"-1";"-1";"1";"";"-1";"1";"0";"1";"30"
"202400004146";"4";"";"-1";"";"1";"-1";"-1";"1";"-1";"-1";"1";"";"-1";"1";"0";"1";"-1"
"202400004147";"2";"165";"0";"";"3";"4";"0";"1";"91";"340";"1";"";"10";"2";"2";"1";"110"
"202400004148";"4";"LIBERATION (COURS)        1 A 15";"0";"";"1";"1";"1";"1";"-1";"-1";"1";"";"4";"2";"0";"1";"50"
"202400004149";"4";"AVENUE PAUL VAILLANT COUTURIER";"0";"";"2";"2";"0";"1";"-1";"-1";"1";"";"-1";"1";"0";"1";"30"
"202400004149";"4";"";"-1";"";"2";"-1";"-1";"1";"-1";"-1";"1";"";"-1";"1";"0";"1";"-1"
"202400004150";"3";"GAMBETTA (RUE)";"0";"";"1";"2";"0";"1";"-1";"-1";"1";"";"7";"1";"0";"1";"50"
"202400004150";"3";"GAMBETTA (RUE)";"0";"";"2";"2";"0";"1";"8";"300";"1";"";"7";"1";"0";"1";"50"
"202400004151";"7";"RECAMBALE (AVENUE DE LA)";"0";"";"1";"3";"0";"1";"18";"70";"1";"";"-1";"1";"0";"1";"50"
"202400004152";"4";"RUE DE LA CHAUSSEE D ANTIN";"0";"";"2";"2";"0";"1";"-1";"-1";"1";"";"-1";"2";"0";"1";"30"
"202400004152";"4";"RUE DE SEZE";"0";"";"-1";"1";"0";"1";"-1";"-1";"1";"";"-1";"1";"0";"1";"30"
"202400004153";"3";"LONGWY (ROUTE DE)";"0";"";"-1";"2";"0";"1";"1";"800";"1";"";"-1";"1";"0";"1";"50"
"202400004153";"3";"LONGWY (ROUTE DE)";"0";"";"2";"2";"0";"1";"1";"800";"1";"";"-1";"1";"0";"1";"50"
"202400004154";"4";"FLAHAULT (AVENUE CHARLES";"0";"";"2";"4";"1";"1";"-1";"-1";"1";"";"-1";"2";"5";"1";"50"
"202400004154";"4";"RECH (RUE HIPPOLYTE)";"0";"";"2";"2";"0";"2";"-1";"-1";"1";"";"-1";"2";"0";"1";"50"
"202400004155";"4";"AVENUE FRANKLIN D ROOSEVELT";"0";"";"1";"1";"0";"1";"-1";"-1";"1";"";"-1";"1";"0";"1";"30"
"202400004155";"4";"";"-1";"";"2";"-1";"-1";"1";"-1";"-1";"1";"";"-1";"1";"0";"1";"-1"
"202400004156";"3";"RN 44 (de Cambrai à Chalons)";"0";"";"3";"4";"0";"1";"25";"0";"1";"";"-1";"1";"0";"1";"110"
"202400004157";"4";"";"-1";"";"1";"-1";"-1";"1";"-1";"-1";"1";"";"-1";"1";"0";"1";"-1"
"202400004157";"4";"RUE DES SAINTS PERES";"0";"";"1";"0";"0";"1";"-1";"-1";"1";"";"-1";"1";"0";"1";"30"
"202400004158";"4";"RUE DU BLAYAIS";"0";"";"2";"2";"0";"1";"-1";"-1";"1";"";"-1";"1";"0";"8";"50"
"202400004159";"4";"";"0";"";"2";"2";"0";"2";"-1";"-1";"2";"";"-1";"2";"0";"1";"50"
"202400004160";"4";"";"-1";"";"2";"-1";"-1";"1";"-1";"-1";"1";"";"-1";"1";"0";"1";"-1"
"202400004160";"4";"PORT DES INVALIDES";"0";"";"2";"2";"1";"1";"-1";"-1";"1";"";"-1";"1";"0";"1";"30"
"202400004161";"4";"AV DE CASSELARDIT";"0";"";"2";"2";"0";"1";"-1";"-1";"3";"";"-1";"1";"0";"1";"50"
"202400004162";"4";"LUNDY (BOULEVARD)";"0";"";"2";"3";"1";"1";"-1";"-1";"1";"";"-1";"2";"0";"1";"50"
"202400004163";"3";"118";"0";"";"2";"2";"0";"2";"0";"0";"1";"";"-1";"1";"5";"1";"30"
"202400004163";"3";"";"0";"";"2";"2";"1";"1";"0";"0";"2";"";"-1";"1";"5";"1";"30"
"202400004164";"4";"ALSACE LORRAINE (BOULEVARD)";"0";"";"3";"2";"0";"1";"-1";"-1";"3";"";"-1";"2";"5";"1";"50"
"202400004165";"3";"QUATRE VENTS (LIEU-DIT LES)";"0";"";"3";"2";"0";"1";"50";"0";"1";"";"-1";"1";"0";"3";"110"
"202400004166";"4";"COLBERT (RUE)";"0";"";"1";"1";"0";"1";"-1";"-1";"1";"";"-1";"1";"0";"1";"50"
"202400004166";"4";"GAMBETTA (RUE)";"0";"";"1";"1";"1";"1";"-1";"-1";"1";"";"-1";"1";"0";"1";"50"
"202400004167";"3";"PYRENEES (AVENUE DES)";"0";"";"-1";"2";"1";"1";"1";"1 580";"1";"";"-1";"1";"0";"1";"50"
"202400004168";"3";"150";"0";"";"2";"0";"0";"1";"0";"0";"1";"";"-1";"1";"0";"1";"30"
"202400004168";"3";"";"0";"";"2";"2";"0";"1";"0";"0";"1";"";"-1";"1";"0";"1";"30"
"202400004169";"3";"BRICARD (QRT )";"0";"";"-1";"2";"0";"1";"0";"0";"3";"";"7";"1";"0";"1";"50"
"202400004170";"4";"RUE DE LA GIRONDE";"0";"";"2";"2";"0";"1";"-1";"-1";"1";"";"-1";"2";"6";"1";"30"
"202400004171";"3";"160";"0";"";"1";"1";"0";"1";"0";"0";"1";"";"-1";"1";"0";"1";"50"
"202400004172";"4";"RABATAU (BOULEVARD)";"0";"";"1";"3";"0";"1";"0";"0";"1";"";"-1";"2";"0";"1";"50"
"202400004173";"3";"160";"0";"";"3";"2";"0";"2";"0";"0";"3";"";"-1";"1";"0";"1";"50"
"202400004174";"4";"PENDANTS (RUE DES)";"0";"";"2";"2";"0";"1";"-1";"-1";"1";"";"-1";"1";"0";"1";"50"
"202400004175";"4";"CROIX SUD (AVENUE DE)";"0";"";"1";"2";"0";"1";"-1";"-1";"1";"";"-1";"1";"5";"1";"50"
"202400004176";"4";"";"0";"";"2";"2";"0";"1";"0";"1";"1";"";"-1";"1";"0";"1";"50"
"202400004177";"4";"RECH (RUE HIPPOLYTE)";"0";"";"2";"2";"0";"1";"0";"0";"1";"";"-1";"1";"0";"1";"30"
"202400004178";"4";"BORRIGLIONE (A PARTIR DU N° 42-51)";"0";"";"1";"1";"0";"1";"1";"0";"1";"";"-1";"1";"0";"1";"50"
"202400004179";"3";"4";"0";"";"1";"1";"0";"1";"0";"0";"1";"";"-1";"1";"0";"1";"50"
"202400004180";"4";"TOULOUSE (AVENUE DE";"0";"";"2";"4";"0";"1";"0";"0";"1";"";"-1";"1";"0";"1";"30"
"202400004181";"2";"RN 85 ( route )";"0";"";"2";"2";"0";"1";"41";"850";"1";"";"-1";"1";"0";"1";"80"
"202400004182";"4";"MAURIN (AVENUE DE";"0";"";"2";"2";"0";"1";"-1";"-1";"1";"";"-1";"1";"0";"1";"30"
"202400004183";"4";"";"0";"";"2";"1";"0";"1";"0";"0";"1";"";"-1";"1";"0";"1";"50"
"202400004184";"4";"";"0";"";"1";"1";"0";"1";"0";"0";"1";"";"-1";"1";"9";"3";"30"
"202400004185";"4";"FOURBISSEURS (RUE DES)";"0";"";"2";"2";"0";"1";"-1";"-1";"1";"";"-1";"1";"0";"1";"30"
"202400004185";"4";"MAURIN (AVENUE DE";"0";"";"2";"2";"1";"1";"-1";"-1";"1";"";"-1";"1";"0";"1";"30"
"202400004186";"2";"RD 779";"0";"";"2";"2";"0";"1";"3";"650";"3";"";"-1";"1";"2";"1";"70"
"202400004186";"2";"RN7";"0";"";"1";"1";"0";"2";"15";"1 000";"2";"";"-1";"1";"3";"1";"50"
"202400004187";"4";"";"0";"";"1";"-1";"0";"1";"0";"1";"1";"";"-1";"1";"0";"1";"50"
"202400004188";"4";"BD JEAN-JACQUES BOSC";"0";"";"1";"1";"0";"1";"-1";"-1";"1";"";"-1";"1";"0";"1";"50"
"202400004189";"6";"";"0";"";"-1";"0";"0";"1";"-1";"-1";"1";"";"-1";"9";"0";"8";"50"
"202400004190";"3";"20";"0";"";"1";"1";"2";"1";"1";"0";"1";"";"-1";"1";"0";"1";"50"
"202400004190";"3";"";"0";"";"1";"1";"2";"1";"1";"0";"1";"";"-1";"1";"0";"1";"50"
"202400004191";"3";"BARRAIL (CHEMIN DU)";"0";"";"2";"2";"0";"2";"0";"0";"1";"";"-1";"1";"0";"1";"50"
"202400004191";"3";"PREMIERE ARMEE FRANCAISE (AVENUE DE LA)";"0";"";"2";"2";"0";"1";"55";"410";"1";"";"-1";"1";"0";"1";"50"
"202400004192";"3";"FRANCE (RUE A. DU 1-5 ET 143 AU158)";"0";"";"2";"2";"0";"1";"68";"410";"1";"";"-1";"1";"0";"1";"50"
"202400004193";"4";"";"0";"";"2";"2";"0";"1";"1";"0";"1";"";"-1";"1";"0";"1";"50"
"202400004194";"6";"";"-1";"";"-1";"-1";"-1";"1";"-1";"-1";"1";"";"5";"1";"0";"1";"-1"
"202400004195";"4";"PORTE BRANCION";"0";"";"1";"2";"0";"1";"7";"300";"1";"";"-1";"2";"0";"1";"50"
"202400004196";"4";"GIBERTINE (AVE DE LA)";"0";"";"2";"3";"1";"1";"0";"0";"1";"";"-1";"1";"0";"1";"50"
"202400004197";"4";"";"-1";"";"2";"-1";"-1";"1";"-1";"-1";"1";"";"-1";"1";"0";"1";"-1"
"202400004197";"4";"";"0";"";"2";"2";"1";"1";"0";"0";"1";"";"-1";"1";"0";"1";"50"
"202400004198";"3";"KERNEVEZ ROND POINT";"0";"";"1";"2";"0";"2";"5";"1 000";"1";"";"10";"2";"9";"1";"90"
"202400004199";"4";"PORTE BRANCION";"0";"";"1";"3";"0";"1";"7";"500";"1";"";"-1";"1";"0";"1";"70"
"202400004200";"4";"";"0";"";"1";"1";"0";"1";"0";"0";"1";"";"-1";"1";"0";"1";"50"
"202400004201";"4";"BOULEVARD DU FORT DE VAUX";"0";"";"1";"1";"0";"1";"-1";"-1";"1";"";"-1";"1";"0";"1";"30"
"202400004202";"4";"AVENUE PARMENTIER";"0";"";"2";"3";"0";"2";"-1";"-1";"1";"";"-1";"1";"0";"1";"30"
"202400004202";"4";"";"-1";"";"1";"-1";"-1";"1";"-1";"-1";"1";"";"-1";"1";"0";"1";"30"
"202400004203";"4";"";"0";"";"1";"1";"0";"1";"0";"0";"1";"";"-1";"1";"0";"1";"50"
"202400004204";"4";"ALEX. FLEMING (BOULEVARD)";"0";"";"1";"3";"0";"1";"0";"0";"1";"";"-1";"1";"0";"8";"50"
"202400004205";"4";"REPUBLIQUE (BOULEVARD DE LA)";"0";"";"1";"1";"0";"1";"0";"0";"1";"";"-1";"1";"0";"1";"30"
"202400004206";"4";"";"0";"";"2";"2";"0";"1";"0";"0";"1";"";"-1";"1";"0";"1";"50"
"202400004207";"4";"AVENUE DE FRIEDLAND";"0";"";"2";"4";"3";"2";"-1";"-1";"1";"";"-1";"1";"0";"1";"30"
"202400004207";"4";"PLACE CHARLES DE GAULLE";"0";"";"1";"6";"0";"1";"-1";"-1";"2";"";"-1";"1";"5";"1";"30"
"202400004208";"3";"115";"0";"";"2";"2";"0";"1";"0";"0";"2";"";"-1";"1";"0";"1";"50"
"202400004209";"4";"";"0";"";"1";"2";"0";"1";"-1";"-1";"1";"";"-1";"1";"0";"1";"30"
"202400004210";"4";"PLACE DU CHATELET";"0";"";"1";"4";"3";"1";"-1";"-1";"1";"";"-1";"1";"0";"8";"30"
"202400004210";"4";"QUAI DE LA MEGISSERIE";"0";"";"1";"4";"3";"1";"-1";"-1";"1";"";"-1";"1";"0";"1";"30"
"202400004211";"4";"GAMBETTA SQUARE -IMPAIR-";"0";"";"1";"2";"0";"1";"-1";"-1";"1";"";"-1";"1";"0";"1";"30"
"202400004212";"3";"BUZENVAL";"0";"";"-1";"3";"0";"1";"0";"0";"1";"";"9";"1";"0";"1";"50"
"202400004212";"3";"CAMP CANADIEN";"0";"";"-1";"3";"0";"1";"0";"0";"1";"";"9";"1";"0";"1";"50"
"202400004213";"3";"7";"0";"";"2";"3";"3";"1";"0";"1";"3";"";"12";"1";"0";"1";"50"
"202400004213";"3";"";"-1";"";"2";"4";"0";"1";"0";"1";"1";"";"-1";"-1";"0";"-1";"-1"
"202400004214";"4";"CANNES (ROUTE DE)  -RD 6085-";"0";"";"2";"2";"0";"1";"0";"0";"1";"";"-1";"1";"0";"1";"50"
"202400004215";"3";"BARBES RUE";"0";"";"2";"2";"1";"1";"0";"0";"1";"";"7";"1";"0";"1";"50"
"202400004215";"3";"GENTILLY RUE DE";"0";"";"1";"2";"0";"1";"0";"1";"1";"";"7";"1";"0";"1";"50"
"202400004216";"4";"CANNES (ROUTE DE)  -RD 6085-";"0";"";"2";"2";"0";"2";"0";"0";"2";"";"-1";"1";"9";"1";"50"
"202400004217";"3";"BARBES RUE";"0";"";"2";"3";"0";"1";"0";"0";"1";"";"-1";"1";"0";"1";"50"
"202400004218";"3";"86";"0";"";"3";"4";"3";"1";"0";"0";"1";"";"-1";"2";"0";"1";"50"
"202400004218";"3";"";"-1";"";"1";"1";"0";"1";"-1";"-1";"1";"";"-1";"2";"0";"1";"-1"
"202400004219";"3";"1";"0";"";"3";"6";"0";"1";"0";"0";"3";"";"-1";"1";"0";"1";"70"
"202400004220";"3";"";"0";"";"1";"1";"0";"1";"18";"690";"2";"";"-1";"1";"0";"1";"50"
"202400004221";"3";"GENERAL DE GAULLE (AVENUE DU)";"0";"";"3";"1";"0";"1";"0";"0";"1";"";"3";"1";"0";"1";"50"
"202400004221";"3";"MORANE SAULNIER (AVENUE)";"0";"";"3";"1";"0";"1";"0";"0";"1";"";"3";"1";"0";"1";"50"
"202400004222";"3";"LOUIS CALMEL (RUE) (2/16)";"0";"";"2";"-1";"0";"1";"0";"0";"2";"";"-1";"1";"0";"4";"50"
"202400004223";"3";"CURIE ( RUE MARIE ET PIERRE )";"0";"";"-1";"1";"0";"1";"-1";"-1";"1";"";"5";"2";"0";"1";"50"
"202400004223";"3";"PRESIDENT AURIOL (AVENUE)";"0";"";"-1";"1";"0";"2";"0";"600";"1";"";"5";"2";"9";"1";"50"
"202400004224";"3";"3";"0";"";"2";"2";"0";"2";"0";"1";"1";"";"5";"1";"0";"1";"50"
"202400004225";"3";"GENERAL DE GAULLE (AVENUE) (43/129)";"0";"";"2";"2";"0";"1";"0";"0";"1";"";"5";"1";"0";"1";"50"
"202400004225";"3";"THOMAS EDISON (RUE)";"0";"";"2";"2";"0";"1";"0";"0";"1";"";"-1";"1";"0";"8";"50"
"202400004226";"4";"BOULEVARD PERIPHERIQUE EXTERIEUR SUD";"0";"";"1";"4";"0";"1";"33";"0";"1";"";"-1";"2";"0";"1";"50"
"202400004227";"3";"GENERAL DE GAULLE (AVENUE DU) N°2 A 132";"0";"";"2";"1";"0";"1";"0";"0";"1";"";"-1";"1";"0";"1";"50"
"202400004228";"3";"JEAN BAPTISTE CLEMENT (AVENUE) 49/FIN -";"0";"";"2";"2";"0";"1";"0";"0";"1";"";"-1";"1";"0";"1";"50"
"202400004229";"4";"BOULEVARD PERIPHERIQUE EXTERIEUR OUEST";"0";"";"1";"4";"0";"1";"11";"700";"1";"";"-1";"2";"1";"1";"50"
"202400004230";"4";"PARTICIPATION (RUE DE LA)";"0";"";"1";"0";"0";"1";"0";"0";"1";"";"-1";"1";"0";"1";"50"
"202400004230";"4";"PETIT (AVENUE ALBERT) N° 39 A FIN";"0";"";"2";"0";"0";"1";"0";"0";"1";"";"-1";"1";"0";"1";"50"
"202400004231";"3";"115";"0";"";"1";"0";"0";"1";"0";"0";"2";"";"0";"1";"0";"1";"30"
"202400004231";"3";"40";"0";"";"1";"0";"0";"1";"0";"0";"1";"";"0";"1";"0";"1";"50"
"202400004232";"3";"925";"-1";"D";"2";"2";"0";"2";"17";"331";"3";"";"5";"1";"0";"1";"80"
"202400004233";"4";"BOULEVARD BARBES";"0";"";"2";"-1";"0";"1";"-1";"-1";"1";"";"-1";"2";"0";"1";"50"
"202400004233";"4";"";"-1";"";"1";"-1";"0";"1";"-1";"-1";"1";"";"-1";"2";"0";"1";"30"
"202400004234";"3";"901";"0";"";"3";"4";"3";"1";"0";"1";"1";"";"0";"1";"0";"1";"50"
"202400004234";"3";"";"0";"";"3";"2";"0";"1";"0";"0";"1";"";"0";"1";"0";"1";"50"
"202400004235";"3";"9";"0";"E";"2";"2";"0";"3";"0";"108";"2";"";"5,5";"1";"8";"1";"30"
"202400004235";"3";"";"-1";"";"2";"2";"0";"2";"-1";"-1";"2";"";"5,5";"1";"5";"8";"50"
"202400004236";"4";"AVENUE DE LA PORTE DES TERNES";"0";"";"2";"4";"0";"1";"-1";"-1";"1";"";"-1";"2";"0";"1";"30"
"202400004236";"4";"";"-1";"";"1";"-1";"-1";"1";"-1";"-1";"1";"";"-1";"2";"0";"1";"30"
"202400004237";"3";"QUATRE SEPTEMBRE (QUAI DU)";"0";"";"1";"2";"0";"1";"0";"0";"2";"";"7";"2";"0";"1";"50"
"202400004238";"1";"4";"0";"A";"3";"2";"0";"2";"57";"324";"3";"";"10,5";"1";"0";"1";"130"
"202400004239";"2";"5";"0";"";"2";"2";"0";"2";"-1";"-1";"3";"";"7";"1";"0";"1";"50"
"202400004240";"4";"PLACE DU TROCADERO ET DU 11 NOVEMBRE";"0";"";"2";"2";"2";"1";"-1";"-1";"1";"";"-1";"1";"0";"1";"30"
"202400004241";"3";"319";"-1";"A";"2";"2";"0";"1";"0";"350";"1";"";"6";"1";"0";"1";"50"
"202400004242";"2";"12";"-1";"";"3";"2";"0";"1";"56";"0";"1";"";"10";"1";"0";"1";"110"
"202400004243";"4";"PONT DE GRENELLE";"0";"";"2";"-1";"1";"1";"-1";"-1";"1";"";"-1";"1";"0";"5";"50"
"202400004243";"4";"QUAI DE GRENELLE";"0";"";"2";"-1";"1";"1";"-1";"-1";"1";"";"-1";"1";"2";"5";"50"
"202400004244";"3";"712";"-1";"";"2";"2";"0";"1";"33";"2 352";"1";"";"5";"1";"0";"1";"-1"
"202400004244";"3";"";"-1";"";"1";"1";"0";"3";"-1";"-1";"1";"";"-1";"1";"0";"1";"50"
"202400004245";"4";"RUE DE LA CONVENTION";"0";"";"2";"3";"3";"1";"-1";"-1";"1";"";"-1";"1";"0";"1";"30"
"202400004246";"2";"12";"-1";"";"3";"2";"0";"1";"63";"200";"1";"";"10";"1";"0";"1";"110"
"202400004247";"3";"";"0";"";"2";"2";"0";"1";"34";"895";"1";"";"-1";"1";"0";"1";"50"
"202400004248";"4";"BOULEVARD KELLERMANN";"0";"";"2";"6";"2";"2";"-1";"-1";"1";"";"-1";"1";"0";"1";"50"
"202400004248";"4";"RUE GOUTHIERE";"0";"";"2";"2";"0";"1";"-1";"-1";"1";"";"-1";"1";"0";"1";"30"
"202400004249";"3";"203";"0";"D";"2";"2";"0";"2";"4";"0";"3";"";"5,5";"1";"0";"3";"80"
"202400004250";"3";"907";"-1";"";"2";"3";"0";"1";"30";"-1";"1";"";"10,5";"1";"0";"1";"80"
"202400004251";"4";"BOULEVARD MASSENA";"0";"";"2";"7";"1";"2";"0";"0";"1";"";"-1";"2";"0";"1";"50"
"202400004252";"4";"";"-1";"";"-1";"2";"0";"2";"-1";"-1";"1";"";"-1";"1";"0";"1";"50"
"202400004253";"4";"";"0";"";"2";"2";"0";"1";"-1";"-1";"1";"";"-1";"1";"0";"1";"30"
"202400004254";"1";"10";"0";"A";"1";"3";"0";"2";"158";"0";"1";"";"10";"1";"0";"2";"130"
"202400004255";"4";"null";"-1";"null";"1";"-1";"0";"1";"-1";"-1";"1";"";"-1";"1";"0";"1";"30"
"202400004255";"4";"RUE SAINT LAZARE";"0";"";"2";"4";"0";"1";"-1";"-1";"1";"";"-1";"1";"0";"1";"30"
"202400004256";"3";"977";"0";"D";"2";"2";"0";"1";"22";"300";"1";"";"-1";"1";"0";"1";"-1"
"202400004257";"3";"130";"0";"D";"2";"2";"0";"2";"2";"810";"2";"";"-1";"1";"0";"3";"80"
"202400004258";"3";"29";"0";"B";"2";"2";"0";"1";"19";"111";"1";"";"7";"1";"0";"1";"80"
"202400004258";"3";"928";"0";"A";"2";"2";"0";"1";"10";"696";"1";"";"7";"1";"0";"1";"80"
"202400004259";"3";"22";"0";"D";"2";"2";"0";"2";"-1";"-1";"2";"";"-1";"1";"0";"1";"50"
"202400004260";"4";"AVENUE DE FRIEDLAND";"0";"";"2";"4";"0";"2";"-1";"-1";"1";"";"-1";"2";"0";"1";"30"
"202400004260";"4";"";"-1";"";"1";"-1";"0";"2";"-1";"-1";"1";"";"-1";"2";"0";"1";"30"
"202400004261";"3";"14";"-1";"";"2";"2";"0";"2";"14";"530";"2";"";"7";"1";"0";"1";"80"
"202400004262";"1";"75";"0";"A";"1";"2";"0";"3";"314";"8";"2";"";"7";"4";"3";"3";"70"
"202400004263";"4";"";"-1";"";"2";"2";"2";"2";"-1";"-1";"1";"";"-1";"1";"0";"5";"50"
"202400004263";"4";"null";"-1";"null";"2";"-1";"-1";"1";"-1";"-1";"1";"";"-1";"1";"0";"1";"-1"
"202400004264";"4";"QUAI VOLTAIRE";"0";"";"1";"3";"0";"1";"-1";"-1";"1";"";"-1";"1";"0";"1";"30"
"202400004264";"4";"RUE DE BEAUNE";"0";"";"1";"1";"0";"1";"-1";"-1";"1";"";"-1";"1";"0";"1";"30"
"202400004265";"1";"77";"0";"A";"3";"2";"0";"1";"105";"800";"1";"";"10,5";"1";"0";"2";"130"
"202400004266";"4";"";"-1";"";"2";"2";"0";"4";"-1";"-1";"2";"";"-1";"1";"0";"1";"50"
"202400004267";"3";"2";"0";"D";"2";"2";"0";"1";"29";"300";"1";"";"6";"1";"0";"4";"50"
"202400004268";"4";"RUE DE SEVIGNE";"0";"";"2";"2";"3";"1";"-1";"-1";"1";"";"-1";"2";"0";"1";"30"
"202400004268";"4";"RUE SAINT ANTOINE";"0";"";"2";"3";"1";"1";"-1";"-1";"1";"";"-1";"2";"0";"1";"30"
"202400004269";"3";"157";"0";"D";"2";"2";"0";"2";"2";"120";"3";"";"5";"1";"0";"1";"90"
"202400004269";"3";"57";"-1";"";"2";"2";"0";"1";"5";"50";"1";"";"5";"1";"0";"8";"90"
"202400004270";"3";"12";"0";"D";"2";"2";"0";"1";"28";"800";"2";"";"5,5";"1";"0";"1";"80"
"202400004271";"3";"118";"0";"";"2";"2";"0";"1";"0";"0";"1";"";"-1";"1";"0";"1";"30"
"202400004271";"3";"";"0";"";"1";"1";"0";"1";"0";"0";"1";"";"-1";"1";"0";"1";"30"
"202400004272";"3";"31";"0";"C";"2";"2";"0";"1";"1";"320";"1";"";"-1";"1";"0";"1";"80"
"202400004272";"3";"";"0";"";"2";"2";"0";"1";"-1";"-1";"1";"";"-1";"1";"0";"1";"50"
"202400004273";"3";"381";"0";"T";"2";"2";"0";"1";"4";"50";"1";"";"4";"1";"0";"8";"70"
"202400004274";"3";"55";"0";"";"1";"1";"0";"1";"0";"0";"1";"";"-1";"1";"0";"1";"30"
"202400004274";"3";"";"0";"";"1";"1";"0";"1";"0";"0";"1";"";"-1";"1";"0";"1";"30"
"202400004275";"3";"127";"0";"";"2";"2";"0";"1";"1";"570";"2";"";"5";"1";"0";"8";"80"
"202400004276";"9";"";"0";"";"-1";"2";"3";"1";"0";"1";"1";"";"-1";"1";"-1";"6";"30"
"202400004277";"7";"6007";"0";"M";"2";"2";"0";"2";"1";"0";"1";"";"7";"1";"0";"1";"70"
"202400004277";"7";"";"-1";"";"2";"2";"0";"3";"1";"0";"3";"";"7";"1";"0";"1";"-1"
"202400004278";"3";"233";"0";"";"3";"2";"0";"1";"1";"0";"1";"";"-1";"1";"0";"1";"50"
"202400004279";"3";"";"-1";"";"2";"2";"0";"2";"12";"430";"3";"";"5";"2";"0";"1";"50"
"202400004280";"3";"999";"-1";"";"2";"2";"0";"1";"32";"358";"3";"";"7";"1";"0";"1";"80"
"202400004281";"3";"120";"0";"";"2";"2";"0";"1";"36";"450";"1";"";"4";"1";"0";"3";"80"
"202400004282";"4";"CHAPIT RE ( RUE DU)";"0";"";"2";"2";"0";"1";"0";"0";"1";"";"-1";"2";"0";"1";"50"
"202400004282";"4";"";"-1";"";"1";"-1";"-1";"1";"-1";"-1";"3";"";"-1";"2";"0";"1";"-1"
"202400004283";"3";"955";"0";"";"2";"2";"0";"1";"15";"870";"1";"";"5,5";"1";"0";"3";"90"
"202400004284";"4";"";"-1";"";"2";"2";"0";"1";"-1";"-1";"1";"";"-1";"1";"0";"1";"50"
"202400004285";"4";"45";"0";"";"2";"2";"0";"1";"0";"0";"1";"";"-1";"1";"0";"1";"50"
"202400004286";"3";"725";"-1";"";"2";"2";"0";"1";"10";"715";"1";"";"5,5";"1";"0";"1";"80"
"202400004286";"3";"";"-1";"";"2";"-1";"-1";"1";"6";"300";"1";"";"-1";"1";"5";"1";"80"
"202400004287";"4";"";"0";"";"2";"1";"0";"1";"0";"0";"1";"";"-1";"1";"0";"1";"50"
"202400004288";"3";"11";"0";"";"2";"1";"0";"2";"32";"171";"1";"";"5";"1";"5";"1";"80"
"202400004288";"3";"246";"0";"";"2";"1";"3";"1";"4";"2 060";"2";"";"5";"1";"5";"1";"50"
"202400004289";"3";"71";"0";"D";"2";"2";"0";"2";"11";"580";"1";"";"5";"2";"0";"1";"80"
"202400004290";"3";"170";"-1";"D";"2";"2";"0";"1";"9";"600";"1";"";"4";"1";"0";"1";"50"
"202400004290";"3";"";"-1";"";"2";"-1";"-1";"1";"-1";"-1";"1";"";"-1";"1";"0";"8";"-1"
"202400004291";"3";"16";"-1";"";"2";"2";"0";"1";"23";"500";"1";"";"4";"1";"2";"3";"80"
"202400004292";"3";"902";"0";"";"1";"4";"0";"1";"1";"0";"1";"";"-1";"2";"0";"1";"50"
"202400004292";"3";"970";"0";"";"2";"2";"0";"1";"1";"0";"1";"";"-1";"2";"0";"1";"50"
"202400004293";"3";"518";"-1";"";"2";"2";"0";"2";"-1";"-1";"1";"";"-1";"2";"5";"1";"50"
"202400004293";"3";"73";"-1";"";"2";"2";"0";"1";"-1";"-1";"1";"";"-1";"2";"0";"1";"50"
"202400004294";"3";"D40";"0";"A";"2";"2";"0";"1";"12";"580";"1";"";"-1";"1";"0";"1";"80"
"202400004294";"3";"D40";"0";"D";"2";"1";"0";"1";"0";"0";"1";"";"3";"1";"5";"1";"50"
"202400004295";"4";"";"0";"";"2";"2";"0";"1";"-1";"-1";"1";"";"-1";"1";"0";"1";"50"
"202400004296";"4";"";"0";"";"2";"2";"0";"1";"0";"0";"1";"";"-1";"1";"0";"1";"50"
"202400004297";"2";"31";"-1";"";"2";"2";"0";"1";"4";"530";"1";"";"7";"1";"0";"1";"80"
"202400004298";"3";"40";"0";"";"1";"2";"0";"1";"0";"0";"2";"";"-1";"1";"0";"1";"50"
"202400004299";"2";"12";"0";"";"3";"4";"0";"1";"64";"720";"2";"";"7";"1";"0";"1";"90"
"202400004300";"3";"PARIS (RUE DE)";"0";"";"1";"0";"0";"1";"0";"0";"1";"";"-1";"1";"0";"1";"50"
"202400004301";"3";"108";"-1";"";"2";"2";"0";"2";"16";"890";"4";"";"7";"1";"0";"3";"70"
"202400004302";"3";"1";"-1";"";"2";"2";"0";"1";"49";"800";"1";"";"7";"1";"0";"1";"80"
"202400004303";"6";"";"0";"";"-1";"-1";"0";"1";"-1";"-1";"1";"";"-1";"1";"0";"1";"10"
"202400004304";"4";"";"0";"";"2";"2";"0";"1";"0";"0";"1";"";"-1";"1";"5";"1";"30"
"202400004305";"3";"164";"-1";"";"2";"2";"0";"1";"19";"450";"1";"";"4";"1";"0";"3";"90"
"202400004306";"1";"A7";"-1";"";"3";"3";"0";"1";"231";"800";"1";"";"13,5";"1";"0";"1";"130"
"202400004307";"4";"ANCIENNES ECOLES (RUE)";"0";"";"1";"1";"0";"1";"0";"0";"3";"";"-1";"1";"0";"1";"50"
"202400004308";"3";"999";"0";"D";"2";"2";"0";"1";"14";"194";"1";"";"5,5";"2";"0";"1";"80"
"202400004308";"3";"";"-1";"";"2";"-1";"-1";"1";"16";"573";"1";"";"-1";"2";"0";"1";"50"
"202400004309";"1";"10";"0";"";"-1";"3";"0";"1";"47";"250";"1";"";"13,5";"1";"0";"1";"130"
"202400004310";"3";"REPUBLIQUE AVENUE DE LA";"0";"";"2";"2";"0";"1";"0";"0";"1";"";"7";"1";"0";"1";"50"
"202400004311";"3";"242";"-1";"";"1";"2";"0";"1";"48";"207";"2";"";"7";"2";"5";"1";"80"
"202400004311";"3";"933";"-1";"";"2";"2";"0";"1";"48";"207";"2";"";"7";"2";"0";"1";"80"
"202400004312";"2";"2002";"0";"N";"2";"2";"2";"1";"21";"100";"1";"";"-1";"2";"0";"1";"50"
"202400004313";"3";"376";"-1";"";"2";"2";"0";"1";"1";"445";"1";"";"6";"1";"0";"1";"50"
"202400004313";"3";"";"-1";"";"2";"2";"0";"1";"-1";"-1";"1";"";"6";"1";"0";"1";"50"
"202400004314";"3";"AJOUX";"0";"";"1";"1";"0";"2";"0";"0";"1";"";"-1";"1";"0";"1";"50"
"202400004314";"3";"SAINT-DENIS BD (120 A 174 / DE 199 A 315";"0";"";"2";"1";"0";"1";"0";"0";"1";"";"-1";"1";"0";"1";"50"
"202400004315";"3";"2";"0";"D";"2";"2";"0";"1";"6";"600";"3";"";"-1";"1";"0";"1";"80"
"202400004316";"4";"PORTE DE TRIVAUX (RUE DE) N°57 A 197 ET";"0";"";"2";"2";"0";"1";"0";"0";"1";"";"-1";"2";"0";"1";"30"
"202400004317";"4";"272";"-1";"";"2";"2";"0";"2";"-1";"-1";"3";"";"-1";"1";"0";"1";"50"
"202400004318";"2";"1";"0";"";"2";"2";"0";"1";"12";"700";"1";"";"7";"1";"0";"1";"80"
"202400004319";"3";"704";"-1";"A";"2";"2";"0";"3";"1";"500";"2";"";"5";"2";"0";"5";"80"
"202400004320";"4";"ABBAYE (RUE DE L')";"0";"";"1";"1";"1";"1";"0";"0";"1";"";"-1";"1";"0";"1";"30"
"202400004320";"4";"LAVOIR DE LA GRANDE PIERRE (RUE DU)";"0";"";"2";"2";"0";"3";"0";"0";"1";"";"-1";"1";"0";"1";"30"
"202400004321";"3";"392";"0";"";"2";"2";"0";"1";"33";"0";"1";"";"5,5";"1";"0";"1";"30"
"202400004322";"2";"2";"0";"N";"-1";"3";"0";"1";"79";"0";"1";"";"-1";"1";"0";"1";"80"
"202400004323";"3";"25";"0";"D";"2";"2";"0";"2";"10";"200";"1";"";"-1";"1";"0";"1";"80"
"202400004324";"7";"468";"-1";"M";"2";"2";"0";"1";"-1";"-1";"1";"";"5,5";"2";"0";"3";"50"
"202400004325";"2";"1";"-1";"";"2";"2";"0";"2";"-1";"-1";"2";"";"-1";"1";"0";"1";"30"
"202400004326";"3";"730";"-1";"D";"-1";"2";"0";"2";"4";"0";"3";"";"5";"1";"0";"1";"80"
"202400004327";"1";"31";"-1";"";"1";"3";"0";"2";"83";"0";"1";"";"13,5";"1";"0";"1";"130"
"202400004328";"3";"936";"0";"D";"1";"2";"0";"1";"11";"218";"3";"";"7";"1";"0";"1";"50"
"202400004329";"3";"675";"-1";"";"2";"2";"0";"2";"23";"100";"4";"";"5";"2";"0";"1";"50"
"202400004330";"3";"915";"-1";"";"2";"2";"0";"1";"-1";"-1";"2";"";"7";"1";"0";"1";"50"
"202400004330";"3";"";"-1";"";"-1";"-1";"0";"1";"-1";"-1";"2";"";"-1";"1";"0";"1";"-1"
"202400004331";"1";"";"-1";"";"-1";"-1";"0";"2";"397";"0";"3";"";"-1";"1";"0";"3";"50"
"202400004332";"3";"951";"-1";"D";"2";"2";"0";"1";"9";"500";"1";"";"5,5";"1";"0";"1";"80"
"202400004333";"4";"943";"-1";"";"2";"2";"0";"1";"-1";"-1";"1";"";"-1";"1";"5";"1";"50"
"202400004333";"4";"";"-1";"";"2";"-1";"0";"1";"-1";"-1";"1";"";"-1";"1";"5";"1";"50"
"202400004334";"3";"";"-1";"";"2";"2";"0";"1";"4";"120";"1";"";"5";"1";"0";"1";"30"
"202400004334";"3";"";"-1";"";"2";"2";"-1";"1";"-1";"-1";"1";"";"-1";"1";"0";"1";"50"
"202400004335";"3";"28";"-1";"";"2";"2";"0";"2";"16";"0";"3";"";"5";"1";"0";"1";"80"
"202400004336";"3";"6113";"0";"";"2";"2";"0";"1";"12";"270";"1";"";"-1";"1";"0";"1";"50"
"202400004336";"3";"";"-1";"";"2";"2";"0";"1";"-1";"-1";"1";"";"-1";"1";"0";"8";"50"
"202400004337";"3";"D613";"0";"D";"1";"0";"0";"1";"71";"150";"2";"";"0";"1";"9";"1";"90"
"202400004338";"3";"150";"-1";"D";"-1";"2";"0";"1";"6";"400";"1";"";"-1";"1";"0";"1";"80"
"202400004338";"3";"26";"-1";"D";"-1";"2";"0";"2";"18";"700";"2";"";"-1";"1";"0";"1";"80"
"202400004339";"3";"2144";"0";"";"2";"2";"0";"2";"14";"80";"1";"";"7";"2";"0";"1";"80"
"202400004340";"1";"36";"0";"";"1";"3";"0";"3";"39";"700";"3";"";"14";"2";"3";"8";"50"
"202400004341";"3";"952";"0";"";"2";"2";"0";"2";"1";"260";"1";"";"5,5";"1";"0";"3";"50"
"202400004342";"3";"912";"0";"";"2";"1";"0";"1";"8";"198";"1";"";"5";"2";"5";"1";"50"
"202400004343";"3";"502";"0";"D";"2";"2";"0";"2";"-1";"-1";"2";"";"5";"2";"0";"1";"80"
"202400004344";"3";"35";"0";"";"2";"2";"0";"1";"2";"440";"1";"";"4";"7";"0";"3";"80"
"202400004345";"2";"RN94";"0";"";"1";"2";"0";"1";"128";"500";"2";"";"7";"1";"5";"1";"80"
"202400004346";"1";"11";"0";"";"3";"5";"0";"1";"25";"800";"1";"";"-1";"1";"0";"1";"110"
"202400004347";"3";"25";"0";"";"2";"2";"0";"1";"0";"555";"1";"";"7";"1";"0";"1";"50"
"202400004348";"4";"";"0";"";"2";"2";"0";"1";"-1";"-1";"1";"";"-1";"1";"0";"1";"80"
"202400004349";"3";"81";"0";"";"2";"2";"0";"1";"146";"0";"1";"";"7";"1";"0";"3";"70"
"202400004350";"3";"21.2";"0";"";"2";"2";"0";"2";"2";"180";"2";"";"5,5";"1";"0";"4";"50"
"202400004351";"3";"571";"0";"";"2";"2";"0";"1";"7";"-1";"1";"";"5,5";"1";"0";"1";"80"
"202400004351";"3";"";"-1";"";"2";"-1";"-1";"1";"-1";"-1";"1";"";"-1";"1";"0";"1";"-1"
"202400004352";"3";"24";"0";"";"2";"2";"0";"4";"8";"0";"3";"";"5,5";"1";"0";"1";"80"
"202400004353";"3";"906";"-1";"";"2";"2";"0";"1";"58";"580";"1";"";"-1";"1";"5";"1";"80"
"202400004354";"3";"952";"0";"";"2";"2";"0";"1";"0";"400";"1";"";"7";"1";"0";"3";"80"
"202400004355";"3";"683";"-1";"";"2";"2";"0";"1";"5";"835";"4";"";"4";"1";"0";"1";"80"
"202400004355";"3";"";"-1";"";"2";"-1";"-1";"1";"1";"900";"4";"";"-1";"1";"0";"1";"80"
"202400004356";"4";"";"0";"";"2";"2";"0";"1";"-1";"-1";"4";"";"-1";"1";"0";"3";"80"
"202400004357";"3";"";"-1";"D";"2";"2";"0";"1";"71";"332";"1";"";"-1";"2";"0";"3";"90"
"202400004358";"3";"1093";"0";"D";"2";"2";"2";"1";"28";"600";"2";"";"10";"1";"0";"3";"90"
"202400004359";"7";"115";"0";"D";"2";"2";"0";"1";"21";"978";"3";"";"-1";"1";"0";"1";"50"
"202400004360";"4";" -";"0";" -";"2";"2";"0";"1";"-1";"-1";"1";"";"-1";"1";"0";"1";"50"
"202400004360";"4";"";"-1";"";"2";"2";"-1";"1";"-1";"-1";"1";"";"-1";"1";"0";"1";"50"
"202400004361";"4";"";"0";"";"-1";"2";"0";"2";"-1";"-1";"1";"";"-1";"1";"0";"1";"50"
"202400004362";"3";"941";"0";"D";"2";"2";"0";"2";"10";"790";"1";"";"7";"1";"0";"1";"90"
"202400004363";"3";"142";"-1";"";"2";"2";"0";"2";"14";"0";"1";"";"4";"2";"0";"3";"90"
"202400004364";"3";"1215";"0";"E";"2";"2";"0";"1";"1";"32";"1";"";"-1";"1";"0";"1";"80"
"202400004365";"3";"926";"0";"";"2";"2";"0";"2";"60";"880";"1";"";"7";"1";"0";"1";"90"
"202400004366";"3";"901";"-1";"";"2";"2";"0";"1";"43";"360";"1";"";"5,5";"1";"0";"1";"50"
"202400004367";"3";"911";"-1";"";"2";"2";"0";"2";"94";"560";"1";"";"7";"1";"0";"3";"90"
"202400004368";"4";"209";"-1";"";"2";"2";"0";"1";"-1";"-1";"1";"";"-1";"1";"0";"1";"70"
"202400004369";"1";"A51-Sens Marseille vers Aix en Provence";"0";"";"1";"3";"0";"1";"2";"299";"1";"";"-1";"1";"0";"1";"90"
"202400004370";"3";"33";"0";"L";"2";"2";"0";"1";"8";"956";"1";"";"5";"1";"0";"1";"50"
"202400004371";"4";"";"-1";"";"2";"2";"1";"3";"-1";"-1";"1";"";"-1";"1";"5";"1";"80"
"202400004372";"3";"82";"0";"H";"2";"2";"1";"1";"1";"900";"1";"";"4";"2";"0";"1";"50"
"202400004373";"1";"A450   1.740 A 5.100";"0";"";"3";"4";"0";"1";"2";"299";"1";"";"-1";"1";"0";"1";"90"
"202400004374";"4";"";"0";"";"2";"2";"0";"2";"-1";"-1";"1";"";"-1";"1";"0";"1";"30"
"202400004374";"4";"";"0";"";"2";"2";"0";"2";"-1";"-1";"1";"";"-1";"1";"0";"1";"50"
"202400004375";"7";"M6007";"0";"";"3";"2";"0";"2";"59";"648";"1";"";"-1";"1";"0";"8";"50"
"202400004376";"7";"Autoroute A.35";"0";"";"1";"2";"0";"1";"310";"700";"1";"";"10";"1";"0";"1";"90"
"202400004377";"3";"89";"-1";"";"2";"2";"0";"1";"-1";"-1";"1";"";"-1";"1";"0";"1";"80"
"202400004378";"3";"918";"0";"D";"2";"2";"0";"1";"124";"170";"1";"";"5,5";"1";"0";"3";"80"
"202400004379";"1";"6B";"0";"";"1";"2";"0";"1";"5";"199";"3";"";"10,5";"1";"0";"1";"90"
"202400004380";"4";"";"-1";"";"2";"2";"0";"1";"-1";"-1";"1";"";"-1";"1";"0";"3";"80"
"202400004381";"4";"";"-1";"";"2";"2";"0";"1";"0";"0";"1";"";"-1";"2";"0";"4";"-1"
"202400004382";"1";"1";"0";"";"3";"8";"0";"1";"0";"899";"1";"";"-1";"2";"1";"1";"110"
"202400004383";"3";"159";"-1";"D";"2";"2";"0";"1";"14";"0";"3";"";"5";"1";"0";"1";"50"
"202400004384";"3";"4100";"0";"";"2";"2";"0";"1";"25";"400";"2";"";"6";"1";"0";"1";"50"
"202400004385";"1";"AUTOROUTE A15";"0";"";"-1";"1";"0";"1";"22";"0";"2";"";"-1";"2";"0";"1";"50"
"202400004386";"3";"143";"0";"D";"2";"2";"0";"1";"16";"290";"1";"";"5";"2";"9";"1";"30"
"202400004387";"3";"938";"-1";"";"2";"2";"0";"1";"5";"370";"3";"";"5";"1";"0";"1";"50"
"202400004388";"1";"86";"0";"";"-1";"2";"0";"1";"38";"0";"1";"";"5";"1";"0";"1";"90"
"202400004389";"4";"";"-1";"";"2";"2";"0";"2";"-1";"-1";"2";"";"-1";"1";"9";"3";"50"
"202400004390";"3";"115";"0";"D";"2";"2";"0";"1";"12";"300";"1";"";"-1";"1";"0";"1";"80"
"202400004390";"3";"";"-1";"";"2";"2";"-1";"1";"-1";"-1";"1";"";"-1";"1";"5";"1";"80"
"202400004391";"1";"A104";"0";"";"-1";"2";"0";"1";"10";"699";"1";"";"10";"2";"0";"1";"90"
"202400004392";"1";"A7-Sens Marseille vers Lyon";"0";"";"-1";"2";"0";"1";"256";"700";"1";"";"10";"1";"0";"1";"90"
"202400004393";"1";"A50-Sens Toulon vers Aubagne";"0";"";"1";"2";"0";"2";"27";"0";"3";"";"13,5";"1";"0";"1";"90"
"202400004394";"1";"4";"0";"";"1";"3";"0";"1";"12";"850";"1";"";"-1";"1";"0";"1";"110"
"202400004395";"3";"22";"0";"D";"2";"2";"0";"1";"22";"0";"1";"";"5";"1";"0";"1";"80"
"202400004396";"1";"86";"0";"";"1";"4";"0";"1";"37";"0";"1";"";"-1";"1";"0";"1";"90"
"202400004397";"3";"";"-1";"";"1";"1";"0";"1";"0";"576";"1";"";"-1";"1";"0";"1";"50"
"202400004398";"1";"A507 sens Aubagne- Marseille";"0";"";"1";"3";"0";"1";"6";"349";"1";"";"-1";"1";"1";"1";"70"
"202400004399";"1";"410";"-1";"";"3";"2";"0";"2";"152";"0";"1";"";"10";"2";"0";"1";"110"
"202400004400";"9";"TVPCM-Sens Saint Victor vers Les Ports";"0";"";"1";"2";"0";"1";"0";"790";"3";"";"-1";"1";"1";"1";"50"
"202400004401";"1";"54";"0";"";"3";"2";"0";"1";"72";"700";"3";"";"10";"1";"8";"1";"-1"
"202400004402";"3";"1205";"0";"";"2";"2";"0";"1";"60";"65";"1";"";"7";"1";"9";"1";"50"
"202400004403";"4";"";"-1";"";"2";"2";"0";"1";"-1";"-1";"1";"";"-1";"1";"5";"1";"70"
"202400004404";"4";"";"-1";"";"2";"2";"0";"1";"0";"0";"1";"";"-1";"1";"0";"1";"50"
"202400004405";"1";"A57";"0";"";"3";"4";"0";"1";"4";"0";"1";"";"-1";"1";"0";"1";"70"
"202400004406";"3";"916";"-1";"";"2";"2";"0";"1";"0";"420";"2";"";"7";"2";"0";"1";"80"
"202400004407";"4";"";"-1";"";"2";"2";"0";"1";"-1";"-1";"3";"";"-1";"2";"0";"1";"50"
"202400004408";"2";"RN346  S/N   25.686 A 29.300";"0";"";"3";"4";"0";"1";"28";"200";"1";"";"5";"1";"0";"1";"80"
"202400004409";"2";"2";"0";"";"3";"2";"0";"1";"12";"28";"1";"";"10";"1";"0";"1";"110"
"202400004410";"3";"1005";"-1";"";"2";"2";"0";"1";"3";"23";"1";"";"7";"1";"0";"1";"80"
"202400004411";"1";"AUTOROUTE A5A";"0";"";"1";"3";"0";"3";"2";"200";"3";"";"14";"1";"3";"1";"50"
"202400004412";"3";"603";"0";"";"2";"2";"0";"1";"40";"75";"1";"";"5,5";"1";"0";"1";"50"
"202400004413";"3";"12";"-1";"";"2";"2";"0";"2";"60";"565";"1";"";"5,5";"1";"0";"3";"80"
"202400004414";"1";"106";"0";"";"1";"2";"0";"3";"6";"0";"1";"";"10,5";"1";"0";"1";"50"
"202400004415";"3";"21";"-1";"";"-1";"2";"0";"2";"0";"105";"1";"";"5";"2";"5";"1";"50"
"202400004416";"3";"319";"0";"";"2";"0";"0";"1";"6";"16";"1";"";"0";"1";"0";"1";"90"
"202400004417";"4";"44";"-1";" -";"2";"2";"0";"1";"18";"10";"1";"";"-1";"1";"9";"1";"50"
"202400004418";"1";"6B";"0";"";"3";"3";"0";"1";"2";"700";"1";"";"14";"1";"0";"1";"70"
"202400004419";"3";"22";"-1";"D";"2";"2";"0";"1";"13";"990";"3";"";"-1";"1";"0";"1";"50"
"202400004420";"3";"6";"-1";"";"2";"2";"0";"4";"37";"857";"3";"";"4,5";"1";"0";"3";"80"
"202400004421";"3";"";"-1";"";"2";"2";"1";"1";"0";"60";"1";"";"3,5";"1";"0";"1";"50"
"202400004422";"1";"6A";"0";"";"3";"3";"0";"1";"7";"800";"1";"";"14";"1";"0";"2";"110"
"202400004423";"4";"DESTREMEAU (RUE BLOC ECOLE MATERNELLE PA";"0";"";"-1";"2";"0";"1";"-1";"-1";"1";"";"-1";"1";"0";"1";"50"
"202400004423";"4";"VARNEY (RUE)";"0";"";"1";"1";"0";"1";"-1";"-1";"1";"";"-1";"1";"0";"1";"50"
"202400004424";"2";"RN 104";"0";"";"3";"2";"0";"1";"26";"600";"1";"";"10,5";"1";"0";"1";"90"
"202400004425";"2";"113";"0";"N";"2";"2";"0";"1";"13";"840";"1";"";"7";"1";"0";"1";"50"
"202400004425";"2";"";"-1";"";"2";"-1";"-1";"1";"-1";"-1";"1";"";"-1";"1";"0";"1";"-1"
"202400004426";"4";"ROMERO(AVENUE)";"0";"";"2";"1";"0";"1";"0";"0";"1";"";"-1";"1";"0";"1";"50"
"202400004427";"3";"68";"-1";"";"2";"2";"0";"3";"2";"530";"3";"";"7";"1";"0";"3";"90"
"202400004428";"1";"13";"0";"";"1";"3";"0";"2";"4";"500";"1";"";"-1";"1";"0";"1";"70"
"202400004429";"3";"ROUTE DEPARTEMENTALE 14";"0";"";"-1";"2";"0";"2";"4";"599";"1";"";"-1";"1";"0";"1";"70"
"202400004430";"1";"A14";"0";"";"-1";"2";"0";"1";"80";"250";"3";"";"7";"1";"1";"1";"70"
"202400004431";"4";"";"-1";"";"2";"2";"0";"1";"-1";"-1";"1";"";"-1";"2";"0";"1";"50"
"202400004431";"4";"";"0";"";"2";"2";"0";"1";"-1";"-1";"1";"";"-1";"2";"0";"8";"50"
"202400004432";"3";"";"0";"";"2";"2";"0";"2";"-1";"-1";"1";"";"-1";"1";"0";"1";"50"
"202400004432";"3";"";"0";"";"2";"2";"0";"2";"0";"500";"1";"";"-1";"1";"0";"1";"50"
"202400004433";"4";"32";"0";"";"2";"2";"0";"1";"-1";"-1";"1";"";"5,5";"1";"0";"4";"50"
"202400004433";"4";"";"-1";"";"1";"-1";"-1";"2";"-1";"-1";"1";"";"-1";"1";"0";"1";"50"
"202400004434";"3";"NELSON MANDELA";"0";"";"2";"2";"0";"1";"2";"799";"1";"";"-1";"1";"0";"1";"50"
"202400004435";"1";"A13";"0";"";"1";"3";"0";"1";"8";"300";"1";"";"-1";"1";"0";"1";"70"
"202400004436";"4";"Section Port Blanc";"0";"";"2";"2";"0";"1";"-1";"-1";"1";"";"-1";"1";"0";"8";"70"
"202400004437";"3";"PERRIN (SECTEUR)";"0";"";"2";"2";"0";"1";"-1";"-1";"1";"";"-1";"2";"0";"8";"50"
"202400004438";"1";"AUTOROUTE A15";"0";"";"3";"4";"0";"3";"7";"0";"3";"";"17,5";"1";"0";"1";"110"
"202400004439";"1";"AUTOROUTE A115";"0";"";"3";"2";"0";"1";"0";"639";"3";"";"10,5";"1";"9";"1";"90"
"202400004440";"2";"RN1-  HAUTEUR DE SORTIE LAURICISQUE";"0";"";"1";"3";"0";"1";"0";"0";"1";"";"-1";"1";"0";"1";"90"
"202400004441";"4";"";"0";"";"2";"2";"0";"1";"-1";"-1";"1";"";"-1";"1";"0";"1";"50"
"202400004442";"3";"AV DE VERDUN";"0";"";"2";"3";"1";"1";"0";"0";"1";"";"-1";"1";"0";"5";"50"
"202400004443";"4";"";"-1";"";"2";"-1";"-1";"1";"-1";"-1";"1";"";"-1";"1";"0";"1";"-1"
"202400004443";"4";"STALINGRAD (BD)";"0";"";"4";"2";"0";"1";"0";"0";"1";"";"-1";"1";"0";"1";"50"
"202400004444";"3";"1205";"-1";"";"2";"2";"0";"3";"48";"800";"1";"";"7";"2";"0";"1";"80"
"202400004444";"3";"";"-1";"";"2";"-1";"-1";"3";"-1";"-1";"1";"";"-1";"2";"0";"1";"-1"
"202400004445";"3";"D8";"0";"";"2";"2";"0";"1";"0";"500";"1";"";"4";"1";"0";"1";"50"
"202400004446";"3";"THOMAS (AV ALBERT)";"0";"";"2";"2";"0";"1";"33";"80";"1";"";"-1";"1";"9";"3";"50"
"202400004447";"3";"1508";"0";"";"2";"2";"0";"2";"5";"600";"3";"";"7";"2";"0";"1";"80"
"202400004448";"4";"GENERAL DE GAULLE (RUE DU)";"0";"";"-1";"0";"0";"1";"-1";"-1";"1";"";"-1";"1";"6";"8";"50"
"202400004449";"3";"1508";"0";"";"2";"2";"0";"1";"57";"460";"1";"";"7";"1";"0";"1";"80"
"202400004450";"4";"MALRAUX RUE ANDRE";"0";"";"2";"2";"0";"1";"-1";"-1";"1";"";"-1";"2";"0";"1";"30"
"202400004450";"4";"SAINT SEBASTIEN RUE";"0";"";"2";"2";"0";"1";"-1";"-1";"1";"";"-1";"2";"0";"1";"30"
"202400004451";"4";"";"-1";"";"2";"2";"0";"2";"-1";"-1";"1";"";"-1";"1";"0";"3";"50"
"202400004452";"4";"CHEMIN DES PLAINES";"0";"";"2";"2";"0";"1";"-1";"-1";"2";"";"-1";"2";"0";"1";"70"
"202400004453";"4";"CLOS SAINT MARTIN  (DU)";"0";"";"2";"2";"0";"1";"0";"1";"3";"";"-1";"2";"0";"1";"50"
"202400004454";"3";"1212";"0";"";"2";"2";"0";"2";"1";"700";"2";"";"7";"1";"0";"1";"80"
"202400004454";"3";"";"-1";"";"2";"-1";"-1";"1";"-1";"-1";"3";"";"-1";"1";"0";"1";"-1"
"202400004455";"3";"D 15";"0";"";"2";"2";"0";"1";"23";"200";"3";"";"-1";"2";"0";"3";"80"
"202400004456";"3";"1201";"-1";"";"3";"0";"0";"1";"22";"1 039";"1";"";"0";"1";"0";"1";"70"
"202400004457";"2";"RN 338 (VOIE RAPIDE SUD 3)";"0";"";"1";"2";"0";"1";"14";"700";"1";"";"-1";"2";"0";"3";"90"
"202400004458";"4";"MARECHAL LECLERC (PROMENADE/RUE)";"0";"";"-1";"2";"0";"1";"0";"0";"1";"";"-1";"1";"0";"1";"50"
"202400004459";"3";"1508";"-1";"";"3";"0";"0";"1";"48";"90";"1";"";"0";"1";"0";"1";"50"
"202400004460";"3";"992";"-1";"";"2";"2";"0";"2";"18";"220";"3";"";"5,5";"2";"0";"8";"80"
"202400004461";"3";"INTER  Quai Lamartine-Pont Saint-Laurent";"0";"";"3";"5";"0";"3";"75";"529";"1";"";"-1";"1";"0";"1";"50"
"202400004461";"3";"JAURES (QUAI)";"0";"";"2";"5";"0";"1";"0";"0";"1";"";"-1";"1";"0";"1";"50"
"202400004462";"4";"LOUIS ALPHONSE POITEVIN (RUE)";"0";"";"2";"2";"0";"1";"-1";"-1";"1";"";"-1";"1";"0";"1";"50"
"202400004463";"3";"1205";"-1";"";"2";"2";"1";"1";"60";"610";"1";"";"5,5";"1";"9";"1";"50"
"202400004464";"3";"1508";"-1";"";"2";"2";"0";"1";"10";"200";"2";"";"7";"1";"0";"1";"80"
"202400004465";"4";"LEON BLUM      (Rue)";"0";"";"2";"2";"3";"1";"-1";"-1";"1";"";"-1";"2";"0";"6";"30"
"202400004465";"4";"";"-1";"";"1";"1";"2";"1";"-1";"-1";"1";"";"-1";"2";"0";"6";"30"
"202400004466";"3";"1201";"-1";"";"2";"0";"0";"2";"6";"0";"1";"";"0";"1";"5";"1";"70"
"202400004466";"3";"";"-1";"";"2";"-1";"-1";"1";"31";"350";"1";"";"-1";"1";"0";"1";"-1"
"202400004467";"4";"";"0";"";"2";"2";"0";"1";"-1";"-1";"1";"";"-1";"2";"0";"1";"50"
"202400004468";"4";"";"-1";"";"2";"2";"0";"2";"-1";"-1";"1";"";"-1";"1";"0";"1";"30"
"202400004469";"3";"AQUITAINE (AVENUE DE L')";"0";"";"2";"4";"0";"1";"6";"300";"2";"";"-1";"2";"0";"1";"50"
"202400004470";"4";"ARITXAGUE (BD D')";"0";"";"3";"4";"0";"1";"-1";"-1";"1";"";"-1";"2";"0";"3";"50"
"202400004471";"1";"7";"0";"A";"3";"3";"0";"1";"178";"0";"3";"";"-1";"1";"0";"1";"130"
"202400004472";"1";"7";"-1";"";"3";"5";"0";"1";"173";"100";"1";"";"-1";"1";"0";"8";"130"
"202400004473";"4";"";"0";"";"2";"2";"3";"1";"-1";"-1";"3";"";"-1";"2";"0";"1";"30"
"202400004474";"6";"";"-1";"";"-1";"-1";"0";"1";"-1";"-1";"1";"";"-1";"1";"0";"8";"30"
"202400004475";"7";"CEBAZAT (RTE DE) ";"0";"";"2";"2";"0";"1";"8";"360";"1";"";"7";"1";"0";"1";"70"
"202400004475";"7";"";"-1";"";"-1";"1";"-1";"1";"-1";"-1";"1";"";"-1";"1";"0";"1";"-1"
"202400004476";"3";"907";"-1";"";"2";"2";"0";"1";"40";"200";"1";"";"-1";"1";"0";"1";"80"
"202400004476";"3";"";"-1";"";"-1";"-1";"-1";"1";"-1";"-1";"1";"";"-1";"1";"0";"1";"-1"
"202400004477";"4";"";"0";"";"2";"2";"3";"1";"-1";"-1";"2";"";"-1";"2";"0";"1";"50"
"202400004478";"4";"1";"-1";"";"2";"2";"0";"1";"-1";"-1";"2";"";"-1";"1";"2";"8";"70"
"202400004479";"4";"AVENUE DU MARECHAL FOCH";"0";"";"3";"4";"0";"2";"0";"0";"1";"";"-1";"1";"0";"1";"50"
"202400004479";"4";"RUE SUFFREN";"0";"";"2";"2";"0";"1";"0";"0";"1";"";"-1";"1";"0";"1";"50"
"202400004480";"4";"m'tsapere-Nationale 2 (route)";"0";"";"-1";"2";"0";"1";"-1";"-1";"1";"";"-1";"1";"5";"1";"50"
"202400004481";"1";"A216";"0";"";"1";"2";"0";"1";"1";"500";"1";"";"10";"1";"0";"1";"90"
"202400004482";"4";"m'tsapere-Nationale 2 (route)";"0";"";"-1";"2";"0";"1";"-1";"-1";"1";"";"-1";"1";"0";"1";"50"
"202400004483";"4";"DEGAS(AVENUE EDGAR)";"0";"";"2";"2";"0";"1";"-1";"-1";"3";"";"-1";"2";"0";"4";"50"
"202400004483";"4";"RENOIR(RUE AUGUSTE)";"0";"";"2";"2";"0";"1";"-1";"-1";"1";"";"-1";"2";"0";"4";"30"
"202400004484";"4";"";"-1";"";"1";"-1";"-1";"1";"-1";"-1";"1";"";"-1";"1";"0";"1";"-1"
"202400004484";"4";"";"0";"";"2";"2";"0";"1";"-1";"-1";"1";"";"-1";"1";"0";"1";"30"
"202400004485";"4";"mamoudzou centre-Mariage (place -mamoudz";"0";"";"1";"1";"0";"2";"-1";"-1";"1";"";"-1";"1";"0";"1";"50"
"202400004486";"4";"AERODROME (CHEMIN DE L')";"0";"";"2";"2";"0";"1";"0";"0";"1";"";"-1";"1";"0";"1";"70"
"202400004487";"4";"POMMERY (BOULEVARD)";"0";"";"-1";"2";"0";"1";"0";"0";"1";"";"-1";"1";"0";"1";"50"
"202400004488";"2";"JAURES (BLD 1 JEAN)";"0";"";"3";"6";"0";"2";"4";"370";"1";"";"-1";"2";"5";"1";"70"
"202400004489";"1";"A87N";"0";"";"3";"3";"0";"1";"4";"810";"1";"";"10,5";"1";"0";"1";"130"
"202400004490";"1";"A87N";"0";"";"1";"2";"0";"1";"4";"560";"1";"";"10";"1";"0";"1";"90"
"202400004491";"2";"RIVIERE DES PLUIES (ROUTE DE LA)";"0";"";"2";"3";"0";"1";"4";"75";"3";"";"-1";"1";"0";"1";"50"
"202400004492";"4";"PETITES MUSSES";"0";"";"2";"2";"0";"1";"-1";"-1";"3";"";"-1";"1";"0";"1";"50"
"202400004493";"3";"MONTABO (ROUTE DE) 3";"0";"";"2";"4";"2";"1";"2";"150";"1";"";"-1";"1";"0";"5";"50"
"202400004493";"3";"ZEPHIR (ROCADE)";"0";"";"2";"2";"0";"2";"3";"612";"1";"";"-1";"1";"0";"1";"30"
"202400004494";"7";"GOBSON (RUE DE GOBSON)";"0";"";"2";"2";"0";"1";"-1";"-1";"1";"";"5,5";"2";"0";"1";"50"
"202400004494";"7";"PARC FLORAL (AVENUE DU PARC FLORAL)";"0";"";"2";"2";"0";"1";"8";"570";"1";"";"5,5";"2";"0";"1";"50"
"202400004495";"3";"ROUTE NATIONALE 3";"0";"";"2";"2";"0";"1";"0";"200";"3";"";"-1";"1";"0";"1";"50"
"202400004496";"2";"COURS DE LA LIBÉRATION ET DU GÉNÉRAL DE";"0";"";"2";"0";"1";"1";"-1";"-1";"1";"";"0";"1";"8";"1";"50"
"202400004496";"2";"RN87";"0";"";"1";"0";"0";"2";"1";"0";"1";"";"0";"1";"3";"1";"50"
"202400004497";"4";"TROUBIRAN (CHEMIN DE)";"0";"";"2";"2";"0";"1";"-1";"-1";"1";"";"-1";"1";"0";"1";"50"
"202400004498";"4";"JEAN JAURES";"0";"";"2";"2";"0";"1";"-1";"-1";"1";"";"-1";"1";"0";"1";"50"
"202400004499";"1";"AUTOROUTE A1";"0";"";"1";"6";"3";"1";"3";"0";"3";"";"-1";"2";"0";"1";"90"
"202400004500";"4";"PONT DU LAC ";"0";"";"2";"4";"3";"1";"-1";"-1";"1";"";"-1";"2";"0";"1";"50"
"202400004501";"4";"HERBOUVILLE (D')                    (CO)";"0";"";"2";"4";"3";"1";"-1";"-1";"1";"";"-1";"1";"0";"1";"50"
"202400004502";"4";"";"-1";"";"2";"-1";"-1";"1";"-1";"-1";"1";"";"-1";"2";"0";"1";"30"
"202400004502";"4";"TOULOUSE (RTE DE)";"0";"";"2";"2";"0";"1";"-1";"-1";"1";"";"-1";"2";"0";"1";"30"
"202400004503";"3";"BOULEVARD DES HEROS";"0";"";"3";"2";"0";"1";"0";"0";"1";"";"-1";"1";"6";"1";"50"
"202400004504";"4";"FOCH (RUE DU MARECHAL)";"0";"";"2";"2";"0";"4";"-1";"-1";"1";"";"-1";"1";"5";"1";"30"
"202400004505";"2";"AEROPORT SUD";"0";"";"1";"2";"0";"2";"-1";"-1";"1";"";"-1";"1";"2";"1";"90"
"202400004506";"4";"";"0";"";"1";"4";"3";"1";"-1";"-1";"1";"";"-1";"2";"5";"1";"50"
"202400004506";"4";"RUE FRANTZ DESPAGNET";"0";"";"-1";"0";"0";"1";"-1";"-1";"1";"";"-1";"2";"0";"1";"30"
"202400004507";"3";"PAUL LACAVE ( AVENUE )";"0";"";"1";"1";"0";"1";"-1";"-1";"1";"";"-1";"1";"0";"1";"10"
"202400004508";"2";"RN 165";"0";"";"1";"2";"0";"1";"49";"0";"1";"";"-1";"1";"0";"1";"110"
"202400004509";"3";"RD 828A";"0";"";"-1";"2";"0";"1";"1";"760";"1";"";"-1";"2";"9";"8";"50"
"202400004510";"4";"ROUTE DU STILETTO";"0";"";"2";"2";"0";"2";"0";"0";"1";"";"-1";"1";"0";"1";"50"
"202400004511";"3";"ZOLA (RUE EMILE)";"0";"";"3";"4";"0";"1";"1";"794";"1";"";"-1";"1";"0";"1";"50"
"202400004512";"3";"BELFORT RUE DE BELFORT (sup 144)4";"0";"";"2";"2";"2";"2";"38";"630";"1";"";"-1";"1";"0";"1";"50"
"202400004512";"3";"";"-1";"";"2";"2";"2";"4";"-1";"-1";"1";"";"-1";"1";"0";"1";"-1"
"202400004513";"3";"MERIMEE (PROSPER)";"0";"";"1";"0";"0";"1";"1";"0";"1";"";"0";"1";"0";"1";"70"
"202400004513";"3";"RD700";"0";"";"-1";"0";"0";"1";"48";"81";"3";"";"0";"1";"0";"1";"50"
"202400004514";"4";"AV MARCELIN BERTHELOT";"0";"";"2";"2";"0";"1";"0";"0";"3";"";"-1";"1";"0";"1";"50"
"202400004514";"4";"RUE PIERRE BROSSOLETTE";"0";"";"2";"2";"0";"1";"0";"0";"3";"";"-1";"1";"0";"1";"50"
"202400004515";"4";"";"0";"";"2";"2";"0";"1";"-1";"-1";"1";"";"-1";"1";"0";"1";"50"
"202400004516";"1";"AUT DU SUD";"0";"";"2";"6";"0";"1";"0";"0";"1";"";"-1";"1";"0";"1";"110"
"202400004517";"4";"LAGRANGE (AVENUE LEO)";"0";"";"2";"2";"1";"1";"-1";"-1";"1";"";"-1";"2";"0";"1";"50"
"202400004518";"4";"TOULON (ANCIEN CHEMIN DE)";"0";"";"2";"2";"0";"2";"0";"0";"4";"";"-1";"1";"9";"1";"50"
"202400004519";"4";"CHAUMEIL (RUE PIERRE)";"0";"";"2";"2";"0";"1";"-1";"-1";"1";"";"-1";"2";"0";"1";"50"
"202400004519";"4";"DELACROIX (RUE EUGENE)";"0";"";"2";"2";"0";"1";"0";"0";"1";"";"-1";"2";"0";"1";"50"
"202400004520";"4";"PARIS (RUE DE)";"0";"";"2";"3";"0";"1";"-1";"-1";"1";"";"-1";"1";"0";"1";"50"
"202400004521";"4";"AUTHIE (N° 106 PAIRS -115 IMPAIRS)";"0";"";"1";"1";"0";"1";"-1";"-1";"1";"";"-1";"1";"5";"1";"50"
"202400004521";"4";"DUNOIS (BOULEVARD)";"0";"";"3";"5";"0";"1";"-1";"-1";"1";"";"-1";"1";"5";"1";"50"
"202400004522";"4";"ALPHONSE FIQUET (PLACE)";"0";"";"2";"5";"0";"1";"-1";"-1";"1";"";"-1";"1";"0";"1";"30"
"202400004523";"3";"VIEILLE ROUTE DE PELISSANNE-RD 17";"0";"";"2";"2";"0";"1";"46";"0";"1";"";"-1";"2";"0";"1";"50"
"202400004524";"4";"";"0";"";"2";"-1";"0";"1";"-1";"-1";"1";"";"-1";"2";"0";"1";"50"
"202400004525";"3";"172 (CHEMIN DEPARTEMENTAL)";"0";"";"2";"2";"0";"1";"3";"0";"1";"";"-1";"1";"0";"1";"80"
"202400004525";"3";"GARE DE SAINT JEAN (LA)";"0";"";"2";"2";"0";"1";"44";"546";"1";"";"6,7";"1";"0";"1";"80"
"202400004526";"7";"ANGLAIS (DU N° 1 AU N° 43)";"0";"";"3";"6";"0";"1";"1";"0";"1";"";"-1";"1";"0";"1";"50"
"202400004526";"7";"";"-1";"";"1";"1";"-1";"1";"1";"0";"1";"";"-1";"2";"0";"1";"-1"
"202400004527";"3";"VERDUN (AVENUE DE)";"0";"";"-1";"0";"0";"1";"27";"569";"1";"";"0";"1";"0";"1";"50"
"202400004528";"4";"PORTE DE SAINT OUEN";"0";"";"1";"4";"0";"1";"21";"200";"1";"";"-1";"1";"0";"1";"70"
"202400004529";"4";"GENERAL DE GAULLE  (AVENUE DU)";"0";"";"2";"1";"1";"1";"1";"0";"1";"";"-1";"1";"9";"5";"50"
"202400004530";"4";"PORTE DES LILAS";"0";"";"1";"4";"0";"1";"28";"800";"1";"";"-1";"1";"1";"1";"70"
"202400004531";"4";"PORTE DOREE";"0";"";"-1";"4";"0";"1";"33";"500";"1";"";"-1";"1";"0";"1";"70"
"202400004532";"4";"GROUPE SCOLAIRE MARCEL TOUCHARD";"0";"";"2";"2";"0";"1";"-1";"-1";"1";"";"-1";"1";"0";"1";"50"
"202400004532";"4";"";"-1";"";"2";"2";"0";"1";"-1";"-1";"1";"";"-1";"1";"0";"1";"50"
"202400004533";"4";"AVENUE DE L OBSERVATOIRE";"0";"";"2";"1";"0";"1";"0";"0";"1";"";"-1";"2";"0";"1";"30"
"202400004533";"4";"";"-1";"";"3";"6";"0";"1";"-1";"-1";"1";"";"-1";"2";"0";"1";"30"
"202400004534";"4";"CHAMPION HENRI (RUE) N° PAIRS";"0";"";"2";"2";"0";"3";"-1";"-1";"1";"";"-1";"1";"0";"1";"50"
"202400004534";"4";"DIESEL RODOLPHE (RUE)";"0";"";"2";"2";"0";"3";"-1";"-1";"1";"";"-1";"1";"0";"1";"50"
"202400004535";"4";"BOULEVARD SERURIER";"0";"";"1";"0";"1";"1";"-1";"-1";"3";"";"-1";"2";"0";"5";"30"
"202400004535";"4";"";"-1";"";"2";"-1";"0";"1";"-1";"-1";"1";"";"-1";"2";"0";"5";"30"
"202400004536";"4";"CHARGEURS (RUE DES )";"0";"";"2";"1";"0";"1";"-1";"-1";"1";"";"-1";"1";"0";"1";"10"
"202400004537";"4";"RUE CLAVEL";"0";"";"1";"1";"0";"1";"0";"0";"1";"";"-1";"1";"0";"1";"30"
"202400004538";"4";"AVENUE DE SAINT OUEN";"0";"";"1";"2";"1";"1";"-1";"-1";"1";"";"-1";"1";"0";"5";"50"
"202400004538";"4";"";"-1";"";"1";"-1";"-1";"1";"-1";"-1";"1";"";"-1";"1";"0";"1";"50"
"202400004539";"4";"GASTON MONMOUSSEAU                  (R )";"0";"";"2";"2";"0";"2";"-1";"-1";"1";"";"-1";"1";"0";"1";"50"
"202400004539";"4";"OSCHATZ (D')                        (AV)";"0";"";"2";"2";"2";"2";"-1";"-1";"1";"";"-1";"1";"0";"1";"50"
"202400004540";"4";"";"-1";"";"2";"-1";"0";"1";"-1";"-1";"1";"";"-1";"2";"0";"1";"30"
"202400004540";"4";"PLACE CHARLES MICHELS";"0";"";"2";"2";"1";"1";"0";"0";"1";"";"-1";"2";"0";"1";"30"
"202400004541";"4";"PLACE DE LA BASTILLE";"0";"";"2";"4";"0";"1";"0";"0";"1";"";"-1";"2";"0";"1";"30"
"202400004542";"4";"CHARBONNIER (DU)                    (CH)";"0";"";"1";"2";"0";"1";"-1";"-1";"1";"";"-1";"1";"0";"8";"50"
"202400004542";"4";"MAX BAREL                           (R )";"0";"";"2";"2";"0";"1";"-1";"-1";"1";"";"-1";"1";"0";"8";"50"
"202400004543";"4";"AVENUE PHILIPPE AUGUSTE";"0";"";"1";"2";"0";"1";"0";"0";"1";"";"-1";"2";"0";"8";"30"
"202400004543";"4";"";"-1";"";"1";"-1";"0";"1";"-1";"-1";"1";"";"-1";"2";"0";"8";"30"
"202400004544";"4";"ABATTOIR (RUE DE L )";"0";"";"2";"2";"0";"1";"-1";"-1";"1";"";"-1";"1";"0";"1";"30"
"202400004544";"4";"PETITS CHAMPS (RUE DES)";"0";"";"2";"2";"0";"1";"-1";"-1";"3";"";"-1";"1";"0";"1";"30"
"202400004545";"4";"RUE ETIENNE MARCEL";"0";"";"2";"3";"0";"1";"0";"0";"1";"";"-1";"2";"0";"1";"30"
"202400004545";"4";"RUE FRANCAISE";"0";"";"-1";"1";"0";"1";"0";"0";"1";"";"-1";"2";"0";"1";"30"
"202400004546";"3";"JEAN PRAT(AVENUE)";"0";"";"2";"2";"0";"1";"9";"160";"1";"";"-1";"1";"0";"1";"50"
"202400004546";"3";"";"-1";"";"2";"-1";"-1";"1";"-1";"-1";"1";"";"-1";"1";"0";"1";"50"
"202400004547";"3";"5";"0";"";"3";"4";"1";"1";"0";"1";"1";"";"-1";"2";"5";"1";"50"
"202400004547";"3";"";"-1";"";"2";"2";"0";"2";"0";"0";"1";"";"-1";"2";"5";"1";"-1"
"202400004548";"3";"235";"0";"";"2";"2";"0";"1";"0";"0";"1";"";"-1";"2";"0";"1";"50"
"202400004549";"3";"OCEAN (AVENUE DE L')";"0";"";"2";"2";"0";"1";"-1";"-1";"1";"";"-1";"1";"0";"1";"50"
"202400004549";"3";"RD810";"0";"";"1";"1";"0";"1";"23";"1 488";"2";"";"-1";"1";"5";"1";"50"
"202400004550";"6";"";"0";"";"-1";"-1";"0";"1";"0";"0";"1";"";"-1";"2";"9";"1";"30"
"202400004551";"4";"";"0";"";"2";"2";"0";"2";"1";"0";"1";"";"-1";"1";"0";"1";"30"
"202400004552";"7";"PERRET (AVENUE NESTOR)";"0";"";"2";"2";"0";"1";"9";"475";"1";"";"5,5";"1";"0";"1";"50"
"202400004553";"3";"";"-1";"";"1";"2";"0";"1";"0";"0";"1";"";"-1";"2";"0";"1";"-1"
"202400004553";"3";"";"0";"";"3";"4";"0";"1";"0";"1";"1";"";"-1";"2";"0";"1";"50"
"202400004554";"3";"970";"0";"";"2";"2";"0";"1";"1";"0";"1";"";"-1";"1";"0";"1";"50"
"202400004555";"4";"BLANZAT (RUE DE)";"0";"";"2";"3";"0";"1";"-1";"-1";"1";"";"-1";"1";"0";"1";"30"
"202400004555";"4";"CHAUFFOUR (RUE DU)";"0";"";"2";"3";"0";"1";"-1";"-1";"1";"";"-1";"1";"0";"1";"30"
"202400004556";"3";"301";"0";"";"2";"2";"1";"2";"1";"0";"1";"";"-1";"1";"0";"4";"50"
"202400004557";"3";"CD 301";"0";"";"-1";"2";"0";"1";"14";"630";"1";"";"-1";"1";"0";"1";"90"
"202400004558";"3";"902";"0";"";"2";"2";"0";"1";"1";"0";"1";"";"-1";"1";"0";"1";"50"
"202400004558";"3";"";"-1";"";"1";"1";"0";"1";"0";"0";"1";"";"-1";"1";"0";"1";"-1"
"202400004559";"4";"DEUX MOULINS (AVENUE)";"0";"";"2";"2";"0";"1";"-1";"-1";"1";"";"-1";"1";"0";"1";"45"
"202400004560";"4";"DEMAINE ( BD YVES )";"0";"";"2";"2";"0";"1";"-1";"-1";"3";"";"-1";"1";"0";"3";"30"
"202400004561";"3";"SELLIER (BOULEVARD HENRI)";"0";"";"3";"2";"0";"2";"0";"0";"1";"";"-1";"2";"0";"1";"50"
"202400004562";"4";"";"0";"";"2";"2";"0";"2";"-1";"-1";"3";"";"-1";"1";"0";"3";"50"
"202400004563";"3";"PREMIER MAI RUE DU";"0";"";"2";"2";"0";"1";"0";"0";"1";"";"-1";"2";"0";"1";"50"
"202400004564";"3";"ARISTIDE BRIAND (AVENUE)";"0";"";"2";"1";"0";"1";"0";"436";"1";"";"-1";"1";"0";"1";"50"
"202400004565";"3";"ASNIERES (PONT D')";"0";"";"2";"2";"0";"1";"0";"0";"1";"";"7";"2";"2";"1";"50"
"202400004565";"3";"CLICHY (QUAI DE) DE (8 A 60)";"0";"";"3";"2";"0";"2";"0";"0";"1";"";"7";"2";"3";"1";"50"
"202400004566";"4";"FOCH BOULEVARD";"0";"";"2";"6";"0";"1";"-1";"-1";"1";"";"-1";"1";"0";"1";"50"
"202400004566";"4";"HUIT MAI 1945 AVENUE";"0";"";"2";"3";"0";"1";"-1";"-1";"1";"";"-1";"1";"0";"1";"50"
"202400004567";"3";"HOUDAN (RUE)";"0";"";"2";"2";"0";"1";"0";"0";"1";"";"-1";"2";"0";"1";"50"
"202400004568";"4";"LETANDUERE";"0";"";"2";"2";"0";"1";"-1";"-1";"1";"";"-1";"1";"0";"1";"30"
"202400004568";"4";"STRASBOURG BOULEVARD";"0";"";"2";"2";"0";"1";"-1";"-1";"1";"";"-1";"1";"0";"1";"50"
"202400004569";"7";"ROUTE NATIONALE 20";"0";"";"2";"4";"0";"1";"22";"115";"1";"";"14";"1";"0";"1";"50"
"202400004570";"3";"RD 590";"0";"";"2";"2";"0";"1";"66";"664";"3";"";"7";"1";"0";"1";"50"
"202400004571";"3";"COUBON (AVENUE DE)";"0";"";"2";"3";"0";"1";"0";"272";"1";"";"-1";"1";"0";"1";"50"
"202400004572";"4";"VILLIERS (ROUTE DE)";"0";"";"3";"2";"0";"1";"0";"0";"1";"";"-1";"1";"0";"1";"50"
"202400004573";"3";"ABBE LEMIRE DE L'";"0";"";"2";"2";"0";"1";"0";"0";"1";"";"-1";"2";"0";"1";"50"
"202400004573";"3";"REDOUTE ( AVENUE DE LA  )";"0";"";"2";"3";"3";"1";"0";"0";"1";"";"-1";"2";"0";"1";"50"
"202400004574";"4";"BREL (RUE JACQUES)";"0";"";"2";"2";"0";"1";"-1";"-1";"1";"";"-1";"1";"0";"1";"50"
"202400004575";"3";"588";"0";"D";"2";"2";"0";"1";"20";"913";"1";"";"5";"2";"0";"3";"90"
"202400004576";"4";"BLANC CAMILLE (BOULEVARD)";"0";"";"2";"0";"0";"1";"0";"0";"1";"";"-1";"1";"0";"1";"50"
"202400004577";"4";"AVE DE LA LIBERATION-CH. DE GAULLE";"0";"";"3";"2";"3";"1";"-1";"-1";"1";"";"-1";"1";"4";"1";"50"
"202400004578";"3";"";"0";"";"2";"1";"0";"1";"39";"525";"1";"";"-1";"1";"9";"1";"70"
"202400004578";"3";"PORTAL JOSEPH (CHEMIN)";"0";"";"-1";"0";"0";"1";"0";"0";"1";"";"-1";"1";"0";"1";"50"
"202400004579";"3";"4";"-1";"D";"3";"2";"0";"1";"17";"468";"3";"";"7";"2";"5";"1";"50"
"202400004580";"4";"BEREST EUGENE";"0";"";"2";"2";"0";"1";"-1";"-1";"1";"";"-1";"1";"0";"1";"30"
"202400004580";"4";"KERBRIANT";"0";"";"1";"1";"1";"1";"-1";"-1";"1";"";"-1";"1";"0";"1";"30"
"202400004581";"3";"956";"-1";"";"2";"2";"0";"1";"13";"34";"2";"";"7";"2";"5";"3";"50"
"202400004582";"4";"PEGUY (Rue Charles)";"0";"";"2";"2";"0";"1";"-1";"-1";"1";"";"-1";"1";"0";"1";"50"
"202400004582";"4";"RAVALY ( Chemin de)";"0";"";"2";"2";"0";"1";"-1";"-1";"1";"";"-1";"1";"0";"1";"50"
"202400004583";"2";"3";"0";"";"2";"2";"0";"2";"52";"290";"3";"";"5";"1";"0";"1";"50"
"202400004584";"4";"AEROPORT";"0";"";"1";"2";"0";"1";"1";"0";"3";"";"-1";"1";"0";"1";"50"
"202400004585";"4";"GRANDE CONCHE (DE LA) (AV)";"0";"";"2";"2";"0";"1";"-1";"-1";"1";"";"-1";"1";"5";"1";"30"
"202400004586";"3";"120";"0";"";"2";"4";"0";"1";"1";"220";"1";"";"-1";"1";"0";"1";"50"
"202400004587";"2";"12";"0";"N";"3";"2";"0";"2";"99";"200";"2";"";"10";"1";"0";"3";"110"
"202400004588";"4";"NAPOLLON (ROUTE DE)";"0";"";"2";"2";"0";"1";"1";"0";"1";"";"-1";"1";"0";"1";"50"
"202400004589";"2";"RTE N113 MARSEILLE A BORBEAUX";"0";"";"1";"2";"0";"1";"72";"400";"1";"";"10";"1";"0";"1";"90"
"202400004590";"3";"A.51";"0";"";"1";"0";"0";"1";"1";"0";"1";"";"0";"1";"3";"1";"50"
"202400004590";"3";"A.51";"0";"";"3";"0";"0";"2";"1";"0";"1";"";"0";"1";"5";"1";"50"
"202400004590";"3";"GALICE (RTE)";"0";"";"1";"0";"1";"1";"1";"0";"1";"";"0";"1";"5";"1";"50"
"202400004591";"4";"ALSACE LORRAINE (RUE D'";"0";"";"2";"2";"1";"1";"-1";"-1";"1";"";"-1";"1";"0";"5";"50"
"202400004591";"4";"JULES GUESDE (RUE)";"0";"";"1";"1";"1";"1";"-1";"-1";"1";"";"-1";"1";"0";"5";"50"
"202400004592";"4";"ASSALIT (RUE)";"0";"";"1";"1";"0";"1";"1";"0";"1";"";"-1";"1";"0";"8";"50"
"202400004592";"4";"LEPANTE (R. DE)";"0";"";"1";"2";"0";"1";"1";"0";"1";"";"-1";"1";"0";"1";"50"
"202400004593";"3";"CHEMINS (CARREFOUR DES 4)";"0";"";"1";"2";"0";"1";"67";"743";"2";"";"-1";"1";"5";"1";"30"
"202400004594";"3";"REBUFFEL (RUE)";"0";"";"1";"1";"0";"1";"0";"0";"1";"";"-1";"1";"0";"1";"50"
"202400004594";"3";"SADI CARNOT (BOULEVARD)";"0";"";"2";"3";"3";"1";"0";"220";"3";"";"-1";"1";"0";"1";"50"
"202400004595";"3";"BAD KREUZNACH  (AVENUE DE - N° PAIRS)";"0";"";"2";"2";"0";"1";"50";"210";"1";"";"7";"1";"0";"1";"50"
"202400004595";"3";"CUEGRES ( CHEMIN DE )";"0";"";"2";"2";"0";"1";"-1";"-1";"1";"";"7";"1";"0";"1";"50"
"202400004596";"4";"PORTE DE SEVRES";"0";"";"1";"3";"0";"1";"8";"900";"1";"";"-1";"1";"0";"1";"70"
"202400004597";"4";"BOULEVARD DE LA VILLETTE";"0";"";"2";"4";"1";"1";"-1";"-1";"1";"";"-1";"1";"0";"1";"30"
"202400004598";"4";"RUE DE LA TOUR";"0";"";"1";"1";"0";"1";"-1";"-1";"1";"";"-1";"1";"0";"1";"30"
"202400004598";"4";"RUE FRANCISQUE SARCEY";"0";"";"1";"1";"0";"1";"-1";"-1";"1";"";"-1";"1";"0";"1";"30"
"202400004599";"4";"BOULEVARD HENRI IV";"0";"";"2";"2";"2";"1";"-1";"-1";"1";"";"-1";"1";"0";"5";"30"
"202400004599";"4";"null";"-1";"null";"-1";"-1";"-1";"1";"-1";"-1";"1";"";"-1";"1";"0";"1";"30"
"202400004600";"4";"BOULEVARD DE LA VILLETTE";"0";"";"2";"3";"1";"1";"-1";"-1";"1";"";"-1";"1";"0";"5";"30"
"202400004600";"4";"";"-1";"";"1";"-1";"-1";"1";"-1";"-1";"1";"";"-1";"1";"0";"5";"-1"
"202400004601";"4";"RUE DE PROVENCE";"0";"";"1";"2";"2";"1";"-1";"-1";"1";"";"-1";"1";"0";"1";"30"
"202400004601";"4";"RUE LA FAYETTE";"0";"";"1";"2";"2";"1";"-1";"-1";"1";"";"-1";"1";"0";"1";"30"
"202400004602";"4";"";"0";"";"2";"2";"0";"1";"0";"0";"1";"";"-1";"1";"0";"1";"50"
"202400004603";"3";"150A";"0";"";"1";"1";"0";"1";"0";"0";"1";"";"-1";"1";"0";"1";"30"
"202400004603";"3";"5";"0";"";"3";"4";"0";"1";"0";"0";"1";"";"-1";"1";"0";"1";"50"
"202400004604";"4";"";"0";"";"2";"2";"1";"1";"0";"0";"1";"";"-1";"1";"0";"1";"50"
"202400004605";"3";"20";"0";"";"2";"2";"2";"1";"0";"1";"1";"";"-1";"1";"0";"1";"50"
"202400004605";"3";"";"-1";"";"3";"4";"2";"1";"0";"1";"1";"";"-1";"1";"0";"1";"-1"
"202400004606";"3";"902";"0";"";"2";"2";"0";"3";"0";"1";"1";"";"-1";"1";"0";"1";"30"
"202400004606";"3";"";"-1";"";"1";"1";"0";"1";"0";"0";"1";"";"-1";"1";"0";"1";"-1"
"202400004607";"3";"921";"0";"";"3";"4";"1";"1";"134";"0";"1";"";"0";"1";"0";"1";"50"
"202400004608";"3";"932";"0";"";"3";"4";"0";"1";"0";"1";"1";"";"0";"1";"0";"1";"50"
"202400004608";"3";"";"-1";"";"1";"1";"0";"1";"0";"0";"1";"";"-1";"1";"0";"1";"-1"
"202400004609";"3";"986";"0";"";"3";"3";"1";"1";"0";"1";"1";"";"-1";"1";"0";"6";"50"
"202400004609";"3";"";"-1";"";"3";"4";"0";"1";"0";"1";"1";"";"-1";"1";"0";"6";"-1"
"202400004610";"3";"MONT VALERIEN";"0";"";"2";"2";"0";"1";"0";"0";"1";"";"-1";"2";"0";"4";"50"
"202400004611";"4";"BERTHELOT (AV. MARCELIN)";"0";"";"3";"4";"0";"1";"-1";"-1";"1";"";"-1";"1";"0";"1";"50"
"202400004612";"3";"915";"0";"";"2";"2";"0";"1";"11";"200";"1";"";"7";"1";"9";"1";"80"
"202400004613";"3";"ESTIENNE D'ORVES (RUE D')";"0";"";"-1";"1";"2";"1";"0";"0";"1";"";"-1";"1";"0";"1";"30"
"202400004613";"3";"HUGO (AVENUE VICTOR)";"0";"";"-1";"2";"2";"1";"0";"0";"1";"";"-1";"1";"0";"1";"50"
"202400004614";"4";"PREMIER MAI RUE DU";"0";"";"2";"2";"0";"1";"0";"0";"1";"";"-1";"1";"2";"1";"50"
"202400004614";"4";"SAULES RUE DES";"0";"";"2";"4";"0";"1";"0";"0";"1";"";"-1";"1";"2";"1";"50"
"202400004615";"4";"MONTGOMERY (AVENUE DU MARECHAL)";"0";"";"2";"2";"0";"1";"0";"0";"1";"";"-1";"1";"0";"1";"30"
"202400004615";"4";"SAINT LOUIS (RUE)";"0";"";"2";"2";"0";"1";"0";"0";"1";"";"-1";"1";"0";"1";"30"
"202400004616";"3";"840";"-1";"";"2";"2";"0";"1";"24";"440";"1";"";"7";"1";"0";"1";"50"
"202400004617";"3";"GALLIENI (BOULEVARD)";"0";"";"1";"2";"0";"1";"0";"0";"1";"";"-1";"1";"0";"1";"30"
"202400004617";"3";"GOUVERNEUR GAL EBOUE DU 02 AU 64";"0";"";"-1";"2";"0";"1";"0";"0";"1";"";"-1";"1";"0";"1";"30"
"202400004618";"1";"131";"-1";"";"1";"2";"0";"1";"11";"990";"1";"";"10";"1";"0";"1";"130"
"202400004619";"4";"";"0";"";"2";"0";"0";"2";"0";"0";"3";"";"-1";"1";"0";"1";"50"
"202400004620";"4";"LEGRAND";"0";"";"2";"2";"0";"1";"-1";"-1";"1";"";"-1";"2";"5";"1";"30"
"202400004620";"4";"POLOSSON";"0";"";"2";"2";"0";"1";"-1";"-1";"1";"";"-1";"2";"0";"1";"30"
"202400004621";"3";"8";"0";"D";"2";"2";"0";"3";"53";"930";"1";"";"4";"1";"0";"1";"80"
"202400004622";"3";"CD 522";"0";"";"2";"2";"0";"3";"21";"200";"2";"";"5,5";"2";"0";"3";"80"
"202400004623";"4";"";"-1";"";"-1";"2";"0";"1";"-1";"-1";"1";"";"-1";"1";"0";"1";"50"
"202400004624";"3";"6089";"0";"D";"2";"2";"0";"1";"84";"780";"2";"";"7";"1";"0";"1";"80"
"202400004625";"4";"MARTELLI GILBERT (AVENUE)";"0";"";"3";"1";"0";"1";"0";"0";"3";"";"-1";"1";"0";"1";"50"
"202400004625";"4";"MAS COULET (PONT DU)";"0";"";"1";"1";"0";"1";"0";"0";"1";"";"-1";"1";"2";"1";"50"
"202400004626";"1";"11";"-1";"";"3";"3";"3";"1";"57";"540";"1";"";"13,5";"1";"2";"2";"130"
"202400004627";"4";"";"0";"";"1";"2";"0";"1";"0";"1";"1";"";"-1";"1";"0";"1";"50"
"202400004627";"4";"";"0";"";"2";"3";"0";"1";"0";"1";"1";"";"-1";"1";"0";"1";"50"
"202400004628";"3";"118";"0";"";"2";"2";"0";"1";"0";"1";"1";"";"-1";"2";"0";"1";"30"
"202400004628";"3";"";"0";"";"2";"2";"0";"1";"0";"0";"1";"";"-1";"2";"0";"1";"30"
"202400004629";"2";"2";"0";"N";"2";"2";"0";"1";"107";"114";"1";"";"-1";"1";"0";"1";"50"
"202400004630";"4";"";"0";"";"1";"1";"0";"1";"0";"1";"1";"";"-1";"1";"0";"1";"50"
"202400004631";"3";"4";"0";"";"2";"2";"3";"1";"0";"1";"1";"";"-1";"2";"2";"1";"50"
"202400004631";"3";"";"-1";"";"2";"2";"0";"2";"-1";"-1";"1";"";"-1";"2";"0";"1";"-1"
"202400004632";"3";"27";"0";"";"2";"1";"0";"1";"0";"1";"1";"";"-1";"2";"0";"1";"50"
"202400004632";"3";"";"0";"";"-1";"1";"0";"1";"0";"1";"1";"";"-1";"2";"0";"1";"50"
"202400004633";"3";"984";"-1";"D";"2";"2";"0";"1";"3";"720";"1";"";"7";"1";"0";"1";"90"
"202400004633";"3";"";"-1";"";"2";"2";"-1";"1";"0";"0";"1";"";"-1";"1";"0";"1";"90"
"202400004634";"4";"";"0";"";"2";"2";"0";"1";"0";"0";"1";"";"-1";"2";"0";"1";"50"
"202400004634";"4";"";"0";"";"2";"2";"2";"2";"0";"0";"1";"";"-1";"2";"0";"1";"50"
"202400004635";"3";"19";"-1";"";"2";"2";"0";"1";"96";"480";"2";"";"7";"1";"0";"3";"80"
"202400004636";"3";"LIBERATION RD14 (BOULEVARD)";"0";"";"3";"4";"0";"1";"0";"1";"1";"";"-1";"2";"0";"1";"50"
"202400004636";"3";"";"-1";"";"2";"2";"-1";"1";"-1";"-1";"1";"";"-1";"2";"0";"1";"-1"
"202400004637";"2";"7";"-1";"";"2";"3";"0";"1";"16";"650";"1";"";"10,5";"1";"0";"1";"80"
"202400004638";"3";"208";"0";"";"2";"2";"0";"1";"0";"0";"3";"";"-1";"1";"5";"1";"50"
"202400004638";"3";"";"-1";"";"2";"2";"3";"1";"-1";"-1";"1";"";"-1";"1";"5";"1";"-1"
"202400004639";"3";"24";"0";"";"2";"3";"0";"1";"0";"1";"1";"";"-1";"1";"0";"1";"50"
"202400004639";"3";"";"0";"";"2";"2";"0";"1";"0";"1";"1";"";"-1";"1";"0";"1";"50"
"202400004640";"3";"101";"-1";"D";"2";"2";"0";"1";"22";"520";"2";"";"5,3";"1";"0";"3";"50"
"202400004640";"3";"";"-1";"";"2";"2";"-1";"1";"-1";"-1";"1";"";"-1";"1";"0";"1";"50"
"202400004641";"3";"250";"0";"";"2";"2";"0";"1";"0";"0";"1";"";"-1";"1";"0";"1";"50"
"202400004641";"3";"254";"0";"";"2";"2";"0";"1";"0";"0";"1";"";"-1";"1";"0";"1";"50"
"202400004642";"3";"931";"0";"";"3";"3";"3";"2";"0";"0";"1";"";"13,5";"7";"2";"6";"50"
"202400004643";"9";"10";"0";"T";"-1";"2";"0";"2";"60";"500";"2";"";"-1";"1";"0";"1";"80"
"202400004644";"4";"";"0";"";"2";"2";"0";"1";"0";"1";"1";"";"-1";"1";"0";"1";"30"
"202400004645";"4";"";"0";"";"1";"1";"0";"1";"0";"1";"2";"";"-1";"2";"0";"1";"30"
"202400004645";"4";"";"0";"";"1";"2";"1";"1";"0";"1";"1";"";"-1";"2";"0";"1";"30"
"202400004646";"3";"233";"0";"";"3";"2";"0";"1";"0";"1";"1";"";"-1";"1";"0";"1";"30"
"202400004646";"3";"";"-1";"";"2";"2";"2";"1";"0";"1";"1";"";"-1";"1";"0";"1";"-1"
"202400004647";"4";"";"0";"";"1";"2";"2";"1";"-1";"-1";"1";"";"-1";"2";"0";"5";"50"
"202400004648";"3";"233";"0";"";"3";"4";"0";"1";"0";"1";"1";"";"-1";"2";"5";"1";"30"
"202400004648";"3";"4";"0";"";"2";"4";"0";"1";"0";"1";"1";"";"-1";"2";"5";"1";"30"
"202400004649";"3";"308";"-1";"";"2";"2";"0";"2";"15";"220";"1";"";"-1";"1";"0";"1";"80"
"202400004649";"3";"";"-1";"";"2";"2";"0";"2";"-1";"-1";"4";"";"-1";"1";"0";"1";"-1"
"202400004650";"3";"32";"-1";"";"2";"2";"0";"1";"21";"464";"1";"";"5";"1";"5";"1";"80"
"202400004650";"3";"D14";"-1";"";"2";"2";"0";"1";"4";"775";"1";"";"5";"1";"0";"1";"80"
"202400004651";"3";"111";"0";"";"2";"2";"0";"2";"1";"0";"1";"";"7";"1";"0";"1";"50"
"202400004651";"3";"124";"0";"";"2";"2";"0";"1";"1";"0";"1";"";"7";"1";"0";"1";"50"
"202400004652";"3";"978";"0";"";"2";"2";"0";"1";"27";"303";"2";"";"7";"1";"0";"1";"80"
"202400004653";"4";"";"0";"";"1";"1";"2";"2";"-1";"-1";"1";"";"-1";"2";"0";"1";"50"
"202400004654";"4";"";"-1";"";"2";"2";"0";"1";"-1";"-1";"1";"";"-1";"1";"0";"1";"-1"
"202400004654";"4";"";"0";"";"2";"2";"1";"1";"0";"0";"1";"";"-1";"1";"0";"1";"50"
"202400004655";"3";"";"-1";"";"2";"2";"0";"2";"30";"140";"1";"";"-1";"2";"0";"1";"30"
"202400004656";"3";"88";"0";"";"2";"2";"0";"2";"15";"362";"3";"";"4";"1";"0";"1";"80"
"202400004657";"3";"918";"0";"";"2";"2";"0";"2";"31";"240";"1";"";"7";"1";"0";"3";"90"
"202400004658";"4";"";"0";"";"1";"1";"0";"1";"0";"0";"2";"";"-1";"1";"0";"1";"50"
"202400004659";"4";"PONT NEUF";"0";"";"2";"4";"1";"1";"0";"0";"3";"";"-1";"2";"0";"5";"30"
"202400004659";"4";"ROND POINT (DU)";"0";"";"-1";"0";"0";"1";"0";"0";"3";"";"-1";"2";"0";"5";"30"
"202400004660";"3";"38";"-1";"D";"2";"2";"0";"1";"6";"340";"1";"";"5,5";"1";"0";"3";"80"
"202400004661";"4";"CHARLES CONRAD (RUE)";"0";"";"2";"2";"0";"1";"0";"0";"1";"";"-1";"2";"0";"1";"50"
"202400004661";"4";"";"0";"";"2";"2";"0";"1";"0";"0";"1";"";"-1";"2";"0";"1";"50"
"202400004662";"3";"GRANDOU (AVENUE MICHEL)";"0";"";"2";"2";"0";"1";"57";"0";"1";"";"-1";"2";"0";"1";"50"
"202400004663";"3";"931";"0";"";"3";"4";"0";"1";"0";"1";"1";"";"-1";"2";"0";"1";"50"
"202400004663";"3";"";"-1";"";"2";"3";"1";"1";"0";"1";"1";"";"-1";"2";"0";"1";"-1"
"202400004664";"3";"813";"0";"D";"2";"2";"0";"1";"53";"450";"1";"";"5";"2";"0";"1";"50"
"202400004665";"3";"23";"-1";"D";"2";"2";"0";"1";"4";"900";"1";"";"5,5";"1";"0";"1";"80"
"202400004665";"3";"";"0";"";"2";"2";"0";"1";"-1";"-1";"1";"";"5,5";"1";"0";"1";"80"
"202400004666";"3";"626";"0";"";"2";"2";"0";"2";"47";"0";"2";"";"6";"2";"0";"3";"80"
"202400004667";"4";"";"0";"";"2";"2";"1";"1";"0";"1";"1";"";"-1";"2";"8";"1";"50"
"202400004668";"3";"911";"-1";"";"2";"2";"0";"1";"16";"735";"1";"";"5,5";"1";"0";"3";"90"
"202400004669";"3";"626";"-1";"";"2";"2";"0";"1";"47";"460";"1";"";"6";"2";"0";"1";"80"
"202400004670";"3";"40";"0";"";"3";"2";"2";"1";"0";"1";"1";"";"-1";"1";"0";"5";"50"
"202400004670";"3";"";"0";"";"2";"2";"0";"1";"0";"0";"1";"";"-1";"1";"0";"5";"50"
"202400004671";"9";"FRAISES (CHEMIN DES)";"0";"";"1";"1";"0";"1";"1";"0";"1";"";"-1";"1";"4";"6";"50"
"202400004672";"4";"";"0";"";"2";"2";"0";"2";"-1";"-1";"1";"";"-1";"1";"4";"6";"50"
"202400004673";"3";"15";"0";"A";"2";"2";"0";"1";"-1";"-1";"1";"";"-1";"1";"0";"1";"80"
"202400004674";"3";"934";"0";"";"3";"4";"0";"1";"1";"0";"1";"";"-1";"1";"0";"1";"50"
"202400004674";"3";"970";"0";"";"3";"4";"0";"1";"1";"0";"3";"";"-1";"1";"0";"1";"50"
"202400004675";"3";"139";"-1";"";"2";"2";"0";"1";"1";"741";"1";"";"5,5";"1";"0";"1";"50"
"202400004676";"4";"";"-1";"";"1";"1";"-1";"1";"-1";"-1";"1";"";"-1";"2";"0";"1";"-1"
"202400004676";"4";"";"0";"";"2";"2";"0";"1";"1";"0";"1";"";"-1";"2";"0";"1";"30"
"202400004677";"3";"2020";"-1";"";"2";"3";"0";"1";"8";"920";"1";"";"10,5";"1";"0";"1";"90"
"202400004678";"3";"472";"0";"D";"2";"2";"0";"1";"3";"400";"1";"";"5,5";"1";"0";"1";"90"
"202400004678";"3";"";"-1";"";"2";"2";"-1";"1";"-1";"-1";"1";"";"-1";"9";"0";"8";"-1"
"202400004679";"4";"21";"0";"";"2";"2";"0";"1";"-1";"-1";"1";"";"-1";"2";"0";"1";"-1"
"202400004680";"4";"";"-1";"";"2";"2";"1";"1";"-1";"-1";"1";"";"-1";"1";"0";"1";"-1"
"202400004680";"4";"";"0";"";"1";"2";"0";"1";"0";"0";"1";"";"-1";"1";"5";"1";"50"
"202400004681";"3";"328.9";"0";"";"2";"2";"0";"1";"999";"55";"1";"";"-1";"1";"0";"4";"50"
"202400004682";"3";"673";"0";"D";"2";"3";"0";"1";"3";"-1";"1";"";"10,5";"1";"0";"1";"90"
"202400004683";"3";"avenue arblade";"0";"";"1";"1";"0";"2";"0";"0";"1";"";"-1";"1";"8";"1";"50"
"202400004683";"3";"CAMELINAT";"0";"";"2";"2";"2";"1";"0";"0";"1";"";"-1";"1";"0";"1";"50"
"202400004683";"3";"JACQUES JEZEQUEL (AVENUE)";"0";"";"2";"2";"0";"1";"0";"0";"1";"";"-1";"1";"2";"1";"50"
"202400004684";"3";"954";"-1";"";"2";"2";"0";"1";"3";"240";"1";"";"7";"1";"0";"1";"80"
"202400004685";"3";"788";"0";"";"2";"2";"0";"1";"23";"1 100";"1";"";"-1";"1";"0";"1";"80"
"202400004686";"3";"DE STALINGRAD";"0";"";"2";"2";"1";"2";"0";"0";"1";"";"-1";"1";"0";"1";"50"
"202400004687";"7";"LEDOUX CLAUDE NICOLAS (RUE)";"0";"";"2";"2";"0";"1";"8";"200";"1";"";"-1";"1";"8";"1";"50"
"202400004688";"2";"5";"0";"";"2";"2";"0";"1";"30";"0";"1";"";"5";"1";"0";"1";"80"
"202400004689";"3";"GAULLE (PLACE CHARLES DE)";"0";"";"2";"2";"0";"4";"0";"0";"1";"";"6";"2";"6";"1";"30"
"202400004689";"3";"SEVRES (RUE DE)";"0";"";"2";"2";"0";"2";"0";"0";"1";"";"6";"2";"0";"1";"50"
"202400004690";"3";"985";"0";"";"2";"2";"0";"1";"0";"0";"1";"";"-1";"1";"0";"3";"50"
"202400004691";"3";"09";"0";"D";"2";"2";"0";"1";"24";"150";"1";"";"4";"1";"0";"3";"80"
"202400004692";"3";"ATUR (ROUTE D')";"0";"";"2";"2";"0";"1";"0";"0";"2";"";"4";"1";"0";"1";"80"
"202400004693";"4";"SURESNES";"0";"";"3";"2";"0";"1";"0";"0";"2";"";"-1";"2";"0";"8";"50"
"202400004694";"3";"974";"0";"D";"2";"2";"0";"2";"27";"0";"2";"";"-1";"1";"0";"3";"80"
"202400004695";"4";"FONTANOT RUE DES TROIS";"0";"";"1";"2";"0";"1";"0";"0";"1";"";"-1";"1";"0";"4";"50"
"202400004696";"3";"40";"-1";"";"1";"2";"-1";"1";"0";"1";"1";"";"-1";"1";"0";"1";"-1"
"202400004696";"3";"";"-1";"";"1";"2";"3";"1";"0";"0";"1";"";"-1";"1";"0";"1";"-1"
"202400004697";"3";"570";"0";"";"2";"2";"0";"2";"1";"100";"3";"";"4";"1";"0";"1";"80"
"202400004698";"4";"CAMILLE DESMOULINS";"0";"";"3";"2";"0";"1";"0";"0";"1";"";"-1";"2";"0";"1";"30"
"202400004699";"3";"122";"-1";"";"2";"2";"0";"1";"17";"250";"1";"";"5";"1";"0";"1";"-1"
"202400004700";"3";"117";"0";"D";"2";"2";"0";"1";"44";"0";"1";"";"-1";"1";"0";"1";"80"
"202400004701";"4";"E.VAILLANT > 116   95 (RUE)";"0";"";"2";"3";"0";"1";"0";"0";"1";"";"-1";"1";"0";"1";"30"
"202400004701";"4";"MOSLARD (RUE)";"0";"";"1";"3";"0";"1";"0";"0";"1";"";"-1";"1";"0";"1";"30"
"202400004702";"2";"ROUTE DEPARTEMENTALE 3 BIS";"0";"";"-1";"2";"0";"1";"0";"0";"1";"";"-1";"1";"0";"1";"60"
"202400004702";"2";"ROUTE NATIONALE 1";"0";"";"2";"4";"0";"1";"10";"699";"1";"";"-1";"1";"0";"1";"70"
"202400004703";"3";"MARECHAL DE LATTRE DE TASSIGNY (AVENUE)";"0";"";"2";"2";"1";"1";"0";"0";"1";"";"7";"1";"5";"1";"30"
"202400004703";"3";"QUATRE SEPTEMBRE (QUAI DU)";"0";"";"2";"2";"0";"1";"0";"0";"1";"";"7";"1";"0";"1";"50"
"202400004704";"3";"12";"-1";"";"2";"2";"0";"2";"19";"140";"2";"";"5,5";"1";"0";"8";"30"
"202400004704";"3";"";"-1";"";"1";"1";"0";"1";"-1";"-1";"2";"";"-1";"1";"0";"1";"50"
"202400004705";"1";"AUTOROUTE A1";"0";"";"3";"8";"3";"1";"3";"0";"1";"";"-1";"1";"0";"1";"90"
"202400004706";"4";"GARENNES (RUE DES)";"0";"";"-1";"0";"0";"2";"0";"0";"3";"";"-1";"1";"9";"4";"1"
"202400004707";"3";"25";"-1";"";"2";"2";"0";"1";"7";"350";"1";"";"4";"1";"0";"1";"90"
"202400004708";"3";"ROUTE DEPARTEMENTALE 14";"0";"";"2";"4";"0";"2";"0";"0";"1";"";"-1";"1";"0";"1";"50"
"202400004709";"3";"GENERAL DE GAULLE (PLACE DU)";"0";"";"1";"0";"1";"1";"0";"0";"1";"";"0";"1";"0";"1";"50"
"202400004710";"3";"288";"0";"";"2";"2";"0";"4";"2";"300";"1";"";"4";"1";"0";"1";"80"
"202400004711";"3";"705";"-1";"";"2";"1";"0";"1";"6";"300";"2";"";"5";"2";"0";"4";"50"
"202400004712";"3";"ROUTE DEPARTEMENTALE 3";"0";"";"-1";"2";"0";"1";"0";"0";"1";"";"-1";"1";"0";"1";"70"
"202400004713";"4";"";"0";"";"2";"2";"0";"2";"5";"100";"3";"";"-1";"9";"0";"1";"90"
"202400004714";"3";"";"-1";"D";"-1";"2";"0";"1";"0";"646";"2";"";"-1";"1";"0";"1";"50"
"202400004715";"3";"D15";"0";"";"2";"2";"0";"1";"3";"299";"1";"";"-1";"1";"9";"1";"50"
"202400004716";"3";"D768";"0";"";"1";"1";"0";"1";"24";"1 812";"3";"";"5,5";"1";"0";"1";"50"
"202400004717";"2";"ROUTE NATIONALE 6";"0";"";"2";"2";"0";"1";"0";"0";"1";"";"-1";"1";"0";"1";"90"
"202400004718";"3";"";"0";"";"2";"2";"0";"1";"4";"130";"1";"";"7";"1";"0";"1";"80"
"202400004719";"4";"";"-1";"";"2";"2";"0";"1";"-1";"-1";"1";"";"-1";"1";"0";"1";"50"
"202400004720";"3";"69";"-1";"";"2";"2";"0";"1";"22";"160";"3";"";"5";"1";"0";"1";"50"
"202400004721";"3";"LA HAUT (CHEMIN)";"0";"";"2";"1";"0";"1";"-1";"-1";"1";"";"-1";"1";"0";"1";"50"
"202400004721";"3";"ROUTE DEPARTEMENTALE 14";"0";"";"2";"2";"0";"1";"0";"0";"1";"";"-1";"1";"0";"1";"70"
"202400004722";"3";"";"-1";"";"2";"2";"0";"1";"27";"900";"1";"";"5,5";"1";"0";"1";"80"
"202400004723";"3";"6110";"-1";"";"2";"2";"0";"2";"5";"530";"3";"";"5";"1";"2";"1";"80"
"202400004724";"3";"951";"0";"";"2";"3";"0";"2";"40";"600";"3";"";"10,5";"2";"0";"1";"70"
"202400004725";"1";"AUTOROUTE A1";"0";"";"3";"6";"0";"1";"3";"900";"1";"";"-1";"1";"0";"1";"90"
"202400004726";"1";"5";"0";"";"1";"2";"0";"2";"131";"200";"3";"";"10";"1";"3";"3";"130"
"202400004727";"3";"983";"-1";"";"2";"2";"0";"1";"24";"680";"1";"";"-1";"1";"0";"1";"50"
"202400004728";"4";"LONG BOIS (CHEMIN)";"0";"";"-1";"2";"0";"2";"0";"0";"1";"";"-1";"1";"0";"3";"50"
"202400004729";"3";"932";"-1";"";"2";"2";"0";"3";"3";"620";"1";"";"5,5";"2";"0";"3";"90"
"202400004730";"4";"";"-1";"";"1";"1";"0";"1";"-1";"-1";"1";"";"-1";"1";"0";"1";"50"
"202400004731";"1";"AUTOROUTE A1";"0";"";"3";"6";"3";"1";"0";"0";"1";"";"-1";"2";"0";"6";"90"
"202400004732";"2";"82";"-1";"";"3";"4";"0";"4";"41";"670";"2";"";"10";"1";"0";"1";"110"
"202400004733";"1";"40";"-1";"";"1";"3";"3";"2";"134";"100";"3";"";"14";"1";"0";"6";"110"
"202400004734";"1";"AUTOROUTE A1";"0";"";"3";"6";"0";"1";"2";"500";"1";"";"-1";"1";"0";"1";"90"
"202400004735";"3";"1089";"0";"D";"2";"2";"0";"1";"9";"520";"1";"";"5,5";"2";"0";"1";"50"
"202400004736";"3";"124";"-1";"A";"2";"2";"0";"1";"12";"724";"1";"";"-1";"1";"0";"1";"50"
"202400004737";"3";"930";"0";"D";"2";"2";"0";"1";"31";"793";"2";"";"0";"2";"0";"3";"80"
"202400004738";"4";"";"0";"";"2";"2";"1";"1";"-1";"-1";"1";"";"-1";"1";"0";"1";"50"
"202400004739";"4";"VILLEMARIE AVENUE DE";"0";"";"2";"1";"0";"1";"0";"0";"1";"";"-1";"2";"0";"4";"50"
"202400004740";"3";"576";"0";"D";"2";"2";"0";"1";"5";"750";"1";"";"7";"2";"0";"3";"80"
"202400004741";"4";"HERMITAGE CHEMIN DE L'";"0";"";"2";"2";"0";"1";"1";"0";"2";"";"-1";"1";"0";"3";"50"
"202400004742";"1";"89";"0";"A";"3";"4";"0";"1";"429";"10";"1";"";"10";"1";"0";"1";"130"
"202400004743";"3";"109";"0";"";"2";"2";"0";"1";"9";"200";"2";"";"7";"2";"0";"1";"80"
"202400004743";"3";"";"-1";"";"2";"-1";"-1";"1";"-1";"-1";"1";"";"-1";"2";"0";"1";"-1"
"202400004744";"3";"943";"0";"";"2";"2";"0";"1";"61";"130";"2";"";"7";"1";"0";"8";"80"
"202400004745";"1";"A20";"0";"";"3";"4";"0";"1";"88";"0";"1";"";"-1";"1";"0";"1";"130"
"202400004746";"4";"PEYRIERE CHEMIN DE";"0";"";"2";"1";"0";"1";"0";"0";"1";"";"-1";"1";"0";"1";"30"
"202400004747";"3";"44";"-1";"D";"2";"2";"2";"1";"6";"200";"1";"";"10";"1";"0";"1";"80"
"202400004747";"3";"";"-1";"";"2";"-1";"-1";"2";"-1";"-1";"1";"";"-1";"1";"0";"1";"-1"
"202400004748";"3";"117";"0";"D";"2";"1";"0";"1";"0";"200";"1";"";"3";"2";"0";"3";"80"
"202400004749";"1";"9";"0";"A";"3";"3";"0";"1";"208";"800";"1";"";"13,5";"1";"0";"1";"130"
"202400004750";"4";"";"-1";"";"2";"-1";"-1";"1";"-1";"-1";"1";"";"-1";"1";"0";"1";"-1"
"202400004751";"3";"195";"-1";"";"2";"2";"0";"1";"-1";"-1";"1";"";"5";"2";"0";"1";"50"
"202400004752";"2";"1";"0";"";"2";"1";"1";"1";"26";"300";"1";"";"-1";"1";"0";"5";"60"
"202400004753";"3";"928";"0";"D";"2";"2";"0";"2";"45";"0";"1";"";"7";"1";"0";"1";"80"
"202400004754";"3";"114";"-1";"";"-1";"2";"0";"2";"7";"850";"1";"";"5,5";"1";"5";"1";"50"
"202400004755";"4";"";"0";"";"2";"2";"0";"2";"-1";"-1";"2";"";"-1";"1";"0";"8";"80"
"202400004756";"3";"115";"0";"";"2";"3";"0";"1";"0";"0";"1";"";"-1";"1";"0";"1";"50"
"202400004756";"3";"";"-1";"";"1";"1";"0";"1";"-1";"-1";"1";"";"-1";"1";"0";"1";"-1"
"202400004757";"2";"30";"0";"";"2";"2";"0";"2";"17";"694";"2";"";"-1";"1";"0";"3";"70"
"202400004758";"4";"BELIN (RUE EDOUARD)";"0";"";"2";"2";"0";"1";"-1";"-1";"1";"";"-1";"1";"9";"8";"30"
"202400004759";"3";"740";"-1";"";"2";"2";"0";"2";"2";"320";"2";"";"5,5";"1";"0";"1";"80"
"202400004760";"4";"";"-1";"";"2";"2";"0";"1";"-1";"-1";"1";"";"-1";"1";"0";"1";"50"
"202400004761";"4";"";"0";"";"1";"1";"0";"1";"0";"0";"3";"";"-1";"1";"0";"1";"30"
"202400004762";"3";"104";"0";"";"2";"2";"0";"2";"31";"620";"1";"";"-1";"1";"0";"1";"-1"
"202400004762";"3";"";"-1";"";"2";"-1";"-1";"1";"0";"0";"1";"";"-1";"1";"5";"1";"-1"
"202400004763";"3";"46";"-1";"";"2";"2";"0";"1";"22";"500";"1";"";"-1";"1";"0";"1";"80"
"202400004764";"4";"";"-1";"";"2";"2";"0";"1";"-1";"-1";"1";"";"-1";"1";"0";"1";"50"
"202400004764";"4";"";"-1";"";"2";"2";"-1";"1";"-1";"-1";"1";"";"-1";"1";"0";"1";"50"
"202400004765";"3";"17";"3";"E";"2";"2";"0";"1";"5";"370";"1";"";"5,5";"1";"0";"8";"-1"
"202400004766";"3";"138";"0";"A";"2";"2";"0";"1";"10";"900";"3";"";"4";"1";"0";"1";"30"
"202400004767";"4";"";"-1";"";"2";"2";"-1";"1";"-1";"-1";"1";"";"-1";"1";"0";"1";"-1"
"202400004767";"4";"";"-1";"";"2";"2";"-1";"1";"-1";"-1";"1";"";"-1";"1";"0";"1";"50"
"202400004768";"7";"2089";"0";"";"2";"2";"0";"1";"45";"865";"1";"";"-1";"1";"0";"1";"50"
"202400004768";"7";"";"-1";"";"2";"2";"-1";"1";"-1";"-1";"1";"";"-1";"1";"0";"1";"-1"
"202400004769";"1";"36";"-1";"";"3";"2";"0";"1";"202";"0";"1";"";"10";"1";"0";"1";"130"
"202400004770";"3";"";"-1";"";"2";"2";"0";"1";"19";"500";"1";"";"-1";"1";"0";"1";"50"
"202400004771";"3";"990";"0";"";"2";"2";"0";"1";"47";"860";"1";"";"6";"1";"0";"1";"50"
"202400004772";"3";"";"-1";"";"2";"2";"-1";"1";"16";"520";"1";"";"-1";"1";"0";"1";"50"
"202400004773";"4";"";"-1";"";"2";"2";"-1";"1";"-1";"-1";"1";"";"-1";"2";"0";"1";"50"
"202400004774";"1";"6";"-1";"";"3";"2";"0";"1";"83";"946";"1";"";"10,5";"1";"0";"1";"130"
"202400004775";"4";"";"0";"";"1";"1";"0";"1";"-1";"-1";"1";"";"-1";"1";"0";"1";"50"
"202400004776";"4";"BOULEVARD SAINT MARCEL";"0";"";"2";"4";"0";"1";"-1";"-1";"1";"";"-1";"1";"0";"1";"50"
"202400004776";"4";"";"-1";"";"1";"-1";"-1";"1";"-1";"-1";"1";"";"-1";"1";"0";"1";"50"
"202400004777";"3";"84";"2";"B";"1";"2";"0";"1";"3";"200";"2";"";"4";"1";"0";"1";"80"
"202400004778";"3";"402";"0";"";"2";"2";"0";"1";"56";"772";"1";"";"5,5";"2";"0";"1";"80"
"202400004779";"4";"";"-1";"";"2";"2";"-1";"1";"-1";"-1";"1";"";"-1";"1";"0";"1";"50"
"202400004780";"3";"23";"0";"D";"2";"2";"0";"2";"5";"800";"3";"";"5,5";"1";"0";"3";"80"
"202400004781";"3";"559";"0";"";"2";"2";"0";"2";"83";"180";"1";"";"5,5";"2";"0";"3";"70"
"202400004782";"3";"24";"0";"";"2";"1";"0";"1";"-1";"-1";"2";"";"5";"2";"5";"1";"80"
"202400004783";"4";"";"-1";"";"-1";"-1";"-1";"1";"-1";"-1";"2";"";"-1";"1";"0";"1";"-1"
"202400004783";"4";"";"-1";"";"-1";"-1";"-1";"1";"-1";"-1";"2";"";"-1";"1";"5";"1";"50"
"202400004784";"3";"728";"-1";"";"2";"2";"0";"1";"37";"850";"1";"";"6";"1";"0";"1";"50"
"202400004784";"3";"";"-1";"";"2";"2";"-1";"1";"-1";"-1";"1";"";"-1";"1";"5";"1";"50"
"202400004785";"6";"CHAPPEY (AVE MARC)";"0";"";"-1";"0";"0";"1";"-1";"-1";"1";"";"-1";"1";"9";"8";"10"
"202400004786";"3";"1084";"0";"";"2";"3";"0";"1";"4";"600";"1";"";"-1";"2";"0";"1";"50"
"202400004786";"3";"";"0";"";"2";"3";"0";"1";"-1";"-1";"1";"";"-1";"2";"0";"1";"50"
"202400004787";"3";"";"-1";"";"2";"2";"0";"2";"0";"300";"4";"";"4";"2";"0";"1";"70"
"202400004788";"4";"FRANKLIN (RUE BENJAMIN)";"0";"";"-1";"0";"0";"1";"-1";"-1";"1";"";"-1";"2";"0";"8";"30"
"202400004789";"3";"3";"0";"D";"2";"2";"0";"1";"20";"10";"1";"";"5,5";"1";"0";"1";"-1"
"202400004789";"3";"3E2";"0";"D";"2";"2";"0";"1";"-1";"-1";"1";"";"5,5";"1";"5";"1";"80"
"202400004790";"3";"";"-1";"";"2";"1";"0";"1";"27";"220";"2";"";"3";"1";"5";"1";"50"
"202400004791";"4";"Jean Hieaux";"0";"";"2";"2";"0";"1";"-1";"-1";"1";"";"-1";"2";"0";"1";"30"
"202400004792";"3";"18";"-1";"D";"2";"2";"0";"1";"29";"30";"1";"";"5,5";"1";"0";"4";"50"
"202400004793";"3";"32";"0";"D";"1";"2";"0";"1";"20";"300";"1";"";"8";"2";"5";"1";"80"
"202400004794";"4";"FERRY (BLD JULES)";"0";"";"2";"2";"0";"1";"-1";"-1";"1";"";"-1";"2";"0";"1";"50"
"202400004795";"3";"764";"0";"D";"2";"2";"0";"2";"50";"300";"2";"";"7";"2";"0";"3";"80"
"202400004796";"3";"1324";"0";"X";"2";"1";"0";"1";"25";"100";"1";"";"5,5";"2";"0";"1";"80"
"202400004797";"3";"D1";"0";"";"2";"2";"0";"1";"21";"491";"2";"";"5";"2";"0";"1";"80"
"202400004798";"4";"217";"0";"";"2";"2";"0";"1";"-1";"-1";"1";"";"-1";"1";"0";"1";"50"
"202400004799";"3";"D955";"-1";"";"2";"2";"0";"1";"4";"300";"3";"";"5";"2";"0";"1";"70"
"202400004800";"1";"A51-Sens Marseille vers Aix en Provence";"0";"";"1";"3";"0";"1";"13";"0";"1";"";"-1";"1";"0";"1";"90"
"202400004801";"3";"AGEN (ROUTE D')";"0";"";"-1";"2";"0";"1";"0";"0";"1";"";"-1";"1";"0";"1";"70"
"202400004802";"1";"A570";"0";"";"1";"2";"0";"2";"7";"250";"1";"";"10";"2";"9";"1";"50"
"202400004803";"1";"7";"0";"";"1";"3";"3";"2";"246";"0";"2";"";"-1";"1";"0";"3";"130"
"202400004804";"1";"A50";"0";"";"3";"3";"0";"1";"68";"199";"2";"";"-1";"1";"0";"1";"70"
"202400004805";"3";"93";"-1";"";"2";"2";"0";"1";"12";"600";"1";"";"5,5";"1";"4";"8";"-1"
"202400004806";"1";"AUTOROUTE A16";"0";"";"3";"1";"0";"1";"119";"500";"2";"";"-1";"2";"0";"1";"50"
"202400004807";"2";"RN 104";"0";"";"3";"2";"0";"1";"42";"500";"1";"";"10,5";"1";"0";"2";"110"
"202400004808";"3";"1";"0";"D";"2";"2";"0";"1";"23";"300";"1";"";"5,5";"2";"0";"1";"90"
"202400004809";"3";"11";"-1";"D";"-1";"2";"0";"2";"11";"1";"3";"";"7";"1";"0";"1";"90"
"202400004810";"1";"6B";"0";"";"1";"2";"0";"2";"1";"90";"2";"";"10,5";"2";"1";"1";"50"
"202400004811";"1";"A31";"0";"A";"3";"2";"0";"1";"182";"350";"1";"";"10,5";"2";"0";"1";"130"
"202400004812";"1";"6A";"0";"";"1";"2";"0";"1";"0";"500";"3";"";"10,5";"2";"1";"1";"50"
"202400004813";"3";"243";"0";"";"2";"2";"0";"1";"2";"700";"1";"";"5";"1";"0";"1";"50"
"202400004813";"3";"null";"-1";"null";"2";"-1";"-1";"1";"14";"100";"1";"";"-1";"1";"5";"1";"50"
"202400004814";"1";"A13Y";"0";"";"1";"2";"0";"1";"14";"850";"1";"";"10,5";"1";"0";"1";"110"
"202400004815";"4";"";"0";"";"2";"2";"0";"1";"-1";"-1";"1";"";"-1";"1";"8";"1";"50"
"202400004816";"1";"A13W";"0";"";"1";"2";"0";"1";"21";"899";"1";"";"-1";"1";"0";"1";"110"
"202400004817";"3";"11";"0";"D";"2";"2";"0";"1";"13";"500";"3";"";"-1";"2";"0";"1";"90"
"202400004818";"2";"RN13";"0";"";"-1";"3";"0";"1";"8";"0";"1";"";"-1";"1";"1";"1";"70"
"202400004819";"1";"A13";"0";"";"1";"3";"0";"1";"32";"0";"2";"";"-1";"1";"0";"1";"130"
"202400004820";"3";"165";"-1";"";"2";"2";"0";"2";"30";"2";"1";"";"7";"2";"0";"1";"90"
"202400004821";"1";"86";"0";"";"1";"4";"0";"1";"77";"500";"3";"";"14";"2";"0";"1";"90"
"202400004822";"3";"159";"0";"B";"2";"2";"0";"1";"2";"590";"1";"";"5,5";"2";"0";"1";"50"
"202400004823";"1";"A13";"0";"";"1";"3";"0";"1";"5";"699";"1";"";"-1";"2";"0";"1";"90"
"202400004824";"4";"";"-1";"";"2";"2";"0";"2";"-1";"-1";"1";"";"-1";"1";"0";"1";"50"
"202400004824";"4";"";"-1";"";"2";"-1";"-1";"1";"-1";"-1";"2";"";"-1";"1";"0";"1";"-1"
"202400004825";"1";"86";"0";"";"-1";"2";"0";"1";"3";"0";"1";"";"-1";"2";"0";"1";"90"
"202400004826";"3";"RD 3";"0";" -";"2";"2";"0";"1";"69";"50";"3";"";"5,5";"2";"0";"1";"50"
"202400004827";"3";"rue de la Moselotte";"0";"";"3";"2";"0";"1";"-1";"-1";"2";"";"5,5";"1";"5";"1";"50"
"202400004827";"3";"rue de la Moselotte";"0";"";"3";"2";"0";"1";"1";"250";"2";"";"5,5";"1";"5";"1";"50"
"202400004828";"1";"A86 INT";"0";"";"1";"3";"0";"1";"59";"0";"1";"";"-1";"2";"0";"1";"90"
"202400004829";"2";"159";"0";"N";"2";"2";"0";"1";"3";"0";"3";"";"7";"2";"0";"1";"80"
"202400004830";"3";"976";"0";"D";"2";"2";"0";"1";"17";"410";"1";"";"7";"1";"0";"1";"50"
"202400004830";"3";"";"-1";"";"2";"2";"-1";"1";"-1";"-1";"1";"";"-1";"1";"0";"1";"-1"
"202400004831";"4";"";"-1";"";"1";"1";"0";"1";"-1";"-1";"2";"";"-1";"7";"0";"1";"50"
"202400004832";"2";"RN 104";"0";"";"3";"4";"0";"1";"18";"100";"1";"";"-1";"2";"0";"1";"110"
"202400004833";"3";"26";"0";"D";"2";"2";"0";"1";"-1";"-1";"3";"";"5,5";"1";"0";"4";"-1"
"202400004834";"4";"ESSERTS (RUE DES)";"0";"";"2";"2";"0";"1";"0";"1";"1";"";"-1";"1";"0";"1";"50"
"202400004835";"3";"1201";"0";"";"2";"3";"0";"1";"4";"480";"2";"";"10,5";"1";"0";"1";"80"
"202400004836";"1";"AUTOROUTE A15";"0";"";"3";"3";"0";"1";"21";"380";"1";"";"14";"2";"3";"1";"90"
"202400004837";"3";"1212";"-1";"";"2";"2";"0";"1";"10";"910";"1";"";"-1";"1";"0";"1";"50"
"202400004837";"3";"";"-1";"";"2";"2";"0";"1";"-1";"-1";"1";"";"-1";"1";"0";"1";"-1"
"202400004838";"1";"4";"0";"";"1";"3";"0";"1";"14";"199";"1";"";"-1";"1";"0";"1";"110"
"202400004839";"1";"A104";"0";"";"3";"3";"0";"2";"26";"500";"1";"";"-1";"2";"0";"1";"90"
"202400004840";"3";"40";"0";"";"2";"2";"0";"1";"0";"0";"1";"";"-1";"2";"0";"1";"30"
"202400004841";"3";"LIGNE DES BAMBOUS(ROUTE)";"0";"";"2";"2";"0";"1";"4";"560";"1";"";"-1";"1";"0";"1";"50"
"202400004842";"1";"AUTOROUTE A6";"0";"";"1";"3";"0";"2";"32";"799";"1";"";"14";"2";"0";"2";"110"
"202400004843";"2";"";"-1";"";"3";"6";"0";"2";"25";"115";"3";"";"-1";"1";"3";"1";"70"
"202400004844";"4";"RIVIERE DES PLUIES (ROUTE DE LA)";"0";"";"-1";"2";"0";"1";"0";"0";"1";"";"-1";"1";"0";"1";"30"
"202400004845";"4";"";"-1";"";"2";"2";"0";"1";"-1";"-1";"1";"";"-1";"6";"9";"1";"50"
"202400004846";"4";"GAULLE (DU GENERAL DE)";"0";"";"1";"1";"1";"1";"0";"0";"1";"";"-1";"1";"5";"1";"30"
"202400004847";"4";"";"0";"";"2";"2";"0";"2";"-1";"-1";"2";"";"-1";"7";"0";"1";"80"
"202400004848";"3";"ZEPHIR (ROCADE)";"0";"";"2";"2";"0";"1";"-1";"-1";"1";"";"-1";"1";"0";"1";"50"
"202400004848";"3";"ZEPHIR (ROCADE)";"0";"";"2";"2";"0";"1";"2";"790";"1";"";"-1";"1";"0";"1";"50"
"202400004849";"3";"900";"0";"D";"-1";"2";"0";"1";"41";"20";"1";"";"5";"2";"0";"1";"50"
"202400004849";"3";"";"-1";"";"2";"2";"-1";"1";"-1";"-1";"1";"";"-1";"2";"0";"1";"-1"
"202400004850";"3";"BADUEL (ROUTE DE)";"0";"";"2";"2";"0";"1";"3";"890";"1";"";"-1";"1";"0";"1";"50"
"202400004851";"4";"";"-1";"";"3";"3";"1";"2";"-1";"-1";"3";"";"-1";"1";"-1";"1";"50"
"202400004852";"4";"TOUTES RUES";"0";"";"-1";"2";"0";"1";"1";"0";"1";"";"-1";"1";"9";"1";"50"
"202400004853";"4";"";"-1";"";"3";"4";"2";"1";"-1";"-1";"2";"";"-1";"1";"-1";"1";"50"
"202400004854";"2";"";"-1";"";"3";"4";"0";"2";"10";"530";"3";"";"-1";"1";"0";"1";"70"
"202400004855";"3";"RTE NATIONALE 20";"0";"";"1";"0";"0";"1";"0";"0";"1";"";"-1";"2";"0";"3";"70"
"202400004856";"4";"";"-1";"";"3";"4";"0";"1";"-1";"-1";"1";"";"-1";"1";"0";"1";"50"
"202400004857";"4";"AV BOURBONNAIS";"0";"";"-1";"2";"0";"1";"0";"0";"1";"";"-1";"2";"0";"1";"50"
"202400004858";"4";"LAC(AVENUE DU)";"0";"";"2";"2";"1";"2";"0";"0";"1";"";"-1";"2";"2";"1";"50"
"202400004858";"4";"YERRES (BD)";"0";"";"2";"2";"1";"1";"0";"0";"1";"";"-1";"2";"0";"1";"50"
"202400004859";"3";"D709 (Rte de Mussidan)";"0";"";"2";"3";"0";"1";"55";"1";"2";"";"-1";"1";"0";"1";"90"
"202400004860";"1";"AUTOROUTE A6";"0";"";"1";"3";"0";"1";"32";"99";"1";"";"14";"2";"0";"1";"110"
"202400004861";"4";"C.De GAULLE (Rocade)";"0";"";"3";"6";"0";"1";"0";"1";"1";"";"-1";"1";"5";"1";"50"
"202400004861";"4";"PIERRE SEMARD (avenue)";"0";"";"3";"4";"0";"1";"0";"1";"1";"";"-1";"1";"5";"1";"50"
"202400004862";"2";"RN 104";"0";"";"1";"2";"0";"1";"40";"799";"2";"";"10,5";"2";"0";"1";"50"
"202400004863";"6";"BERNARD ( RUE MARIO )";"0";"";"-1";"-1";"0";"1";"-1";"0";"1";"";"-1";"1";"5";"1";"30"
"202400004864";"2";"RN 104";"0";"";"1";"2";"0";"4";"28";"0";"2";"";"10,5";"2";"0";"2";"70"
"202400004865";"4";"DEFENSE PASSIVE (AVENUE DE LA)";"0";"";"2";"2";"0";"1";"-1";"-1";"1";"";"-1";"2";"0";"4";"50"
"202400004866";"2";"RN 104";"0";"";"3";"2";"0";"1";"44";"99";"1";"";"10,5";"2";"0";"1";"110"
"202400004867";"3";"RD 444";"0";"";"3";"0";"0";"2";"3";"849";"3";"";"0";"1";"0";"1";"70"
"202400004868";"1";"AUTOROUTE A10";"0";"";"3";"3";"0";"1";"3";"799";"1";"";"10,5";"2";"0";"1";"90"
"202400004869";"3";"D934";"0";"";"1";"0";"0";"1";"10";"1 005";"3";"";"0";"1";"0";"2";"70"
"202400004870";"4";"";"0";"";"2";"2";"0";"1";"-1";"-1";"1";"";"-1";"1";"0";"1";"50"
"202400004871";"4";"";"-1";"";"2";"2";"-1";"1";"-1";"-1";"1";"";"-1";"1";"0";"1";"-1"
"202400004872";"3";"HAROUN TAZIEFF (RUE)";"0";"";"2";"2";"0";"2";"0";"0";"1";"";"7";"2";"0";"1";"50"
"202400004872";"3";"LOUIS BLERIOT";"0";"";"2";"2";"0";"1";"2";"367";"1";"";"7";"2";"0";"1";"50"
"202400004873";"3";"900";"-1";"";"2";"2";"0";"1";"41";"310";"2";"";"5,5";"1";"0";"1";"30"
"202400004874";"3";"435";"-1";"";"2";"2";"0";"1";"-1";"-1";"1";"";"-1";"2";"0";"5";"30"
"202400004875";"4";" GABRIEL DE CLIEU (RUE)";"0";"";"2";"2";"0";"1";"0";"0";"1";"";"-1";"2";"0";"1";"50"
"202400004875";"4";"GEORGE SAND";"0";"";"2";"2";"0";"1";"0";"0";"1";"";"-1";"2";"0";"1";"50"
"202400004876";"3";"230";"-1";"";"2";"2";"0";"1";"-1";"-1";"1";"";"4";"1";"0";"1";"80"
"202400004877";"3";"THONON (AVENUE DE)";"0";"";"2";"2";"0";"1";"24";"1 120";"1";"";"7";"2";"0";"1";"70"
"202400004878";"1";"AUTOROUTE A6";"0";"";"-1";"3";"0";"2";"32";"490";"1";"";"14";"1";"0";"1";"110"
"202400004879";"3";"Avenue d'Italie";"0";"";"2";"2";"0";"1";"-1";"-1";"2";"";"-1";"1";"5";"1";"50"
"202400004879";"3";"";"0";"";"2";"2";"0";"1";"29";"930";"1";"";"-1";"1";"5";"1";"50"
"202400004880";"2";"RN 104";"0";"";"1";"3";"0";"1";"33";"599";"1";"";"14";"1";"0";"1";"70"
"202400004881";"4";"PASTEUR (RUE LOUIS)";"0";"";"2";"2";"0";"1";"-1";"-1";"1";"";"-1";"2";"0";"1";"50"
"202400004882";"1";"AUTOROUTE A6";"0";"";"3";"3";"0";"1";"9";"500";"1";"";"14";"1";"0";"1";"110"
"202400004883";"4";"";"-1";"";"2";"2";"0";"1";"-1";"-1";"1";"";"-1";"1";"0";"1";"30"
"202400004884";"4";"";"0";"";"2";"2";"0";"1";"-1";"-1";"1";"";"-1";"2";"0";"1";"50"
"202400004884";"4";"";"0";"";"2";"2";"2";"1";"-1";"-1";"1";"";"-1";"2";"0";"1";"50"
"202400004885";"4";"";"-1";"";"3";"4";"1";"1";"-1";"-1";"1";"";"-1";"1";"5";"1";"50"
"202400004886";"3";"NATIONALE  R";"0";"";"1";"1";"0";"1";"3";"200";"1";"";"-1";"1";"0";"1";"30"
"202400004887";"4";"";"-1";"";"2";"2";"0";"1";"-1";"-1";"1";"";"-1";"1";"0";"1";"80"
"202400004888";"1";"AUTOROUTE A6B";"0";"";"3";"3";"0";"2";"8";"200";"1";"";"6";"2";"0";"1";"110"
"202400004889";"4";"ACACIAS (rue des)";"0";"";"2";"2";"0";"1";"-1";"-1";"1";"";"-1";"2";"0";"1";"30"
"202400004889";"4";"MERMOZ JEAN  R";"0";"";"2";"2";"0";"1";"-1";"-1";"1";"";"-1";"2";"0";"1";"50"
"202400004890";"4";"";"-1";"";"3";"3";"0";"1";"-1";"-1";"1";"";"-1";"1";"5";"1";"50"
"202400004891";"7";"GRENOBLE (DE)  -  RN 6              (RO)";"0";"";"2";"4";"0";"1";"56";"0";"1";"";"-1";"1";"0";"1";"50"
"202400004892";"4";"";"-1";"";"2";"2";"0";"2";"-1";"-1";"1";"";"-1";"1";"5";"1";"50"
"202400004892";"4";"null";"-1";"null";"2";"2";"0";"2";"-1";"-1";"1";"";"-1";"1";"5";"1";"30"
"202400004893";"7";"185";"0";"";"-1";"2";"0";"1";"-1";"-1";"1";"";"-1";"1";"0";"1";"50"
"202400004894";"4";"";"-1";"";"2";"2";"1";"1";"-1";"-1";"2";"";"-1";"1";"5";"1";"30"
"202400004895";"4";"RHIN (ROUTE DU)";"0";"";"2";"2";"3";"1";"-1";"-1";"1";"";"-1";"2";"4";"8";"20"
"202400004896";"4";"";"-1";"";"2";"2";"1";"1";"-1";"-1";"1";"";"-1";"1";"-1";"1";"30"
"202400004897";"4";"";"-1";"";"3";"3";"2";"1";"-1";"-1";"1";"";"-1";"1";"-1";"1";"30"
"202400004898";"4";"";"0";"";"2";"2";"0";"1";"-1";"-1";"1";"";"-1";"1";"0";"1";"50"
"202400004899";"4";"";"-1";"";"2";"2";"0";"1";"-1";"-1";"1";"";"-1";"1";"5";"1";"50"
"202400004900";"4";"";"-1";"";"3";"4";"2";"1";"-1";"-1";"1";"";"-1";"1";"-1";"1";"50"
"202400004901";"7";"";"-1";"";"2";"3";"-1";"1";"-1";"-1";"1";"";"-1";"1";"0";"1";"-1"
"202400004901";"7";"";"0";"";"3";"5";"0";"1";"36";"560";"1";"";"-1";"1";"0";"1";"50"
"202400004902";"3";"CHEMIN DE MAURE (RUE DU)";"0";"";"2";"2";"2";"1";"38";"430";"1";"";"3";"2";"0";"1";"50"
"202400004903";"4";"";"-1";"";"3";"3";"0";"1";"-1";"-1";"1";"";"-1";"1";"-1";"1";"50"
"202400004904";"3";"BASINGSTOKE (AVENUE DE)";"0";"";"2";"3";"0";"1";"3";"350";"3";"";"5,5";"2";"0";"1";"50"
"202400004904";"3";"GENERAL DE GAULLE (PLACE DU)";"0";"";"2";"3";"2";"1";"2";"600";"2";"";"5,5";"2";"0";"1";"50"
"202400004905";"4";"";"-1";"";"2";"2";"0";"2";"-1";"-1";"1";"";"-1";"2";"0";"8";"80"
"202400004906";"3";"1508";"0";"";"2";"2";"0";"1";"22";"200";"3";"";"7";"2";"0";"1";"70"
"202400004907";"4";"";"-1";"";"2";"2";"-1";"1";"-1";"-1";"1";"";"-1";"2";"5";"1";"30"
"202400004907";"4";"ROUBAIX (RUE DE)";"0";"";"2";"2";"0";"1";"-1";"-1";"1";"";"-1";"2";"0";"1";"50"
"202400004908";"3";"902";"0";"";"2";"2";"0";"1";"28";"550";"2";"";"7";"7";"0";"8";"50"
"202400004909";"4";"GRAVELINES (RUE DE)";"0";"";"2";"2";"0";"1";"0";"0";"1";"";"-1";"2";"0";"8";"50"
"202400004910";"4";"";"-1";"";"2";"2";"0";"2";"-1";"-1";"2";"";"-1";"1";"0";"1";"50"
"202400004911";"4";"PHALSBOURG";"0";"";"2";"2";"0";"2";"-1";"-1";"1";"";"-1";"2";"0";"1";"50"
"202400004912";"3";"18";"0";"";"2";"2";"0";"1";"5";"23";"1";"";"5,5";"1";"0";"1";"80"
"202400004913";"4";"GUILLAMET (RUE ETIENNE)";"0";"";"2";"2";"3";"2";"-1";"-1";"2";"";"-1";"2";"5";"6";"30"
"202400004913";"4";"RUE LOUIS GUIGUEN";"0";"";"2";"2";"0";"1";"-1";"-1";"1";"";"-1";"2";"5";"6";"30"
"202400004914";"4";"Avenue Henri Barbusse";"0";"";"-1";"1";"0";"2";"0";"1";"1";"";"-1";"1";"9";"1";"20"
"202400004915";"4";"DE GAULLE (AVENUE CHARLES)";"0";"";"2";"2";"0";"1";"-1";"-1";"1";"";"-1";"1";"0";"1";"50"
"202400004915";"4";"";"-1";"";"2";"-1";"0";"1";"-1";"-1";"2";"";"-1";"1";"0";"1";"50"
"202400004916";"3";"1205";"-1";"";"2";"2";"0";"1";"42";"550";"2";"";"7";"7";"0";"3";"50"
"202400004917";"4";"FLORISSANT (AVENUE)";"0";"";"2";"2";"0";"1";"0";"1";"1";"";"-1";"1";"0";"1";"50"
"202400004918";"3";"CORBINIERE ( LIEU DIT LA )";"0";"";"2";"2";"0";"1";"25";"400";"1";"";"-1";"1";"0";"1";"90"
"202400004919";"6";"0";"0";"A";"-1";"-1";"3";"1";"-1";"-1";"1";"";"-1";"1";"9";"6";"30"
"202400004920";"4";"CHAMPAGNE AVENUE DE";"0";"";"2";"2";"1";"1";"-1";"0";"1";"";"4";"2";"0";"1";"70"
"202400004921";"3";"42";"-1";"";"2";"2";"0";"2";"4";"85";"1";"";"4";"5";"0";"1";"80"
"202400004922";"4";"";"-1";"";"1";"-1";"-1";"1";"-1";"-1";"1";"";"-1";"2";"0";"1";"-1"
"202400004922";"4";"ZOLA (RUE EMILE) COTE PAIR";"0";"";"2";"2";"2";"1";"-1";"-1";"1";"";"-1";"2";"0";"1";"50"
"202400004923";"3";"1205";"-1";"";"2";"0";"0";"1";"38";"860";"3";"";"0";"2";"0";"1";"50"
"202400004924";"3";"CD 1";"0";"";"2";"2";"0";"1";"50";"0";"1";"";"-1";"2";"0";"1";"80"
"202400004925";"4";"";"-1";"";"2";"-1";"-1";"1";"-1";"-1";"1";"";"-1";"1";"0";"1";"-1"
"202400004925";"4";"";"-1";"";"2";"2";"1";"1";"-1";"-1";"1";"";"-1";"1";"0";"1";"50"
"202400004926";"3";"";"0";"";"2";"2";"0";"2";"1";"0";"4";"";"-1";"2";"0";"1";"50"
"202400004927";"3";"909";"-1";"";"2";"2";"0";"1";"31";"260";"2";"";"7";"2";"0";"3";"80"
"202400004928";"4";"FOCH (AVENUE DU MAL 1-73 ET 2-84)";"0";"";"3";"2";"0";"2";"-1";"-1";"1";"";"-1";"1";"9";"8";"50"
"202400004929";"4";"FARGES (AVENUE YVES)";"0";"";"2";"2";"0";"1";"-1";"-1";"1";"";"-1";"2";"0";"1";"50"
"202400004929";"4";"MAGASINS GENERAUX (RUE DES)";"0";"";"2";"2";"0";"1";"-1";"-1";"1";"";"-1";"2";"0";"1";"50"
"202400004930";"4";"";"0";"";"2";"2";"0";"1";"0";"0";"1";"";"-1";"2";"0";"1";"50"
"202400004931";"3";"19";"0";"";"2";"2";"0";"1";"26";"640";"1";"";"5,5";"1";"0";"1";"70"
"202400004932";"4";"STENDHAL (AVENUE)";"0";"";"1";"2";"2";"1";"-1";"-1";"1";"";"-1";"2";"5";"1";"50"
"202400004932";"4";"STRAUSS (RUE JOHANN)";"0";"";"2";"2";"0";"1";"-1";"-1";"3";"";"-1";"2";"5";"1";"50"
"202400004933";"3";"910";"0";"";"2";"2";"0";"1";"1";"105";"1";"";"7";"1";"0";"1";"70"
"202400004934";"4";"ROTONDE (ROND-POINT DE LA)";"0";"";"3";"2";"0";"1";"-1";"-1";"3";"";"-1";"2";"2";"1";"50"
"202400004935";"4";"DOUZILLIERE (RUE DE LA)";"0";"";"2";"2";"2";"1";"-1";"-1";"1";"";"-1";"2";"0";"1";"50"
"202400004936";"3";"4";"0";"";"2";"2";"0";"2";"34";"800";"1";"";"4";"5";"0";"1";"80"
"202400004937";"2";"ALMA (DE L')";"0";"";"1";"3";"0";"1";"43";"425";"2";"";"7";"2";"0";"1";"50"
"202400004938";"4";"";"-1";"";"2";"2";"0";"1";"-1";"-1";"1";"";"-1";"1";"5";"1";"30"
"202400004938";"4";"";"-1";"";"2";"2";"2";"1";"-1";"-1";"1";"";"-1";"1";"5";"1";"50"
"202400004939";"4";"CLEMENCEAU (BD GEORGES)";"0";"";"2";"2";"2";"1";"-1";"-1";"1";"";"-1";"2";"0";"5";"30"
"202400004940";"4";"";"-1";"";"3";"3";"0";"1";"-1";"-1";"1";"";"-1";"1";"4";"1";"30"
"202400004941";"4";"SAINT MAUR (AVENUE DE)";"0";"";"2";"2";"0";"1";"-1";"-1";"1";"";"-1";"1";"0";"1";"50"
"202400004942";"3";"AVIGNON-RD973 (ROUTE D')";"0";"";"2";"2";"0";"1";"4";"550";"1";"";"5,5";"1";"0";"1";"80"
"202400004943";"2";"30";"-1";"";"2";"2";"0";"1";"2";"710";"1";"";"-1";"1";"0";"4";"70"
"202400004944";"4";"TAPIS VERT";"0";"";"-1";"1";"0";"4";"0";"0";"3";"";"-1";"2";"0";"1";"20"
"202400004945";"4";"PAILLE (CH DE LA)";"0";"";"2";"2";"0";"1";"-1";"-1";"2";"";"-1";"2";"0";"1";"50"
"202400004946";"1";"AUTOROUTE A10";"0";"";"1";"3";"0";"2";"10";"300";"1";"";"14";"2";"0";"2";"90"
"202400004947";"7";"BD PIERRE ET MARIE CURIE";"0";"";"2";"5";"1";"1";"-1";"-1";"1";"";"-1";"1";"5";"1";"50"
"202400004947";"7";"LAUNAGUET (RTE DE) DU 1AU 109";"0";"";"2";"4";"1";"1";"39";"790";"1";"";"-1";"1";"0";"1";"30"
"202400004948";"4";"BIR HAKEIM (AVENUE)";"0";"";"2";"4";"3";"1";"0";"0";"1";"";"-1";"1";"0";"1";"50"
"202400004948";"4";"BOURDAN PIERRE (RUE)";"0";"";"2";"2";"0";"1";"0";"0";"1";"";"-1";"1";"0";"1";"50"
"202400004949";"3";"1330";"0";"";"2";"3";"0";"2";"20";"500";"1";"";"10,5";"1";"0";"1";"90"
"202400004950";"4";"BUGEAUD (AVENUE MARECHAL)";"0";"";"2";"-1";"0";"1";"-1";"-1";"1";"";"-1";"1";"0";"1";"50"
"202400004950";"4";"VOLTAIRE (BOULEVARD)";"0";"";"2";"-1";"0";"1";"-1";"-1";"1";"";"-1";"1";"0";"1";"50"
"202400004951";"3";"901";"0";"D";"2";"2";"0";"1";"15";"550";"1";"";"5,5";"1";"0";"1";"50"
"202400004952";"4";"ROUX (RUE DU DOCTEUR)";"0";"";"2";"1";"0";"2";"-1";"-1";"1";"";"-1";"2";"0";"1";"50"
"202400004953";"3";"603";"0";"D";"2";"2";"0";"1";"54";"500";"1";"";"-1";"1";"0";"1";"50"
"202400004953";"3";"65";"0";"D";"1";"1";"0";"1";"-1";"-1";"1";"";"-1";"1";"0";"1";"50"
"202400004954";"4";"";"0";"";"1";"1";"0";"1";"-1";"-1";"1";"";"-1";"2";"0";"1";"50"
"202400004954";"4";"";"0";"";"2";"2";"0";"1";"-1";"-1";"1";"";"-1";"2";"0";"1";"50"
"202400004955";"4";"MICHELET (BOULEVARD)";"0";"";"2";"6";"3";"2";"0";"0";"1";"";"-1";"1";"0";"1";"50"
"202400004956";"4";"DESIRE LE HOC (RUE)";"0";"";"3";"2";"0";"1";"-1";"-1";"3";"";"-1";"2";"5";"1";"50"
"202400004956";"4";"MARINE (QUAI DE LA )";"0";"";"3";"2";"0";"1";"-1";"-1";"3";"";"-1";"2";"5";"1";"50"
"202400004957";"4";"CAPELETTE (AVENUE DE LA)";"0";"";"2";"2";"0";"1";"1 561";"0";"1";"";"-1";"1";"0";"1";"50"
"202400004958";"4";"SAINTE MARTHE (chemin)";"0";"";"-1";"2";"0";"1";"0";"0";"1";"";"-1";"1";"0";"1";"50"
"202400004959";"3";"1203";"0";"";"2";"1";"0";"2";"26";"650";"2";"";"-1";"1";"5";"1";"70"
"202400004959";"3";"";"-1";"";"1";"-1";"-1";"2";"0";"800";"1";"";"-1";"1";"5";"1";"-1"
"202400004960";"4";"SAINTE MARTHE (chemin)";"0";"";"2";"4";"0";"1";"0";"0";"1";"";"-1";"1";"0";"1";"50"
"202400004961";"4";"Rond-Point Rovarch/Saint Jean";"0";"";"2";"2";"0";"1";"0";"0";"1";"";"-1";"1";"5";"1";"50"
"202400004962";"3";"1005";"-1";"";"2";"2";"0";"1";"8";"600";"1";"";"7";"1";"0";"1";"80"
"202400004963";"4";"RPT DES ARENES";"0";"";"1";"1";"0";"1";"1";"0";"1";"";"-1";"1";"0";"1";"50"
"202400004963";"4";"RUE DE L AMPHITHEATRE";"0";"";"1";"1";"0";"3";"1";"0";"1";"";"-1";"1";"0";"1";"50"
"202400004964";"3";"243";"-1";"";"2";"2";"0";"1";"4";"900";"2";"";"5,5";"1";"9";"1";"50"
"202400004964";"3";"";"-1";"";"2";"-1";"-1";"1";"-1";"-1";"1";"";"-1";"1";"0";"1";"-1"
"202400004965";"3";"RD 17";"0";"";"2";"2";"0";"1";"75";"0";"1";"";"5,5";"1";"0";"1";"50"
"202400004966";"3";"909";"-1";"";"2";"2";"0";"1";"20";"180";"1";"";"7";"2";"9";"1";"50"
"202400004967";"4";"MARTY ANTOINE";"0";"";"2";"2";"0";"1";"-1";"-1";"1";"";"-1";"1";"0";"1";"50"
"202400004968";"3";"10b";"-1";"";"1";"1";"0";"4";"0";"0";"1";"";"4";"1";"0";"1";"30"
"202400004969";"4";"GAMBETTA (RUE)";"0";"";"2";"1";"0";"1";"-1";"-1";"1";"";"-1";"2";"0";"1";"50"
"202400004970";"4";"MARNE (AVENUE DE LA)";"0";"";"3";"4";"0";"1";"0";"0";"1";"";"-1";"3";"0";"1";"50"
"202400004971";"3";"1";"0";"D";"3";"2";"0";"2";"5";"672";"2";"";"-1";"1";"0";"1";"80"
"202400004972";"4";"BOUVAT (QUAI JULES)";"0";"";"1";"1";"0";"1";"-1";"-1";"1";"";"-1";"1";"0";"5";"50"
"202400004973";"3";"243";"0";"";"2";"2";"0";"1";"7";"650";"1";"";"4,5";"1";"0";"1";"80"
"202400004973";"3";"634";"0";"";"2";"2";"0";"1";"8";"450";"1";"";"4,5";"1";"5";"1";"90"
"202400004974";"4";"GAMBETTA (A PARTIR DU N° 63-74)";"0";"";"3";"3";"0";"1";"1";"0";"1";"";"-1";"1";"0";"1";"50"
"202400004974";"4";"TZAREWITCH (BD DU)";"0";"";"2";"3";"0";"2";"1";"0";"3";"";"-1";"1";"2";"8";"50"
"202400004975";"4";"";"0";"";"2";"2";"0";"1";"-1";"-1";"1";"";"-1";"1";"0";"1";"50"
"202400004976";"4";"ROUTE DE CANNES";"0";"";"2";"2";"0";"1";"0";"0";"1";"";"-1";"1";"9";"1";"50"
"202400004977";"3";"9";"-1";"";"3";"2";"0";"2";"33";"150";"1";"";"-1";"1";"0";"1";"110"
"202400004978";"3";"JOURDAN (AVENUE MICHEL)";"0";"";"2";"2";"0";"1";"0";"960";"1";"";"5";"1";"0";"1";"50"
"202400004979";"4";"";"-1";"";"2";"2";"0";"1";"-1";"-1";"1";"";"-1";"6";"0";"8";"80"
"202400004980";"4";"NOEL (AV. DU COL.)";"0";"";"2";"2";"0";"2";"0";"0";"1";"";"-1";"1";"0";"1";"50"
"202400004981";"4";"ALFRED LAMBERT";"0";"";"2";"2";"0";"1";"-1";"-1";"1";"";"-1";"1";"0";"1";"50"
"202400004981";"4";"HENRI";"0";"";"1";"1";"0";"1";"-1";"-1";"1";"";"-1";"1";"0";"1";"50"
"202400004982";"3";"CARRA ( RUE JEAN LOUIS)";"0";"";"-1";"1";"0";"1";"-1";"-1";"1";"";"-1";"2";"0";"1";"50"
"202400004982";"3";"MERCIER (AVENUE AMEDEE DU 45 AU FIN)";"0";"";"-1";"1";"0";"1";"30";"190";"1";"";"-1";"2";"0";"1";"50"
"202400004983";"4";"QUAI D IVRY";"0";"";"-1";"4";"0";"1";"0";"300";"1";"";"-1";"2";"0";"1";"70"
"202400004984";"4";"";"-1";"";"3";"3";"1";"1";"-1";"-1";"1";"";"-1";"1";"-1";"1";"50"
"202400004985";"4";"";"-1";"";"3";"4";"2";"1";"-1";"-1";"1";"";"-1";"1";"5";"1";"30"
"202400004985";"4";"";"-1";"";"3";"4";"2";"1";"-1";"-1";"1";"";"-1";"1";"5";"1";"50"
"202400004986";"4";"BOULEVARD BARBES";"0";"";"3";"4";"1";"2";"-1";"-1";"1";"";"-1";"2";"0";"1";"30"
"202400004987";"4";"";"-1";"";"2";"2";"0";"1";"-1";"-1";"1";"";"-1";"1";"0";"1";"30"
"202400004988";"3";"";"-1";"";"3";"4";"3";"1";"8";"280";"1";"";"-1";"1";"0";"1";"50"
"202400004989";"4";"AVENUE DE LA PORTE DE CLICHY";"0";"";"2";"3";"0";"1";"-1";"-1";"1";"";"-1";"2";"0";"1";"30"
"202400004989";"4";"BOULEVARD PERIPHERIQUE";"0";"";"2";"-1";"3";"1";"-1";"-1";"1";"";"-1";"2";"0";"1";"30"
"202400004990";"4";"BOULEVARD ARAGO";"0";"";"2";"2";"0";"1";"-1";"-1";"1";"";"-1";"2";"9";"1";"30"
"202400004991";"4";"";"-1";"";"2";"2";"2";"1";"-1";"-1";"1";"";"-1";"1";"-1";"1";"50"
"202400004992";"4";"AVENUE D ITALIE";"0";"";"2";"6";"1";"1";"-1";"-1";"1";"";"-1";"2";"0";"1";"30"
"202400004992";"4";"";"-1";"";"1";"-1";"-1";"1";"-1";"-1";"1";"";"-1";"2";"0";"1";"30"
"202400004993";"4";"GABRIEL PERI";"0";"";"1";"1";"0";"1";"-1";"-1";"1";"";"-1";"1";"0";"1";"50"
"202400004994";"3";"146";"0";"A";"2";"2";"0";"1";"0";"190";"2";"";"6";"1";"0";"3";"80"
"202400004995";"4";"BOULEVARD DE BELLEVILLE";"0";"";"1";"2";"1";"1";"-1";"-1";"1";"";"-1";"2";"0";"5";"30"
"202400004995";"4";"";"-1";"";"1";"-1";"0";"1";"-1";"-1";"1";"";"-1";"2";"0";"5";"30"
"202400004996";"4";"COURS ALBERT 1ER";"0";"";"2";"1";"1";"1";"-1";"-1";"3";"";"-1";"2";"0";"5";"30"
"202400004997";"3";"55";"0";"D";"2";"2";"0";"1";"9";"300";"1";"";"7";"1";"0";"1";"80"
"202400004997";"3";"";"-1";"";"-1";"-1";"-1";"1";"-1";"-1";"1";"";"-1";"1";"0";"1";"-1"
"202400004998";"4";"BOULEVARD DES INVALIDES";"0";"";"2";"0";"1";"1";"-1";"-1";"1";"";"-1";"2";"1";"5";"30"