"Num_Acc";"id_vehicule";"num_veh";"senc";"catv";"obs";"obsm";"choc";"manv";"motor";"occutc"
"202400000001";"155781758";"A01";"1";"7";"0";"2";"1";"13";"1";""
"202400000001";"155781759";"B01";"2";"14";"0";"2";"2";"21";"1";""
"202400000002";"155781757";"A01";"1";"10";"0";"1";"3";"15";"1";""
"202400000003";"155781756";"A01";"3";"3";"9";"1";"1";"1";"1";""
"202400000004";"155781754";"B01";"3";"34";"0";"2";"0";"0";"1";""
"202400000004";"155781755";"A01";"3";"7";"0";"2";"3";"15";"0";""
"202400000005";"155781750";"A01";"3";"7";"0";"2";"1";"9";"1";""
"202400000005";"155781751";"B01";" -1";"7";"0";"2";"1";"17";"1";""
"202400000005";"155781752";"C01";" -1";"7";"0";"0";"3";"2";"1";""
"202400000005";"155781753";"D01";" -1";"7";"0";"0";"1";"2";"1";""
"202400000006";"155781748";"A01";"3";"7";"0";"2";"1";"1";"1";""
"202400000006";"155781749";"B01";"2";"7";"0";"2";"6";"19";"1";""
"202400000007";"155781746";"A01";"2";"7";"0";"2";"2";"15";"1";""
"202400000007";"155781747";"B01";"3";"7";"0";"2";"3";"9";"2";""
"202400000008";"155781742";"A01";"1";"7";"0";"2";"1";"2";"1";""
"202400000008";"155781743";"B01";"1";"7";"0";"2";"4";"2";"1";""
"202400000009";"155781741";"A01";"1";"7";"6";"5";"2";"14";"1";""
"202400000010";"155781740";"A01";"1";"33";"12";"0";"8";"18";"1";""
"202400000011";"155781738";"B01";"2";"7";"0";"2";"4";"1";"1";""
"202400000011";"155781739";"A01";"2";"7";"0";"2";"1";"2";"1";""
"202400000012";"155781737";"A01";"1";"33";"0";"0";"7";"1";"1";""
"202400000013";"155781736";"A01";"2";"2";"0";"1";"2";"1";"1";""
"202400000014";"155781734";"Z01";"2";"1";"0";"2";"2";"17";"5";""
"202400000014";"155781735";"A01";"2";"1";"0";"2";"3";"1";"5";""
"202400000015";"155781732";"A01";"3";"80";"0";"2";"1";"1";"3";""
"202400000015";"155781733";"B01";"1";"80";"0";"2";"1";"1";"3";""
"202400000016";"155781730";"B01";"2";"50";"1";"0";"2";"22";"3";""
"202400000016";"155781731";"A01";"3";"10";"1";"2";"2";"22";"1";""
"202400000017";"155781729";"A01";"1";"7";"0";"1";"4";"26";"1";""
"202400000018";"155781727";"A01";"2";"7";"0";"2";"3";"9";"1";""
"202400000018";"155781728";"B01";"2";"1";"0";"2";"7";"1";"5";""
"202400000019";"155781726";"A01";"2";"7";"0";"1";"1";"16";"2";""
"202400000020";"155781724";"A01";"0";"2";"0";"2";"1";"17";"1";""
"202400000020";"155781725";"B01";"0";"33";"0";"2";"1";"1";"1";""
"202400000021";"155781723";"A01";"0";"50";"0";"1";"1";"26";"3";""
"202400000022";"155781722";"A01";"1";"7";"2";"0";"1";"1";"1";""
"202400000023";"155781720";"A01";"0";"7";"0";"2";"0";"0";"0";""
"202400000023";"155781721";"B01";"1";"7";"0";"2";"3";"1";"1";""
"202400000024";"155781719";"A01";"3";"2";"8";"0";"1";"14";"1";""
"202400000025";"155781715";"D01";"1";"7";"0";"2";"1";"2";"0";""
"202400000025";"155781716";"A01";"1";"7";"0";"2";"4";"2";"1";""
"202400000025";"155781717";"B01";"1";"7";"0";"2";"1";"2";"0";""
"202400000025";"155781718";"C01";"1";"7";"0";"2";"1";"2";"1";""
"202400000026";"155781714";"A01";"3";"50";"0";"1";"1";"1";"3";""
"202400000027";"155781713";"A01";"1";"1";"0";"1";"7";"12";"5";""
"202400000028";"155781712";"A01";"1";"7";"0";"1";"1";"0";"1";""
"202400000029";"155781708";"A01";"2";"10";"0";"1";"8";"15";"1";""
"202400000030";"155781704";"A01";"1";"10";"0";"2";"1";"16";"1";""
"202400000030";"155781705";"B01";"1";"80";"0";"2";"8";"1";"3";""
"202400000031";"155781702";"A01";"3";"7";"0";"2";"8";"10";"1";""
"202400000031";"155781703";"B01";"3";"33";"0";"2";"7";"1";"1";""
"202400000032";"155781700";"A01";"1";"33";"0";"2";"1";"1";"1";""
"202400000032";"155781701";"B01";"1";"7";"0";"2";"6";"2";"1";""
"202400000033";"155781699";"A01";"3";"7";"0";"1";"1";"15";"1";""
"202400000034";"155781698";"A01";"2";"33";"0";"1";"1";"1";"1";""
"202400000035";"155781696";"A01";"1";"10";"0";"2";"2";"16";"1";""
"202400000035";"155781697";"B01";"1";"34";"0";"2";"1";"1";"1";""
"202400000036";"155781694";"B01";"1";"7";"0";"2";"5";"15";"2";""
"202400000036";"155781695";"A01";"1";"33";"0";"2";"2";"17";"1";""
"202400000037";"155781693";"A01";"1";"7";"0";"0";"0";"1";"1";""
"202400000038";"155781690";"A01";"2";"7";"3";"2";"2";"11";"1";""
"202400000038";"155781691";"B01";"2";"7";"3";"2";"6";"11";"1";""
"202400000038";"155781692";"C01";"2";"7";"3";"2";"0";"2";"1";""
"202400000039";"155781688";"A01";"1";"33";"0";"2";"1";"17";"1";""
"202400000039";"155781689";"B01";"2";"7";"0";"2";"3";"15";"1";""
"202400000040";"155781685";"A01";"2";"7";"0";"2";"1";"1";"1";""
"202400000040";"155781686";"B01";"2";"10";"0";"2";"4";"1";"1";""
"202400000040";"155781687";"C01";"2";"7";"0";"2";"4";"1";"2";""
"202400000041";"155781684";"A01";"1";"7";"15";"0";"1";"1";"1";""
"202400000042";"155781682";"A01";"1";"7";"0";"2";"3";"1";"1";""
"202400000042";"155781683";"B01";"1";"7";"0";"2";"8";"19";"1";""
"202400000043";"155781681";"A01";"2";"10";"0";"1";"3";"1";"0";""
"202400000044";"155781677";"A01";"2";"32";"0";"2";"2";"3";"1";""
"202400000044";"155781678";"B01";"2";"17";"0";"2";"8";"1";"1";""
"202400000044";"155781680";"C01";"2";"10";"0";"2";"2";"1";"1";""
"202400000045";"155781676";"B01";"3";"32";"0";"2";"1";"1";"1";""
"202400000045";"155781679";"A01";"3";"7";"0";"2";"1";"15";"1";""
"202400000046";"155781675";"A01";"1";"7";"4";"0";"3";"1";"1";""
"202400000047";"155781674";"A01";"2";"7";"0";"1";"7";"1";"1";""
"202400000048";"155781669";"B01";"1";"7";"0";"0";"4";"23";"1";""
"202400000048";"155781671";"A01";"1";"15";"0";"2";"1";"2";"1";""
"202400000048";"155781672";"D01";"1";"99";"0";"0";"6";"23";"1";""
"202400000048";"155781673";"C01";"1";"7";"0";"2";"9";"23";"3";""
"202400000049";"155781670";"A01";"1";"7";"6";"0";"2";"1";"1";""
"202400000050";"155781668";"A01";"1";"7";"4";"0";"1";"26";"1";""
"202400000051";"155781666";"A01";"1";"7";"0";"0";"0";"15";"1";""
"202400000051";"155781667";"B01";"1";"33";"4";"0";"1";"21";"1";""
"202400000052";"155781664";"A01";"2";"34";"0";"2";"8";"11";"0";""
"202400000052";"155781665";"B01";"2";"7";"0";"2";"2";"1";"0";""
"202400000053";"155781663";"A01";"1";"10";"13";"0";"1";"1";"1";""
"202400000054";"155781660";"A01";"1";"7";"0";"2";"3";"1";"1";""
"202400000054";"155781661";"C01";"1";"33";"0";"2";"1";"1";"1";""
"202400000054";"155781662";"B01";"1";"7";"0";"2";"4";"1";"3";""
"202400000055";"155781654";"A01";"1";"43";"0";"2";"5";"17";"1";""
"202400000055";"155781656";"B01";"1";"7";"0";"2";"3";"1";"1";""
"202400000055";"155781658";"C01";"1";"7";"0";"2";"2";"1";"1";""
"202400000056";"155781651";"A01";"2";"33";"0";"2";"3";"18";"1";""
"202400000056";"155781652";"B01";"2";"7";"0";"2";"7";"1";"1";""
"202400000057";"155781650";"B01";"1";"7";"0";"2";"3";"16";"1";""
"202400000057";"155781653";"A01";"2";"10";"0";"2";"3";"15";"1";""
"202400000058";"155781647";"A01";"1";"7";"0";"2";"7";"0";"1";""
"202400000058";"155781649";"B01";"1";"15";"0";"2";"2";"1";"1";""
"202400000059";"155781646";"B01";"2";"7";"0";"2";"3";"13";"1";""
"202400000059";"155781648";"A01";"1";"7";"0";"2";"3";"1";"1";""
"202400000060";"155781643";"A01";"1";"7";"4";"2";"6";"11";"1";""
"202400000060";"155781645";"B01";"1";"34";"4";"2";"1";"3";"1";""
"202400000061";"155781642";"A01";"2";"7";"0";"2";"4";"11";"1";""
"202400000061";"155781644";"B01";"2";"31";"0";"2";"1";"3";"1";""
"202400000062";"155781640";"A01";"1";"31";"12";"0";"7";"26";"1";""
"202400000063";"155781639";"B01";"2";"7";"0";"2";"5";"1";"1";""
"202400000063";"155781641";"A01";"2";"10";"6";"2";"2";"13";"1";""
"202400000064";"155781637";"A01";"3";"7";"0";"9";"6";"10";"1";""
"202400000064";"155781638";"B01";"3";"1";"0";"2";"1";"1";"5";""
"202400000065";"155781636";"A01";"2";"7";"0";"0";"1";"0";"1";""
"202400000066";"155781635";"A01";"1";"7";"12";"0";"3";"1";"1";""
"202400000067";"155781633";"A01";"2";"7";"4";"0";"3";"1";"1";""
"202400000068";"155781632";"A01";"1";"7";"0";"2";"7";"15";"1";""
"202400000068";"155781634";"B01";"2";"30";"0";"2";"1";"1";"1";""
"202400000069";"155781631";"A01";"1";"7";"2";"0";"3";"17";"1";""
"202400000070";"155781628";"A01";"1";"7";"2";"0";"1";"1";"1";""
"202400000071";"155781629";"B01";"1";"7";"0";"2";"7";"19";"1";""
"202400000071";"155781630";"A01";"2";"10";"0";"2";"1";"19";"1";""
"202400000072";"155781624";"B01";"2";"7";"0";"2";"3";"26";"1";""
"202400000072";"155781626";"A01";"2";"2";"0";"2";"1";"1";"1";""
"202400000073";"155781625";"A01";"1";"10";"0";"2";"2";"19";"1";""
"202400000073";"155781627";"B01";"3";"31";"0";"2";"1";"1";"1";""
"202400000074";"155781622";"A01";"3";"1";"0";"2";"3";"12";"5";""
"202400000075";"155781621";"A01";"0";"33";"0";"2";"1";"1";"1";""
"202400000075";"155781623";"B01";"3";"10";"0";"2";"7";"15";"1";""
"202400000076";"155781618";"B01";"1";"2";"0";"2";"1";"1";"1";""
"202400000076";"155781620";"A01";"1";"7";"0";"2";"2";"12";"1";""
"202400000077";"155781616";"B01";"2";"10";"0";"2";"1";"1";"1";""
"202400000077";"155781617";"A01";"2";"7";"0";"0";"6";"15";"1";""
"202400000077";"155781619";"C01";"1";"38";"0";"2";"3";"1";"1";"1"
"202400000078";"155781614";"A01";"2";"50";"0";"2";"8";"19";"3";""
"202400000078";"155781615";"B01";"2";"34";"7";"2";"1";"1";"1";""
"202400000079";"155781613";"A01";"1";"7";"0";"1";"2";"9";"1";""
"202400000080";"155781610";"B01";"2";"2";"0";"2";"6";"11";"1";""
"202400000080";"155781612";"A01";"2";"2";"0";"2";"1";"17";"1";""
"202400000081";"155781609";"B01";"2";"1";"1";"0";"1";"1";"5";""
"202400000081";"155781611";"A01";"2";"7";"0";"2";"3";"22";"1";""
"202400000082";"155781608";"A01";"3";"7";"0";"1";"1";"15";"1";""
"202400000083";"155781607";"A01";"2";"7";"4";"0";"9";"0";"0";""
"202400000084";"155781606";"A01";"1";"7";"3";"0";"3";"0";"1";""
"202400000085";"155781604";"B01";"1";"15";"0";"2";"2";"1";"1";""
"202400000085";"155781605";"A01";"2";"7";"6";"2";"1";"11";"1";""
"202400000086";"155781603";"A01";"1";"10";"2";"0";"9";"26";"1";""
"202400000087";"155781601";"A01";"3";"10";"0";"2";"6";"4";"0";""
"202400000087";"155781602";"B01";"3";"34";"0";"2";"7";"26";"1";""
"202400000088";"155781600";"A01";"0";"10";"0";"1";"2";"1";"1";""
"202400000089";"155781599";"A01";"2";"7";"0";"0";"0";"1";"1";""
"202400000090";"155781597";"B01";"1";"17";"0";"0";"5";"1";"1";""
"202400000090";"155781598";"A01";"1";"7";"4";"2";"3";"2";"1";""
"202400000091";"155781595";"A01";"1";"37";"0";"1";"6";"1";"1";"1"
"202400000092";"155781594";"A01";"1";"10";"0";"0";"0";"1";"1";""
"202400000093";"155781590";"B01";"1";"7";"3";"0";"4";"2";"1";""
"202400000093";"155781591";"A01";"1";"7";"0";"2";"1";"2";"1";""
"202400000094";"155781589";"A01";"3";"7";"0";"1";"1";"1";"1";""
"202400000095";"155781587";"B01";"2";"7";"0";"2";"3";"11";"1";""
"202400000095";"155781588";"A01";"2";"1";"0";"2";"5";"1";"5";""
"202400000096";"155781585";"A01";"1";"7";"0";"2";"4";"23";"0";""
"202400000096";"155781586";"B01";"1";"10";"0";"2";"1";"1";"0";""
"202400000097";"155781583";"A01";"2";"7";"0";"2";"3";"11";"1";""
"202400000097";"155781584";"B01";"2";"7";"0";"2";"5";"1";"1";""
"202400000098";"155781581";"A01";"2";"7";"0";"2";"2";"2";"1";""
"202400000098";"155781582";"B01";"2";"10";"0";"2";"5";"1";"1";""
"202400000099";"155781579";"B01";"2";"7";"0";"2";"4";"2";"1";""
"202400000099";"155781580";"A01";"2";"7";"0";"2";"1";"2";"1";""
"202400000100";"155781578";"A01";"1";"33";"0";"2";"1";"2";"1";""
"202400000101";"155781575";"B01";"2";"7";"0";"2";"1";"2";"1";""
"202400000101";"155781576";"C01";"2";"7";"0";"2";"4";"2";"1";""
"202400000101";"155781577";"A01";"2";"7";"0";"2";"1";"2";"2";""
"202400000102";"155781573";"A01";"2";"7";"0";"2";"2";"1";"1";""
"202400000102";"155781574";"B01";"2";"14";"0";"2";"6";"26";"1";""
"202400000103";"155781571";"A01";"2";"33";"0";"2";"7";"3";"1";""
"202400000103";"155781572";"B01";"2";"7";"0";"2";"0";"2";"1";""
"202400000104";"155781569";"A01";"2";"1";"0";"2";"3";"21";"5";""
"202400000104";"155781570";"B01";"2";"7";"0";"2";"3";"17";"0";""
"202400000105";"155781567";"B01";"1";"32";"0";"2";"1";"1";"1";""
"202400000105";"155781568";"A01";"1";"7";"0";"2";"6";"20";"1";""
"202400000106";"155781564";"B01";"3";"7";"0";"2";"3";"2";"1";""
"202400000106";"155781565";"A01";"3";"0";"0";"2";"1";"1";"0";""
"202400000107";"155781562";"A01";"3";"10";"0";"2";"2";"1";"1";""
"202400000107";"155781563";"B01";"3";"7";"0";"2";"3";"9";"0";""
"202400000108";"155781560";"A01";"3";"2";"0";"2";"3";"1";"1";""
"202400000108";"155781561";"B01";"3";"10";"0";"2";"3";"9";"1";""
"202400000109";"155781557";"A01";"0";"7";"0";"1";"7";"1";"1";""
"202400000110";"155781555";"A01";"3";"7";"0";"2";"3";"15";"1";""
"202400000110";"155781556";"B01";"3";"1";"0";"2";"3";"0";"5";""
"202400000111";"155781553";"B01";"1";"7";"0";"2";"1";"0";"1";""
"202400000111";"155781554";"A01";"1";"7";"0";"2";"7";"1";"2";""
"202400000112";"155781551";"A01";"1";"7";"0";"2";"8";"13";"1";""
"202400000112";"155781552";"B01";"1";"7";"0";"2";"4";"1";"1";""
"202400000113";"155781549";"A01";"2";"7";"8";"0";"1";"0";"1";""
"202400000113";"155781550";"B01";"2";"7";"8";"0";"1";"0";"1";""
"202400000114";"155781547";"B01";"1";"7";"0";"2";"1";"1";"1";""
"202400000114";"155781548";"A01";"1";"7";"0";"2";"8";"10";"2";""
"202400000115";"155781546";"A01";"2";"50";"0";"0";"1";"26";"3";""
"202400000116";"155781545";"A01";"1";"10";"0";"1";"8";"1";"1";""
"202400000117";"155781543";"B01";"1";"33";"0";"2";"1";"1";"1";""
"202400000117";"155781544";"A01";"2";"7";"0";"2";"7";"15";"2";""
"202400000118";"155781542";"A01";"1";"33";"13";"0";"1";"1";"1";""
"202400000119";"155781540";"B01";"3";"33";"0";"2";"7";"1";"1";""
"202400000119";"155781541";"A01";"3";"37";"0";"2";"7";"15";"1";"1"
"202400000120";"155781538";"A01";"1";"33";"0";"2";"1";"17";"1";""
"202400000120";"155781539";"B01";"1";"7";"0";"9";"6";"10";"2";""
"202400000121";"155781536";"A01";"3";"7";"0";"2";"7";"20";"1";""
"202400000121";"155781537";"B01";"1";"2";"0";"2";"1";"1";"1";""
"202400000122";"155781534";"A01";"1";"7";"0";"2";"1";"17";"1";""
"202400000122";"155781535";"B01";"2";"7";"0";"2";"1";"1";"1";""
"202400000123";"155781533";"A01";"2";"99";"1";"0";"1";"1";"0";""
"202400000124";"155781531";"A01";"3";"7";"0";"9";"6";"10";"1";""
"202400000124";"155781532";"B01";"3";"50";"0";"2";"1";"5";"3";""
"202400000125";"155781529";"A01";"1";"7";"0";"2";"8";"10";"1";""
"202400000125";"155781530";"B01";"1";"30";"0";"2";"2";"0";"1";""
"202400000126";"155781528";"A01";"1";"3";"2";"0";"3";"1";"1";""
"202400000127";"155781526";"A01";"2";"7";"0";"2";"2";"15";"1";""
"202400000127";"155781527";"B01";"1";"10";"0";"2";"1";"1";"1";""
"202400000128";"155781525";"A01";"2";"7";"15";"0";"1";"14";"1";""
"202400000129";"155781524";"A01";"2";"7";"0";"1";"2";"1";"1";""
"202400000130";"155781522";"A01";"1";"7";"0";"9";"7";"17";"1";""
"202400000130";"155781523";"B01";"1";"50";"0";"2";"8";"2";"3";""
"202400000131";"155781520";"A01";"3";"7";"0";"2";"2";"19";"1";""
"202400000131";"155781521";"B01";"1";"7";"0";"2";"1";"2";"1";""
"202400000132";"155781519";"A01";"1";"7";"0";"1";"2";"1";"1";""
"202400000133";"155781518";"A01";"3";"7";"6";"0";"1";"26";"1";""
"202400000134";"155781516";"B01";"1";"2";"0";"2";"3";"9";"1";""
"202400000134";"155781517";"A01";"2";"1";"0";"2";"1";"25";"5";""
"202400000135";"155781514";"A01";"1";"7";"0";"2";"1";"9";"1";""
"202400000135";"155781515";"B01";"1";"50";"0";"2";"4";"2";"3";""
"202400000136";"155781512";"A01";"1";"7";"0";"2";"3";"15";"1";""
"202400000136";"155781513";"B01";"2";"7";"0";"2";"3";"2";"1";""
"202400000137";"155781510";"B01";"3";"7";"0";"2";"7";"15";"1";""
"202400000137";"155781511";"A01";"2";"43";"0";"2";"1";"1";"1";""
"202400000138";"155781508";"A01";"1";"32";"12";"0";"0";"18";"1";""
"202400000138";"155781509";"B01";"2";"7";"0";"0";"0";"16";"1";""
"202400000139";"155781506";"B01";"1";"7";"0";"2";"4";"2";"1";""
"202400000139";"155781507";"A01";"1";"10";"0";"2";"1";"2";"1";""
"202400000140";"155781505";"A01";"2";"7";"5";"0";"3";"1";"1";""
"202400000141";"155781503";"A01";"0";"7";"0";"2";"2";"15";"1";""
"202400000141";"155781504";"B01";"0";"2";"0";"0";"0";"0";"1";""
"202400000142";"155781500";"B01";"1";"7";"1";"0";"4";"24";"1";""
"202400000142";"155781501";"C01";"1";"7";"1";"0";"4";"24";"1";""
"202400000142";"155781502";"A01";"1";"7";"1";"0";"1";"14";"1";""
"202400000143";"155781497";"A01";"2";"7";"0";"2";"1";"2";"1";""
"202400000143";"155781498";"B01";"2";"7";"0";"2";"4";"2";"2";""
"202400000143";"155781499";"C01";"2";"7";"0";"2";"4";"2";"1";""
"202400000144";"155781495";"B01";"3";"1";"0";"2";"8";"19";"5";""
"202400000144";"155781496";"A01";"2";"7";"0";"2";"3";"15";"1";""
"202400000145";"155781492";"A01";"3";"7";"0";"2";"1";"1";"1";""
"202400000145";"155781493";"B01";"3";"7";"0";"0";"4";"1";"1";""
"202400000146";"155781490";"B01";"1";"1";"0";"2";"8";"1";"5";""
"202400000146";"155781491";"A01";"1";"7";"0";"2";"1";"1";"2";""
"202400000147";"155781489";"A01";"2";"7";"0";"1";"1";"16";"1";""
"202400000148";"155781488";"A01";"3";"50";"0";"1";"7";"26";"3";""
"202400000149";"155781486";"B01";"2";"7";"0";"0";"3";"24";"2";""
"202400000149";"155781487";"A01";"2";"1";"1";"0";"1";"1";"5";""
"202400000150";"155781484";"A01";"1";"33";"0";"2";"1";"2";"1";""
"202400000150";"155781485";"B01";"1";"7";"0";"2";"7";"2";"3";""
"202400000151";"155781482";"B01";"1";"7";"0";"2";"2";"1";"1";""
"202400000151";"155781483";"A01";"1";"7";"0";"2";"3";"13";"1";""
"202400000152";"155781479";"C01";"1";"7";"0";"2";"4";"23";"1";""
"202400000152";"155781480";"A01";"1";"7";"0";"2";"1";"2";"1";""
"202400000152";"155781481";"B01";"1";"7";"0";"2";"4";"23";"2";""
"202400000153";"155781477";"B01";"2";"32";"0";"2";"2";"17";"1";""
"202400000153";"155781478";"A01";"2";"7";"0";"2";"3";"11";"1";""
"202400000154";"155781475";"B01";"2";"7";"0";"2";"1";"1";"1";""
"202400000154";"155781476";"A01";"2";"7";"0";"2";"4";"23";"1";""
"202400000155";"155781473";"A01";"3";"37";"0";"2";"4";"23";"1";"1"
"202400000155";"155781474";"B01";"3";"37";"0";"2";"1";"1";"1";"2"
"202400000156";"155781472";"A01";"2";"7";"0";"1";"1";"16";"0";""
"202400000157";"155781471";"A01";"1";"7";"0";"1";"1";"1";"1";""
"202400000158";"155781469";"A01";"1";"7";"0";"2";"1";"16";"1";""
"202400000158";"155781470";"B01";"2";"7";"0";"2";"2";"1";"1";""
"202400000159";"155781468";"A01";"1";"7";"2";"0";"1";"0";"1";""
"202400000160";"155781467";"A01";"1";"33";"4";"0";"3";"3";"1";""
"202400000161";"155781466";"A01";"1";"2";"13";"0";"1";"1";"1";""
"202400000162";"155781465";"A01";"1";"10";"13";"0";"3";"13";"1";""
"202400000163";"155781463";"A01";"0";"7";"0";"2";"1";"15";"1";""
"202400000163";"155781464";"B01";"0";"10";"0";"2";"3";"1";"1";""
"202400000164";"155781461";"A01";"2";"14";"0";"2";"1";"0";"1";""
"202400000164";"155781462";"B01";"2";"14";"0";"0";"4";"0";"1";""
"202400000165";"155781460";"A01";"1";"7";"2";"0";"1";"26";"1";""
"202400000166";"155781459";"A01";"1";"7";"2";"0";"1";"0";"1";""
"202400000167";"155781458";"A01";"0";"7";"13";"0";"1";"0";"1";""
"202400000168";"155781456";"A01";"3";"7";"0";"2";"7";"15";"1";""
"202400000168";"155781457";"B01";"3";"1";"0";"2";"2";"1";"5";""
"202400000169";"155781454";"A01";"2";"2";"0";"2";"8";"15";"1";""
"202400000169";"155781455";"B01";"2";"7";"0";"2";"7";"17";"1";""
"202400000170";"155781452";"B01";"2";"7";"0";"0";"3";"13";"1";""
"202400000170";"155781453";"A01";"1";"7";"0";"0";"3";"16";"1";""
"202400000171";"155781450";"A01";"1";"33";"3";"2";"2";"12";"1";""
"202400000171";"155781451";"B01";"1";"7";"0";"2";"0";"1";"1";""
"202400000172";"155781448";"A01";"2";"7";"0";"2";"1";"3";"1";""
"202400000172";"155781449";"B01";"2";"17";"0";"0";"6";"1";"1";""
"202400000173";"155781446";"A01";"2";"7";"0";"0";"1";"0";"1";""
"202400000174";"155781445";"A01";"1";"7";"0";"0";"1";"1";"1";""
"202400000174";"155781447";"B01";"2";"7";"0";"0";"1";"1";"1";""
"202400000175";"155781442";"A01";"2";"33";"0";"2";"1";"2";"1";""
"202400000175";"155781444";"B01";"2";"7";"0";"2";"4";"2";"1";""
"202400000176";"155781441";"A01";"1";"10";"0";"2";"1";"5";"1";""
"202400000176";"155781443";"B01";"2";"15";"0";"2";"1";"1";"1";""
"202400000177";"155781439";"A01";"2";"10";"0";"2";"1";"1";"1";""
"202400000177";"155781440";"B01";"2";"7";"0";"2";"4";"1";"1";""
"202400000178";"155781437";"A01";"1";"7";"0";"2";"5";"9";"1";""
"202400000178";"155781438";"B01";"1";"7";"0";"2";"3";"1";"2";""
"202400000179";"155781436";"A01";"1";"7";"4";"0";"8";"1";"1";""
"202400000180";"155781435";"A01";"1";"30";"15";"0";"1";"13";"1";""
"202400000181";"155781433";"B01";"3";"50";"0";"2";"8";"25";"3";""
"202400000181";"155781434";"A01";"1";"7";"0";"2";"1";"16";"1";""
"202400000182";"155781431";"B01";"2";"30";"0";"2";"5";"16";"0";""
"202400000182";"155781432";"A01";"2";"7";"0";"2";"6";"15";"1";""
"202400000183";"155781428";"B01";"1";"7";"0";"2";"1";"15";"1";""
"202400000183";"155781430";"A01";"2";"7";"0";"2";"3";"1";"1";""
"202400000184";"155781425";"C01";"2";"7";"0";"2";"5";"2";"1";""
"202400000184";"155781427";"A01";"2";"33";"0";"2";"2";"9";"1";""
"202400000184";"155781429";"B01";"2";"7";"0";"2";"6";"2";"1";""
"202400000185";"155781426";"A01";"1";"33";"0";"0";"0";"0";"1";""
"202400000186";"155781423";"A01";"1";"7";"6";"0";"1";"15";"1";""
"202400000187";"155781421";"B01";"1";"7";"0";"2";"6";"2";"1";""
"202400000187";"155781422";"C01";"2";"7";"0";"2";"1";"5";"1";""
"202400000187";"155781424";"A01";"1";"7";"0";"2";"1";"21";"1";""
"202400000188";"155781418";"B01";"3";"7";"0";"2";"3";"0";"1";""
"202400000188";"155781420";"A01";"3";"33";"0";"2";"3";"0";"1";""
"202400000189";"155781417";"A01";"1";"3";"0";"2";"4";"26";"6";""
"202400000189";"155781419";"B01";"1";"99";"0";"2";"1";"26";"6";""
"202400000190";"155781416";"A01";"1";"7";"6";"0";"1";"2";"1";""
"202400000191";"155781415";"A01";"1";"33";"14";"0";"3";"11";"1";""
"202400000192";"155781413";"B01";"1";"10";"0";"2";"3";"21";"1";""
"202400000192";"155781414";"A01";"2";"1";"0";"2";"1";"13";"5";""
"202400000193";"155781411";"A01";"3";"7";"14";"0";"1";"2";"1";""
"202400000193";"155781412";"B01";"3";"7";"0";"2";"1";"2";"1";""
"202400000194";"155781409";"A01";"3";"7";"0";"2";"2";"9";"1";""
"202400000194";"155781410";"B01";"3";"33";"0";"2";"3";"1";"1";""
"202400000195";"155781408";"A01";"2";"2";"0";"0";"0";"0";"0";""
"202400000196";"155781405";"A01";"2";"7";"0";"2";"8";"16";"1";""
"202400000196";"155781407";"B01";"1";"7";"0";"2";"3";"1";"1";""
"202400000197";"155781404";"B01";"1";"1";"0";"2";"4";"1";"5";""
"202400000197";"155781406";"A01";"1";"7";"0";"2";"1";"16";"1";""
"202400000198";"155781403";"A01";"2";"7";"17";"0";"1";"1";"1";""
"202400000199";"155781401";"B01";"2";"7";"0";"2";"1";"2";"1";""
"202400000199";"155781402";"A01";"1";"7";"0";"2";"3";"0";"1";""
"202400000200";"155781400";"A01";"0";"1";"0";"0";"0";"0";"5";""
"202400000201";"155781399";"A01";"1";"1";"0";"0";"8";"1";"5";""
"202400000202";"155781398";"A01";"0";"10";"0";"1";"4";"4";"1";""
"202400000203";"155781397";"A01";"1";"7";"13";"0";"0";"1";"1";""
"202400000204";"155781394";"B01";"2";"10";"11";"2";"1";"1";"1";""
"202400000204";"155781396";"A01";"2";"7";"11";"2";"1";"15";"1";""
"202400000205";"155781393";"A01";"1";"7";"0";"2";"3";"13";"1";""
"202400000205";"155781395";"B01";"2";"10";"0";"2";"3";"1";"1";""
"202400000206";"155781392";"A01";"2";"7";"17";"0";"1";"1";"1";""
"202400000207";"155781390";"A01";"2";"7";"0";"2";"3";"13";"1";""
"202400000207";"155781391";"B01";"1";"15";"0";"2";"3";"1";"1";""
"202400000208";"155781388";"A01";"2";"7";"0";"2";"1";"2";"1";""
"202400000208";"155781389";"B01";"2";"7";"0";"0";"4";"2";"3";""
"202400000209";"155781387";"A01";"1";"7";"13";"0";"1";"1";"1";""
"202400000210";"155781386";"A01";"2";"33";"16";"0";"0";"1";"1";""
"202400000211";"155781385";"A01";"1";"32";"0";"0";"0";"0";"1";""
"202400000212";"155781384";"A01";"2";"10";"2";"0";"2";"1";"1";""
"202400000213";"155781382";"A01";"1";"7";"0";"2";"1";"1";"1";""
"202400000213";"155781383";"B01";"2";"7";"13";"2";"1";"1";"1";""
"202400000214";"155781380";"B01";"1";"33";"0";"2";"1";"1";"1";""
"202400000214";"155781381";"A01";"2";"7";"0";"2";"1";"19";"1";""
"202400000215";"155781378";"B01";"2";"33";"0";"2";"1";"1";"1";""
"202400000215";"155781379";"A01";"2";"7";"0";"2";"8";"11";"1";""
"202400000216";"155781377";"A01";"2";"7";"1";"0";"1";"14";"1";""
"202400000217";"155781375";"B01";"0";"10";"0";"2";"2";"1";"1";""
"202400000217";"155781376";"A01";"0";"7";"0";"2";"1";"0";"1";""
"202400000218";"155781373";"A01";"1";"7";"0";"0";"7";"10";"1";""
"202400000218";"155781374";"B01";"2";"33";"0";"2";"1";"1";"1";""
"202400000219";"155781372";"A01";"1";"7";"13";"0";"1";"0";"1";""
"202400000220";"155781370";"A01";"2";"2";"0";"2";"1";"2";"1";""
"202400000220";"155781371";"B01";"2";"7";"0";"0";"3";"2";"1";""
"202400000221";"155781368";"A01";"3";"7";"0";"2";"1";"1";"1";""
"202400000221";"155781369";"B01";"3";"7";"0";"0";"3";"1";"1";""
"202400000222";"155781366";"A01";"2";"7";"0";"2";"3";"13";"1";""
"202400000222";"155781367";"B01";"1";"7";"0";"2";"3";"1";"1";""
"202400000223";"155781365";"A01";"1";"7";"6";"0";"2";"1";"1";""
"202400000224";"155781363";"A01";"2";"7";"0";"2";"4";"12";"1";""
"202400000224";"155781364";"B01";"2";"7";"0";"2";"3";"1";"1";""
"202400000225";"155781361";"A01";"1";"7";"0";"2";"1";"2";"1";""
"202400000225";"155781362";"B01";"1";"7";"0";"2";"4";"23";"1";""
"202400000226";"155781359";"A01";"1";"7";"0";"2";"1";"1";"1";""
"202400000226";"155781360";"B01";"1";"7";"0";"2";"6";"1";"2";""
"202400000227";"155781357";"A01";"1";"7";"0";"2";"1";"2";"1";""
"202400000227";"155781358";"B01";"1";"7";"4";"2";"4";"2";"1";""
"202400000228";"155781355";"A01";"2";"7";"0";"2";"1";"2";"1";""
"202400000228";"155781356";"B01";"2";"17";"0";"2";"4";"2";"1";""
"202400000229";"155781354";"A01";"1";"7";"4";"0";"1";"1";"1";""
"202400000230";"155781353";"A01";"2";"7";"0";"1";"1";"1";"1";""
"202400000231";"155781351";"A01";"1";"7";"0";"2";"0";"1";"1";""
"202400000231";"155781352";"B01";"1";"1";"0";"2";"0";"1";"5";""
"202400000232";"155781350";"A01";"1";"7";"0";"1";"1";"1";"2";""
"202400000233";"155781348";"A01";"1";"7";"0";"2";"0";"0";"1";""
"202400000233";"155781349";"B01";"1";"1";"0";"2";"0";"0";"5";""
"202400000234";"155781346";"B01";"1";"7";"0";"2";"3";"0";"1";""
"202400000234";"155781347";"A01";"1";"7";"0";"2";"7";"0";"1";""
"202400000235";"155781344";"B01";"1";"1";"0";"2";"1";"1";"5";""
"202400000235";"155781345";"A01";"2";"7";"0";"2";"8";"1";"1";""
"202400000236";"155781343";"A01";"1";"7";"0";"1";"1";"1";"1";""
"202400000237";"155781341";"A01";"2";"31";"0";"2";"2";"2";"1";""
"202400000237";"155781342";"Z01";"2";"7";"0";"2";"6";"11";"0";""
"202400000238";"155781339";"A01";"2";"2";"3";"2";"1";"1";"1";""
"202400000238";"155781340";"B01";"1";"31";"3";"2";"1";"13";"1";""
"202400000239";"155781337";"A01";"2";"7";"1";"2";"2";"1";"1";""
"202400000239";"155781338";"B01";"2";"7";"0";"2";"1";"1";"2";""
"202400000240";"155781335";"B01";"1";"31";"0";"2";"1";"1";"1";""
"202400000240";"155781336";"A01";"1";"7";"0";"2";"3";"9";"1";""
"202400000241";"155781334";"A01";"1";"7";"4";"0";"0";"0";"1";""
"202400000242";"155781331";"A01";"2";"7";"0";"2";"1";"15";"1";""
"202400000242";"155781332";"B01";"2";"7";"0";"2";"7";"1";"1";""
"202400000242";"155781333";"C01";"1";"10";"0";"2";"1";"0";"1";""
"202400000243";"155781329";"B01";"2";"7";"0";"2";"8";"0";"1";""
"202400000243";"155781330";"A01";"1";"7";"0";"2";"3";"0";"1";""
"202400000244";"155781328";"A01";"2";"7";"0";"1";"3";"1";"1";""
"202400000245";"155781327";"A01";"1";"50";"0";"0";"0";"3";"3";""
"202400000246";"155781326";"A01";"2";"7";"0";"1";"1";"1";"1";""
"202400000247";"155781324";"A01";"1";"7";"14";"0";"6";"1";"1";""
"202400000247";"155781325";"B01";"1";"37";"0";"2";"6";"1";"1";"1"
"202400000248";"155781322";"Z01";"1";"7";"0";"2";"4";"4";"1";""
"202400000248";"155781323";"A01";"1";"7";"0";"2";"1";"9";"1";""
"202400000249";"155781320";"B01";"1";"7";"0";"9";"2";"1";"1";""
"202400000249";"155781321";"A01";"2";"50";"0";"2";"3";"1";"3";""
"202400000250";"155781319";"A01";"1";"7";"1";"0";"1";"5";"1";""
"202400000251";"155781315";"A01";"3";"7";"0";"2";"6";"1";"1";""
"202400000251";"155781316";"B01";"3";"7";"0";"2";"3";"13";"1";""
"202400000252";"155781313";"A01";"2";"30";"0";"2";"2";"2";"1";""
"202400000252";"155781314";"B01";"2";"33";"0";"2";"8";"13";"1";""
"202400000253";"155781312";"A01";"1";"33";"0";"0";"7";"1";"6";""
"202400000254";"155781311";"A01";"2";"7";"6";"0";"1";"26";"1";""
"202400000255";"155781308";"Z01";"0";"10";"0";"1";"2";"1";"0";""
"202400000256";"155781307";"A01";"1";"17";"0";"0";"0";"1";"1";""
"202400000257";"155781305";"B01";"1";"1";"0";"2";"1";"1";"5";""
"202400000257";"155781306";"A01";"2";"7";"0";"2";"0";"15";"1";""
"202400000258";"155781303";"A01";"2";"30";"0";"2";"1";"2";"1";""
"202400000258";"155781304";"B01";"2";"10";"0";"2";"4";"1";"1";""
"202400000259";"155781301";"A01";"1";"7";"0";"2";"2";"16";"1";""
"202400000259";"155781302";"B01";"1";"32";"0";"2";"3";"7";"1";""
"202400000260";"155781300";"A01";"1";"7";"0";"1";"1";"1";"1";""
"202400000261";"155781299";"A01";"1";"7";"0";"1";"3";"1";"1";""
"202400000262";"155781298";"A01";"1";"31";"0";"5";"1";"1";"1";""
"202400000263";"155781296";"A01";"3";"7";"17";"2";"7";"6";"1";""
"202400000263";"155781297";"B01";"1";"7";"0";"2";"1";"1";"2";""
"202400000264";"155781294";"A01";"1";"7";"0";"2";"1";"1";"1";""
"202400000264";"155781295";"B01";"1";"7";"0";"2";"4";"1";"1";""
"202400000265";"155781293";"A01";"3";"7";"0";"1";"0";"0";"0";""
"202400000266";"155781292";"A01";"1";"33";"0";"0";"8";"1";"1";""
"202400000267";"155781291";"A01";"1";"7";"7";"0";"1";"15";"1";""
"202400000268";"155781290";"A01";"3";"7";"2";"0";"2";"21";"1";""
"202400000269";"155781288";"A01";"2";"7";"0";"2";"1";"2";"3";""
"202400000269";"155781289";"B01";"2";"7";"0";"2";"4";"9";"1";""
"202400000270";"155781286";"A01";"2";"7";"0";"2";"3";"16";"1";""
"202400000270";"155781287";"B01";"1";"30";"0";"2";"1";"1";"1";""
"202400000271";"155781285";"A01";"1";"43";"0";"2";"1";"0";"0";""
"202400000272";"155781283";"B01";"1";"33";"0";"2";"1";"16";"1";""
"202400000272";"155781284";"A01";"1";"7";"0";"2";"7";"15";"2";""
"202400000273";"155781281";"A01";"1";"33";"0";"2";"2";"17";"1";""
"202400000273";"155781282";"B01";"1";"7";"0";"2";"3";"15";"1";""
"202400000274";"155781279";"B01";"3";"7";"0";"2";"0";"0";"1";""
"202400000274";"155781280";"A01";"3";"30";"0";"2";"1";"17";"1";""
"202400000275";"155781278";"A01";"0";"7";"0";"1";"7";"1";"1";""
"202400000276";"155781276";"A01";"2";"7";"0";"9";"3";"1";"1";""
"202400000276";"155781277";"B01";"3";"60";"0";"2";"8";"5";"5";""
"202400000277";"155781274";"A01";"1";"7";"0";"2";"6";"9";"1";""
"202400000277";"155781275";"B01";"2";"7";"0";"2";"2";"13";"1";""
"202400000278";"155781271";"A01";"2";"7";"0";"2";"1";"2";"1";""
"202400000278";"155781272";"B01";"2";"7";"0";"2";"4";"2";"1";""
"202400000278";"155781273";"C01";"1";"7";"0";"2";"3";"1";"1";""
"202400000279";"155781270";"B01";"3";"7";"0";"1";"1";"1";"1";""
"202400000280";"155781269";"A01";"3";"7";"0";"1";"2";"1";"1";""
"202400000281";"155781267";"A01";"3";"7";"0";"2";"3";"1";"1";""
"202400000281";"155781268";"B01";"3";"7";"0";"2";"3";"1";"1";""
"202400000282";"155781266";"A01";"0";"34";"0";"1";"1";"26";"1";""
"202400000283";"155781265";"A01";"1";"7";"1";"0";"2";"26";"2";""
"202400000284";"155781263";"A01";"2";"7";"0";"2";"1";"13";"1";""
"202400000284";"155781264";"B01";"1";"7";"0";"2";"1";"1";"1";""
"202400000285";"155781261";"A01";"1";"7";"0";"2";"1";"15";"1";""
"202400000285";"155781262";"B01";"2";"30";"0";"2";"1";"17";"1";""
"202400000286";"155781260";"A01";"3";"10";"0";"1";"3";"25";"1";""
"202400000287";"155781259";"A01";"2";"7";"0";"1";"3";"1";"1";""
"202400000288";"155781258";"A01";"1";"7";"0";"1";"3";"1";"0";""
"202400000289";"155781256";"B01";"2";"7";"0";"2";"1";"1";"1";""
"202400000289";"155781257";"A01";"1";"7";"0";"2";"1";"1";"1";""
"202400000290";"155781254";"B01";"2";"1";"0";"2";"3";"1";"5";""
"202400000290";"155781255";"A01";"3";"7";"0";"9";"2";"16";"2";""
"202400000291";"155781251";"B01";"2";"30";"1";"0";"1";"1";"1";""
"202400000291";"155781252";"C01";"2";"10";"0";"2";"2";"1";"1";""
"202400000291";"155781253";"A01";"2";"7";"0";"2";"3";"22";"1";""
"202400000292";"155781249";"B01";"2";"7";"0";"0";"3";"15";"2";""
"202400000292";"155781250";"A01";"2";"30";"0";"0";"2";"17";"1";""
"202400000293";"155781247";"A01";"1";"32";"0";"2";"1";"3";"1";""
"202400000293";"155781248";"B01";"1";"10";"0";"0";"6";"2";"1";""
"202400000294";"155781245";"B01";"1";"33";"0";"2";"7";"3";"1";""
"202400000294";"155781246";"A01";"1";"33";"0";"2";"8";"11";"1";""
"202400000295";"155781242";"C01";"2";"15";"0";"2";"1";"1";"1";""
"202400000295";"155781243";"A01";"2";"33";"0";"2";"4";"12";"1";""
"202400000295";"155781244";"B01";"2";"7";"0";"2";"1";"1";"1";""
"202400000296";"155781240";"B01";"2";"7";"0";"2";"6";"11";"1";""
"202400000296";"155781241";"A01";"2";"33";"0";"2";"1";"3";"1";""
"202400000297";"155781239";"A01";"1";"80";"0";"0";"0";"0";"3";""
"202400000298";"155781236";"C01";"1";"7";"0";"2";"4";"1";"1";""
"202400000298";"155781237";"A01";"1";"7";"0";"2";"8";"11";"3";""
"202400000298";"155781238";"B01";"1";"33";"0";"2";"9";"3";"1";""
"202400000299";"155781234";"B01";"3";"1";"0";"2";"7";"19";"5";""
"202400000299";"155781235";"A01";"2";"32";"0";"2";"2";"1";"1";""
"202400000300";"155781232";"B01";"2";"33";"0";"2";"1";"3";"1";""
"202400000300";"155781233";"A01";"2";"7";"0";"2";"7";"12";"1";""
"202400000301";"155781231";"A01";"1";"2";"16";"0";"2";"2";"1";""
"202400000302";"155781227";"A01";"3";"7";"0";"2";"2";"1";"1";""
"202400000302";"155781229";"B01";"3";"80";"0";"2";"7";"1";"3";""
"202400000303";"155781226";"C01";"2";"10";"0";"2";"5";"2";"1";""
"202400000303";"155781228";"A01";"2";"7";"0";"2";"7";"12";"1";""
"202400000303";"155781230";"B01";"2";"33";"0";"2";"8";"3";"1";""
"202400000304";"155781223";"A01";"1";"7";"0";"2";"6";"15";"1";""
"202400000304";"155781225";"B01";"1";"2";"0";"2";"1";"2";"1";""
"202400000305";"155781222";"A01";"2";"33";"0";"2";"1";"3";"1";""
"202400000305";"155781224";"B01";"2";"7";"0";"2";"6";"1";"1";""
"202400000306";"155781218";"A01";"2";"10";"0";"2";"1";"1";"1";""
"202400000306";"155781220";"B01";"2";"7";"0";"2";"8";"15";"1";""
"202400000307";"155781219";"B01";"1";"7";"0";"0";"2";"9";"2";""
"202400000307";"155781221";"A01";"1";"33";"12";"2";"3";"21";"1";""
"202400000308";"155781215";"A01";"2";"10";"0";"2";"1";"0";"1";""
"202400000308";"155781217";"B01";"2";"10";"0";"2";"4";"23";"1";""
"202400000309";"155781214";"A01";"3";"30";"0";"2";"1";"1";"1";""
"202400000309";"155781216";"B01";"3";"7";"0";"2";"6";"15";"1";""
"202400000310";"155781210";"A01";"2";"7";"0";"2";"1";"2";"1";""
"202400000310";"155781211";"B01";"2";"7";"0";"2";"4";"1";"1";""
"202400000310";"155781213";"C01";"2";"7";"0";"2";"4";"1";"1";""
"202400000311";"155781209";"B01";"2";"0";"0";"2";"1";"0";"0";""
"202400000311";"155781212";"A01";"1";"50";"0";"2";"1";"1";"3";""
"202400000312";"155781208";"A01";"1";"7";"3";"0";"1";"1";"2";""
"202400000313";"155781206";"B01";"3";"1";"0";"2";"4";"1";"5";""
"202400000313";"155781207";"A01";"3";"7";"0";"9";"1";"1";"1";""
"202400000314";"155781204";"A01";"1";"10";"1";"0";"3";"1";"1";""
"202400000315";"155781202";"A01";"1";"10";"0";"2";"2";"2";"1";""
"202400000315";"155781203";"B01";"1";"2";"0";"2";"8";"2";"3";""
"202400000316";"155781200";"A01";"1";"7";"0";"2";"2";"22";"1";""
"202400000316";"155781201";"B01";"1";"50";"0";"2";"1";"18";"3";""
"202400000317";"155781199";"A01";"3";"7";"11";"0";"1";"2";"1";""
"202400000318";"155781197";"B01";"1";"1";"0";"2";"7";"2";"5";""
"202400000318";"155781198";"A01";"1";"1";"0";"2";"7";"2";"5";""
"202400000319";"155781192";"A01";"1";"7";"1";"2";"6";"16";"1";""
"202400000319";"155781194";"B01";"1";"7";"0";"2";"1";"1";"1";""
"202400000319";"155781195";"D01";"3";"7";"0";"2";"6";"24";"1";""
"202400000319";"155781196";"C01";"3";"7";"1";"2";"6";"24";"1";""
"202400000320";"155781191";"A01";"3";"7";"0";"2";"2";"16";"2";""
"202400000320";"155781193";"B01";"3";"1";"0";"2";"8";"1";"5";""
"202400000321";"155781188";"A01";"1";"10";"0";"2";"3";"1";"1";""
"202400000321";"155781190";"B01";"2";"80";"12";"2";"3";"5";"3";""
"202400000322";"155781187";"B01";"2";"60";"0";"2";"8";"19";"5";""
"202400000322";"155781189";"A01";"1";"7";"0";"2";"1";"19";"1";""
"202400000323";"155781186";"A01";"0";"1";"0";"2";"0";"0";"5";""
"202400000324";"155781185";"A01";"2";"33";"0";"1";"1";"1";"1";""
"202400000325";"155781184";"A01";"1";"7";"0";"1";"3";"19";"1";""
"202400000326";"155781182";"A01";"3";"32";"0";"2";"7";"3";"0";""
"202400000326";"155781183";"B01";"3";"7";"0";"2";"8";"15";"2";""
"202400000327";"155781181";"A01";"1";"50";"0";"0";"0";"0";"3";""
"202400000328";"155781179";"A01";"3";"7";"0";"2";"7";"19";"1";""
"202400000328";"155781180";"B01";"2";"7";"0";"2";"8";"1";"1";""
"202400000329";"155781178";"A01";"3";"7";"0";"1";"2";"1";"1";""
"202400000330";"155781177";"A01";"0";"7";"0";"1";"8";"1";"2";""
"202400000331";"155781176";"A01";"3";"7";"0";"1";"0";"0";"0";""
"202400000332";"155781173";"B01";"1";"37";"0";"2";"3";"2";"1";"1"
"202400000332";"155781175";"A01";"1";"50";"0";"2";"2";"17";"3";""
"202400000333";"155781172";"B01";"3";"7";"0";"2";"1";"1";"1";""
"202400000333";"155781174";"A01";"1";"7";"0";"2";"6";"1";"1";""
"202400000334";"155781170";"A01";"1";"7";"0";"2";"1";"26";"1";""
"202400000334";"155781171";"B01";"3";"50";"0";"2";"3";"19";"3";""
"202400000335";"155781168";"A01";"3";"7";"0";"2";"8";"6";"1";""
"202400000335";"155781169";"B01";"1";"50";"0";"2";"1";"9";"3";""
"202400000336";"155781165";"A01";"1";"7";"0";"2";"1";"2";"1";""
"202400000336";"155781166";"B01";"1";"2";"0";"2";"4";"23";"1";""
"202400000336";"155781167";"C01";"1";"7";"0";"2";"4";"23";"1";""
"202400000337";"155781163";"B01";"1";"31";"0";"2";"1";"1";"1";""
"202400000337";"155781164";"A01";"2";"10";"0";"2";"3";"19";"1";""
"202400000338";"155781161";"B01";"0";"7";"0";"2";"2";"1";"1";""
"202400000338";"155781162";"A01";"0";"7";"0";"2";"1";"26";"1";""
"202400000339";"155781157";"A01";"1";"7";"0";"2";"2";"2";"1";""
"202400000339";"155781159";"B01";"1";"7";"0";"2";"6";"2";"1";""
"202400000339";"155781160";"C01";"1";"7";"0";"2";"6";"2";"2";""
"202400000340";"155781156";"A01";"3";"33";"0";"2";"1";"1";"0";""
"202400000340";"155781158";"B01";"3";"33";"0";"2";"2";"15";"0";""
"202400000341";"155781154";"A01";"2";"33";"0";"2";"1";"17";"1";""
"202400000341";"155781155";"B01";"1";"7";"0";"2";"3";"6";"1";""
"202400000342";"155781152";"A01";"0";"7";"0";"2";"1";"1";"0";""
"202400000342";"155781153";"B01";"0";"32";"0";"2";"0";"0";"0";""
"202400000343";"155781150";"A01";"0";"7";"0";"2";"2";"1";"2";""
"202400000343";"155781151";"B01";"0";"7";"0";"2";"7";"15";"2";""
"202400000344";"155781148";"A01";"3";"7";"0";"2";"2";"1";"1";""
"202400000344";"155781149";"B01";"3";"34";"0";"2";"3";"1";"1";""
"202400000345";"155781146";"A01";"3";"7";"0";"2";"3";"15";"1";""
"202400000345";"155781147";"B01";"3";"34";"0";"2";"2";"17";"1";""
"202400000346";"155781145";"A01";"1";"37";"0";"1";"1";"19";"1";"1"
"202400000347";"155781143";"A01";"3";"7";"0";"2";"2";"20";"1";""
"202400000347";"155781144";"B01";"3";"50";"0";"2";"1";"1";"3";""
"202400000348";"155781141";"B01";"1";"7";"0";"2";"6";"24";"1";""
"202400000348";"155781142";"A01";"1";"31";"1";"0";"0";"21";"1";""
"202400000349";"155781138";"C01";"1";"7";"0";"2";"1";"2";"1";""
"202400000349";"155781139";"B01";"1";"7";"0";"2";"1";"2";"1";""
"202400000349";"155781140";"A01";"1";"7";"0";"9";"4";"2";"1";""
"202400000350";"155781137";"A01";"1";"10";"0";"1";"2";"1";"1";""
"202400000351";"155781135";"B01";"0";"7";"0";"2";"1";"1";"0";""
"202400000351";"155781136";"A01";"3";"7";"0";"2";"7";"9";"0";""
"202400000352";"155781134";"A01";"2";"7";"0";"1";"2";"1";"1";""
"202400000353";"155781133";"Z01";"1";"7";"0";"1";"6";"16";"0";""
"202400000354";"155781132";"A01";"3";"7";"15";"0";"1";"15";"1";""
"202400000355";"155781130";"B01";"3";"50";"1";"2";"1";"1";"3";""
"202400000355";"155781131";"A01";"3";"7";"1";"9";"3";"20";"3";""
"202400000356";"155781129";"A01";"2";"7";"2";"0";"9";"13";"1";""
"202400000357";"155781127";"A01";"1";"7";"0";"2";"3";"15";"1";""
"202400000357";"155781128";"B01";"2";"33";"0";"2";"3";"1";"1";""
"202400000358";"155781126";"A01";"2";"32";"0";"0";"0";"1";"1";""
"202400000359";"155781123";"B01";"1";"33";"0";"2";"1";"1";"1";""
"202400000359";"155781124";"C01";"2";"7";"0";"2";"3";"1";"1";""
"202400000359";"155781125";"A01";"1";"7";"0";"2";"3";"16";"1";""
"202400000360";"155781120";"A01";"1";"7";"0";"2";"2";"2";"1";""
"202400000360";"155781121";"B01";"1";"17";"0";"0";"6";"1";"1";""
"202400000360";"155781122";"C01";"1";"7";"0";"2";"2";"1";"2";""
"202400000361";"155781118";"A01";"1";"7";"0";"2";"1";"1";"1";""
"202400000361";"155781119";"B01";"2";"7";"0";"0";"1";"1";"1";""
"202400000362";"155781117";"A01";"1";"33";"5";"0";"1";"1";"1";""
"202400000363";"155781116";"A01";"2";"7";"13";"0";"2";"1";"0";""
"202400000364";"155781113";"A01";"1";"7";"2";"0";"2";"0";"1";""
"202400000365";"155781111";"A01";"1";"33";"0";"2";"3";"1";"1";""
"202400000365";"155781112";"B01";"2";"33";"0";"2";"3";"1";"1";""
"202400000366";"155781108";"B01";"2";"15";"0";"2";"8";"1";"1";""
"202400000366";"155781109";"A01";"1";"7";"0";"2";"3";"1";"1";""
"202400000367";"155781107";"A01";"2";"7";"0";"1";"2";"1";"1";""
"202400000368";"155781106";"A01";"1";"33";"2";"0";"1";"1";"1";""
"202400000369";"155781105";"A01";"2";"33";"0";"0";"3";"15";"1";""
"202400000370";"155781103";"A01";"1";"7";"0";"2";"2";"10";"1";""
"202400000370";"155781104";"B01";"2";"33";"0";"2";"1";"1";"1";""
"202400000371";"155781101";"A01";"1";"7";"0";"2";"3";"13";"1";""
"202400000371";"155781102";"B01";"2";"10";"0";"2";"3";"1";"1";""
"202400000372";"155781099";"B01";"2";"7";"0";"2";"1";"17";"1";""
"202400000372";"155781100";"A01";"2";"3";"0";"2";"8";"15";"1";""
"202400000373";"155781095";"A01";"1";"7";"0";"2";"3";"9";"1";""
"202400000373";"155781096";"B01";"1";"15";"0";"2";"1";"1";"1";""
"202400000374";"155781093";"B01";"1";"1";"0";"2";"1";"11";"5";""
"202400000374";"155781094";"A01";"2";"7";"0";"2";"2";"1";"2";""
"202400000375";"155781092";"A01";"2";"33";"12";"0";"1";"26";"1";""
"202400000376";"155781090";"A01";"1";"7";"0";"2";"1";"13";"1";""
"202400000376";"155781091";"B01";"2";"7";"0";"2";"3";"1";"1";""
"202400000377";"155781088";"B01";"1";"2";"0";"2";"1";"0";"1";""
"202400000377";"155781089";"A01";"1";"7";"0";"2";"2";"0";"1";""
"202400000378";"155781086";"A01";"2";"7";"0";"2";"2";"15";"1";""
"202400000378";"155781087";"B01";"2";"33";"0";"2";"1";"1";"1";""
"202400000379";"155781084";"B01";"2";"21";"0";"2";"3";"1";"1";""
"202400000379";"155781085";"A01";"1";"33";"0";"9";"9";"1";"1";""
"202400000380";"155781082";"A01";"2";"7";"0";"2";"7";"15";"1";""
"202400000380";"155781083";"B01";"1";"2";"0";"2";"1";"1";"1";""
"202400000381";"155781081";"A01";"1";"7";"2";"0";"1";"0";"1";""
"202400000382";"155781079";"B01";"1";"7";"0";"2";"1";"1";"2";""
"202400000382";"155781080";"A01";"2";"7";"0";"2";"1";"1";"1";""
"202400000383";"155781078";"A01";"1";"7";"13";"0";"1";"0";"1";""
"202400000384";"155781077";"A01";"2";"7";"0";"0";"2";"1";"1";""
"202400000385";"155781075";"B01";"1";"7";"0";"2";"3";"1";"1";""
"202400000385";"155781076";"A01";"2";"31";"0";"2";"1";"5";"1";""
"202400000386";"155781072";"A01";"2";"7";"13";"0";"9";"1";"2";""
"202400000387";"155781070";"A01";"2";"7";"4";"0";"4";"1";"3";""
"202400000387";"155781071";"B01";"2";"7";"0";"0";"1";"2";"2";""
"202400000388";"155781068";"B01";"1";"7";"0";"2";"7";"19";"1";""
"202400000388";"155781069";"A01";"1";"7";"0";"0";"1";"1";"1";""
"202400000389";"155781066";"A01";"1";"7";"0";"2";"3";"15";"1";""
"202400000389";"155781067";"B01";"2";"2";"0";"2";"1";"17";"1";""
"202400000390";"155781065";"A01";"1";"31";"3";"0";"2";"3";"1";""
"202400000391";"155781063";"B01";"1";"33";"0";"0";"5";"2";"1";""
"202400000391";"155781064";"A01";"1";"7";"0";"2";"3";"2";"1";""
"202400000392";"155781061";"A01";"2";"7";"0";"2";"8";"15";"1";""
"202400000392";"155781062";"B01";"1";"33";"0";"2";"1";"1";"1";""
"202400000393";"155781060";"A01";"2";"7";"2";"0";"3";"1";"1";""
"202400000394";"155781058";"A01";"2";"36";"7";"0";"1";"0";"1";""
"202400000395";"155781056";"A01";"1";"7";"0";"2";"3";"15";"1";""
"202400000395";"155781059";"B01";"0";"33";"0";"2";"1";"26";"1";""
"202400000396";"155781055";"A01";"2";"7";"0";"2";"2";"23";"1";""
"202400000396";"155781057";"B01";"1";"31";"0";"2";"1";"13";"1";""
"202400000397";"155781054";"A01";"1";"33";"13";"0";"1";"0";"1";""
"202400000398";"155781053";"A01";"2";"7";"13";"0";"3";"13";"1";""
"202400000399";"155781052";"A01";"1";"33";"0";"0";"7";"26";"1";""
"202400000400";"155781049";"A01";"1";"7";"0";"2";"7";"15";"1";""
"202400000400";"155781051";"B01";"2";"33";"0";"2";"1";"1";"1";""
"202400000401";"155781048";"A01";"3";"7";"0";"2";"2";"13";"1";""
"202400000401";"155781050";"B01";"0";"7";"0";"2";"2";"1";"1";""
"202400000402";"155781045";"A01";"2";"7";"3";"0";"7";"1";"1";""
"202400000403";"155781046";"A01";"2";"7";"0";"2";"3";"0";"1";""
"202400000403";"155781047";"B01";"1";"33";"0";"2";"1";"0";"1";""
"202400000404";"155781042";"B01";"2";"7";"0";"2";"3";"1";"1";""
"202400000404";"155781044";"A01";"1";"7";"0";"2";"3";"1";"1";""
"202400000405";"155781041";"A01";"2";"33";"0";"2";"2";"9";"1";""
"202400000405";"155781043";"B01";"2";"7";"0";"2";"3";"1";"1";""
"202400000406";"155781039";"A01";"3";"2";"6";"0";"1";"1";"1";""
"202400000407";"155781038";"B01";"3";"7";"0";"0";"4";"26";"1";""
"202400000407";"155781040";"A01";"3";"7";"0";"2";"1";"2";"1";""
"202400000408";"155781036";"A01";"0";"7";"16";"0";"0";"1";"1";""
"202400000409";"155781035";"A01";"0";"43";"0";"2";"3";"13";"1";""
"202400000409";"155781037";"B01";"0";"7";"0";"2";"3";"1";"1";""
"202400000410";"155781034";"A01";"1";"33";"0";"0";"6";"1";"1";""
"202400000411";"155781031";"B01";"1";"37";"0";"2";"1";"1";"1";"4"
"202400000411";"155781033";"A01";"1";"7";"0";"2";"4";"14";"1";""
"202400000412";"155781030";"A01";"2";"7";"3";"0";"1";"1";"1";""
"202400000412";"155781032";"Z01";"2";"0";"0";"0";"0";"0";"0";""
"202400000413";"155781029";"A01";"1";"7";"0";"5";"1";"1";"1";""
"202400000414";"155781028";"A01";"2";"7";"12";"0";"1";"1";"1";""
"202400000415";"155781025";"A01";"1";"7";"0";"2";"1";"2";"1";""
"202400000415";"155781026";"B01";"1";"7";"0";"2";"4";"2";"1";""
"202400000415";"155781027";"C01";"1";"7";"0";"2";"4";"2";"1";""
"202400000416";"155781021";"A01";"2";"7";"0";"2";"1";"2";"1";""
"202400000416";"155781023";"C01";"2";"7";"0";"2";"4";"2";"1";""
"202400000416";"155781024";"B01";"2";"7";"0";"2";"4";"2";"1";""
"202400000417";"155781019";"C01";"1";"7";"0";"2";"3";"1";"1";""
"202400000417";"155781020";"A01";"1";"33";"0";"2";"1";"3";"1";""
"202400000417";"155781022";"B01";"1";"10";"0";"2";"4";"1";"1";""
"202400000418";"155781017";"A01";"1";"10";"0";"2";"1";"2";"1";""
"202400000418";"155781018";"B01";"1";"7";"0";"2";"4";"0";"1";""
"202400000419";"155781014";"A01";"2";"7";"0";"2";"1";"0";"1";""
"202400000420";"155781012";"D01";"2";"10";"0";"2";"4";"2";"1";""
"202400000420";"155781013";"A01";"2";"7";"0";"2";"1";"1";"1";""
"202400000420";"155781015";"B01";"2";"10";"0";"2";"4";"2";"1";""
"202400000420";"155781016";"C01";"2";"7";"0";"2";"4";"2";"1";""
"202400000421";"155781006";"A01";"2";"7";"0";"2";"1";"2";"1";""
"202400000421";"155781008";"B01";"2";"7";"0";"2";"4";"2";"1";""
"202400000421";"155781010";"D01";"2";"7";"6";"2";"1";"2";"1";""
"202400000421";"155781011";"C01";"2";"7";"0";"2";"1";"2";"3";""
"202400000422";"155781005";"C01";"2";"7";"0";"2";"4";"1";"1";""
"202400000422";"155781007";"A01";"2";"33";"0";"2";"8";"3";"1";""
"202400000422";"155781009";"B01";"2";"7";"0";"2";"7";"14";"1";""
"202400000423";"155781002";"ZB01";"1";"50";"14";"0";"0";"1";"3";""
"202400000423";"155781004";"ZA01";"1";"50";"14";"0";"0";"1";"3";""
"202400000424";"155781001";"A01";"2";"43";"0";"2";"1";"3";"1";""
"202400000424";"155781003";"B01";"2";"7";"0";"2";"6";"2";"1";""
"202400000425";"155781000";"A01";"1";"7";"4";"0";"9";"1";"1";""
"202400000426";"155780998";"A01";"2";"7";"0";"2";"2";"12";"1";""
"202400000426";"155780999";"B01";"2";"43";"0";"2";"3";"3";"1";""
"202400000427";"155780993";"C01";"1";"7";"0";"2";"3";"2";"1";""
"202400000427";"155780995";"A01";"1";"10";"0";"2";"2";"2";"1";""
"202400000427";"155780996";"B01";"1";"7";"0";"2";"4";"2";"1";""
"202400000427";"155780997";"D01";"1";"7";"4";"2";"1";"2";"1";""
"202400000428";"155780994";"A01";"2";"43";"0";"5";"1";"1";"1";""
"202400000429";"155780992";"A01";"1";"7";"4";"0";"3";"1";"1";""
"202400000430";"155780990";"A01";"2";"10";"0";"2";"1";"2";"1";""
"202400000430";"155780991";"B01";"2";"33";"0";"2";"4";"23";"1";""
"202400000431";"155780987";"A01";"1";"7";"0";"2";"1";"0";"1";""
"202400000431";"155780988";"B01";"1";"7";"0";"2";"6";"1";"1";""
"202400000431";"155780989";"C01";"1";"7";"0";"2";"6";"1";"1";""
"202400000432";"155780986";"A01";"1";"33";"4";"0";"8";"11";"1";""
"202400000433";"155780983";"B01";"2";"7";"0";"2";"5";"11";"1";""
"202400000433";"155780985";"A01";"2";"33";"0";"2";"3";"3";"1";""
"202400000434";"155780982";"A01";"1";"33";"0";"2";"1";"2";"1";""
"202400000434";"155780984";"B01";"1";"33";"0";"2";"4";"2";"1";""
"202400000435";"155780980";"A01";"1";"7";"13";"0";"2";"1";"1";""
"202400000436";"155780979";"B01";"2";"10";"0";"2";"7";"1";"1";""
"202400000436";"155780981";"A01";"2";"7";"0";"2";"2";"2";"1";""
"202400000437";"155780974";"A01";"2";"2";"1";"2";"6";"21";"1";""
"202400000437";"155780976";"B01";"2";"7";"5";"2";"6";"24";"1";""
"202400000437";"155780978";"C01";"3";"7";"5";"2";"5";"24";"1";""
"202400000438";"155780975";"A01";"2";"7";"0";"2";"5";"14";"1";""
"202400000438";"155780977";"B01";"2";"31";"0";"2";"3";"3";"1";""
"202400000439";"155780970";"A01";"2";"7";"0";"2";"1";"2";"1";""
"202400000439";"155780971";"B01";"2";"7";"0";"2";"4";"2";"2";""
"202400000439";"155780972";"C01";"2";"7";"0";"2";"1";"2";"1";""
"202400000439";"155780973";"D01";"2";"7";"0";"2";"6";"2";"1";""
"202400000440";"155780968";"A01";"2";"10";"0";"2";"1";"1";"1";""
"202400000440";"155780969";"B01";"2";"7";"0";"2";"4";"1";"1";""
"202400000441";"155780965";"A01";"1";"7";"0";"2";"1";"1";"1";""
"202400000441";"155780966";"C01";"1";"7";"0";"2";"4";"1";"2";""
"202400000441";"155780967";"B01";"1";"7";"0";"2";"4";"1";"2";""
"202400000442";"155780963";"A01";"2";"33";"0";"2";"1";"3";"1";""
"202400000442";"155780964";"B01";"2";"7";"0";"2";"3";"11";"1";""
"202400000443";"155780961";"A01";"2";"7";"0";"2";"2";"1";"1";""
"202400000443";"155780962";"B01";"2";"14";"0";"2";"6";"1";"1";""
"202400000444";"155780959";"A01";"2";"7";"0";"2";"6";"1";"1";""
"202400000444";"155780960";"B01";"2";"14";"0";"2";"2";"1";"1";""
"202400000445";"155780955";"C01";"2";"7";"0";"2";"4";"2";"1";""
"202400000445";"155780956";"D01";"2";"7";"0";"2";"4";"2";"2";""
"202400000445";"155780957";"A01";"2";"7";"0";"2";"1";"2";"1";""
"202400000445";"155780958";"B01";"2";"7";"0";"2";"4";"2";"1";""
"202400000446";"155780953";"A01";"3";"7";"0";"2";"3";"9";"0";""
"202400000446";"155780954";"B01";"3";"50";"0";"2";"1";"1";"3";""
"202400000447";"155780951";"A01";"1";"30";"0";"2";"1";"1";"3";""
"202400000447";"155780952";"B01";"1";"7";"0";"2";"3";"1";"1";""
"202400000448";"155780949";"B01";"3";"7";"0";"0";"8";"1";"1";""
"202400000448";"155780950";"A01";"2";"1";"0";"2";"1";"1";"5";""
"202400000449";"155780946";"A01";"1";"1";"0";"2";"1";"1";"5";""
"202400000449";"155780948";"B01";"2";"7";"0";"2";"1";"13";"1";""
"202400000450";"155780945";"A01";"1";"7";"0";"2";"2";"2";"1";""
"202400000450";"155780947";"B01";"1";"1";"0";"2";"4";"2";"5";""
"202400000451";"155780943";"A01";"2";"2";"0";"1";"0";"2";"3";""
"202400000452";"155780942";"B01";"2";"7";"3";"0";"4";"2";"6";""
"202400000452";"155780944";"A01";"2";"33";"3";"2";"1";"2";"6";""
"202400000453";"155780939";"B01";"1";"7";"0";"2";"3";"23";"1";""
"202400000453";"155780941";"A01";"1";"33";"0";"2";"8";"15";"1";""
"202400000454";"155780938";"B01";"2";"7";"0";"2";"1";"1";"1";""
"202400000454";"155780940";"A01";"2";"7";"0";"2";"5";"1";"1";""
"202400000455";"155780936";"A01";"3";"7";"0";"1";"1";"9";"1";""
"202400000456";"155780934";"B01";"3";"1";"0";"2";"4";"1";"5";""
"202400000456";"155780935";"A01";"3";"7";"0";"2";"2";"17";"1";""
"202400000457";"155780933";"A01";"3";"37";"0";"2";"0";"0";"1";"10"
"202400000457";"155780937";"B01";"0";"33";"0";"2";"0";"0";"0";""
"202400000458";"155780931";"A01";"3";"7";"0";"2";"3";"15";"1";""
"202400000458";"155780932";"B01";"3";"33";"0";"2";"1";"1";"1";""
"202400000459";"155780929";"B01";"2";"7";"0";"2";"3";"23";"1";""
"202400000459";"155780930";"A01";"2";"7";"1";"0";"1";"0";"1";""
"202400000460";"155780928";"Z01";"3";"7";"0";"1";"7";"16";"0";""
"202400000461";"155780927";"A01";"1";"7";"0";"0";"7";"0";"1";""
"202400000462";"155780926";"A01";"2";"7";"0";"0";"0";"0";"1";""
"202400000463";"155780925";"A01";"2";"7";"3";"0";"1";"17";"1";""
"202400000464";"155780923";"A01";"1";"34";"0";"2";"7";"17";"1";""
"202400000464";"155780924";"B01";"2";"7";"0";"2";"3";"15";"1";""
"202400000465";"155780920";"A01";"1";"1";"0";"2";"1";"1";"5";""
"202400000465";"155780921";"B01";"2";"37";"0";"2";"8";"1";"1";"1"
"202400000466";"155780918";"A01";"3";"99";"0";"2";"8";"2";"3";""
"202400000466";"155780919";"B01";"3";"10";"0";"2";"0";"1";"1";""
"202400000467";"155780917";"A01";"3";"30";"0";"0";"7";"21";"1";""
"202400000468";"155780915";"B01";"1";"33";"0";"2";"1";"1";"1";""
"202400000468";"155780916";"A01";"2";"7";"0";"2";"5";"10";"1";""
"202400000469";"155780913";"A01";"1";"7";"0";"2";"1";"17";"1";""
"202400000469";"155780914";"B01";"1";"7";"0";"2";"4";"1";"1";""
"202400000470";"155780911";"A01";"3";"1";"0";"0";"0";"16";"5";""
"202400000471";"155780910";"A01";"3";"34";"0";"0";"9";"0";"1";""
"202400000472";"155780912";"A01";"1";"7";"0";"1";"1";"26";"2";""
"202400000473";"155780909";"A01";"1";"7";"0";"1";"4";"4";"1";""
"202400000474";"155780907";"A01";"1";"7";"0";"1";"1";"26";"1";""
"202400000475";"155780906";"A01";"1";"7";"1";"0";"2";"1";"1";""
"202400000475";"155780908";"B01";"1";"7";"0";"2";"8";"24";"1";""
"202400000476";"155780905";"A01";"2";"7";"0";"1";"2";"1";"1";""
"202400000477";"155780903";"A01";"2";"7";"12";"1";"1";"1";"1";""
"202400000478";"155780902";"B01";"3";"7";"0";"2";"5";"15";"1";""
"202400000478";"155780904";"A01";"3";"7";"12";"2";"5";"16";"2";""
"202400000479";"155780900";"A01";"3";"7";"0";"1";"3";"1";"2";""
"202400000480";"155780899";"B01";"3";"7";"0";"2";"3";"1";"1";""
"202400000480";"155780901";"A01";"3";"7";"0";"2";"3";"13";"1";""
"202400000481";"155780898";"A01";"1";"50";"0";"1";"1";"25";"3";""
"202400000482";"155780896";"A01";"3";"7";"0";"2";"3";"1";"1";""
"202400000482";"155780897";"B01";"3";"7";"0";"2";"3";"1";"1";""
"202400000483";"155780894";"A01";"1";"7";"0";"2";"7";"15";"1";""
"202400000483";"155780895";"B01";"1";"14";"0";"2";"1";"1";"1";""
"202400000484";"155780893";"A01";"1";"7";"0";"1";"4";"20";"1";""
"202400000485";"155780892";"A01";"1";"3";"13";"0";"3";"13";"1";""
"202400000486";"155780891";"A01";"1";"7";"0";"0";"3";"1";"1";""
"202400000487";"155780886";"B01";"1";"80";"0";"2";"2";"1";"3";""
"202400000487";"155780888";"A01";"1";"7";"0";"2";"3";"1";"1";""
"202400000488";"155780885";"A01";"3";"7";"0";"2";"1";"1";"1";""
"202400000488";"155780887";"B01";"3";"1";"0";"2";"0";"1";"5";""
"202400000489";"155780884";"A01";"1";"7";"2";"0";"1";"1";"1";""
"202400000490";"155780882";"B01";"2";"7";"0";"2";"8";"1";"1";""
"202400000490";"155780883";"A01";"2";"7";"0";"2";"1";"1";"1";""
"202400000491";"155780880";"B01";"2";"7";"0";"2";"1";"1";"1";""
"202400000491";"155780881";"A01";"2";"7";"0";"2";"4";"1";"1";""
"202400000492";"155780877";"A01";"1";"7";"0";"2";"2";"16";"2";""
"202400000492";"155780879";"B01";"2";"1";"0";"2";"8";"1";"5";""
"202400000493";"155780872";"C01";"0";"7";"0";"2";"1";"2";"1";""
"202400000493";"155780873";"B01";"0";"7";"0";"2";"3";"1";"1";""
"202400000493";"155780875";"A01";"0";"7";"0";"2";"3";"13";"1";""
"202400000494";"155780868";"A01";"1";"30";"0";"2";"1";"2";"1";""
"202400000494";"155780870";"B01";"1";"2";"0";"2";"4";"23";"1";""
"202400000495";"155780867";"B01";"1";"1";"0";"2";"2";"1";"5";""
"202400000495";"155780869";"A01";"2";"7";"0";"2";"3";"1";"2";""
"202400000496";"155780866";"A01";"1";"7";"9";"0";"2";"14";"1";""
"202400000497";"155780864";"B01";"2";"32";"0";"2";"1";"17";"1";""
"202400000497";"155780865";"A01";"1";"32";"0";"2";"3";"15";"1";""
"202400000498";"155780863";"A01";"1";"7";"1";"0";"1";"14";"1";""
"202400000499";"155780861";"B01";"2";"7";"0";"2";"1";"1";"1";""
"202400000499";"155780862";"A01";"1";"7";"0";"2";"1";"5";"1";""
"202400000500";"155780860";"A01";"3";"7";"0";"1";"3";"15";"1";""
"202400000501";"155780857";"Z01";"2";"14";"0";"9";"7";"0";"0";""
"202400000501";"155780858";"B01";"1";"1";"0";"2";"5";"9";"5";""
"202400000502";"155780856";"A01";"2";"7";"0";"2";"1";"1";"1";""
"202400000502";"155780859";"B01";"2";"30";"0";"2";"8";"1";"3";""
"202400000503";"155780855";"A01";"1";"7";"0";"1";"2";"14";"1";""
"202400000504";"155780854";"A01";"1";"30";"0";"0";"8";"1";"1";""
"202400000505";"155780853";"A01";"1";"7";"0";"1";"3";"15";"1";""
"202400000506";"155780849";"C01";"1";"7";"3";"2";"7";"13";"1";""
"202400000506";"155780851";"A01";"1";"7";"16";"2";"2";"1";"1";""
"202400000506";"155780852";"B01";"1";"7";"16";"2";"6";"14";"1";""
"202400000507";"155780850";"A01";"1";"50";"12";"0";"1";"19";"3";""
"202400000508";"155780846";"A01";"1";"33";"0";"5";"1";"21";"1";""
"202400000509";"155780845";"A01";"1";"7";"0";"2";"8";"15";"1";""
"202400000509";"155780847";"B01";"1";"30";"0";"2";"7";"17";"1";""
"202400000510";"155780843";"A01";"1";"7";"0";"1";"1";"1";"1";""
"202400000511";"155780842";"A01";"3";"7";"0";"9";"1";"1";"1";""
"202400000511";"155780844";"B01";"3";"1";"0";"2";"1";"1";"5";""
"202400000512";"155780841";"A01";"3";"10";"0";"2";"1";"17";"1";""
"202400000513";"155780837";"B01";"3";"1";"0";"2";"4";"9";"5";""
"202400000513";"155780839";"A01";"3";"7";"0";"2";"1";"1";"1";""
"202400000514";"155780833";"Z01";"2";"10";"0";"2";"0";"0";"0";""
"202400000514";"155780835";"B01";"1";"50";"0";"2";"0";"0";"3";""
"202400000515";"155780832";"B01";"1";"7";"0";"2";"1";"1";"1";""
"202400000515";"155780834";"A01";"1";"7";"0";"2";"5";"26";"1";""
"202400000516";"155780830";"A01";"2";"7";"1";"1";"1";"5";"1";""
"202400000517";"155780829";"B01";"3";"7";"0";"0";"1";"19";"1";""
"202400000517";"155780831";"A01";"3";"31";"0";"0";"8";"0";"1";""
"202400000518";"155780825";"B01";"1";"7";"7";"2";"3";"0";"1";""
"202400000518";"155780828";"A01";"1";"7";"0";"2";"1";"1";"2";""
"202400000519";"155780826";"A01";"2";"7";"0";"2";"7";"15";"2";""
"202400000519";"155780827";"B01";"1";"7";"0";"2";"1";"1";"1";""
"202400000520";"155780824";"A01";"3";"43";"3";"0";"1";"14";"1";""
"202400000521";"155780820";"B01";"2";"50";"12";"0";"8";"1";"3";""
"202400000521";"155780821";"A01";"1";"7";"12";"0";"2";"16";"2";""
"202400000522";"155780819";"A01";"1";"50";"12";"0";"1";"1";"3";""
"202400000523";"155780817";"A01";"1";"7";"1";"0";"3";"1";"1";""
"202400000524";"155780816";"A01";"2";"7";"0";"9";"3";"1";"1";""
"202400000524";"155780818";"B01";"2";"1";"0";"2";"2";"1";"5";""
"202400000525";"155780812";"A01";"0";"10";"0";"2";"4";"23";"6";""
"202400000525";"155780814";"B01";"0";"10";"0";"2";"4";"23";"6";""
"202400000526";"155780813";"B01";"2";"33";"0";"2";"8";"1";"1";""
"202400000526";"155780815";"A01";"1";"7";"0";"2";"1";"1";"2";""
"202400000527";"155780810";"A01";"2";"7";"0";"2";"2";"15";"1";""
"202400000527";"155780811";"B01";"0";"1";"0";"2";"1";"26";"5";""
"202400000528";"155780808";"B01";"2";"7";"0";"2";"1";"1";"2";""
"202400000528";"155780809";"A01";"1";"7";"0";"2";"7";"16";"1";""
"202400000529";"155780806";"A01";"2";"7";"0";"1";"3";"15";"2";""
"202400000530";"155780803";"A01";"2";"7";"0";"2";"3";"24";"2";""
"202400000530";"155780804";"B01";"2";"30";"0";"2";"1";"1";"1";""
"202400000531";"155780801";"A01";"2";"7";"0";"2";"3";"11";"1";""
"202400000531";"155780802";"B01";"1";"7";"0";"2";"3";"16";"1";""
"202400000532";"155780799";"A01";"1";"7";"9";"0";"4";"1";"1";""
"202400000532";"155780800";"B01";"1";"7";"14";"2";"1";"2";"1";""
"202400000533";"155780797";"A01";"1";"7";"0";"2";"1";"1";"1";""
"202400000533";"155780798";"B01";"1";"10";"0";"2";"4";"1";"1";""
"202400000534";"155780796";"A01";"1";"50";"0";"0";"0";"2";"3";""
"202400000535";"155780794";"A01";"1";"10";"0";"2";"7";"15";"1";""
"202400000535";"155780795";"B01";"2";"33";"0";"2";"1";"0";"1";""
"202400000536";"155780792";"B01";"2";"7";"0";"2";"1";"5";"0";""
"202400000537";"155780791";"A01";"1";"10";"0";"2";"7";"13";"1";""
"202400000537";"155780793";"B01";"1";"2";"8";"2";"9";"17";"1";""
"202400000538";"155780790";"A01";"1";"15";"0";"1";"6";"4";"0";""
"202400000539";"155780788";"B01";"2";"7";"0";"2";"1";"1";"1";""
"202400000539";"155780789";"A01";"2";"33";"0";"2";"1";"1";"1";""
"202400000540";"155780785";"B01";"0";"1";"0";"2";"1";"1";"5";""
"202400000540";"155780787";"A01";"0";"31";"0";"2";"1";"15";"1";""
"202400000541";"155780784";"A01";"2";"2";"0";"2";"1";"2";"1";""
"202400000541";"155780786";"B01";"2";"7";"0";"2";"4";"2";"1";""
"202400000542";"155780782";"A01";"1";"33";"0";"2";"2";"14";"1";""
"202400000542";"155780783";"B01";"2";"7";"0";"2";"3";"1";"2";""
"202400000543";"155780779";"B01";"2";"33";"0";"2";"1";"2";"1";""
"202400000543";"155780780";"A01";"2";"10";"0";"0";"6";"1";"1";""
"202400000544";"155780781";"A01";"1";"3";"0";"1";"1";"1";"1";""
"202400000545";"155780778";"A01";"1";"7";"0";"1";"3";"26";"1";""
"202400000546";"155780776";"A01";"2";"7";"2";"0";"1";"1";"1";""
"202400000547";"155780774";"A01";"2";"31";"0";"2";"1";"1";"1";""
"202400000547";"155780777";"B01";"1";"10";"0";"2";"1";"1";"1";""
"202400000548";"155780772";"A01";"2";"33";"9";"0";"1";"17";"1";""
"202400000549";"155780771";"A01";"1";"7";"8";"0";"1";"1";"1";""
"202400000550";"155780766";"A01";"3";"7";"0";"2";"2";"19";"1";""
"202400000550";"155780769";"B01";"1";"7";"0";"2";"1";"1";"1";""
"202400000551";"155780765";"C01";"2";"10";"0";"2";"4";"1";"1";""
"202400000551";"155780768";"B01";"2";"7";"0";"2";"1";"1";"1";""
"202400000551";"155780770";"A01";"2";"7";"0";"2";"1";"1";"1";""
"202400000552";"155780764";"A01";"1";"3";"0";"2";"1";"9";"1";""
"202400000552";"155780767";"B01";"2";"2";"0";"2";"1";"1";"1";""
"202400000553";"155780761";"A01";"2";"33";"3";"0";"1";"16";"1";""
"202400000554";"155780762";"A01";"2";"7";"0";"2";"1";"13";"1";""
"202400000554";"155780763";"B01";"1";"7";"0";"2";"1";"21";"1";""
"202400000555";"155780759";"B01";"2";"7";"0";"2";"1";"15";"1";""
"202400000555";"155780760";"A01";"1";"33";"0";"2";"2";"3";"1";""
"202400000556";"155780756";"B01";"1";"7";"3";"0";"9";"1";"1";""
"202400000556";"155780758";"A01";"1";"17";"0";"0";"7";"12";"1";""
"202400000557";"155780755";"A01";"1";"31";"0";"2";"1";"2";"1";""
"202400000557";"155780757";"B01";"1";"15";"0";"2";"4";"1";"1";""
"202400000558";"155780753";"A01";"2";"7";"0";"2";"3";"15";"1";""
"202400000558";"155780754";"B01";"1";"2";"0";"2";"0";"1";"1";""
"202400000559";"155780751";"A01";"3";"7";"13";"0";"9";"1";"1";""
"202400000560";"155780749";"A01";"2";"7";"0";"0";"1";"1";"1";""
"202400000561";"155780747";"A01";"2";"7";"0";"2";"1";"13";"1";""
"202400000561";"155780750";"B01";"1";"10";"0";"2";"1";"21";"1";""
"202400000562";"155780746";"A01";"1";"33";"0";"0";"9";"1";"1";""
"202400000563";"155780744";"Z01";"1";"30";"0";"1";"1";"1";"0";""
"202400000564";"155780743";"A01";"2";"7";"0";"2";"1";"2";"1";""
"202400000564";"155780745";"B01";"2";"7";"0";"2";"4";"2";"1";""
"202400000564";"155780748";"C01";"2";"7";"0";"2";"4";"2";"1";""
"202400000565";"155780738";"A01";"2";"7";"0";"2";"1";"14";"0";""
"202400000565";"155780741";"C01";"1";"14";"0";"2";"5";"1";"0";""
"202400000565";"155780742";"B01";"1";"7";"0";"2";"1";"1";"1";""
"202400000566";"155780739";"A01";"1";"7";"0";"1";"3";"1";"1";""
"202400000567";"155780737";"A01";"2";"7";"0";"2";"8";"19";"1";""
"202400000567";"155780740";"B01";"2";"7";"0";"2";"1";"1";"1";""
"202400000568";"155780736";"A01";"2";"7";"0";"0";"3";"13";"1";""
"202400000569";"155780734";"Z01";"3";"7";"0";"2";"1";"1";"1";""
"202400000569";"155780735";"A01";"3";"7";"0";"2";"4";"1";"2";""
"202400000570";"155780731";"B01";"2";"33";"0";"2";"1";"1";"1";""
"202400000570";"155780733";"A01";"2";"7";"0";"2";"7";"1";"1";""
"202400000571";"155780732";"A01";"1";"2";"0";"0";"8";"10";"1";""
"202400000572";"155780728";"A01";"1";"43";"0";"2";"1";"2";"1";""
"202400000572";"155780730";"B01";"1";"33";"0";"2";"4";"23";"1";""
"202400000573";"155780726";"A01";"1";"2";"13";"0";"1";"1";"1";""
"202400000574";"155780725";"A01";"1";"2";"0";"2";"1";"1";"1";""
"202400000574";"155780727";"B01";"1";"7";"0";"2";"4";"23";"1";""
"202400000575";"155780724";"B01";"2";"2";"8";"2";"1";"1";"3";""
"202400000575";"155780729";"A01";"1";"7";"0";"2";"5";"1";"1";""
"202400000576";"155780721";"A01";"1";"7";"2";"0";"1";"13";"1";""
"202400000577";"155780720";"A01";"1";"33";"0";"2";"1";"21";"1";""
"202400000577";"155780723";"B01";"1";"7";"0";"2";"6";"26";"2";""
"202400000578";"155780718";"A01";"2";"10";"0";"9";"1";"1";"1";""
"202400000578";"155780722";"B01";"0";"1";"0";"0";"8";"19";"5";""
"202400000579";"155780716";"A01";"1";"1";"0";"2";"1";"16";"5";""
"202400000579";"155780719";"B01";"3";"7";"0";"2";"6";"1";"1";""
"202400000580";"155780715";"A01";"1";"2";"0";"0";"8";"14";"1";""
"202400000581";"155780713";"A01";"1";"17";"0";"2";"3";"13";"1";""
"202400000581";"155780717";"B01";"2";"7";"0";"2";"3";"1";"1";""
"202400000582";"155780712";"B01";"2";"80";"0";"2";"8";"11";"3";""
"202400000582";"155780714";"A01";"2";"7";"14";"2";"7";"23";"1";""
"202400000583";"155780711";"A01";"3";"2";"11";"0";"1";"1";"1";""
"202400000584";"155780709";"A01";"1";"7";"0";"1";"1";"1";"1";""
"202400000585";"155780707";"B01";"2";"7";"0";"2";"3";"1";"1";""
"202400000585";"155780710";"A01";"1";"1";"0";"2";"1";"13";"5";""
"202400000586";"155780708";"A01";"1";"1";"1";"2";"2";"14";"5";""
"202400000587";"155780705";"A01";"1";"33";"0";"6";"0";"0";"1";""
"202400000588";"155780701";"A01";"1";"7";"0";"2";"1";"1";"1";""
"202400000588";"155780702";"B01";"2";"7";"0";"2";"1";"1";"1";""
"202400000588";"155780704";"C01";"2";"7";"0";"2";"3";"1";"1";""
"202400000589";"155780700";"A01";"2";"80";"0";"0";"0";"1";"3";""
"202400000590";"155780703";"A01";"3";"7";"0";"2";"1";"9";"1";""
"202400000590";"155780706";"B01";"1";"1";"0";"2";"1";"1";"5";""
"202400000591";"155780699";"A01";"1";"7";"1";"0";"2";"14";"2";""
"202400000592";"155780698";"A01";"3";"7";"0";"1";"2";"1";"1";""
"202400000593";"155780697";"A01";"2";"7";"0";"1";"3";"1";"1";""
"202400000594";"155780695";"A01";"1";"7";"0";"2";"7";"18";"1";""
"202400000594";"155780696";"B01";"1";"1";"0";"2";"8";"1";"5";""
"202400000595";"155780693";"A01";"2";"7";"0";"2";"1";"13";"1";""
"202400000595";"155780694";"B01";"1";"17";"0";"2";"3";"1";"1";""
"202400000596";"155780689";"A01";"1";"7";"0";"2";"1";"1";"1";""
"202400000596";"155780691";"B01";"1";"7";"0";"2";"4";"23";"1";""
"202400000597";"155780688";"B01";"1";"7";"0";"2";"1";"2";"1";""
"202400000597";"155780692";"A01";"2";"7";"0";"2";"1";"13";"1";""
"202400000598";"155780687";"B01";"1";"7";"0";"2";"2";"1";"1";""
"202400000598";"155780690";"A01";"1";"7";"0";"2";"1";"19";"1";""
"202400000599";"155780685";"B01";"2";"7";"0";"2";"6";"2";"1";""
"202400000599";"155780686";"A01";"2";"32";"0";"2";"1";"2";"1";""
"202400000600";"155780684";"A01";"1";"7";"0";"0";"9";"14";"1";""
"202400000601";"155780682";"A01";"1";"10";"13";"0";"3";"13";"1";""
"202400000602";"155780681";"A01";"1";"34";"0";"2";"1";"1";"0";""
"202400000602";"155780683";"B01";"1";"7";"0";"2";"4";"16";"0";""
"202400000603";"155780678";"B01";"2";"7";"5";"2";"3";"1";"1";""
"202400000603";"155780680";"A01";"1";"7";"0";"2";"2";"13";"1";""
"202400000604";"155780677";"B01";"1";"50";"0";"2";"1";"5";"3";""
"202400000604";"155780679";"A01";"2";"7";"0";"2";"3";"2";"1";""
"202400000605";"155780676";"A01";"2";"31";"0";"0";"0";"26";"1";""
"202400000606";"155780674";"A01";"2";"7";"0";"2";"3";"13";"1";""
"202400000606";"155780675";"B01";"1";"7";"0";"2";"3";"1";"1";""
"202400000607";"155780672";"A01";"1";"7";"0";"0";"0";"1";"1";""
"202400000608";"155780671";"B01";"0";"7";"0";"2";"1";"1";"1";""
"202400000608";"155780673";"A01";"0";"7";"0";"2";"5";"1";"1";""
"202400000609";"155780670";"A01";"2";"7";"2";"0";"3";"1";"1";""
"202400000610";"155780668";"A01";"2";"7";"13";"0";"3";"1";"1";""
"202400000611";"155780666";"A01";"1";"7";"0";"2";"1";"1";"1";""
"202400000611";"155780667";"B01";"1";"7";"0";"2";"4";"1";"1";""
"202400000611";"155780669";"C01";"1";"7";"0";"2";"4";"1";"1";""
"202400000612";"155780665";"A01";"0";"7";"8";"0";"1";"14";"1";""
"202400000613";"155780663";"B01";"2";"50";"0";"2";"7";"1";"3";""
"202400000613";"155780664";"A01";"1";"7";"0";"2";"1";"1";"1";""
"202400000614";"155780660";"A01";"3";"7";"12";"1";"2";"1";"1";""
"202400000615";"155780659";"A01";"1";"7";"4";"0";"0";"0";"2";""
"202400000616";"155780657";"B01";"1";"10";"0";"0";"4";"23";"1";""
"202400000616";"155780658";"A01";"1";"30";"0";"2";"1";"1";"1";""
"202400000617";"155780655";"A01";"1";"1";"0";"2";"8";"11";"5";""
"202400000617";"155780656";"B01";"1";"10";"0";"9";"7";"1";"1";""
"202400000618";"155780653";"A01";"1";"7";"0";"2";"3";"20";"1";""
"202400000618";"155780654";"B01";"2";"33";"0";"2";"1";"1";"1";""
"202400000619";"155780652";"A01";"1";"15";"4";"0";"7";"2";"1";""
"202400000620";"155780649";"A01";"2";"7";"0";"2";"1";"2";"1";""
"202400000620";"155780651";"B01";"2";"7";"0";"2";"4";"2";"1";""
"202400000621";"155780648";"A01";"3";"99";"0";"2";"1";"19";"1";""
"202400000621";"155780650";"B01";"3";"99";"0";"2";"7";"13";"1";""
"202400000622";"155780643";"A01";"1";"30";"0";"2";"1";"1";"1";""
"202400000622";"155780646";"B01";"2";"21";"0";"2";"3";"19";"1";""
"202400000623";"155780642";"C01";"1";"7";"0";"2";"1";"1";"1";""
"202400000623";"155780644";"B01";"1";"7";"0";"2";"1";"1";"1";""
"202400000623";"155780645";"D01";"1";"7";"13";"0";"2";"1";"1";""
"202400000623";"155780647";"A01";"2";"7";"0";"2";"1";"17";"2";""
"202400000624";"155780640";"A01";"1";"7";"3";"0";"3";"0";"1";""
"202400000625";"155780639";"B01";"1";"7";"0";"2";"1";"1";"2";""
"202400000625";"155780641";"A01";"2";"7";"0";"2";"4";"13";"1";""
"202400000626";"155780638";"A01";"2";"7";"0";"1";"2";"1";"1";""
"202400000627";"155780636";"A01";"1";"50";"0";"2";"1";"1";"3";""
"202400000627";"155780637";"B01";"1";"10";"0";"2";"7";"1";"1";""
"202400000628";"155780635";"A01";"1";"10";"6";"0";"1";"13";"1";""
"202400000629";"155780634";"A01";"3";"10";"9";"0";"2";"1";"1";""
"202400000630";"155780633";"A01";"1";"7";"1";"0";"2";"1";"1";""
"202400000631";"155780630";"A01";"1";"7";"0";"2";"3";"1";"1";""
"202400000631";"155780632";"B01";"2";"31";"0";"2";"8";"1";"1";""
"202400000632";"155780628";"A01";"2";"7";"0";"2";"7";"15";"1";""
"202400000632";"155780629";"B01";"1";"10";"0";"2";"1";"1";"1";""
"202400000632";"155780631";"C01";"2";"7";"0";"2";"1";"1";"1";""
"202400000633";"155780626";"A01";"2";"1";"14";"0";"1";"2";"5";""
"202400000633";"155780627";"B01";"2";"7";"0";"2";"4";"23";"1";""
"202400000634";"155780621";"A01";"2";"7";"0";"2";"1";"1";"1";""
"202400000634";"155780622";"B01";"2";"7";"0";"2";"4";"1";"1";""
"202400000634";"155780624";"C01";"2";"7";"0";"2";"4";"1";"1";""
"202400000634";"155780625";"D01";"2";"7";"0";"2";"4";"1";"1";""
"202400000635";"155780620";"B01";"1";"7";"3";"2";"1";"1";"1";""
"202400000635";"155780623";"A01";"1";"7";"0";"0";"4";"17";"1";""
"202400000636";"155780618";"A01";"2";"7";"2";"0";"1";"14";"1";""
"202400000637";"155780617";"B01";"3";"7";"0";"2";"3";"23";"1";""
"202400000637";"155780619";"A01";"3";"7";"0";"2";"3";"5";"1";""
"202400000638";"155780614";"B01";"1";"1";"0";"2";"1";"1";"5";""
"202400000638";"155780616";"A01";"2";"7";"0";"9";"7";"15";"1";""
"202400000639";"155780613";"B01";"3";"10";"0";"2";"3";"0";"1";""
"202400000639";"155780615";"A01";"3";"2";"0";"2";"1";"19";"1";""
"202400000640";"155780611";"A01";"1";"7";"0";"2";"3";"15";"1";""
"202400000640";"155780612";"B01";"2";"1";"0";"2";"1";"1";"5";""
"202400000641";"155780610";"A01";"1";"7";"0";"1";"3";"1";"1";""
"202400000642";"155780609";"A01";"2";"15";"6";"0";"1";"13";"0";""
"202400000643";"155780607";"A01";"2";"15";"0";"2";"1";"1";"1";""
"202400000643";"155780608";"B01";"2";"33";"0";"2";"6";"23";"1";""
"202400000644";"155780605";"A01";"1";"7";"0";"2";"8";"15";"1";""
"202400000644";"155780606";"B01";"2";"2";"0";"2";"1";"1";"1";""
"202400000645";"155780604";"A01";"1";"7";"0";"1";"1";"1";"1";""
"202400000646";"155780603";"A01";"2";"7";"13";"0";"0";"13";"1";""
"202400000647";"155780602";"A01";"3";"7";"0";"1";"1";"1";"1";""
"202400000648";"155780600";"A01";"1";"7";"0";"2";"2";"9";"1";""
"202400000648";"155780601";"B01";"1";"2";"0";"2";"1";"1";"1";""
"202400000649";"155780598";"A01";"2";"7";"0";"0";"0";"16";"1";""
"202400000649";"155780599";"B01";"2";"50";"12";"0";"7";"1";"3";""
"202400000650";"155780597";"A01";"1";"7";"0";"1";"1";"16";"1";""
"202400000651";"155780594";"B01";"1";"7";"0";"2";"8";"17";"1";""
"202400000651";"155780595";"Z01";"1";"7";"0";"2";"2";"17";"3";""
"202400000651";"155780596";"C01";"1";"7";"0";"2";"8";"1";"1";""
"202400000652";"155780591";"A01";"1";"7";"13";"0";"9";"19";"1";""
"202400000653";"155780590";"A01";"1";"7";"3";"2";"1";"1";"1";""
"202400000653";"155780592";"B01";"1";"7";"0";"2";"4";"1";"1";""
"202400000653";"155780593";"C01";"1";"7";"0";"2";"4";"1";"1";""
"202400000654";"155780588";"Z01";"1";"7";"0";"2";"3";"0";"1";""
"202400000654";"155780589";"A01";"1";"7";"0";"2";"3";"1";"1";""
"202400000655";"155780585";"A01";"3";"37";"0";"2";"3";"15";"1";"1"
"202400000655";"155780587";"B01";"1";"10";"0";"2";"5";"1";"3";""
"202400000656";"155780584";"A01";"1";"33";"0";"2";"1";"12";"1";""
"202400000656";"155780586";"B01";"1";"7";"0";"2";"4";"23";"2";""
"202400000657";"155780583";"Y01";"0";"0";"0";"1";"0";"26";"0";""
"202400000658";"155780581";"A01";"1";"33";"0";"2";"1";"1";"1";""
"202400000658";"155780582";"B01";"3";"7";"0";"2";"7";"10";"1";""
"202400000659";"155780579";"A01";"3";"0";"0";"2";"3";"2";"0";""
"202400000659";"155780580";"B01";"3";"1";"0";"2";"7";"2";"5";""
"202400000660";"155780578";"A01";"3";"33";"0";"2";"8";"1";"1";""
"202400000661";"155780576";"A01";"3";"7";"0";"2";"1";"1";"1";""
"202400000661";"155780577";"B01";"3";"1";"0";"2";"4";"2";"5";""
"202400000662";"155780574";"B01";"1";"2";"0";"2";"2";"17";"1";""
"202400000662";"155780575";"A01";"1";"10";"0";"2";"3";"15";"1";""
"202400000663";"155780571";"A01";"2";"30";"0";"2";"3";"15";"1";""
"202400000663";"155780573";"B01";"1";"7";"0";"0";"0";"1";"2";""
"202400000664";"155780570";"A01";"2";"30";"0";"2";"1";"25";"1";""
"202400000664";"155780572";"B01";"2";"1";"0";"2";"2";"1";"5";""
"202400000665";"155780569";"A01";"2";"7";"15";"0";"1";"1";"1";""
"202400000666";"155780568";"Z01";"1";"7";"0";"1";"0";"1";"0";""
"202400000667";"155780566";"A01";"3";"7";"0";"2";"8";"7";"1";""
"202400000667";"155780567";"B01";"3";"50";"0";"2";"7";"1";"3";""
"202400000668";"155780563";"A01";"3";"30";"0";"2";"1";"1";"1";""
"202400000668";"155780564";"B01";"3";"7";"0";"2";"7";"1";"1";""
"202400000669";"155780562";"B01";"3";"7";"0";"2";"7";"1";"1";""
"202400000669";"155780565";"A01";"3";"7";"0";"2";"1";"19";"1";""
"202400000670";"155780561";"A01";"2";"7";"0";"1";"1";"1";"1";""
"202400000671";"155780559";"B01";"3";"7";"1";"2";"5";"2";"1";""
"202400000671";"155780560";"A01";"1";"7";"0";"2";"2";"19";"1";""
"202400000672";"155780558";"A01";"1";"10";"0";"1";"2";"12";"1";""
"202400000673";"155780556";"A01";"2";"31";"0";"0";"3";"0";"1";""
"202400000674";"155780555";"A01";"1";"7";"0";"2";"3";"15";"1";""
"202400000674";"155780557";"B01";"1";"2";"0";"2";"7";"17";"1";""
"202400000675";"155780553";"A01";"2";"7";"0";"2";"1";"13";"1";""
"202400000675";"155780554";"B01";"1";"7";"0";"2";"1";"26";"1";""
"202400000676";"155780551";"A01";"3";"30";"0";"4";"3";"19";"1";""
"202400000676";"155780552";"B01";"3";"39";"0";"9";"2";"1";"3";""
"202400000677";"155780550";"A01";"1";"7";"0";"1";"3";"17";"1";""
"202400000678";"155780549";"A01";"1";"7";"0";"1";"1";"1";"1";""
"202400000679";"155780546";"A01";"2";"7";"0";"2";"1";"2";"1";""
"202400000679";"155780548";"B01";"2";"7";"0";"2";"4";"0";"1";""
"202400000680";"155780542";"A01";"2";"7";"0";"2";"1";"2";"1";""
"202400000680";"155780544";"B01";"2";"7";"0";"2";"4";"2";"1";""
"202400000681";"155780543";"A01";"3";"7";"0";"2";"6";"10";"1";""
"202400000681";"155780545";"B01";"3";"33";"0";"2";"3";"21";"1";""
"202400000682";"155780541";"A01";"1";"7";"0";"1";"3";"21";"1";""
"202400000683";"155780540";"A01";"2";"15";"0";"1";"3";"1";"6";""
"202400000684";"155780539";"A01";"1";"7";"0";"1";"3";"15";"1";""
"202400000685";"155780535";"A01";"1";"7";"0";"2";"2";"1";"2";""
"202400000685";"155780537";"B01";"1";"34";"0";"2";"1";"1";"1";""
"202400000686";"155780536";"B01";"3";"33";"0";"2";"0";"0";"1";""
"202400000686";"155780538";"Z01";"3";"7";"0";"2";"1";"19";"0";""
"202400000687";"155780532";"A01";"1";"7";"0";"2";"1";"1";"1";""
"202400000687";"155780533";"B01";"2";"7";"0";"2";"3";"1";"1";""
"202400000688";"155780530";"A01";"1";"50";"0";"0";"0";"1";"3";""
"202400000689";"155780529";"A01";"1";"7";"0";"2";"3";"15";"1";""
"202400000689";"155780531";"B01";"2";"32";"0";"2";"8";"1";"1";""
"202400000690";"155780528";"A01";"1";"50";"0";"0";"0";"26";"3";""
"202400000691";"155780527";"A01";"2";"7";"0";"1";"2";"21";"1";""
"202400000692";"155780523";"C01";"1";"7";"0";"2";"2";"1";"1";""
"202400000692";"155780525";"B01";"1";"7";"0";"2";"2";"1";"1";""
"202400000692";"155780526";"A01";"1";"7";"0";"2";"3";"1";"1";""
"202400000693";"155780522";"A01";"3";"10";"0";"2";"1";"1";"1";""
"202400000693";"155780524";"B01";"3";"7";"0";"2";"4";"1";"1";""
"202400000694";"155780520";"A01";"1";"7";"0";"9";"7";"16";"1";""
"202400000694";"155780521";"B01";"3";"1";"0";"0";"0";"0";"5";""
"202400000695";"155780518";"B01";"3";"7";"0";"2";"3";"1";"1";""
"202400000695";"155780519";"A01";"3";"33";"0";"2";"1";"1";"1";""
"202400000696";"155780517";"A01";"1";"14";"0";"1";"5";"26";"1";""
"202400000697";"155780516";"A01";"1";"7";"0";"1";"1";"15";"1";""
"202400000698";"155780514";"B01";"1";"7";"0";"2";"8";"15";"1";""
"202400000698";"155780515";"A01";"1";"32";"0";"2";"7";"17";"1";""
"202400000699";"155780510";"A01";"2";"7";"0";"2";"3";"1";"1";""
"202400000699";"155780512";"B01";"1";"7";"0";"2";"1";"1";"1";""
"202400000700";"155780511";"A01";"2";"10";"0";"2";"1";"1";"1";""
"202400000700";"155780513";"B01";"2";"10";"0";"2";"4";"1";"1";""
"202400000701";"155780506";"A01";"1";"10";"0";"2";"2";"15";"1";""
"202400000701";"155780509";"B01";"2";"33";"0";"2";"1";"2";"1";""
"202400000702";"155780505";"C01";"1";"7";"0";"2";"4";"1";"2";""
"202400000702";"155780507";"A01";"1";"10";"0";"2";"1";"1";"3";""
"202400000702";"155780508";"B01";"1";"7";"0";"2";"4";"1";"1";""
"202400000703";"155780504";"A01";"3";"7";"2";"0";"7";"2";"1";""
"202400000704";"155780503";"A01";"1";"7";"8";"0";"3";"2";"1";""
"202400000705";"155780502";"A01";"1";"33";"12";"0";"6";"14";"1";""
"202400000706";"155780499";"A01";"2";"50";"0";"2";"1";"19";"3";""
"202400000706";"155780501";"B01";"1";"7";"0";"2";"3";"1";"2";""
"202400000707";"155780498";"A01";"1";"7";"0";"2";"2";"16";"1";""
"202400000707";"155780500";"B01";"2";"2";"0";"2";"8";"2";"3";""
"202400000708";"155780497";"A01";"3";"7";"0";"1";"1";"1";"0";""
"202400000709";"155780494";"A01";"3";"7";"0";"1";"5";"19";"1";""
"202400000710";"155780495";"A01";"1";"7";"0";"2";"5";"1";"1";""
"202400000710";"155780496";"B01";"1";"43";"7";"2";"2";"18";"1";""
"202400000711";"155780491";"A01";"1";"1";"0";"2";"1";"17";"5";""
"202400000711";"155780493";"B01";"2";"1";"0";"2";"1";"1";"5";""
"202400000712";"155780490";"A01";"3";"7";"0";"2";"2";"1";"1";""
"202400000712";"155780492";"B01";"3";"50";"0";"2";"1";"1";"3";""
"202400000713";"155780488";"A01";"1";"15";"0";"2";"7";"16";"1";""
"202400000713";"155780489";"B01";"1";"1";"0";"2";"8";"16";"5";""
"202400000714";"155780486";"A01";"2";"1";"0";"2";"8";"1";"5";""
"202400000714";"155780487";"Z01";"2";"10";"0";"2";"7";"14";"1";""
"202400000715";"155780484";"A01";"1";"7";"0";"2";"2";"1";"1";""
"202400000715";"155780485";"B01";"2";"1";"0";"2";"1";"19";"5";""
"202400000716";"155780483";"A01";"2";"30";"0";"1";"8";"1";"1";""
"202400000717";"155780482";"Z01";"1";"7";"0";"1";"1";"1";"1";""
"202400000718";"155780481";"A01";"3";"1";"0";"1";"1";"1";"5";""
"202400000719";"155780479";"A01";"3";"43";"0";"0";"0";"9";"1";""
"202400000720";"155780478";"B01";"1";"7";"0";"2";"1";"1";"1";""
"202400000720";"155780480";"A01";"1";"7";"0";"2";"8";"16";"1";""
"202400000721";"155780476";"A01";"0";"7";"0";"1";"2";"23";"1";""
"202400000722";"155780475";"B01";"3";"7";"16";"2";"8";"23";"0";""
"202400000722";"155780477";"A01";"3";"7";"0";"2";"7";"11";"0";""
"202400000723";"155780473";"A01";"3";"50";"9";"0";"2";"1";"3";""
"202400000724";"155780472";"A01";"3";"7";"0";"2";"4";"23";"1";""
"202400000724";"155780474";"B01";"3";"7";"14";"0";"1";"2";"1";""
"202400000725";"155780471";"A01";"2";"10";"8";"0";"1";"14";"0";""
"202400000726";"155780470";"A01";"1";"1";"0";"1";"8";"0";"5";""
"202400000727";"155780469";"A01";"1";"1";"12";"0";"1";"1";"5";""
"202400000728";"155780467";"A01";"2";"7";"0";"2";"2";"15";"1";""
"202400000728";"155780468";"B01";"1";"33";"0";"2";"1";"1";"1";""
"202400000729";"155780466";"A01";"2";"10";"0";"1";"2";"20";"1";""
"202400000730";"155780464";"A01";"1";"50";"0";"2";"8";"18";"3";""
"202400000730";"155780465";"B01";"1";"7";"0";"9";"2";"2";"1";""
"202400000731";"155780462";"A01";"1";"10";"0";"2";"1";"2";"1";""
"202400000731";"155780463";"B01";"1";"7";"0";"2";"4";"1";"1";""
"202400000732";"155780461";"A01";"2";"7";"0";"1";"3";"15";"1";""
"202400000733";"155780459";"A01";"1";"50";"0";"2";"1";"19";"3";""
"202400000733";"155780460";"B01";"1";"7";"0";"2";"0";"1";"2";""
"202400000734";"155780457";"A01";"1";"7";"0";"2";"2";"1";"1";""
"202400000734";"155780458";"B01";"3";"50";"16";"2";"7";"19";"3";""
"202400000735";"155780456";"A01";"2";"7";"9";"0";"1";"26";"1";""
"202400000736";"155780454";"A01";"0";"7";"0";"2";"0";"0";"3";""
"202400000736";"155780455";"B01";"1";"33";"0";"2";"1";"2";"1";""
"202400000737";"155780452";"A01";"2";"7";"0";"2";"1";"9";"1";""
"202400000737";"155780453";"B01";"2";"7";"0";"2";"1";"1";"1";""
"202400000738";"155780450";"A01";"2";"30";"0";"2";"1";"5";"1";""
"202400000738";"155780451";"B01";"1";"30";"0";"2";"1";"1";"1";""
"202400000739";"155780447";"B01";"1";"7";"0";"2";"4";"23";"1";""
"202400000739";"155780449";"A01";"1";"7";"0";"2";"1";"1";"1";""
"202400000740";"155780446";"B01";"2";"7";"0";"2";"1";"1";"0";""
"202400000740";"155780448";"A01";"1";"7";"0";"2";"3";"1";"2";""
"202400000741";"155780442";"B01";"2";"7";"0";"2";"4";"2";"1";""
"202400000741";"155780445";"A01";"2";"7";"0";"2";"1";"2";"1";""
"202400000742";"155780443";"A01";"1";"7";"1";"0";"1";"16";"1";""
"202400000742";"155780444";"B01";"1";"7";"1";"0";"3";"0";"1";""
"202400000743";"155780440";"A01";"3";"7";"0";"1";"0";"14";"1";""
"202400000744";"155780439";"A01";"0";"7";"0";"2";"3";"26";"1";""
"202400000744";"155780441";"B01";"2";"50";"0";"0";"0";"0";"3";""
"202400000745";"155780438";"A01";"3";"30";"1";"0";"1";"1";"1";""
"202400000746";"155780435";"A01";"3";"10";"0";"2";"3";"14";"0";""
"202400000746";"155780437";"B01";"3";"37";"0";"2";"8";"7";"1";"7"
"202400000747";"155780434";"A01";"1";"50";"0";"2";"1";"5";"3";""
"202400000747";"155780436";"B01";"2";"7";"0";"2";"2";"1";"6";""
"202400000748";"155780433";"A01";"3";"7";"0";"1";"3";"19";"1";""
"202400000749";"155780431";"B01";"2";"7";"0";"2";"6";"1";"1";""
"202400000749";"155780432";"A01";"1";"30";"0";"2";"1";"1";"1";""
"202400000750";"155780429";"B01";"2";"10";"0";"9";"2";"15";"1";""
"202400000750";"155780430";"A01";"1";"50";"0";"2";"1";"2";"3";""
"202400000751";"155780428";"A01";"2";"33";"3";"0";"1";"1";"1";""
"202400000752";"155780425";"A01";"2";"60";"0";"2";"1";"1";"5";""
"202400000752";"155780427";"B01";"2";"7";"0";"2";"7";"1";"3";""
"202400000753";"155780423";"B01";"2";"7";"0";"2";"1";"1";"1";""
"202400000753";"155780424";"A01";"3";"7";"0";"2";"7";"15";"1";""
"202400000753";"155780426";"C01";"3";"7";"0";"2";"1";"23";"2";""
"202400000754";"155780422";"A01";"3";"33";"0";"2";"3";"13";"1";""
"202400000755";"155780420";"A01";"2";"7";"0";"2";"1";"15";"1";""
"202400000755";"155780421";"B01";"1";"30";"0";"2";"3";"3";"3";""
"202400000756";"155780418";"A01";"2";"10";"0";"2";"2";"15";"1";""
"202400000756";"155780419";"B01";"1";"34";"0";"2";"1";"1";"1";""
"202400000757";"155780416";"B01";"3";"2";"0";"0";"4";"23";"1";""
"202400000757";"155780417";"A01";"0";"7";"0";"2";"1";"2";"1";""
"202400000758";"155780414";"A01";"3";"7";"0";"2";"2";"1";"1";""
"202400000758";"155780415";"B01";"3";"1";"0";"2";"8";"19";"5";""
"202400000759";"155780413";"A01";"0";"33";"1";"0";"8";"13";"1";""
"202400000760";"155780410";"A01";"2";"33";"0";"2";"7";"1";"1";""
"202400000760";"155780412";"B01";"1";"7";"0";"2";"2";"21";"1";""
"202400000761";"155780409";"A01";"1";"7";"0";"2";"1";"1";"1";""
"202400000761";"155780411";"B01";"1";"7";"0";"2";"4";"23";"1";""
"202400000762";"155780405";"A01";"1";"7";"0";"2";"3";"2";"1";""
"202400000762";"155780407";"B01";"1";"1";"0";"0";"4";"2";"5";""
"202400000763";"155780404";"A01";"1";"7";"4";"0";"2";"0";"1";""
"202400000764";"155780403";"A01";"0";"10";"0";"1";"1";"1";"1";""
"202400000765";"155780400";"B01";"2";"7";"0";"0";"4";"1";"1";""
"202400000765";"155780401";"A01";"2";"15";"0";"2";"1";"1";"1";""
"202400000766";"155780398";"A01";"2";"7";"0";"2";"2";"10";"3";""
"202400000766";"155780399";"B01";"1";"2";"0";"2";"1";"1";"1";""
"202400000767";"155780397";"A01";"2";"50";"0";"1";"3";"25";"3";""
"202400000768";"155780395";"B01";"1";"7";"0";"2";"1";"1";"1";""
"202400000768";"155780396";"A01";"2";"7";"0";"2";"1";"5";"1";""
"202400000769";"155780394";"A01";"2";"7";"11";"0";"1";"1";"1";""
"202400000770";"155780392";"A01";"1";"1";"0";"2";"2";"5";"5";""
"202400000770";"155780393";"B01";"1";"21";"0";"2";"2";"0";"1";""
"202400000771";"155780391";"A01";"0";"80";"6";"0";"1";"1";"3";""
"202400000772";"155780390";"A01";"2";"37";"0";"1";"0";"1";"1";"6"
"202400000773";"155780387";"A01";"1";"7";"0";"1";"2";"1";"1";""
"202400000774";"155780388";"A01";"3";"7";"0";"2";"1";"9";"1";""
"202400000774";"155780389";"B01";"3";"2";"0";"2";"4";"1";"3";""
"202400000775";"155780386";"A01";"2";"33";"4";"0";"8";"17";"1";""
"202400000776";"155780384";"B01";"2";"14";"0";"0";"3";"23";"1";""
"202400000776";"155780385";"A01";"2";"7";"14";"0";"1";"13";"1";""
"202400000777";"155780382";"B01";"2";"33";"0";"2";"1";"1";"1";""
"202400000777";"155780383";"A01";"1";"10";"0";"2";"3";"5";"1";""
"202400000778";"155780379";"A01";"1";"7";"0";"2";"2";"9";"1";""
"202400000778";"155780380";"B01";"2";"33";"0";"2";"1";"21";"1";""
"202400000779";"155780378";"A01";"1";"7";"0";"2";"1";"9";"1";""
"202400000779";"155780381";"B01";"1";"2";"0";"2";"2";"1";"1";""
"202400000780";"155780376";"A01";"2";"7";"13";"0";"9";"1";"1";""
"202400000781";"155780375";"A01";"1";"10";"0";"2";"3";"26";"1";""
"202400000781";"155780377";"B01";"3";"33";"0";"2";"4";"9";"1";""
"202400000782";"155780374";"A01";"1";"7";"0";"1";"3";"16";"1";""
"202400000783";"155780373";"A01";"0";"7";"0";"1";"1";"1";"1";""
"202400000784";"155780370";"A01";"1";"7";"0";"1";"1";"1";"1";""
"202400000785";"155780371";"A01";"2";"7";"0";"2";"1";"13";"1";""
"202400000785";"155780372";"B01";"1";"7";"0";"2";"1";"21";"1";""
"202400000786";"155780368";"A01";"0";"34";"0";"2";"1";"1";"1";""
"202400000786";"155780369";"B01";"2";"7";"0";"2";"5";"0";"1";""
"202400000787";"155780367";"A01";"0";"7";"13";"0";"9";"1";"1";""
"202400000788";"155780365";"A01";"3";"7";"0";"2";"2";"1";"1";""
"202400000788";"155780366";"B01";"3";"7";"0";"2";"4";"1";"1";""
"202400000789";"155780362";"A01";"3";"7";"0";"2";"3";"9";"1";""
"202400000789";"155780364";"B01";"3";"1";"0";"2";"7";"2";"5";""
"202400000790";"155780361";"B01";"3";"33";"0";"2";"7";"1";"0";""
"202400000790";"155780363";"Z01";"0";"0";"0";"2";"1";"0";"0";""
"202400000791";"155780358";"A01";"2";"7";"0";"2";"1";"15";"1";""
"202400000791";"155780360";"B01";"2";"7";"7";"2";"2";"1";"1";""
"202400000792";"155780357";"A01";"1";"31";"0";"2";"1";"13";"0";""
"202400000792";"155780359";"B01";"1";"7";"0";"2";"8";"1";"0";""
"202400000793";"155780355";"A01";"1";"7";"2";"0";"1";"1";"6";""
"202400000794";"155780354";"B01";"3";"7";"0";"2";"7";"1";"1";""
"202400000794";"155780356";"A01";"3";"7";"0";"2";"1";"9";"1";""
"202400000795";"155780351";"A01";"2";"7";"0";"2";"1";"15";"1";""
"202400000795";"155780352";"B01";"1";"33";"0";"2";"1";"1";"1";""
"202400000796";"155780350";"A01";"2";"2";"0";"2";"1";"9";"1";""
"202400000796";"155780353";"B01";"2";"7";"0";"0";"6";"1";"1";""
"202400000797";"155780349";"A01";"2";"30";"0";"0";"8";"1";"1";""
"202400000798";"155780347";"B01";"3";"1";"0";"2";"1";"1";"5";""
"202400000798";"155780348";"A01";"3";"10";"0";"9";"3";"1";"1";""
"202400000799";"155780345";"A01";"1";"7";"9";"2";"7";"1";"1";""
"202400000799";"155780346";"B01";"3";"7";"0";"2";"1";"1";"1";""
"202400000800";"155780344";"A01";"2";"7";"0";"1";"7";"1";"1";""
"202400000801";"155780341";"B01";"2";"7";"0";"2";"8";"1";"1";""
"202400000801";"155780343";"A01";"3";"7";"0";"2";"2";"9";"1";""
"202400000802";"155780340";"B01";"2";"7";"0";"2";"2";"1";"1";""
"202400000802";"155780342";"A01";"1";"7";"14";"2";"2";"15";"1";""
"202400000803";"155780339";"A01";"3";"1";"0";"0";"0";"0";"5";""
"202400000804";"155780336";"A01";"1";"7";"0";"2";"3";"13";"1";""
"202400000804";"155780338";"B01";"2";"15";"0";"2";"3";"1";"1";""
"202400000805";"155780335";"A01";"3";"10";"0";"2";"3";"1";"1";""
"202400000805";"155780337";"B01";"3";"7";"0";"2";"3";"1";"1";""
"202400000806";"155780333";"A01";"1";"7";"2";"0";"1";"1";"1";""
"202400000807";"155780332";"A01";"3";"7";"0";"2";"8";"9";"1";""
"202400000807";"155780334";"B01";"3";"1";"0";"2";"1";"0";"5";""
"202400000808";"155780331";"A01";"1";"33";"0";"6";"1";"0";"1";""
"202400000809";"155780329";"B01";"2";"7";"0";"2";"2";"1";"1";""
"202400000809";"155780330";"A01";"1";"7";"0";"2";"7";"15";"1";""
"202400000810";"155780326";"A01";"1";"7";"0";"2";"1";"1";"1";""
"202400000810";"155780328";"B01";"1";"7";"0";"2";"5";"1";"1";""
"202400000811";"155780325";"A01";"2";"7";"0";"2";"2";"12";"2";""
"202400000811";"155780327";"B01";"2";"7";"0";"2";"3";"2";"2";""
"202400000812";"155780322";"B01";"2";"32";"0";"2";"3";"1";"1";""
"202400000812";"155780324";"A01";"2";"7";"0";"2";"5";"12";"1";""
"202400000813";"155780321";"A01";"2";"2";"13";"0";"1";"0";"1";""
"202400000814";"155780319";"B01";"3";"31";"0";"2";"4";"2";"1";""
"202400000814";"155780320";"A01";"3";"7";"0";"2";"7";"2";"1";""
"202400000815";"155780316";"B01";"2";"1";"0";"2";"8";"16";"5";""
"202400000815";"155780318";"A01";"1";"1";"0";"2";"1";"1";"5";""
"202400000816";"155780315";"A01";"2";"33";"0";"2";"3";"13";"1";""
"202400000816";"155780317";"B01";"1";"7";"0";"2";"3";"1";"1";""
"202400000817";"155780314";"A01";"0";"50";"0";"1";"1";"1";"3";""
"202400000818";"155780313";"A01";"2";"7";"12";"0";"1";"14";"0";""
"202400000819";"155780311";"B01";"3";"1";"0";"0";"8";"6";"5";""
"202400000819";"155780312";"A01";"2";"7";"0";"9";"6";"1";"2";""
"202400000820";"155780309";"A01";"1";"7";"0";"2";"1";"17";"2";""
"202400000820";"155780310";"B01";"1";"7";"4";"0";"4";"2";"1";""
"202400000821";"155780307";"Z01";"3";"7";"0";"9";"8";"1";"0";""
"202400000821";"155780308";"A01";"3";"1";"0";"2";"1";"26";"5";""
"202400000822";"155780305";"B01";"1";"50";"0";"2";"1";"2";"3";""
"202400000822";"155780306";"A01";"1";"7";"0";"0";"4";"23";"1";""
"202400000823";"155780302";"A01";"0";"7";"0";"2";"0";"15";"2";""
"202400000823";"155780304";"B01";"0";"2";"0";"2";"1";"1";"1";""
"202400000824";"155780301";"B01";"3";"34";"0";"2";"1";"1";"1";""
"202400000824";"155780303";"A01";"3";"7";"0";"2";"7";"15";"1";""
"202400000825";"155780296";"A01";"2";"37";"0";"2";"5";"17";"3";"1"
"202400000825";"155780298";"B01";"2";"1";"0";"2";"8";"1";"5";""
"202400000825";"155780300";"C01";"2";"1";"0";"0";"0";"1";"5";""
"202400000826";"155780297";"A01";"1";"7";"0";"2";"1";"9";"1";""
"202400000826";"155780299";"B01";"1";"7";"0";"2";"1";"9";"1";""
"202400000827";"155780293";"A01";"1";"33";"0";"2";"1";"1";"1";""
"202400000827";"155780295";"B01";"1";"7";"0";"0";"6";"10";"1";""
"202400000828";"155780292";"B01";"2";"1";"0";"2";"1";"1";"5";""
"202400000828";"155780294";"A01";"1";"7";"0";"9";"7";"15";"1";""
"202400000829";"155780289";"B01";"3";"7";"0";"2";"0";"0";"0";""
"202400000829";"155780291";"A01";"3";"43";"0";"2";"8";"1";"1";""
"202400000830";"155780287";"A01";"1";"10";"9";"0";"1";"19";"1";""
"202400000831";"155780288";"A01";"1";"7";"0";"2";"1";"1";"1";""
"202400000831";"155780290";"B01";"1";"7";"0";"2";"8";"1";"2";""
"202400000832";"155780286";"A01";"2";"10";"3";"0";"0";"1";"1";""
"202400000833";"155780285";"A01";"2";"31";"0";"1";"2";"26";"1";""
"202400000834";"155780283";"A01";"2";"7";"0";"2";"1";"5";"1";""
"202400000834";"155780284";"B01";"2";"7";"6";"2";"3";"1";"1";""
"202400000835";"155780281";"B01";"3";"7";"0";"2";"1";"1";"1";""
"202400000835";"155780282";"A01";"3";"2";"0";"2";"2";"17";"1";""
"202400000836";"155780279";"A01";"1";"7";"0";"2";"1";"9";"1";""
"202400000836";"155780280";"B01";"1";"33";"0";"2";"1";"13";"1";""
"202400000837";"155780277";"B01";"3";"33";"0";"2";"1";"2";"1";""
"202400000837";"155780278";"A01";"3";"7";"0";"2";"1";"16";"1";""
"202400000838";"155780276";"A01";"1";"7";"0";"1";"1";"1";"1";""
"202400000839";"155780274";"B01";"2";"34";"0";"2";"7";"15";"1";""
"202400000839";"155780275";"A01";"1";"7";"0";"2";"1";"1";"1";""
"202400000840";"155780271";"B01";"1";"1";"0";"2";"1";"23";"5";""
"202400000840";"155780273";"A01";"2";"2";"0";"2";"1";"13";"3";""
"202400000841";"155780270";"B01";"2";"2";"0";"2";"2";"15";"1";""
"202400000841";"155780272";"A01";"2";"7";"0";"2";"3";"15";"1";""
"202400000842";"155780269";"A01";"3";"7";"8";"0";"7";"1";"1";""
"202400000843";"155780266";"A01";"3";"7";"0";"2";"3";"18";"1";""
"202400000843";"155780268";"B01";"2";"7";"0";"2";"8";"0";"1";""
"202400000844";"155780265";"A01";"1";"7";"0";"2";"5";"16";"1";""
"202400000844";"155780267";"B01";"1";"50";"0";"2";"1";"1";"3";""
"202400000845";"155780264";"A01";"3";"7";"0";"1";"7";"2";"1";""
"202400000846";"155780263";"A01";"2";"30";"0";"0";"1";"1";"1";""
"202400000847";"155780262";"A01";"1";"50";"0";"1";"8";"1";"3";""
"202400000848";"155780261";"A01";"3";"50";"0";"0";"0";"0";"3";""
"202400000849";"155780259";"A01";"3";"7";"0";"0";"0";"19";"1";""
"202400000849";"155780260";"B01";"3";"31";"0";"2";"0";"21";"1";""
"202400000850";"155780257";"B01";"1";"7";"0";"9";"5";"16";"1";""
"202400000850";"155780258";"C01";"1";"1";"0";"2";"1";"0";"5";""
"202400000851";"155780255";"A01";"1";"15";"0";"2";"2";"17";"1";""
"202400000851";"155780256";"B01";"1";"1";"0";"2";"3";"15";"5";""
"202400000852";"155780254";"A01";"1";"7";"2";"0";"8";"14";"1";""
"202400000853";"155780252";"A01";"1";"7";"0";"2";"2";"1";"1";""
"202400000853";"155780253";"B01";"2";"7";"0";"2";"3";"1";"1";""
"202400000854";"155780250";"A01";"1";"7";"0";"2";"4";"2";"1";""
"202400000854";"155780251";"B01";"1";"7";"0";"2";"1";"2";"1";""
"202400000855";"155780246";"A01";"2";"7";"0";"2";"1";"12";"1";""
"202400000855";"155780247";"B01";"2";"7";"0";"2";"4";"23";"1";""
"202400000855";"155780248";"C01";"2";"7";"0";"2";"4";"23";"1";""
"202400000855";"155780249";"D01";"2";"7";"0";"2";"4";"23";"1";""
"202400000856";"155780245";"A01";"1";"43";"4";"0";"0";"16";"1";""
"202400000857";"155780243";"B01";"1";"7";"0";"2";"7";"1";"1";""
"202400000857";"155780244";"A01";"1";"10";"0";"2";"8";"18";"1";""
"202400000858";"155780242";"A01";"2";"33";"4";"0";"3";"1";"1";""
"202400000859";"155780241";"A01";"2";"30";"3";"0";"1";"1";"1";""
"202400000860";"155780239";"A01";"2";"7";"0";"2";"1";"2";"1";""
"202400000860";"155780240";"B01";"2";"7";"0";"2";"4";"2";"2";""
"202400000861";"155780238";"A01";"2";"10";"13";"0";"9";"1";"1";""
"202400000862";"155780235";"C01";"2";"32";"0";"2";"0";"2";"1";""
"202400000862";"155780236";"A01";"2";"33";"0";"2";"1";"2";"3";""
"202400000862";"155780237";"B01";"2";"10";"3";"2";"4";"23";"1";""
"202400000863";"155780234";"A01";"2";"7";"4";"0";"2";"1";"1";""
"202400000864";"155780232";"B01";"1";"7";"0";"1";"0";"24";"1";""
"202400000864";"155780233";"A01";"1";"15";"0";"2";"1";"1";"1";""
"202400000865";"155780229";"B01";"1";"17";"0";"2";"6";"1";"1";""
"202400000865";"155780230";"A01";"1";"7";"0";"2";"2";"12";"1";""
"202400000865";"155780231";"C01";"1";"7";"0";"2";"7";"1";"1";""
"202400000866";"155780227";"A01";"3";"7";"0";"2";"7";"17";"1";""
"202400000866";"155780228";"B01";"3";"7";"0";"2";"1";"1";"1";""
"202400000867";"155780225";"A01";"1";"10";"0";"2";"7";"1";"1";""
"202400000867";"155780226";"B01";"1";"10";"0";"2";"1";"1";"1";""
"202400000868";"155780224";"A01";"1";"7";"0";"1";"1";"2";"1";""
"202400000869";"155780222";"B01";"1";"7";"8";"2";"2";"21";"1";""
"202400000869";"155780223";"A01";"1";"7";"8";"2";"3";"1";"1";""
"202400000870";"155780221";"A01";"1";"7";"0";"1";"1";"15";"1";""
"202400000871";"155780219";"A01";"2";"2";"0";"2";"4";"15";"1";""
"202400000871";"155780220";"B01";"1";"2";"0";"2";"5";"1";"1";""
"202400000872";"155780217";"A01";"1";"1";"0";"2";"8";"15";"5";""
"202400000872";"155780218";"B01";"1";"7";"0";"2";"1";"1";"1";""
"202400000873";"155780214";"A01";"1";"33";"1";"0";"1";"26";"1";""
"202400000873";"155780215";"B01";"1";"7";"0";"2";"1";"1";"1";""
"202400000873";"155780216";"C01";"1";"7";"0";"2";"4";"1";"1";""
"202400000874";"155780212";"A01";"1";"7";"1";"2";"4";"1";"1";""
"202400000874";"155780213";"B01";"1";"1";"1";"2";"1";"1";"5";""
"202400000875";"155780211";"A01";"2";"50";"12";"0";"1";"1";"3";""
"202400000876";"155780208";"C01";"1";"7";"0";"0";"4";"2";"1";""
"202400000876";"155780209";"A01";"1";"7";"0";"2";"1";"2";"1";""
"202400000876";"155780210";"B01";"1";"7";"0";"2";"4";"2";"1";""
"202400000877";"155780207";"A01";"0";"7";"0";"0";"0";"0";"1";""
"202400000878";"155780205";"A01";"0";"33";"0";"2";"1";"13";"1";""
"202400000878";"155780206";"B01";"3";"7";"0";"2";"1";"1";"1";""
"202400000879";"155780204";"A01";"1";"7";"0";"1";"1";"9";"1";""
"202400000880";"155780202";"B01";"3";"1";"0";"2";"7";"1";"5";""
"202400000880";"155780203";"A01";"3";"7";"0";"2";"2";"15";"1";""
"202400000881";"155780200";"A01";"1";"7";"0";"2";"2";"15";"1";""
"202400000881";"155780201";"B01";"2";"50";"0";"2";"1";"1";"3";""
"202400000882";"155780198";"B01";"1";"10";"0";"2";"1";"1";"1";""
"202400000882";"155780199";"A01";"2";"31";"0";"2";"1";"1";"1";""
"202400000883";"155780197";"A01";"3";"7";"0";"1";"7";"1";"1";""
"202400000884";"155780195";"B01";"1";"7";"0";"2";"2";"17";"1";""
"202400000884";"155780196";"A01";"1";"7";"0";"2";"3";"15";"3";""
"202400000885";"155780194";"A01";"1";"33";"15";"0";"1";"13";"1";""
"202400000886";"155780193";"Z01";"3";"7";"0";"1";"4";"4";"1";""
"202400000887";"155780192";"A01";"3";"10";"0";"1";"2";"21";"1";""
"202400000888";"155780190";"B01";"3";"33";"0";"2";"5";"15";"1";""
"202400000888";"155780191";"A01";"3";"7";"0";"2";"1";"9";"1";""
"202400000889";"155780188";"A01";"3";"7";"0";"2";"1";"15";"1";""
"202400000889";"155780189";"B01";"3";"1";"0";"2";"8";"1";"0";""
"202400000890";"155780186";"B01";"2";"7";"0";"2";"3";"15";"1";""
"202400000890";"155780187";"A01";"2";"33";"0";"2";"2";"17";"1";""
"202400000891";"155780185";"A01";"2";"7";"0";"1";"7";"0";"1";""
"202400000892";"155780184";"A01";"1";"7";"0";"2";"0";"26";"0";""
"202400000893";"155780183";"A01";"1";"30";"12";"0";"1";"14";"1";""
"202400000894";"155780182";"A01";"3";"10";"0";"0";"7";"4";"3";""
"202400000895";"155780181";"A01";"1";"7";"0";"1";"3";"1";"1";""
"202400000896";"155780179";"A01";"2";"7";"0";"2";"8";"19";"0";""
"202400000896";"155780180";"B01";"1";"1";"0";"2";"5";"1";"5";""
"202400000897";"155780177";"A01";"3";"32";"0";"2";"7";"19";"1";""
"202400000897";"155780178";"B01";"3";"7";"0";"2";"3";"2";"1";""
"202400000898";"155780176";"A01";"2";"7";"4";"0";"7";"14";"1";""
"202400000899";"155780174";"B01";"1";"1";"0";"2";"2";"1";"5";""
"202400000899";"155780175";"A01";"2";"7";"0";"2";"1";"9";"1";""
"202400000900";"155780172";"B01";"1";"31";"0";"2";"8";"1";"1";""
"202400000900";"155780173";"A01";"1";"7";"0";"2";"2";"20";"1";""
"202400000901";"155780171";"A01";"1";"7";"1";"0";"3";"1";"1";""
"202400000902";"155780169";"A01";"1";"7";"0";"9";"4";"20";"1";""
"202400000902";"155780170";"B01";"1";"1";"0";"2";"7";"1";"5";""
"202400000903";"155780167";"B01";"1";"50";"0";"2";"8";"19";"3";""
"202400000903";"155780168";"A01";"1";"7";"0";"2";"1";"1";"1";""
"202400000904";"155780166";"A01";"1";"7";"1";"0";"2";"1";"1";""
"202400000905";"155780164";"A01";"2";"7";"0";"2";"3";"16";"1";""
"202400000905";"155780165";"B01";"1";"2";"0";"2";"1";"1";"3";""
"202400000906";"155780162";"A01";"2";"7";"0";"2";"3";"10";"3";""
"202400000906";"155780163";"B01";"2";"30";"0";"2";"7";"17";"1";""
"202400000907";"155780160";"B01";"3";"1";"0";"2";"0";"1";"5";""
"202400000907";"155780161";"A01";"1";"7";"0";"2";"3";"15";"1";""
"202400000908";"155780157";"A01";"2";"30";"0";"2";"1";"1";"3";""
"202400000908";"155780158";"C01";"2";"7";"0";"2";"3";"23";"1";""
"202400000908";"155780159";"B01";"2";"7";"0";"2";"2";"23";"1";""
"202400000909";"155780156";"A01";"2";"7";"1";"0";"1";"13";"1";""
"202400000910";"155780154";"A01";"1";"7";"0";"2";"1";"15";"1";""
"202400000910";"155780155";"B01";"1";"7";"0";"2";"1";"1";"1";""
"202400000911";"155780153";"A01";"3";"7";"0";"1";"1";"14";"1";""
"202400000912";"155780151";"A01";"1";"7";"0";"2";"7";"1";"1";""
"202400000912";"155780152";"B01";"1";"7";"1";"2";"3";"20";"1";""
"202400000913";"155780150";"A01";"3";"7";"0";"0";"3";"0";"1";""
"202400000914";"155780148";"B01";"3";"37";"0";"2";"3";"1";"1";"8"
"202400000914";"155780149";"A01";"3";"7";"0";"2";"7";"16";"1";""
"202400000915";"155780146";"B01";"1";"30";"0";"2";"1";"1";"1";""
"202400000915";"155780147";"A01";"1";"33";"0";"2";"1";"2";"1";""
"202400000916";"155780144";"A01";"2";"7";"0";"2";"1";"13";"1";""
"202400000916";"155780145";"B01";"1";"7";"0";"2";"1";"1";"1";""
"202400000917";"155780143";"A01";"2";"30";"0";"1";"2";"7";"1";""
"202400000918";"155780142";"A01";"1";"33";"12";"0";"1";"13";"1";""
"202400000919";"155780140";"A01";"2";"7";"0";"2";"1";"25";"1";""
"202400000919";"155780141";"B01";"2";"7";"0";"2";"4";"1";"1";""
"202400000920";"155780138";"B01";"3";"1";"0";"2";"7";"1";"5";""
"202400000920";"155780139";"A01";"3";"7";"0";"9";"3";"1";"0";""
"202400000921";"155780136";"A01";"3";"7";"0";"9";"1";"15";"1";""
"202400000921";"155780137";"B01";"3";"50";"0";"2";"4";"0";"3";""
"202400000922";"155780132";"A01";"2";"7";"0";"2";"3";"15";"1";""
"202400000922";"155780133";"B01";"2";"31";"0";"2";"1";"1";"1";""
"202400000923";"155780130";"A01";"0";"10";"0";"2";"1";"2";"1";""
"202400000923";"155780131";"B01";"0";"7";"0";"2";"4";"23";"1";""
"202400000924";"155780129";"A01";"0";"10";"0";"1";"1";"15";"1";""
"202400000925";"155780128";"A01";"1";"60";"1";"0";"1";"1";"5";""
"202400000926";"155780127";"A01";"1";"30";"0";"0";"0";"1";"1";""
"202400000927";"155780125";"A01";"3";"33";"0";"2";"3";"1";"1";""
"202400000927";"155780126";"B01";"3";"7";"0";"2";"3";"15";"1";""
"202400000928";"155780123";"B01";"3";"50";"1";"0";"2";"1";"3";""
"202400000928";"155780124";"A01";"3";"10";"0";"2";"8";"24";"1";""
"202400000929";"155780121";"A01";"3";"7";"0";"2";"0";"0";"0";""
"202400000929";"155780122";"Y01";"0";"1";"0";"2";"3";"0";"5";""
"202400000930";"155780120";"A01";"0";"10";"0";"2";"1";"19";"0";""
"202400000931";"155780118";"A01";"3";"7";"0";"2";"1";"1";"1";""
"202400000931";"155780119";"B01";"3";"33";"0";"2";"8";"1";"1";""
"202400000932";"155780116";"B01";"2";"33";"0";"2";"7";"1";"1";""
"202400000932";"155780117";"A01";"0";"7";"0";"2";"1";"19";"1";""
"202400000933";"155780115";"A01";"0";"7";"0";"2";"1";"5";"1";""
"202400000934";"155780114";"A01";"2";"33";"0";"0";"0";"1";"1";""
"202400000935";"155780113";"A01";"1";"33";"0";"0";"0";"1";"1";""
"202400000936";"155780112";"A01";"1";"7";"16";"0";"9";"0";"1";""
"202400000937";"155780111";"A01";"1";"7";"0";"1";"3";"15";"1";""
"202400000938";"155780110";"A01";"2";"7";"4";"0";"2";"21";"1";""
"202400000939";"155780107";"A01";"2";"30";"0";"0";"8";"1";"1";""
"202400000940";"155780106";"A01";"2";"50";"0";"0";"8";"1";"3";""
"202400000941";"155780104";"A01";"3";"7";"0";"2";"1";"12";"0";""
"202400000941";"155780105";"B01";"1";"60";"12";"0";"4";"2";"5";""
"202400000942";"155780103";"A01";"3";"30";"0";"1";"1";"16";"1";""
"202400000943";"155780099";"B01";"2";"7";"0";"2";"1";"1";"1";""
"202400000943";"155780100";"A01";"2";"7";"0";"2";"1";"2";"1";""
"202400000943";"155780101";"C01";"2";"7";"0";"2";"1";"1";"1";""
"202400000943";"155780102";"D01";"2";"7";"0";"2";"4";"1";"1";""
"202400000944";"155780098";"A01";"1";"10";"2";"0";"9";"14";"6";""
"202400000945";"155780097";"A01";"1";"7";"15";"0";"1";"0";"1";""
"202400000946";"155780095";"B01";"2";"7";"0";"2";"3";"26";"1";""
"202400000946";"155780096";"A01";"2";"30";"0";"2";"3";"17";"1";""
"202400000947";"155780093";"A01";"1";"7";"0";"2";"1";"2";"1";""
"202400000947";"155780094";"B01";"1";"7";"0";"2";"4";"2";"1";""
"202400000948";"155780091";"B01";"1";"7";"0";"2";"8";"1";"1";""
"202400000948";"155780092";"A01";"1";"7";"0";"2";"1";"1";"1";""
"202400000949";"155780089";"A01";"1";"7";"8";"2";"3";"15";"1";""
"202400000949";"155780090";"B01";"2";"15";"0";"2";"2";"1";"1";""
"202400000950";"155780087";"B01";"0";"50";"0";"2";"0";"0";"3";""
"202400000950";"155780088";"A01";"1";"7";"0";"2";"2";"1";"1";""
"202400000951";"155780083";"A01";"3";"33";"0";"2";"1";"1";"1";""
"202400000951";"155780084";"B01";"3";"10";"0";"2";"4";"1";"1";""
"202400000952";"155780081";"A01";"3";"7";"0";"2";"1";"1";"1";""
"202400000952";"155780082";"B01";"3";"7";"0";"2";"4";"1";"1";""
"202400000953";"155780080";"A01";"1";"7";"0";"1";"3";"1";"1";""
"202400000954";"155780079";"A01";"2";"7";"2";"0";"1";"1";"1";""
"202400000955";"155780078";"A01";"0";"7";"0";"1";"1";"1";"1";""
"202400000956";"155780077";"A01";"1";"7";"0";"1";"4";"4";"1";""
"202400000957";"155780074";"C01";"2";"10";"0";"2";"4";"1";"1";""
"202400000957";"155780075";"A01";"2";"38";"0";"2";"1";"2";"1";"1"
"202400000957";"155780076";"B01";"2";"10";"0";"2";"4";"23";"1";""
"202400000958";"155780071";"A01";"3";"10";"0";"2";"0";"0";"3";""
"202400000958";"155780072";"B01";"1";"1";"0";"2";"0";"9";"5";""
"202400000959";"155780070";"A01";"2";"7";"0";"1";"2";"1";"1";""
"202400000960";"155780068";"B01";"1";"7";"0";"2";"4";"1";"1";""
"202400000960";"155780069";"A01";"1";"7";"8";"2";"1";"1";"1";""
"202400000961";"155780067";"A01";"3";"7";"0";"1";"1";"17";"1";""
"202400000962";"155780065";"A01";"1";"7";"0";"2";"2";"15";"1";""
"202400000962";"155780066";"B01";"2";"7";"0";"2";"5";"21";"1";""
"202400000963";"155780064";"Z01";"2";"7";"0";"1";"0";"26";"1";""
"202400000964";"155780059";"A01";"2";"30";"0";"2";"0";"3";"1";""
"202400000964";"155780060";"B01";"2";"7";"0";"2";"2";"20";"1";""
"202400000965";"155780058";"A01";"1";"7";"13";"0";"3";"1";"1";""
"202400000966";"155780057";"A01";"3";"7";"6";"0";"1";"1";"1";""
"202400000967";"155780056";"A01";"1";"7";"0";"1";"1";"15";"1";""
"202400000968";"155780055";"A01";"1";"7";"0";"1";"2";"1";"1";""
"202400000969";"155780053";"A01";"3";"7";"0";"9";"0";"0";"1";""
"202400000969";"155780054";"B01";"1";"50";"0";"2";"1";"0";"3";""
"202400000970";"155780051";"A01";"1";"7";"13";"2";"3";"13";"1";""
"202400000970";"155780052";"B01";"2";"7";"0";"2";"3";"1";"1";""
"202400000971";"155780049";"B01";"1";"7";"0";"2";"4";"2";"1";""
"202400000971";"155780050";"A01";"1";"32";"0";"2";"1";"2";"1";""
"202400000972";"155780047";"A01";"1";"7";"0";"2";"8";"26";"1";""
"202400000972";"155780048";"B01";"1";"34";"0";"2";"1";"1";"1";""
"202400000973";"155780045";"B01";"2";"7";"0";"2";"4";"1";"1";""
"202400000973";"155780046";"A01";"2";"7";"0";"2";"1";"13";"1";""
"202400000974";"155780044";"A01";"2";"7";"0";"1";"1";"15";"2";""
"202400000975";"155780043";"A01";"2";"31";"0";"0";"0";"1";"1";""
"202400000976";"155780042";"A01";"2";"1";"0";"0";"3";"21";"5";""
"202400000977";"155780041";"A01";"2";"43";"0";"1";"1";"18";"1";""
"202400000978";"155780039";"A01";"1";"1";"0";"2";"1";"17";"5";""
"202400000978";"155780040";"Z01";"1";"1";"0";"2";"1";"9";"5";""
"202400000979";"155780037";"A01";"1";"33";"0";"2";"1";"1";"1";""
"202400000979";"155780038";"B01";"2";"7";"0";"2";"1";"15";"1";""
"202400000980";"155780035";"A01";"3";"7";"0";"2";"1";"1";"2";""
"202400000980";"155780036";"B01";"3";"7";"0";"2";"1";"1";"1";""
"202400000981";"155780034";"A01";"2";"2";"0";"1";"0";"19";"3";""
"202400000982";"155780032";"A01";"1";"7";"0";"2";"2";"9";"1";""
"202400000982";"155780033";"B01";"1";"33";"0";"2";"8";"1";"1";""
"202400000983";"155780030";"Z01";"0";"7";"0";"2";"0";"0";"0";""
"202400000983";"155780031";"A01";"1";"7";"0";"2";"3";"23";"1";""
"202400000984";"155780028";"A01";"1";"7";"0";"2";"2";"9";"0";""
"202400000984";"155780029";"B01";"1";"33";"0";"2";"1";"2";"0";""
"202400000985";"155780026";"B01";"0";"7";"0";"2";"6";"1";"1";""
"202400000985";"155780027";"A01";"0";"1";"0";"2";"1";"2";"5";""
"202400000986";"155780025";"A01";"2";"30";"0";"1";"1";"1";"1";""
"202400000987";"155780023";"A01";"2";"7";"0";"9";"2";"2";"1";""
"202400000987";"155780024";"B01";"2";"50";"0";"2";"4";"2";"3";""
"202400000988";"155780021";"B01";"2";"7";"0";"2";"3";"1";"1";""
"202400000988";"155780022";"A01";"3";"7";"0";"2";"2";"1";"1";""
"202400000989";"155780019";"B01";"1";"2";"0";"2";"1";"2";"1";""
"202400000989";"155780020";"A01";"1";"7";"0";"2";"6";"2";"1";""
"202400000990";"155780015";"B01";"1";"33";"0";"2";"1";"1";"1";""
"202400000990";"155780017";"A01";"1";"31";"3";"2";"8";"15";"1";""
"202400000991";"155780014";"A01";"2";"7";"0";"2";"3";"13";"1";""
"202400000991";"155780016";"B01";"1";"7";"0";"2";"3";"1";"1";""
"202400000991";"155780018";"C01";"1";"7";"0";"2";"0";"1";"1";""
"202400000992";"155780013";"A01";"1";"7";"13";"0";"7";"1";"1";""
"202400000993";"155780011";"A01";"1";"14";"0";"2";"1";"19";"1";""
"202400000993";"155780012";"B01";"2";"7";"0";"2";"6";"1";"1";""
"202400000994";"155780009";"A01";"2";"7";"0";"2";"2";"15";"1";""
"202400000994";"155780010";"B01";"1";"33";"0";"2";"1";"1";"1";""
"202400000995";"155780007";"A01";"2";"7";"0";"2";"7";"1";"1";""
"202400000995";"155780008";"B01";"2";"1";"0";"2";"1";"1";"5";""
"202400000996";"155780006";"A01";"1";"7";"2";"0";"1";"1";"1";""
"202400000997";"155780004";"B01";"2";"7";"0";"2";"2";"24";"1";""
"202400000997";"155780005";"A01";"2";"10";"0";"2";"2";"14";"1";""
"202400000998";"155780000";"A01";"2";"34";"0";"2";"1";"2";"1";""
"202400000998";"155780002";"B01";"2";"10";"0";"2";"4";"2";"1";""
"202400000999";"155779998";"C01";"1";"7";"0";"2";"2";"1";"0";""
"202400000999";"155779999";"D01";"1";"10";"0";"2";"1";"1";"1";""
"202400000999";"155780001";"A01";"1";"7";"0";"2";"1";"17";"1";""
"202400000999";"155780003";"B01";"2";"7";"0";"2";"3";"1";"2";""
"202400001000";"155779996";"A01";"2";"10";"2";"0";"3";"13";"1";""
"202400001001";"155779995";"A01";"1";"7";"4";"2";"3";"13";"2";""
"202400001001";"155779997";"B01";"1";"43";"4";"0";"2";"1";"1";""
"202400001002";"155779992";"A01";"2";"7";"0";"2";"3";"13";"1";""
"202400001002";"155779994";"B01";"2";"33";"0";"2";"7";"1";"1";""
"202400001003";"155779993";"A01";"1";"7";"0";"1";"3";"1";"1";""
"202400001004";"155779991";"A01";"1";"7";"0";"1";"1";"16";"1";""
"202400001005";"155779989";"A01";"3";"7";"0";"2";"1";"1";"1";""
"202400001005";"155779990";"B01";"0";"7";"7";"0";"8";"1";"1";""
"202400001006";"155779987";"A01";"3";"7";"0";"2";"1";"1";"3";""
"202400001006";"155779988";"B01";"3";"7";"0";"2";"6";"15";"1";""
"202400001007";"155779986";"A01";"1";"7";"0";"6";"1";"1";"1";""
"202400001008";"155779984";"A01";"0";"7";"2";"0";"2";"1";"1";""
"202400001009";"155779981";"B01";"1";"50";"0";"2";"4";"9";"3";""
"202400001009";"155779983";"A01";"1";"10";"0";"2";"1";"9";"1";""
"202400001010";"155779980";"B01";"3";"7";"0";"2";"2";"1";"2";""
"202400001010";"155779982";"A01";"3";"7";"0";"2";"1";"7";"1";""
"202400001011";"155779979";"A01";"2";"7";"0";"1";"1";"1";"1";""
"202400001012";"155779976";"A01";"1";"7";"0";"2";"8";"9";"0";""
"202400001012";"155779978";"B01";"1";"2";"0";"2";"1";"1";"1";""
"202400001013";"155779977";"A01";"1";"7";"15";"0";"0";"25";"0";""
"202400001014";"155779974";"A01";"1";"7";"0";"2";"6";"2";"2";""
"202400001014";"155779975";"B01";"1";"15";"0";"2";"3";"1";"1";""
"202400001015";"155779972";"A01";"2";"7";"0";"2";"1";"1";"1";""
"202400001015";"155779973";"B01";"3";"50";"0";"2";"3";"19";"3";""
"202400001016";"155779970";"A01";"1";"7";"0";"0";"3";"13";"1";""
"202400001016";"155779971";"B01";"2";"7";"0";"0";"5";"1";"1";""
"202400001017";"155779966";"A01";"2";"7";"0";"2";"1";"2";"1";""
"202400001017";"155779968";"B01";"2";"7";"3";"0";"4";"1";"1";""
"202400001018";"155779967";"A01";"2";"7";"0";"2";"0";"1";"1";""
"202400001018";"155779969";"B01";"1";"60";"0";"2";"1";"1";"5";""
"202400001019";"155779965";"A01";"1";"36";"0";"0";"1";"1";"1";""
"202400001020";"155779964";"A01";"3";"50";"0";"0";"1";"0";"3";""
"202400001021";"155779962";"A01";"2";"7";"0";"0";"6";"15";"0";""
"202400001021";"155779963";"B01";"2";"33";"0";"2";"1";"2";"1";""
"202400001022";"155779959";"A01";"0";"80";"0";"9";"0";"0";"3";""
"202400001023";"155779956";"A01";"2";"7";"0";"2";"1";"15";"1";""
"202400001023";"155779958";"B01";"1";"7";"0";"2";"1";"1";"1";""
"202400001024";"155779955";"A01";"1";"7";"0";"2";"1";"1";"0";""
"202400001024";"155779957";"B01";"1";"7";"0";"2";"4";"23";"2";""
"202400001025";"155779954";"A01";"1";"7";"9";"0";"1";"13";"1";""
"202400001026";"155779953";"A01";"2";"7";"0";"1";"1";"1";"1";""
"202400001027";"155779951";"A01";"3";"7";"0";"9";"1";"2";"1";""
"202400001027";"155779952";"B01";"3";"1";"0";"0";"4";"3";"5";""
"202400001028";"155779950";"A01";"3";"50";"0";"0";"0";"1";"3";""
"202400001029";"155779949";"A01";"3";"7";"2";"0";"1";"1";"1";""
"202400001030";"155779947";"A01";"3";"30";"0";"1";"1";"1";"0";""
"202400001031";"155779946";"A01";"2";"7";"0";"2";"5";"4";"1";""
"202400001031";"155779948";"B01";"1";"38";"0";"2";"2";"1";"1";"1"
"202400001032";"155779945";"A01";"1";"7";"0";"1";"2";"1";"1";""
"202400001033";"155779942";"A01";"3";"30";"0";"0";"0";"1";"1";""
"202400001034";"155779943";"B01";"2";"7";"0";"2";"3";"16";"1";""
"202400001034";"155779944";"A01";"1";"14";"0";"2";"3";"13";"1";""
"202400001035";"155779939";"B01";"1";"7";"0";"2";"3";"9";"3";""
"202400001035";"155779941";"A01";"1";"7";"0";"2";"7";"1";"1";""
"202400001036";"155779940";"A01";"1";"43";"0";"1";"1";"1";"1";""
"202400001037";"155779937";"B01";"2";"1";"0";"0";"5";"1";"5";""
"202400001037";"155779938";"A01";"2";"10";"0";"2";"2";"1";"1";""
"202400001038";"155779935";"A01";"1";"7";"3";"0";"3";"2";"1";""
"202400001039";"155779936";"A01";"1";"50";"0";"0";"0";"0";"3";""
"202400001040";"155779929";"B01";"1";"10";"0";"2";"4";"2";"1";""
"202400001040";"155779931";"C01";"1";"7";"0";"2";"4";"2";"1";""
"202400001040";"155779932";"D01";"1";"7";"0";"2";"4";"2";"1";""
"202400001040";"155779933";"E01";"1";"10";"0";"2";"4";"2";"1";""
"202400001040";"155779934";"A01";"1";"14";"0";"2";"1";"1";"1";""
"202400001041";"155779930";"A01";"3";"7";"0";"1";"1";"1";"1";""
"202400001042";"155779927";"A01";"1";"33";"0";"2";"2";"3";"1";""
"202400001042";"155779928";"B01";"1";"7";"0";"2";"8";"11";"1";""
"202400001043";"155779926";"A01";"3";"33";"0";"0";"0";"1";"1";""
"202400001044";"155779924";"A01";"2";"7";"0";"2";"1";"2";"2";""
"202400001044";"155779925";"B01";"2";"7";"0";"2";"4";"23";"1";""
"202400001045";"155779922";"A01";"2";"32";"0";"2";"1";"1";"1";""
"202400001045";"155779923";"B01";"2";"14";"0";"2";"4";"2";"1";""
"202400001046";"155779921";"A01";"2";"7";"4";"0";"1";"0";"1";""
"202400001047";"155779917";"A01";"1";"7";"0";"2";"1";"5";"1";""
"202400001047";"155779919";"B01";"1";"7";"0";"2";"3";"1";"1";""
"202400001048";"155779918";"B01";"1";"36";"0";"2";"3";"1";"1";""
"202400001048";"155779920";"A01";"1";"7";"0";"2";"2";"1";"1";""
"202400001049";"155779914";"B01";"1";"10";"0";"2";"4";"23";"1";""
"202400001049";"155779916";"A01";"1";"7";"0";"2";"1";"1";"2";""
"202400001050";"155779915";"A01";"3";"37";"0";"1";"5";"15";"1";"1"
"202400001051";"155779912";"B01";"2";"7";"0";"2";"2";"0";"1";""
"202400001051";"155779913";"A01";"2";"10";"0";"2";"6";"1";"1";""
"202400001052";"155779910";"B01";"2";"37";"0";"2";"3";"1";"6";"1"
"202400001052";"155779911";"A01";"1";"43";"4";"1";"1";"0";"1";""
"202400001053";"155779909";"A01";"2";"31";"3";"0";"7";"16";"1";""
"202400001054";"155779906";"B01";"1";"33";"0";"2";"8";"3";"1";""
"202400001054";"155779908";"Z01";"1";"7";"0";"2";"0";"14";"1";""
"202400001055";"155779905";"A01";"1";"7";"0";"2";"1";"1";"1";""
"202400001055";"155779907";"B01";"2";"80";"0";"2";"1";"1";"3";""
"202400001056";"155779902";"A01";"1";"50";"0";"2";"1";"1";"3";""
"202400001056";"155779904";"B01";"1";"30";"0";"2";"1";"1";"1";""
"202400001057";"155779901";"B01";"1";"7";"0";"2";"1";"1";"1";""
"202400001057";"155779903";"A01";"1";"7";"0";"2";"1";"26";"1";""
"202400001058";"155779899";"A01";"2";"7";"0";"2";"4";"15";"1";""
"202400001058";"155779900";"B01";"2";"33";"1";"0";"1";"2";"1";""
"202400001059";"155779896";"C01";"2";"7";"0";"2";"1";"1";"2";""
"202400001059";"155779897";"B01";"2";"7";"0";"2";"8";"1";"1";""
"202400001059";"155779898";"A01";"2";"17";"0";"2";"2";"12";"1";""
"202400001060";"155779894";"A01";"3";"7";"0";"2";"3";"15";"1";""
"202400001060";"155779895";"B01";"3";"30";"0";"2";"1";"1";"1";""
"202400001061";"155779893";"A01";"1";"7";"4";"0";"7";"26";"1";""
"202400001062";"155779892";"A01";"1";"7";"0";"1";"1";"9";"1";""
"202400001063";"155779889";"A01";"3";"50";"12";"0";"1";"1";"3";""
"202400001064";"155779888";"Z01";"1";"10";"0";"2";"1";"2";"1";""
"202400001064";"155779890";"B01";"1";"7";"0";"2";"4";"1";"1";""
"202400001064";"155779891";"C01";"1";"7";"0";"2";"4";"1";"1";""
"202400001065";"155779885";"A01";"2";"7";"0";"0";"0";"1";"1";""
"202400001065";"155779887";"B01";"2";"33";"0";"0";"8";"1";"1";""
"202400001066";"155779884";"B01";"3";"30";"0";"2";"1";"1";"0";""
"202400001066";"155779886";"A01";"3";"7";"0";"2";"3";"15";"1";""
"202400001067";"155779882";"A01";"2";"7";"0";"2";"1";"2";"1";""
"202400001067";"155779883";"B01";"2";"7";"0";"2";"4";"23";"1";""
"202400001068";"155779880";"B01";"2";"1";"0";"2";"2";"1";"5";""
"202400001068";"155779881";"A01";"1";"7";"0";"2";"1";"15";"0";""
"202400001069";"155779878";"B01";"3";"50";"0";"2";"7";"19";"3";""
"202400001069";"155779879";"A01";"1";"7";"0";"2";"2";"1";"1";""
"202400001070";"155779877";"A01";"3";"7";"1";"0";"3";"13";"1";""
"202400001071";"155779875";"A01";"0";"7";"0";"1";"6";"4";"1";""
"202400001072";"155779874";"B01";"1";"32";"0";"2";"8";"2";"1";""
"202400001072";"155779876";"A01";"2";"7";"0";"2";"1";"15";"1";""
"202400001073";"155779873";"A01";"1";"7";"9";"0";"1";"13";"1";""
"202400001074";"155779870";"B01";"2";"7";"0";"2";"3";"16";"1";""
"202400001074";"155779872";"A01";"1";"50";"0";"2";"1";"26";"3";""
"202400001075";"155779869";"B01";"2";"7";"0";"2";"5";"15";"1";""
"202400001075";"155779871";"A01";"2";"7";"0";"2";"2";"1";"1";""
"202400001076";"155779866";"A01";"2";"30";"0";"2";"8";"1";"1";""
"202400001076";"155779868";"B01";"1";"7";"0";"2";"3";"1";"1";""
"202400001077";"155779865";"A01";"1";"7";"0";"2";"1";"26";"1";""
"202400001077";"155779867";"B01";"1";"7";"0";"2";"1";"1";"1";""
"202400001078";"155779864";"A01";"2";"7";"16";"0";"1";"14";"1";""
"202400001079";"155779863";"A01";"3";"7";"1";"0";"0";"0";"1";""
"202400001080";"155779861";"A01";"2";"7";"0";"2";"1";"2";"1";""
"202400001080";"155779862";"B01";"2";"7";"0";"2";"4";"10";"1";""
"202400001081";"155779859";"A01";"2";"7";"0";"2";"3";"16";"1";""
"202400001081";"155779860";"B01";"2";"33";"0";"2";"2";"1";"1";""
"202400001082";"155779857";"A01";"2";"10";"0";"2";"3";"15";"1";""
"202400001082";"155779858";"B01";"1";"7";"0";"2";"1";"1";"1";""
"202400001083";"155779855";"A01";"1";"7";"0";"2";"0";"10";"1";""
"202400001083";"155779856";"B01";"2";"33";"0";"2";"1";"17";"1";""
"202400001084";"155779853";"B01";"1";"50";"0";"2";"0";"1";"3";""
"202400001084";"155779854";"A01";"2";"7";"0";"9";"0";"20";"1";""
"202400001085";"155779851";"A01";"1";"7";"0";"2";"2";"1";"1";""
"202400001085";"155779852";"B01";"1";"7";"0";"2";"3";"20";"1";""
"202400001086";"155779850";"A01";"1";"7";"0";"1";"8";"15";"0";""
"202400001087";"155779847";"A01";"1";"7";"0";"2";"3";"1";"1";""
"202400001087";"155779849";"B01";"1";"7";"0";"2";"2";"0";"1";""
"202400001088";"155779846";"A01";"1";"7";"11";"2";"2";"8";"1";""
"202400001088";"155779848";"B01";"2";"1";"7";"2";"1";"7";"5";""
"202400001089";"155779845";"A01";"1";"7";"1";"0";"2";"1";"1";""
"202400001090";"155779844";"A01";"3";"50";"14";"1";"1";"25";"3";""
"202400001091";"155779843";"A01";"1";"7";"4";"0";"3";"1";"1";""
"202400001092";"155779841";"B01";"3";"33";"0";"2";"1";"1";"1";""
"202400001092";"155779842";"A01";"3";"7";"0";"2";"7";"15";"1";""
"202400001093";"155779840";"A01";"2";"7";"13";"0";"2";"16";"1";""
"202400001094";"155779838";"A01";"1";"7";"2";"0";"0";"15";"1";""
"202400001095";"155779837";"A01";"3";"7";"0";"2";"2";"17";"1";""
"202400001095";"155779839";"B01";"3";"1";"0";"2";"4";"1";"5";""
"202400001096";"155779836";"A01";"3";"7";"12";"0";"5";"15";"1";""
"202400001097";"155779834";"B01";"3";"60";"0";"2";"7";"19";"5";""
"202400001097";"155779835";"A01";"1";"7";"0";"2";"1";"1";"1";""
"202400001098";"155779828";"A01";"3";"10";"0";"2";"1";"1";"1";""
"202400001098";"155779830";"B01";"3";"7";"0";"2";"4";"1";"1";""
"202400001098";"155779831";"C01";"3";"7";"0";"2";"4";"1";"1";""
"202400001099";"155779827";"A01";"2";"31";"0";"2";"1";"1";"1";""
"202400001099";"155779829";"B01";"2";"7";"0";"2";"8";"15";"1";""
"202400001100";"155779824";"A01";"1";"3";"0";"2";"1";"1";"3";""
"202400001100";"155779826";"B01";"1";"1";"0";"2";"6";"15";"5";""
"202400001101";"155779823";"A01";"3";"7";"0";"2";"2";"19";"1";""
"202400001101";"155779825";"B01";"3";"7";"0";"2";"1";"1";"1";""
"202400001102";"155779821";"A01";"1";"7";"0";"2";"2";"15";"1";""
"202400001102";"155779822";"B01";"2";"1";"0";"2";"1";"1";"5";""
"202400001103";"155779819";"A01";"0";"33";"0";"2";"1";"0";"1";""
"202400001103";"155779820";"B01";"0";"50";"0";"2";"1";"0";"3";""
"202400001104";"155779818";"A01";"1";"7";"0";"1";"1";"1";"1";""
"202400001105";"155779817";"A01";"3";"7";"0";"1";"2";"1";"1";""
"202400001106";"155779815";"B01";"1";"1";"0";"2";"0";"26";"5";""
"202400001106";"155779816";"A01";"1";"7";"0";"2";"1";"26";"1";""
"202400001107";"155779813";"A01";"1";"7";"0";"2";"3";"16";"1";""
"202400001107";"155779814";"B01";"2";"7";"0";"2";"2";"9";"1";""
"202400001108";"155779812";"A01";"3";"7";"0";"1";"2";"1";"1";""
"202400001109";"155779808";"A01";"3";"7";"2";"0";"2";"1";"1";""
"202400001110";"155779809";"A01";"2";"7";"0";"2";"3";"1";"1";""
"202400001110";"155779810";"B01";"2";"7";"0";"2";"3";"1";"1";""
"202400001110";"155779811";"C01";"1";"7";"0";"2";"3";"13";"1";""
"202400001111";"155779806";"A01";"1";"7";"3";"0";"1";"14";"1";""
"202400001112";"155779805";"B01";"1";"7";"0";"9";"2";"1";"2";""
"202400001112";"155779807";"A01";"3";"50";"0";"2";"3";"19";"3";""
"202400001113";"155779804";"A01";"2";"7";"3";"0";"1";"16";"1";""
"202400001114";"155779802";"B01";"3";"80";"0";"2";"2";"1";"3";""
"202400001114";"155779803";"A01";"3";"7";"0";"2";"1";"1";"1";""
"202400001115";"155779800";"A01";"2";"32";"0";"0";"1";"19";"1";""
"202400001115";"155779801";"B01";"2";"7";"0";"0";"0";"2";"1";""
"202400001116";"155779799";"A01";"3";"7";"12";"0";"1";"15";"1";""
"202400001117";"155779798";"A01";"2";"17";"0";"1";"3";"1";"1";""
"202400001118";"155779797";"A01";"1";"7";"0";"1";"3";"1";"1";""
"202400001119";"155779794";"A01";"2";"7";"0";"2";"1";"2";"1";""
"202400001119";"155779795";"B01";"2";"7";"0";"2";"4";"2";"2";""
"202400001120";"155779796";"A01";"1";"7";"13";"0";"1";"1";"1";""
"202400001121";"155779792";"B01";"2";"80";"0";"2";"1";"1";"3";""
"202400001121";"155779793";"A01";"1";"7";"0";"2";"7";"15";"1";""
"202400001122";"155779791";"A01";"1";"2";"1";"1";"1";"2";"1";""
"202400001123";"155779787";"A01";"1";"7";"0";"1";"1";"15";"1";""
"202400001124";"155779786";"A01";"3";"31";"0";"2";"1";"1";"1";""
"202400001124";"155779788";"B01";"3";"7";"0";"2";"6";"1";"1";""
"202400001125";"155779785";"A01";"2";"7";"0";"2";"1";"13";"1";""
"202400001125";"155779789";"B01";"1";"7";"0";"2";"8";"1";"1";""
"202400001125";"155779790";"C01";"1";"7";"0";"2";"3";"1";"1";""
"202400001126";"155779782";"A01";"2";"31";"0";"2";"1";"2";"1";""
"202400001126";"155779784";"B01";"2";"7";"0";"2";"6";"23";"1";""
"202400001127";"155779783";"A01";"1";"0";"0";"1";"2";"0";"0";""
"202400001128";"155779778";"A01";"1";"10";"0";"1";"8";"15";"3";""
"202400001129";"155779780";"B01";"3";"31";"0";"2";"3";"1";"1";""
"202400001129";"155779781";"A01";"3";"7";"0";"2";"3";"15";"1";""
"202400001130";"155779779";"A01";"1";"33";"0";"0";"0";"1";"1";""
"202400001131";"155779776";"A01";"1";"50";"0";"1";"8";"1";"3";""
"202400001132";"155779775";"B01";"2";"2";"0";"2";"8";"0";"1";""
"202400001132";"155779777";"A01";"2";"7";"0";"2";"0";"0";"0";""
"202400001133";"155779774";"A01";"2";"1";"0";"1";"1";"3";"5";""
"202400001134";"155779771";"A01";"3";"7";"0";"2";"1";"1";"2";""
"202400001134";"155779773";"B01";"3";"7";"0";"2";"8";"1";"1";""
"202400001135";"155779770";"B01";"2";"33";"0";"2";"8";"1";"1";""
"202400001135";"155779772";"A01";"2";"7";"0";"2";"3";"13";"1";""
"202400001136";"155779769";"A01";"1";"43";"2";"0";"1";"13";"1";""
"202400001137";"155779768";"A01";"3";"7";"1";"0";"6";"14";"1";""
"202400001138";"155779767";"A01";"2";"80";"0";"0";"1";"2";"3";""
"202400001139";"155779765";"A01";"3";"80";"14";"0";"1";"15";"3";""
"202400001140";"155779763";"B01";"3";"7";"0";"9";"3";"1";"2";""
"202400001140";"155779766";"A01";"3";"80";"0";"2";"1";"1";"3";""
"202400001141";"155779764";"A01";"1";"7";"6";"0";"1";"1";"1";""
"202400001142";"155779760";"A01";"3";"7";"0";"9";"3";"9";"1";""
"202400001142";"155779762";"B01";"3";"50";"0";"2";"4";"0";"3";""
"202400001143";"155779758";"A01";"2";"7";"0";"6";"1";"1";"1";""
"202400001144";"155779757";"C01";"0";"38";"0";"2";"1";"1";"1";"1"
"202400001144";"155779759";"B01";"0";"7";"0";"2";"4";"1";"2";""
"202400001144";"155779761";"A01";"0";"7";"0";"0";"8";"15";"2";""
"202400001145";"155779755";"A01";"3";"7";"0";"2";"1";"2";"1";""
"202400001145";"155779756";"B01";"3";"7";"0";"2";"4";"2";"1";""
"202400001146";"155779754";"A01";"2";"2";"15";"0";"2";"1";"0";""
"202400001147";"155779751";"B01";"1";"7";"0";"2";"1";"1";"1";""
"202400001147";"155779753";"A01";"2";"7";"0";"2";"1";"15";"1";""
"202400001148";"155779748";"A01";"1";"32";"0";"0";"8";"1";"1";""
"202400001149";"155779746";"A01";" -1";"7";"0";"0";"6";"0";"1";""
"202400001149";"155779749";"B01";" -1";"7";"0";"0";"1";"1";"1";""
"202400001150";"155779743";"A01";"2";"7";"0";"2";"4";"16";"1";""
"202400001150";"155779744";"B01";"2";"10";"0";"2";"1";"1";"1";""
"202400001151";"155779739";"A01";"0";"7";"0";"2";"1";"1";"1";""
"202400001151";"155779742";"B01";"0";"33";"0";"2";"8";"15";"1";""
"202400001152";"155779740";"B01";"1";"7";"0";"0";"3";"26";"1";""
"202400001152";"155779741";"A01";"2";"2";"0";"0";"8";"1";"1";""
"202400001153";"155779738";"A01";"1";"7";"1";"0";"0";"0";"1";""
"202400001154";"155779735";"A01";"3";"7";"0";"2";"0";"0";"1";""
"202400001154";"155779736";"B01";"3";"7";"0";"2";"0";"0";"1";""
"202400001155";"155779734";"A01";"3";"7";"0";"2";"1";"13";"1";""
"202400001155";"155779737";"B01";"3";"33";"0";"2";"1";"2";"1";""
"202400001156";"155779732";"A01";"3";"7";"6";"0";"3";"21";"1";""
"202400001157";"155779730";"A01";"1";"31";"0";"1";"1";"1";"1";""
"202400001158";"155779731";"A01";"2";"7";"0";"2";"7";"13";"1";""
"202400001158";"155779733";"B01";"1";"10";"0";"2";"1";"1";"1";""
"202400001159";"155779728";"A01";"2";"30";"0";"2";"2";"17";"1";""
"202400001159";"155779729";"B01";"2";"10";"0";"2";"3";"15";"1";""
"202400001160";"155779727";"A01";"1";"10";"0";"1";"3";"26";"1";""
"202400001161";"155779724";"A01";"3";"7";"0";"1";"3";"1";"1";""
"202400001162";"155779725";"A01";"2";"7";"0";"9";"2";"12";"1";""
"202400001162";"155779726";"B01";"1";"1";"0";"2";"1";"1";"5";""
"202400001163";"155779723";"A01";"3";"30";"6";"0";"1";"19";"1";""
"202400001164";"155779722";"A01";"3";"7";"2";"0";"2";"1";"1";""
"202400001165";"155779721";"A01";"0";"7";"0";"1";"3";"19";"1";""
"202400001166";"155779719";"B01";"1";"33";"0";"2";"8";"1";"1";""
"202400001166";"155779720";"A01";"3";"7";"0";"2";"3";"16";"3";""
"202400001167";"155779717";"A01";"1";"7";"13";"0";"2";"1";"1";""
"202400001168";"155779716";"A01";"1";"7";"0";"2";"1";"13";"1";""
"202400001168";"155779718";"B01";"2";"15";"0";"2";"1";"1";"1";""
"202400001169";"155779714";"A01";"0";"7";"0";"2";"1";"1";"3";""
"202400001169";"155779715";"B01";"0";"10";"0";"2";"8";"19";"1";""
"202400001170";"155779707";"A01";"1";"2";"0";"2";"1";"1";"1";""
"202400001170";"155779710";"B01";"2";"14";"0";"2";"6";"15";"1";""
"202400001171";"155779708";"B01";"2";"7";"3";"2";"4";"1";"1";""
"202400001171";"155779711";"C01";"2";"7";"0";"0";"6";"1";"1";""
"202400001171";"155779712";"A01";"2";"7";"0";"2";"1";"2";"2";""
"202400001172";"155779706";"B01";"1";"7";"0";"2";"1";"1";"1";""
"202400001172";"155779709";"A01";"2";"2";"0";"2";"1";"5";"1";""
"202400001173";"155779703";"A01";"1";"33";"0";"1";"7";"1";"1";""
"202400001174";"155779702";"A01";"3";"10";"0";"2";"3";"19";"1";""
"202400001174";"155779705";"B01";"3";"33";"0";"2";"1";"1";"1";""
"202400001175";"155779701";"A01";"1";"33";"0";"2";"1";"1";"1";""
"202400001175";"155779704";"B01";"1";"7";"0";"2";"4";"1";"1";""
"202400001176";"155779699";"A01";"1";"31";"0";"2";"1";"13";"1";""
"202400001176";"155779700";"B01";"2";"7";"0";"2";"1";"1";"1";""
"202400001177";"155779695";"A01";"2";"10";"0";"2";"1";"26";"1";""
"202400001177";"155779698";"B01";"2";"33";"0";"2";"4";"2";"1";""
"202400001178";"155779696";"A01";"2";"32";"0";"1";"8";"1";"1";""
"202400001179";"155779692";"A01";"2";"7";"0";"2";"2";"12";"1";""
"202400001179";"155779694";"B01";"2";"33";"0";"2";"3";"3";"1";""
"202400001180";"155779690";"A01";"1";"7";"3";"0";"8";"13";"1";""
"202400001180";"155779693";"B01";"1";"7";"1";"1";"3";"1";"1";""
"202400001181";"155779689";"A01";"1";"10";"3";"0";"4";"2";"1";""
"202400001181";"155779691";"B01";"1";"10";"3";"2";"1";"2";"1";""
"202400001182";"155779688";"A01";"1";"7";"0";"0";"9";"12";"1";""
"202400001183";"155779686";"A01";"2";"10";"0";"1";"2";"2";"1";""
"202400001184";"155779685";"A01";"2";"7";"0";"2";"3";"15";"2";""
"202400001184";"155779687";"B01";"2";"32";"0";"2";"2";"17";"1";""
"202400001185";"155779683";"A01";"1";"7";"0";"2";"6";"2";"1";""
"202400001185";"155779684";"B01";"1";"33";"0";"2";"2";"17";"1";""
"202400001186";"155779680";"A01";"1";"7";"0";"2";"2";"12";"1";""
"202400001186";"155779682";"B01";"1";"30";"0";"2";"8";"7";"1";""
"202400001187";"155779677";"A01";"1";"7";"4";"2";"2";"17";"2";""
"202400001187";"155779678";"B01";"1";"15";"0";"2";"6";"1";"1";""
"202400001188";"155779679";"A01";"1";"7";"8";"2";"2";"16";"1";""
"202400001188";"155779681";"B01";"1";"34";"0";"2";"1";"1";"1";""
"202400001189";"155779675";"B01";"1";"2";"0";"2";"7";"17";"3";""
"202400001189";"155779676";"A01";"1";"7";"0";"2";"3";"15";"2";""
"202400001190";"155779674";"A01";"2";"15";"0";"0";"7";"14";"1";""
"202400001191";"155779673";"A01";"3";"7";"0";"0";"1";"0";"1";""
"202400001192";"155779672";"A01";"1";"7";"0";"1";"1";"1";"2";""
"202400001193";"155779669";"A01";"3";"31";"0";"0";"0";"1";"1";""
"202400001194";"155779668";"A01";"1";"7";"0";"1";"3";"1";"1";""
"202400001195";"155779667";"A01";"1";"7";"0";"1";"1";"21";"1";""
"202400001195";"155779670";"C01";"2";"7";"0";"2";"1";"1";"1";""
"202400001195";"155779671";"B01";"2";"7";"0";"2";"2";"1";"1";""
"202400001196";"155779663";"B01";"2";"7";"0";"2";"4";"1";"1";""
"202400001196";"155779666";"Z01";"2";"7";"0";"2";"1";"2";"2";""
"202400001197";"155779665";"A01";"2";"7";"13";"0";"3";"1";"2";""
"202400001198";"155779660";"B01";"2";"1";"0";"2";"1";"1";"5";""
"202400001198";"155779661";"A01";"2";"60";"0";"2";"8";"19";"5";""
"202400001199";"155779657";"A01";"2";"7";"0";"2";"1";"13";"1";""
"202400001199";"155779658";"B01";"1";"7";"0";"2";"3";"1";"1";""
"202400001200";"155779656";"B01";"1";"10";"0";"2";"3";"15";"0";""
"202400001200";"155779659";"A01";"1";"32";"0";"2";"1";"17";"1";""
"202400001201";"155779654";"A01";"1";"1";"0";"2";"1";"1";"5";""
"202400001201";"155779655";"Z01";"2";"50";"0";"2";"1";"1";"3";""
"202400001202";"155779653";"A01";"2";"7";"0";"1";"1";"1";"1";""
"202400001203";"155779652";"A01";"2";"7";"4";"0";"1";"1";"1";""
"202400001204";"155779650";"A01";"2";"32";"0";"1";"8";"1";"3";""
"202400001205";"155779649";"B01";"1";"7";"0";"0";"7";"15";"1";""
"202400001205";"155779651";"A01";"1";"38";"0";"2";"1";"2";"1";"1"
"202400001206";"155779647";"A01";"2";"7";"0";"2";"2";"15";"1";""
"202400001206";"155779648";"B01";"1";"1";"0";"2";"1";"1";"5";""
"202400001207";"155779645";"A01";"2";"7";"0";"2";"3";"9";"1";""
"202400001207";"155779646";"B01";"2";"43";"0";"2";"1";"5";"1";""
"202400001208";"155779643";"A01";"3";"10";"0";"1";"1";"1";"1";""
"202400001209";"155779641";"A01";"2";"17";"0";"2";"8";"13";"1";""
"202400001209";"155779644";"B01";"2";"7";"5";"2";"7";"17";"1";""
"202400001210";"155779640";"B01";"1";"7";"0";"2";"1";"26";"1";""
"202400001210";"155779642";"A01";"2";"2";"0";"2";"1";"26";"1";""
"202400001211";"155779639";"A01";"1";"33";"0";"1";"1";"1";"1";""
"202400001212";"155779637";"A01";"2";"34";"0";"2";"1";"1";"1";""
"202400001212";"155779638";"B01";"2";"7";"0";"2";"3";"9";"1";""
"202400001213";"155779636";"A01";"3";"1";"0";"0";"0";"1";"5";""
"202400001214";"155779635";"A01";"1";"7";"13";"0";"1";"1";"1";""
"202400001215";"155779634";"A01";"1";"7";"1";"0";"1";"13";"1";""
"202400001216";"155779633";"A01";"3";"80";"1";"0";"0";"14";"3";""
"202400001217";"155779632";"A01";"0";"2";"1";"0";"1";"1";"1";""
"202400001218";"155779629";"A01";"3";"10";"0";"0";"8";"1";"1";""
"202400001219";"155779627";"B01";"1";"31";"0";"2";"4";"0";"1";""
"202400001219";"155779630";"A01";"1";"7";"0";"2";"2";"14";"1";""
"202400001220";"155779625";"A01";"2";"7";"13";"0";"6";"1";"1";""
"202400001221";"155779623";"B01";"1";"7";"0";"2";"3";"1";"1";""
"202400001221";"155779624";"C01";"1";"7";"0";"2";"1";"1";"1";""
"202400001221";"155779626";"A01";"1";"7";"0";"2";"6";"19";"1";""
"202400001222";"155779622";"A01";"2";"7";"0";"1";"1";"1";"1";""
"202400001223";"155779621";"A01";"1";"7";"6";"0";"2";"15";"1";""
"202400001224";"155779620";"A01";"3";"37";"0";"1";"2";"1";"1";"1"
"202400001225";"155779619";"A01";"2";"7";"0";"1";"1";"16";"1";""
"202400001226";"155779618";"A01";"2";"7";"16";"0";"8";"1";"1";""
"202400001227";"155779616";"A01";"2";"10";"0";"2";"2";"15";"1";""
"202400001227";"155779617";"B01";"1";"7";"0";"2";"1";"1";"1";""
"202400001228";"155779613";"A01";"2";"7";"7";"0";"0";"17";"1";""
"202400001228";"155779615";"B01";"2";"7";"0";"0";"0";"21";"1";""
"202400001229";"155779612";"A01";"1";"7";"6";"2";"2";"1";"1";""
"202400001229";"155779614";"B01";"2";"7";"0";"2";"3";"15";"1";""
"202400001230";"155779609";"A01";"2";"7";"0";"1";"1";"1";"2";""
"202400001231";"155779610";"A01";"1";"7";"0";"2";"1";"1";"1";""
"202400001231";"155779611";"B01";"1";"13";"0";"0";"4";"9";"1";""
"202400001232";"155779607";"A01";"2";"7";"8";"0";"1";"1";"3";""
"202400001233";"155779606";"A01";"2";"7";"0";"2";"7";"2";"1";""
"202400001233";"155779608";"B01";"2";"33";"0";"2";"7";"1";"1";""
"202400001234";"155779604";"A01";"1";"7";"0";"2";"1";"1";"1";""
"202400001234";"155779605";"B01";"2";"7";"3";"2";"8";"13";"1";""
"202400001235";"155779602";"A01";"0";"10";"0";"1";"1";"1";"1";""
"202400001236";"155779600";"A01";"2";"7";"2";"0";"1";"1";"1";""
"202400001237";"155779599";"B01";"1";"7";"0";"2";"1";"1";"1";""
"202400001237";"155779601";"A01";"2";"10";"17";"2";"1";"17";"3";""
"202400001238";"155779597";"B01";"1";"80";"0";"2";"2";"2";"3";""
"202400001238";"155779598";"A01";"1";"7";"0";"2";"1";"2";"1";""
"202400001239";"155779596";"A01";"2";"16";"0";"0";"9";"1";"1";""
"202400001240";"155779595";"A01";"2";"7";"0";"1";"3";"5";"0";""
"202400001241";"155779592";"B01";"1";"7";"0";"2";"3";"1";"1";""
"202400001241";"155779594";"A01";"1";"7";"0";"2";"1";"26";"1";""
"202400001242";"155779591";"A01";"1";"7";"0";"2";"2";"14";"1";""
"202400001242";"155779593";"B01";"1";"7";"0";"2";"6";"1";"1";""
"202400001243";"155779590";"A01";"1";"7";"0";"1";"1";"15";"1";""
"202400001244";"155779588";"A01";"1";"7";"1";"0";"2";"26";"1";""
"202400001245";"155779585";"A01";"1";"7";"0";"2";"1";"15";"1";""
"202400001245";"155779587";"B01";"2";"7";"0";"2";"8";"1";"1";""
"202400001246";"155779586";"B01";"2";"7";"0";"2";"4";"2";"2";""
"202400001246";"155779589";"A01";"2";"7";"0";"2";"1";"2";"1";""
"202400001247";"155779583";"B01";"0";"1";"0";"2";"7";"2";"5";""
"202400001247";"155779584";"A01";"0";"99";"0";"2";"8";"18";"0";""
"202400001248";"155779582";"A01";"3";"33";"0";"6";"3";"1";"1";""
"202400001249";"155779579";"A01";"1";"33";"0";"2";"3";"1";"1";""
"202400001249";"155779581";"B01";"1";"7";"0";"2";"2";"15";"1";""
"202400001250";"155779577";"A01";"1";"7";"0";"1";"1";"1";"2";""
"202400001251";"155779578";"A01";"0";"7";"0";"2";"1";"2";"1";""
"202400001251";"155779580";"B01";"0";"7";"0";"2";"4";"2";"2";""
"202400001252";"155779574";"B01";"2";"2";"0";"2";"3";"1";"1";""
"202400001252";"155779575";"A01";"1";"0";"0";"2";"0";"17";"0";""
"202400001253";"155779572";"B01";"1";"7";"0";"2";"8";"0";"1";""
"202400001253";"155779576";"A01";"1";"10";"0";"2";"3";"1";"1";""
"202400001254";"155779571";"B01";"2";"7";"0";"2";"4";"2";"1";""
"202400001254";"155779573";"A01";"2";"33";"0";"2";"1";"2";"1";""
"202400001255";"155779570";"A01";"0";"7";"0";"0";"5";"1";"1";""
"202400001256";"155779569";"A01";"1";"10";"0";"1";"2";"1";"1";""
"202400001257";"155779565";"A01";"1";"7";"0";"2";"1";"12";"1";""
"202400001257";"155779567";"B01";"1";"13";"0";"2";"6";"1";"1";""
"202400001258";"155779566";"A01";"2";"7";"0";"2";"3";"1";"1";""
"202400001258";"155779568";"B01";"1";"1";"0";"2";"0";"1";"5";""
"202400001259";"155779563";"A01";"2";"7";"13";"0";"0";"0";"1";""
"202400001260";"155779562";"A01";"1";"7";"0";"2";"3";"15";"2";""
"202400001260";"155779564";"B01";"1";"1";"0";"2";"1";"1";"5";""
"202400001261";"155779561";"A01";"2";"7";"12";"1";"1";"0";"1";""
"202400001262";"155779559";"A01";"1";"10";"0";"1";"1";"15";"1";""
"202400001263";"155779558";"A01";"2";"7";"0";"2";"4";"2";"1";""
"202400001263";"155779560";"B01";"2";"7";"0";"2";"1";"2";"0";""
"202400001264";"155779556";"A01";"2";"7";"0";"2";"4";"1";"1";""
"202400001264";"155779557";"B01";"2";"7";"0";"2";"1";"1";"1";""
"202400001265";"155779555";"A01";"1";"1";"0";"1";"2";"1";"5";""
"202400001266";"155779553";"A01";"1";"7";"0";"2";"1";"2";"2";""
"202400001266";"155779554";"B01";"1";"7";"0";"2";"1";"2";"2";""
"202400001267";"155779552";"A01";"2";"7";"13";"0";"2";"14";"1";""
"202400001268";"155779550";"A01";"1";"33";"0";"0";"0";"0";"1";""
"202400001268";"155779551";"B01";"1";"7";"0";"0";"0";"0";"1";""
"202400001269";"155779547";"A01";"2";"7";"0";"2";"4";"23";"1";""
"202400001269";"155779548";"B01";"2";"7";"14";"0";"1";"1";"1";""
"202400001270";"155779545";"A01";"1";"10";"0";"1";"2";"9";"1";""
"202400001271";"155779546";"B01";"2";"17";"0";"2";"4";"2";"6";""
"202400001271";"155779549";"A01";"2";"10";"0";"2";"1";"1";"1";""
"202400001272";"155779541";"A01";"1";"50";"0";"2";"1";"1";"3";""
"202400001272";"155779543";"B01";"1";"10";"0";"2";"4";"23";"1";""
"202400001273";"155779540";"A01";"1";"7";"0";"2";"2";"12";"2";""
"202400001273";"155779542";"B01";"1";"31";"0";"2";"8";"0";"1";""
"202400001274";"155779539";"A01";"2";"7";"0";"2";"4";"1";"1";""
"202400001274";"155779544";"B01";"2";"7";"0";"2";"1";"17";"1";""
"202400001275";"155779532";"B01";"2";"32";"0";"2";"1";"1";"1";""
"202400001275";"155779535";"A01";"2";"7";"3";"0";"1";"1";"1";""
"202400001276";"155779534";"B01";"1";"10";"0";"2";"4";"0";"1";""
"202400001276";"155779537";"A01";"1";"33";"0";"2";"1";"0";"1";""
"202400001277";"155779531";"B01";"2";"7";"0";"2";"4";"2";"1";""
"202400001277";"155779533";"C01";"2";"7";"0";"2";"4";"2";"2";""
"202400001277";"155779536";"D01";"2";"7";"0";"2";"4";"2";"1";""
"202400001277";"155779538";"A01";"2";"10";"0";"2";"1";"2";"1";""
"202400001278";"155779527";"A01";"2";"7";"5";"0";"1";"18";"1";""
"202400001278";"155779529";"B01";"2";"7";"0";"2";"1";"1";"1";""
"202400001279";"155779526";"B01";"2";"7";"0";"2";"4";"0";"2";""
"202400001279";"155779528";"A01";"2";"7";"0";"2";"1";"0";"2";""
"202400001279";"155779530";"C01";"2";"7";"0";"2";"4";"0";"2";""
"202400001280";"155779524";"B01";"3";"1";"0";"2";"7";"19";"5";""
"202400001280";"155779525";"A01";"3";"7";"0";"9";"1";"1";"2";""
"202400001281";"155779522";"Z01";"1";"0";"0";"1";"0";"2";"0";""
"202400001282";"155779521";"A01";"1";"7";"0";"2";"2";"0";"0";""
"202400001282";"155779523";"B01";"1";"33";"0";"2";"0";"0";"1";""
"202400001283";"155779520";"A01";"1";"7";"13";"0";"9";"13";"1";""
"202400001284";"155779519";"A01";"2";"7";"0";"0";"1";"1";"1";""
"202400001285";"155779517";"A01";"0";"7";"11";"0";"3";"1";"1";""
"202400001286";"155779514";"B01";"1";"7";"0";"2";"4";"1";"1";""
"202400001286";"155779516";"A01";"1";"7";"0";"2";"1";"1";"1";""
"202400001286";"155779518";"C01";"1";"33";"0";"2";"1";"1";"1";""
"202400001287";"155779512";"B01";"3";"7";"3";"2";"1";"1";"1";""
"202400001287";"155779515";"A01";"3";"7";"3";"2";"1";"6";"1";""
"202400001288";"155779511";"A01";"3";"7";"0";"2";"3";"1";"1";""
"202400001288";"155779513";"B01";"3";"7";"0";"2";"3";"1";"1";""
"202400001289";"155779509";"A01";"2";"7";"4";"0";"1";"1";"1";""
"202400001290";"155779508";"B01";"1";"7";"0";"2";"9";"1";"1";""
"202400001290";"155779510";"A01";"1";"15";"0";"2";"0";"14";"1";""
"202400001291";"155779505";"B01";"2";"7";"0";"2";"3";"1";"1";""
"202400001291";"155779507";"A01";"2";"33";"0";"2";"1";"17";"1";""
"202400001292";"155779504";"A01";"1";"7";"0";"2";"1";"2";"1";""
"202400001292";"155779506";"B01";"1";"7";"0";"2";"4";"2";"1";""
"202400001293";"155779502";"A01";"2";"7";"0";"2";"1";"11";"1";""
"202400001293";"155779503";"B01";"2";"33";"0";"2";"2";"3";"1";""
"202400001294";"155779500";"B01";"1";"7";"0";"9";"3";"1";"1";""
"202400001294";"155779501";"A01";"2";"33";"0";"2";"3";"13";"1";""
"202400001295";"155779497";"A01";"2";"7";"0";"2";"1";"1";"1";""
"202400001295";"155779499";"B01";"2";"7";"0";"2";"4";"1";"1";""
"202400001296";"155779496";"A01";"1";"33";"4";"2";"1";"17";"1";""
"202400001296";"155779498";"B01";"1";"7";"0";"2";"6";"2";"3";""
"202400001297";"155779493";"B01";"1";"7";"0";"9";"4";"1";"1";""
"202400001297";"155779495";"A01";"1";"10";"0";"2";"2";"2";"1";""
"202400001298";"155779490";"B01";"2";"7";"0";"2";"4";"1";"1";""
"202400001298";"155779492";"A01";"2";"7";"0";"2";"1";"1";"1";""
"202400001299";"155779491";"B01";"1";"7";"0";"2";"6";"2";"1";""
"202400001299";"155779494";"A01";"1";"7";"0";"2";"1";"2";"1";""
"202400001300";"155779487";"A01";"1";"7";"0";"2";"1";"9";"1";""
"202400001300";"155779489";"B01";"1";"33";"0";"2";"7";"1";"1";""
"202400001301";"155779485";"A01";"2";"33";"0";"2";"1";"2";"1";""
"202400001301";"155779488";"B01";"2";"10";"0";"2";"4";"1";"1";""
"202400001302";"155779483";"C01";"1";"7";"1";"0";"1";"2";"1";""
"202400001302";"155779484";"A01";"1";"7";"0";"2";"6";"23";"1";""
"202400001302";"155779486";"B01";"1";"7";"1";"2";"4";"23";"1";""
"202400001303";"155779482";"A01";"1";"33";"0";"0";"1";"1";"1";""
"202400001304";"155779480";"A01";"2";"7";"2";"0";"1";"1";"1";""
"202400001305";"155779478";"A01";"1";"7";"0";"2";"3";"2";"1";""
"202400001305";"155779481";"B01";"1";"7";"0";"2";"5";"2";"1";""
"202400001306";"155779476";"A01";"1";"7";"0";"2";"2";"14";"1";""
"202400001306";"155779477";"B01";"1";"7";"0";"2";"6";"1";"1";""
"202400001306";"155779479";"C01";"1";"7";"0";"2";"0";"0";"1";""
"202400001307";"155779475";"A01";"1";"7";"7";"0";"0";"0";"1";""
"202400001308";"155779474";"A01";"3";"50";"12";"0";"1";"1";"3";""
"202400001309";"155779472";"A01";"1";"33";"0";"0";"2";"0";"1";""
"202400001310";"155779471";"A01";"1";"7";"0";"1";"8";"19";"0";""
"202400001311";"155779470";"A01";"1";"7";"3";"2";"1";"1";"2";""
"202400001311";"155779473";"B01";"1";"7";"0";"2";"7";"21";"2";""
"202400001312";"155779468";"A01";"1";"7";"0";"2";"2";"15";"1";""
"202400001312";"155779469";"B01";"2";"33";"0";"2";"1";"1";"1";""
"202400001313";"155779467";"A01";"2";"7";"4";"0";"1";"1";"1";""
"202400001314";"155779466";"A01";"1";"7";"1";"1";"3";"14";"1";""
"202400001315";"155779462";"A01";"2";"7";"0";"2";"7";"9";"1";""
"202400001315";"155779464";"B01";"2";"7";"0";"2";"1";"1";"1";""
"202400001316";"155779459";"A01";"1";"10";"0";"2";"1";"1";"0";""
"202400001316";"155779461";"B01";"1";"7";"0";"2";"4";"1";"1";""
"202400001316";"155779465";"C01";"1";"7";"0";"2";"4";"1";"1";""
"202400001317";"155779458";"A01";"3";"7";"13";"0";"4";"0";"1";""
"202400001318";"155779453";"A01";"1";"7";"4";"0";"1";"1";"1";""
"202400001318";"155779456";"B01";"1";"7";"0";"2";"4";"1";"1";""
"202400001319";"155779452";"A01";"0";"7";"0";"9";"2";"2";"1";""
"202400001319";"155779454";"B01";"0";"1";"0";"2";"1";"1";"5";""
"202400001320";"155779449";"A01";"1";"7";"8";"0";"1";"14";"1";""
"202400001321";"155779446";"A01";"2";"7";"0";"2";"2";"15";"1";""
"202400001321";"155779447";"B01";"1";"33";"0";"2";"1";"1";"1";""
"202400001322";"155779445";"B01";"1";"7";"0";"2";"3";"1";"1";""
"202400001322";"155779448";"A01";"1";"2";"0";"2";"1";"9";"1";""
"202400001323";"155779443";"A01";"1";"7";"0";"2";"1";"1";"1";""
"202400001323";"155779444";"B01";"1";"13";"0";"2";"4";"0";"0";""
"202400001324";"155779441";"A01";"2";"7";"0";"2";"1";"5";"1";""
"202400001324";"155779442";"B01";"2";"7";"0";"2";"1";"9";"1";""
"202400001325";"155779439";"B01";"1";"21";"0";"2";"3";"14";"1";""
"202400001325";"155779440";"A01";"2";"7";"0";"2";"1";"1";"1";""
"202400001326";"155779438";"A01";"2";"7";"0";"1";"2";"16";"1";""
"202400001327";"155779435";"A01";"1";"33";"0";"2";"2";"17";"1";""
"202400001327";"155779436";"B01";"1";"7";"0";"0";"6";"1";"1";""
"202400001327";"155779437";"C01";"1";"7";"0";"0";"1";"1";"1";""
"202400001328";"155779433";"A01";"1";"33";"13";"0";"1";"2";"1";""
"202400001329";"155779434";"A01";"2";"30";"0";"0";"0";"1";"1";""
"202400001330";"155779430";"B01";"1";"7";"0";"2";"2";"1";"1";""
"202400001330";"155779432";"A01";"1";"7";"0";"2";"8";"15";"1";""
"202400001331";"155779429";"A01";"1";"30";"0";"2";"1";"1";"1";""
"202400001331";"155779431";"B01";"1";"7";"0";"9";"4";"1";"0";""
"202400001332";"155779427";"B01";"1";"33";"0";"2";"2";"17";"1";""
"202400001332";"155779428";"A01";"1";"7";"0";"2";"3";"2";"1";""
"202400001333";"155779425";"B01";"2";"80";"0";"2";"3";"16";"3";""
"202400001333";"155779426";"A01";"2";"50";"0";"2";"1";"1";"3";""
"202400001334";"155779424";"A01";"1";"7";"10";"0";"3";"1";"1";""
"202400001335";"155779423";"A01";"1";"1";"14";"0";"1";"1";"5";""
"202400001336";"155779421";"B01";"1";"7";"0";"2";"1";"1";"1";""
"202400001336";"155779422";"A01";"0";"7";"0";"2";"8";"19";"1";""
"202400001337";"155779420";"A01";"1";"32";"0";"1";"7";"1";"1";""
"202400001338";"155779419";"A01";" -1";"2";"6";"0";"1";"0";"1";""
"202400001339";"155779416";"B01";"1";"7";"0";"2";"7";"1";"1";""
"202400001339";"155779418";"A01";"1";"7";"0";"2";"1";"15";"1";""
"202400001340";"155779411";"A01";"1";"7";"0";"2";"4";"1";"1";""
"202400001340";"155779413";"B01";"1";"7";"0";"2";"1";"1";"1";""
"202400001341";"155779408";"A01";"1";"33";"0";"0";"8";"1";"1";""
"202400001342";"155779406";"A01";"2";"7";"7";"0";"1";"1";"1";""
"202400001343";"155779407";"A01";"1";"7";"0";"2";"3";"15";"3";""
"202400001343";"155779409";"B01";"2";"7";"0";"2";"1";"1";"1";""
"202400001344";"155779405";"A01";"3";"33";"0";"0";"9";"1";"1";""
"202400001345";"155779404";"A01";"2";"1";"0";"0";"7";"1";"5";""
"202400001346";"155779403";"A01";"3";"7";"6";"0";"3";"13";"1";""
"202400001347";"155779402";"A01";"2";"10";"0";"1";"1";"1";"1";""
"202400001348";"155779401";"A01";"1";"33";"13";"0";"0";"1";"1";""
"202400001349";"155779399";"A01";"1";"1";"0";"2";"1";"19";"5";""
"202400001349";"155779400";"B01";"2";"7";"0";"2";"2";"23";"1";""
"202400001350";"155779397";"A01";"2";"7";"0";"1";"3";"1";"1";""
"202400001351";"155779396";"B01";"3";"10";"0";"2";"3";"15";"1";""
"202400001351";"155779398";"A01";"3";"33";"6";"2";"2";"17";"1";""
"202400001352";"155779393";"B01";"2";"33";"0";"2";"2";"1";"1";""
"202400001352";"155779394";"A01";"1";"7";"0";"2";"5";"16";"1";""
"202400001353";"155779392";"B01";"1";"10";"0";"2";"4";"15";"1";""
"202400001353";"155779395";"A01";"1";"7";"0";"2";"1";"2";"1";""
"202400001354";"155779390";"A01";"0";"7";"0";"1";"1";"1";"1";""
"202400001355";"155779389";"A01";"2";"7";"0";"2";"1";"0";"1";""
"202400001355";"155779391";"B01";"1";"7";"0";"2";"1";"0";"1";""
"202400001356";"155779386";"A01";"3";"7";"0";"2";"1";"0";"1";""
"202400001356";"155779388";"B01";"0";"7";"0";"2";"8";"0";"1";""
"202400001357";"155779385";"A01";"2";"50";"0";"2";"1";"26";"3";""
"202400001357";"155779387";"B01";"1";"7";"6";"9";"3";"15";"1";""
"202400001358";"155779380";"A01";"1";"7";"0";"2";"1";"16";"1";""
"202400001358";"155779382";"B01";"1";"7";"0";"2";"6";"16";"1";""
"202400001359";"155779379";"A01";"1";"33";"0";"2";"1";"1";"1";""
"202400001359";"155779381";"B01";"1";"7";"0";"2";"3";"9";"0";""
"202400001360";"155779376";"A01";"2";"7";"0";"2";"1";"15";"1";""
"202400001360";"155779377";"B01";"1";"7";"0";"2";"7";"1";"1";""
"202400001361";"155779374";"A01";"1";"7";"2";"2";"1";"13";"1";""
"202400001361";"155779375";"B01";"2";"32";"0";"2";"1";"1";"1";""
"202400001362";"155779373";"A01";"1";"7";"0";"1";"1";"1";"1";""
"202400001363";"155779369";"A01";"1";"32";"6";"0";"1";"0";"1";""
"202400001364";"155779368";"B01";"0";"7";"0";"2";"2";"1";"1";""
"202400001364";"155779370";"A01";"0";"7";"0";"2";"6";"15";"1";""
"202400001365";"155779367";"A01";"3";"7";"13";"0";"1";"1";"1";""
"202400001366";"155779366";"A01";"0";"7";"0";"1";"1";"15";"1";""
"202400001367";"155779364";"A01";"1";"7";"0";"2";"3";"15";"1";""
"202400001367";"155779365";"B01";"1";"7";"0";"2";"2";"17";"1";""
"202400001368";"155779361";"A01";"2";"43";"4";"0";"7";"12";"1";""
"202400001369";"155779362";"B01";"3";"7";"0";"2";"2";"16";"1";""
"202400001369";"155779363";"A01";"2";"1";"0";"2";"1";"19";"5";""
"202400001370";"155779360";"A01";"1";"33";"6";"0";"7";"17";"1";""
"202400001371";"155779358";"A01";"1";"7";"5";"0";"2";"1";"1";""
"202400001372";"155779359";"A01";"1";"7";"0";"1";"1";"1";"3";""
"202400001373";"155779356";"A01";"1";"7";"0";"2";"0";"11";"1";""
"202400001373";"155779357";"B01";"1";"7";"4";"2";"8";"1";"1";""
"202400001374";"155779352";"A01";"2";"50";"0";"2";"1";"25";"3";""
"202400001374";"155779355";"B01";"2";"7";"0";"2";"7";"1";"1";""
"202400001375";"155779351";"A01";"2";"7";"0";"0";"1";"26";"1";""
"202400001376";"155779349";"A01";"1";"33";"0";"0";"0";"1";"1";""
"202400001377";"155779348";"B01";"3";"7";"0";"2";"1";"1";"1";""
"202400001377";"155779350";"A01";"3";"34";"0";"2";"3";"1";"1";""
"202400001378";"155779346";"A01";"2";"7";"3";"2";"1";"2";"1";""
"202400001378";"155779347";"B01";"2";"7";"0";"0";"4";"2";"1";""
"202400001379";"155779344";"A01";"1";"7";"0";"2";"4";"16";"1";""
"202400001379";"155779345";"B01";"1";"50";"0";"2";"1";"1";"3";""
"202400001380";"155779343";"A01";"1";"33";"0";"0";"1";"0";"1";""
"202400001381";"155779342";"A01";"2";"33";"3";"0";"2";"1";"1";""
"202400001382";"155779340";"A01";"1";"30";"0";"2";"1";"1";"1";""
"202400001382";"155779341";"B01";"2";"10";"0";"2";"6";"1";"1";""
"202400001383";"155779339";"A01";"3";"7";"0";"1";"1";"1";"1";""
"202400001384";"155779335";"A01";"1";"7";"0";"2";"3";"13";"1";""
"202400001384";"155779337";"B01";"2";"7";"0";"2";"3";"1";"1";""
"202400001385";"155779336";"A01";"1";"7";"0";"2";"2";"15";"1";""
"202400001385";"155779338";"B01";"2";"33";"0";"2";"1";"0";"1";""
"202400001386";"155779334";"A01";"2";"33";"2";"0";"1";"1";"0";""
"202400001387";"155779332";"A01";"2";"33";"0";"2";"1";"17";"1";""
"202400001387";"155779333";"B01";"2";"7";"0";"2";"6";"15";"1";""
"202400001388";"155779331";"A01";"2";"7";"17";"0";"1";"17";"1";""
"202400001389";"155779329";"A01";"1";"7";"0";"2";"3";"13";"1";""
"202400001389";"155779330";"B01";"2";"10";"0";"2";"3";"1";"1";""
"202400001390";"155779327";"A01";"0";"7";"0";"1";"1";"1";"1";""
"202400001391";"155779325";"A01";"3";"7";"0";"0";"9";"1";"1";""
"202400001392";"155779324";"B01";"1";"7";"0";"2";"4";"0";"1";""
"202400001392";"155779326";"C01";"1";"7";"0";"2";"4";"1";"1";""
"202400001392";"155779328";"A01";"1";"7";"0";"2";"1";"0";"1";""
"202400001393";"155779323";"A01";"1";"7";"0";"1";"5";"1";"1";""
"202400001394";"155779320";"B01";"2";"17";"0";"0";"5";"2";"1";""
"202400001394";"155779322";"A01";"2";"7";"0";"2";"1";"2";"1";""
"202400001395";"155779318";"A01";"1";"33";"0";"2";"1";"1";"1";""
"202400001395";"155779321";"B01";"2";"33";"0";"0";"1";"1";"1";""
"202400001396";"155779315";"A01";"1";"7";"0";"2";"1";"2";"1";""
"202400001396";"155779316";"B01";"2";"7";"0";"2";"1";"2";"2";""
"202400001397";"155779311";"B01";"1";"7";"0";"2";"4";"23";"1";""
"202400001397";"155779313";"A01";"1";"7";"0";"2";"1";"2";"2";""
"202400001398";"155779310";"C01";"0";"7";"0";"2";"3";"1";"1";""
"202400001398";"155779312";"A01";"3";"7";"0";"2";"1";"21";"1";""
"202400001398";"155779314";"B01";"0";"7";"0";"0";"0";"5";"1";""
"202400001399";"155779308";"B01";"1";"7";"3";"2";"1";"2";"2";""
"202400001399";"155779309";"A01";"1";"7";"0";"6";"4";"2";"1";""
"202400001400";"155779305";"B01";"3";"50";"0";"2";"7";"1";"3";""
"202400001400";"155779307";"A01";"3";"7";"0";"2";"1";"1";"1";""
"202400001401";"155779304";"A01";"1";"7";"0";"1";"2";"2";"1";""
"202400001402";"155779303";"A01";"2";"7";"0";"2";"1";"2";"1";""
"202400001402";"155779306";"B01";"2";"7";"0";"2";"4";"1";"1";""
"202400001403";"155779301";"A01";"2";"7";"0";"2";"9";"14";"1";""
"202400001404";"155779300";"A01";"1";"7";"0";"2";"1";"13";"1";""
"202400001404";"155779302";"B01";"2";"7";"0";"2";"1";"1";"1";""
"202400001405";"155779299";"A01";"1";"7";"1";"1";"2";"25";"3";""
"202400001406";"155779296";"A01";"2";"80";"0";"0";"0";"0";"3";""
"202400001407";"155779295";"A01";"1";"7";"4";"2";"1";"2";"1";""
"202400001407";"155779298";"B01";"1";"7";"4";"0";"4";"2";"1";""
"202400001408";"155779293";"A01";"1";"7";"16";"0";"0";"13";"1";""
"202400001409";"155779294";"A01";"1";"7";"16";"2";"1";"26";"1";""
"202400001409";"155779297";"B01";"2";"7";"0";"0";"0";"0";"3";""
"202400001410";"155779291";"A01";"3";"7";"0";"2";"1";"1";"1";""
"202400001410";"155779292";"B01";"3";"7";"0";"2";"1";"1";"1";""
"202400001411";"155779290";"A01";"3";"50";"0";"1";"1";"1";"3";""
"202400001412";"155779287";"B01";"2";"7";"0";"2";"2";"1";"1";""
"202400001412";"155779289";"A01";"1";"2";"0";"2";"1";"5";"1";""
"202400001413";"155779286";"A01";"1";"7";"0";"2";"2";"13";"1";""
"202400001413";"155779288";"B01";"2";"7";"0";"2";"2";"1";"1";""
"202400001414";"155779284";"B01";"2";"7";"0";"2";"4";"1";"3";""
"202400001414";"155779285";"A01";"2";"7";"0";"2";"1";"1";"1";""
"202400001415";"155779281";"A01";"3";"7";"0";"2";"3";"13";"1";""
"202400001415";"155779282";"B01";"1";"10";"0";"2";"2";"1";"1";""
"202400001416";"155779279";"A01";"2";"50";"8";"0";"1";"1";"3";""
"202400001417";"155779278";"A01";"2";"7";"0";"0";"9";"17";"1";""
"202400001418";"155779276";"A01";"2";"7";"0";"2";"4";"1";"2";""
"202400001418";"155779277";"B01";"2";"7";"0";"2";"1";"1";"1";""
"202400001419";"155779273";"A01";"2";"10";"0";"2";"2";"1";"1";""
"202400001419";"155779274";"B01";"2";"1";"0";"2";"4";"1";"5";""
"202400001420";"155779272";"A01";"0";"50";"0";"0";"0";"0";"3";""
"202400001421";"155779271";"A01";"0";"7";"8";"0";"1";"1";"1";""
"202400001421";"155779275";"B01";"0";"7";"8";"0";"1";"1";"1";""
"202400001422";"155779270";"A01";"1";"7";"13";"0";"1";"13";"1";""
"202400001423";"155779268";"A01";"3";"7";"0";"2";"2";"1";"6";""
"202400001423";"155779269";"B01";"3";"2";"0";"2";"1";"13";"1";""
"202400001424";"155779267";"A01";"0";"7";"2";"0";"9";"1";"1";""
"202400001425";"155779264";"A01";"1";"10";"4";"0";"1";"1";"1";""
"202400001426";"155779262";"A01";"2";"7";"0";"1";"1";"1";"1";""
"202400001427";"155779259";"A01";"1";"7";"6";"0";"1";"14";"1";""
"202400001428";"155779260";"A01";"1";"10";"0";"2";"4";"1";"1";""
"202400001428";"155779263";"B01";"1";"7";"0";"2";"1";"1";"2";""
"202400001428";"155779265";"C01";"1";"7";"0";"2";"2";"0";"6";""
"202400001428";"155779266";"D01";"1";"7";"0";"2";"1";"1";"1";""
"202400001429";"155779258";"A01";"2";"7";"0";"0";"3";"15";"1";""
"202400001429";"155779261";"B01";"2";"2";"0";"0";"1";"17";"1";""
"202400001430";"155779254";"B01";"1";"7";"0";"2";"1";"1";"1";""
"202400001430";"155779257";"A01";"2";"10";"0";"2";"1";"13";"1";""
"202400001431";"155779253";"B01";"1";"7";"0";"2";"3";"0";"1";""
"202400001431";"155779255";"A01";"1";"33";"1";"0";"1";"0";"1";""
"202400001432";"155779252";"A01";"2";"7";"0";"2";"4";"1";"1";""
"202400001432";"155779256";"B01";"2";"7";"0";"2";"1";"1";"1";""
"202400001433";"155779248";"B01";"2";"7";"0";"2";"3";"13";"1";""
"202400001433";"155779251";"A01";"1";"10";"0";"2";"3";"1";"1";""
"202400001434";"155779247";"A01";"1";"7";"0";"2";"1";"2";"1";""
"202400001434";"155779249";"B01";"1";"10";"0";"2";"4";"23";"1";""
"202400001435";"155779246";"A01";"1";"7";"13";"0";"1";"1";"1";""
"202400001436";"155779245";"A01";"2";"7";"8";"2";"1";"2";"1";""
"202400001436";"155779250";"B01";"2";"1";"0";"2";"4";"1";"5";""
"202400001437";"155779243";"A01";"2";"33";"0";"2";"1";"5";"1";""
"202400001437";"155779244";"B01";"1";"7";"0";"2";"3";"2";"1";""
"202400001438";"155779242";"A01";"1";"7";"0";"1";"6";"10";"1";""
"202400001439";"155779239";"B01";"1";"50";"0";"2";"1";"1";"3";""
"202400001439";"155779241";"A01";"2";"7";"0";"2";"8";"15";"1";""
"202400001440";"155779237";"A01";"2";"10";"13";"0";"1";"0";"1";""
"202400001441";"155779234";"A01";"2";"7";"0";"2";"0";"1";"1";""
"202400001441";"155779236";"B01";"2";"7";"0";"2";"0";"1";"1";""
"202400001441";"155779238";"C01";"2";"7";"0";"2";"0";"1";"1";""
"202400001441";"155779240";"D01";"2";"7";"0";"2";"0";"0";"1";""
"202400001442";"155779233";"B01";"2";"7";"0";"2";"1";"16";"1";""
"202400001442";"155779235";"A01";"1";"50";"0";"2";"1";"5";"3";""
"202400001443";"155779231";"B01";"1";"33";"0";"2";"7";"3";"1";""
"202400001443";"155779232";"A01";"1";"7";"0";"2";"3";"11";"1";""
"202400001444";"155779225";"D01";"2";"7";"0";"2";"2";"23";"1";""
"202400001444";"155779227";"B01";"2";"33";"0";"2";"4";"23";"1";""
"202400001444";"155779229";"C01";"2";"7";"0";"2";"4";"23";"1";""
"202400001444";"155779230";"A01";"2";"2";"0";"2";"1";"1";"1";""
"202400001445";"155779224";"A01";"2";"7";"0";"2";"8";"11";"1";""
"202400001445";"155779226";"B01";"2";"33";"0";"2";"8";"3";"1";""
"202400001445";"155779228";"C01";"2";"7";"0";"2";"4";"1";"2";""
"202400001446";"155779222";"B01";"0";"7";"0";"2";"8";"1";"1";""
"202400001446";"155779223";"A01";"3";"31";"0";"2";"1";"19";"1";""
"202400001447";"155779221";"A01";"3";"40";"0";"1";"3";"1";"3";""
"202400001448";"155779219";"A01";"2";"33";"0";"2";"3";"18";"1";""
"202400001448";"155779220";"B01";"1";"10";"0";"2";"1";"15";"1";""
"202400001449";"155779217";"A01";"0";"7";"0";"2";"1";"1";"1";""
"202400001449";"155779218";"B01";"0";"7";"6";"2";"4";"23";"1";""
"202400001450";"155779215";"A01";"2";"50";"0";"2";"1";"1";"3";""
"202400001450";"155779216";"B01";"2";"7";"0";"2";"3";"9";"2";""
"202400001451";"155779213";"A01";"0";"7";"0";"2";"1";"1";"1";""
"202400001451";"155779214";"B01";"0";"7";"0";"2";"8";"1";"1";""
"202400001452";"155779212";"A01";"0";"7";"1";"0";"1";"1";"1";""
"202400001453";"155779208";"B01";"1";"7";"0";"2";"1";"2";"1";""
"202400001453";"155779209";"C01";"1";"10";"0";"2";"1";"2";"1";""
"202400001453";"155779210";"D01";"1";"7";"0";"2";"2";"2";"1";""
"202400001453";"155779211";"A01";"2";"7";"0";"2";"1";"5";"1";""
"202400001454";"155779206";"A01";"2";"2";"0";"2";"1";"2";"1";""
"202400001454";"155779207";"B01";"2";"7";"8";"2";"4";"2";"1";""
"202400001455";"155779205";"A01";"1";"7";"0";"1";"1";"26";"1";""
"202400001456";"155779202";"A01";"1";"7";"12";"2";"1";"11";"1";""
"202400001456";"155779203";"B01";"1";"7";"0";"2";"6";"2";"1";""
"202400001456";"155779204";"C01";"1";"7";"0";"2";"3";"1";"1";""
"202400001457";"155779200";"A01";"3";"7";"0";"2";"1";"1";"1";""
"202400001457";"155779201";"B01";"3";"7";"0";"2";"5";"15";"1";""
"202400001458";"155779198";"C01";"2";"7";"1";"0";"4";"24";"1";""
"202400001458";"155779199";"A01";"2";"7";"1";"0";"2";"16";"1";""
"202400001459";"155779195";"C01";"2";"7";"0";"2";"4";"2";"1";""
"202400001459";"155779196";"A01";"2";"7";"0";"2";"1";"2";"1";""
"202400001459";"155779197";"B01";"2";"7";"0";"2";"4";"2";"1";""
"202400001460";"155779193";"A01";"1";"43";"0";"2";"6";"1";"1";""
"202400001460";"155779194";"Z01";"1";"10";"0";"2";"1";"1";"1";""
"202400001461";"155779191";"B01";"2";"32";"0";"2";"2";"1";"1";""
"202400001461";"155779192";"A01";"2";"7";"0";"2";"8";"13";"1";""
"202400001462";"155779189";"A01";"2";"32";"0";"2";"1";"5";"1";""
"202400001462";"155779190";"B01";"2";"7";"0";"2";"3";"15";"2";""
"202400001463";"155779188";"A01";"1";"10";"1";"1";"1";"24";"1";""
"202400001464";"155779186";"B01";"1";"33";"0";"2";"4";"1";"1";""
"202400001464";"155779187";"A01";"1";"32";"0";"2";"1";"1";"1";""
"202400001465";"155779185";"Z01";"0";"1";"0";"1";"2";"25";"5";""
"202400001466";"155779183";"B01";"1";"7";"0";"2";"1";"1";"1";""
"202400001466";"155779184";"A01";"2";"43";"0";"2";"7";"15";"1";""
"202400001467";"155779182";"A01";"1";"7";"0";"1";"2";"1";"2";""
"202400001468";"155779180";"A01";"1";"1";"0";"2";"1";"1";"5";""
"202400001468";"155779181";"B01";"2";"1";"0";"2";"1";"1";"5";""
"202400001469";"155779178";"A01";"1";"7";"0";"2";"2";"15";"2";""
"202400001469";"155779179";"B01";"1";"30";"0";"2";"3";"1";"3";""
"202400001470";"155779177";"Z01";"1";"7";"0";"1";"1";"15";"3";""
"202400001471";"155779176";"A01";"1";"50";"12";"0";"1";"21";"3";""
"202400001472";"155779175";"A01";"1";"7";"0";"1";"2";"1";"1";""
"202400001473";"155779174";"A01";"2";"1";"0";"1";"1";"1";"5";""
"202400001474";"155779173";"A01";"1";"32";"0";"0";"1";"21";"1";""
"202400001475";"155779171";"A01";"1";"32";"0";"2";"1";"5";"1";""
"202400001475";"155779172";"B01";"2";"7";"0";"2";"1";"1";"1";""
"202400001476";"155779169";"A01";"3";"30";"0";"2";"8";"18";"1";""
"202400001476";"155779170";"B01";"3";"7";"0";"2";"5";"2";"1";""
"202400001477";"155779167";"A01";"2";"7";"0";"2";"1";"1";"1";""
"202400001477";"155779168";"B01";"2";"33";"0";"2";"4";"23";"1";""
"202400001478";"155779166";"A01";"3";"7";"13";"0";"1";"26";"1";""
"202400001479";"155779164";"A01";"0";"34";"0";"2";"4";"12";"1";""
"202400001479";"155779165";"B01";"0";"3";"0";"0";"0";"0";"0";""
"202400001480";"155779163";"A01";"1";"7";"0";"1";"1";"12";"0";""
"202400001481";"155779161";"A01";"3";"30";"0";"2";"2";"0";"0";""
"202400001481";"155779162";"B01";"3";"50";"0";"2";"3";"0";"3";""
"202400001482";"155779159";"B01";"1";"10";"0";"2";"5";"11";"1";""
"202400001482";"155779160";"A01";"1";"37";"0";"2";"3";"1";"4";"5"
"202400001483";"155779158";"A01";"0";"10";"0";"1";"1";"15";"1";""
"202400001484";"155779156";"B01";"3";"7";"0";"2";"3";"1";"1";""
"202400001484";"155779157";"A01";"1";"7";"0";"2";"1";"26";"1";""
"202400001485";"155779155";"A01";"1";"7";"2";"1";"2";"9";"1";""
"202400001486";"155779154";"A01";"1";"7";"0";"1";"1";"1";"1";""
"202400001487";"155779152";"A01";"2";"7";"0";"9";"3";"15";"1";""
"202400001487";"155779153";"B01";"2";"60";"0";"2";"2";"1";"5";""
"202400001488";"155779150";"A01";"0";"32";"0";"2";"2";"15";"1";""
"202400001488";"155779151";"B01";"1";"0";"0";"2";"0";"0";"0";""
"202400001489";"155779149";"A01";"0";"7";"0";"1";"3";"15";"1";""
"202400001490";"155779147";"A01";"1";"32";"0";"0";"8";"24";"1";""
"202400001490";"155779148";"B01";"1";"99";"1";"0";"1";"1";"0";""
"202400001491";"155779146";"A01";"3";"32";"0";"1";"7";"1";"1";""
"202400001492";"155779145";"A01";"3";"43";"1";"0";"2";"14";"1";""
"202400001493";"155779143";"B01";"0";"99";"0";"2";"8";"15";"1";""
"202400001493";"155779144";"A01";"0";"32";"0";"2";"2";"17";"1";""
"202400001494";"155779141";"A01";"2";"7";"0";"2";"1";"2";"1";""
"202400001494";"155779142";"B01";"2";"7";"0";"2";"4";"2";"1";""
"202400001495";"155779140";"A01";"0";"80";"1";"2";"1";"22";"3";""
"202400001496";"155779138";"B01";"2";"32";"0";"2";"3";"1";"1";""
"202400001496";"155779139";"A01";"2";"7";"0";"2";"2";"9";"2";""
"202400001497";"155779136";"A01";"2";"7";"0";"2";"1";"1";"1";""
"202400001497";"155779137";"B01";"2";"7";"14";"0";"4";"23";"1";""
"202400001498";"155779134";"A01";"1";"7";"0";"2";"1";"2";"1";""
"202400001498";"155779135";"B01";"1";"7";"0";"2";"4";"2";"1";""
"202400001499";"155779132";"Y01";"3";"1";"0";"2";"0";"0";"5";""
"202400001499";"155779133";"A01";"3";"7";"0";"1";"1";"9";"1";""
"202400001500";"155779130";"A01";"1";"7";"0";"2";"3";"15";"1";""
"202400001500";"155779131";"B01";"1";"33";"0";"2";"1";"3";"1";""
"202400001501";"155779128";"A01";"1";"7";"0";"2";"3";"1";"1";""
"202400001501";"155779129";"B01";"1";"31";"0";"2";"2";"1";"1";""
"202400001502";"155779126";"A01";"1";"3";"0";"9";"1";"1";"1";""
"202400001502";"155779127";"B01";"1";"1";"0";"2";"8";"1";"5";""
"202400001503";"155779125";"A01";"3";"7";"2";"0";"3";"0";"1";""
"202400001504";"155779123";"A01";"0";"10";"0";"2";"8";"9";"1";""
"202400001504";"155779124";"B01";"0";"15";"0";"2";"1";"1";"1";""
"202400001505";"155779122";"A01";"0";"7";"0";"1";"3";"15";"1";""
"202400001506";"155779121";"A01";"1";"7";"0";"1";"7";"15";"6";""
"202400001507";"155779120";"A01";"0";"50";"0";"1";"0";"0";"3";""
"202400001508";"155779118";"B01";"2";"7";"0";"2";"1";"13";"1";""
"202400001508";"155779119";"A01";"1";"7";"0";"2";"1";"1";"1";""
"202400001509";"155779117";"A01";"1";"7";"6";"9";"3";"1";"1";""
"202400001510";"155779115";"A01";"3";"10";"0";"2";"1";"16";"1";""
"202400001510";"155779116";"B01";"3";"7";"0";"2";"8";"1";"1";""
"202400001511";"155779113";"B01";"1";"7";"0";"2";"7";"17";"1";""
"202400001511";"155779114";"A01";"1";"21";"0";"2";"3";"15";"1";""
"202400001512";"155779112";"A01";"2";"7";"7";"0";"1";"1";"1";""
"202400001513";"155779110";"A01";"1";"7";"0";"0";"3";"15";"1";""
"202400001513";"155779111";"B01";"1";"33";"0";"2";"1";"17";"1";""
"202400001514";"155779108";"A01";"2";"7";"0";"2";"3";"1";"1";""
"202400001514";"155779109";"B01";"1";"10";"0";"2";"2";"0";"1";""
"202400001515";"155779104";"A01";"1";"7";"0";"2";"1";"13";"1";""
"202400001515";"155779105";"B01";"2";"10";"0";"2";"1";"1";"1";""
"202400001516";"155779102";"B01";"2";"33";"0";"0";"9";"21";"1";""
"202400001516";"155779103";"A01";"1";"7";"0";"0";"2";"19";"1";""
"202400001517";"155779101";"A01";"1";"14";"0";"1";"2";"1";"1";""
"202400001518";"155779100";"A01";"1";"7";"16";"0";"2";"1";"1";""
"202400001519";"155779098";"A01";"1";"2";"0";"2";"1";"1";"1";""
"202400001519";"155779099";"B01";"2";"21";"0";"2";"1";"15";"1";""
"202400001520";"155779097";"A01";"1";"7";"13";"0";"3";"13";"1";""
"202400001521";"155779094";"A01";"1";"2";"0";"9";"8";"0";"1";""
"202400001521";"155779095";"B01";"2";"10";"0";"0";"0";"0";"1";""
"202400001522";"155779092";"B01";"2";"7";"0";"2";"3";"15";"1";""
"202400001522";"155779093";"A01";"1";"33";"0";"2";"1";"17";"1";""
"202400001523";"155779091";"A01";"1";"7";"2";"0";"2";"14";"1";""
"202400001524";"155779089";"A01";"1";"33";"0";"2";"1";"17";"1";""
"202400001524";"155779090";"B01";"1";"7";"0";"2";"3";"15";"1";""
"202400001525";"155779086";"A01";"2";"7";"0";"2";"1";"1";"1";""
"202400001525";"155779087";"B01";"2";"7";"0";"2";"4";"15";"1";""
"202400001525";"155779088";"C01";"1";"10";"13";"0";"1";"1";"1";""
"202400001526";"155779084";"B01";"1";"2";"0";"2";"2";"1";"1";""
"202400001526";"155779085";"A01";"1";"7";"0";"2";"3";"9";"1";""
"202400001527";"155779083";"A01";"2";"10";"0";"5";"1";"0";"1";""
"202400001528";"155779082";"A01";"3";"15";"0";"1";"5";"9";"1";""
"202400001529";"155779081";"A01";"1";"31";"12";"0";"1";"1";"1";""
"202400001530";"155779080";"A01";"1";"7";"13";"0";"1";"1";"1";""
"202400001531";"155779078";"A01";"3";"33";"0";"2";"1";"1";"1";""
"202400001531";"155779079";"B01";"3";"7";"0";"2";"4";"1";"1";""
"202400001532";"155779076";"B01";"0";"33";"0";"2";"1";"1";"1";""
"202400001532";"155779077";"A01";"3";"7";"0";"2";"2";"15";"1";""
"202400001533";"155779074";"A01";"1";"10";"0";"2";"2";"15";"1";""
"202400001533";"155779075";"B01";"2";"33";"0";"2";"1";"1";"1";""
"202400001534";"155779072";"A01";"2";"33";"0";"2";"1";"2";"1";""
"202400001534";"155779073";"B01";"2";"7";"0";"2";"6";"2";"1";""
"202400001535";"155779070";"B01";"2";"2";"0";"2";"1";"1";"1";""
"202400001535";"155779071";"A01";"1";"7";"0";"2";"5";"15";"1";""
"202400001536";"155779068";"A01";"3";"33";"0";"2";"1";"1";"1";""
"202400001536";"155779069";"B01";"3";"7";"0";"2";"4";"1";"1";""
"202400001537";"155779066";"B01";"1";"30";"0";"2";"7";"1";"1";""
"202400001537";"155779067";"A01";"1";"7";"0";"2";"3";"15";"1";""
"202400001538";"155779064";"A01";"1";"32";"0";"2";"1";"1";"1";""
"202400001538";"155779065";"B01";"1";"1";"0";"2";"8";"19";"5";""
"202400001539";"155779062";"B01";"2";"33";"0";"2";"3";"0";"1";""
"202400001539";"155779063";"A01";"2";"7";"0";"2";"2";"1";"1";""
"202400001540";"155779060";"C01";"0";"2";"0";"2";"0";"0";"0";""
"202400001540";"155779061";"B01";"3";"33";"0";"2";"8";"26";"1";""
"202400001541";"155779058";"A01";"1";"7";"1";"0";"2";"14";"1";""
"202400001541";"155779059";"B01";"1";"17";"0";"2";"3";"24";"1";""
"202400001542";"155779056";"B01";"2";"15";"0";"2";"5";"16";"1";""
"202400001542";"155779057";"A01";"2";"7";"0";"2";"1";"9";"1";""
"202400001543";"155779054";"A01";"3";"3";"0";"2";"3";"26";"1";""
"202400001543";"155779055";"B01";"3";"7";"0";"2";"1";"1";"1";""
"202400001544";"155779052";"A01";"3";"7";"0";"2";"2";"19";"1";""
"202400001544";"155779053";"B01";"3";"7";"12";"2";"6";"1";"1";""
"202400001545";"155779050";"A01";"2";"10";"0";"2";"3";"9";"1";""
"202400001545";"155779051";"B01";"2";"7";"0";"2";"7";"1";"1";""
"202400001546";"155779048";"A01";"3";"7";"0";"2";"1";"15";"1";""
"202400001546";"155779049";"B01";"3";"2";"0";"2";"2";"1";"1";""
"202400001547";"155779046";"A01";"2";"7";"9";"2";"8";"15";"1";""
"202400001547";"155779047";"B01";"2";"33";"9";"2";"1";"1";"1";""
"202400001548";"155779044";"B01";"1";"50";"0";"2";"0";"0";"3";""
"202400001548";"155779045";"A01";"1";"7";"0";"2";"0";"0";"1";""
"202400001549";"155779042";"A01";"2";"33";"0";"2";"1";"3";"1";""
"202400001549";"155779043";"B01";"1";"10";"0";"2";"5";"1";"1";""
"202400001550";"155779041";"B01";"1";"1";"0";"1";"0";"1";"5";""
"202400001551";"155779040";"A01";"1";"80";"0";"1";"1";"1";"3";""
"202400001552";"155779038";"A01";"3";"7";"1";"2";"1";"1";"1";""
"202400001552";"155779039";"B01";"3";"7";"0";"2";"4";"0";"1";""
"202400001553";"155779035";"A01";"1";"1";"0";"2";"1";"19";"5";""
"202400001553";"155779036";"B01";"3";"7";"0";"2";"1";"1";"2";""
"202400001554";"155779033";"B01";"1";"1";"0";"2";"8";"1";"5";""
"202400001554";"155779034";"A01";"1";"7";"0";"2";"2";"16";"1";""
"202400001555";"155779031";"B01";"1";"10";"0";"2";"7";"15";"1";""
"202400001555";"155779032";"A01";"1";"7";"0";"2";"1";"1";"2";""
"202400001556";"155779030";"A01";"3";"7";"0";"1";"1";"16";"2";""
"202400001557";"155779028";"A01";"1";"7";"0";"2";"2";"1";"2";""
"202400001557";"155779029";"B01";"1";"1";"0";"2";"5";"1";"5";""
"202400001558";"155779027";"A01";"3";"7";"0";"1";"8";"1";"2";""
"202400001559";"155779026";"A01";"2";"32";"0";"1";"1";"1";"1";""
"202400001560";"155779024";"A01";"1";"32";"0";"2";"8";"7";"1";""
"202400001560";"155779025";"B01";"1";"7";"0";"2";"2";"16";"1";""
"202400001561";"155779022";"A01";"0";"33";"4";"0";"1";"1";"0";""
"202400001562";"155779021";"B01";"3";"21";"0";"2";"1";"1";"1";""
"202400001562";"155779023";"A01";"3";"31";"0";"2";"1";"1";"1";""
"202400001563";"155779020";"A01";"3";"7";"0";"1";"1";"19";"1";""
"202400001564";"155779017";"B01";"3";"7";"0";"2";"1";"1";"1";""
"202400001564";"155779019";"A01";"3";"7";"0";"2";"4";"1";"1";""
"202400001565";"155779016";"A01";"3";"7";"0";"2";"3";"1";"1";""
"202400001565";"155779018";"B01";"2";"7";"0";"2";"2";"1";"1";""
"202400001566";"155779013";"Z01";"1";"7";"3";"2";"1";"1";"1";""
"202400001566";"155779015";"A01";"1";"7";"3";"2";"3";"9";"1";""
"202400001567";"155779012";"B01";"2";"2";"0";"2";"1";"1";"1";""
"202400001567";"155779014";"A01";"2";"7";"0";"0";"6";"15";"1";""
"202400001568";"155779009";"A01";"1";"7";"16";"2";"0";"0";"1";""
"202400001568";"155779011";"B01";"1";"7";"14";"2";"3";"16";"1";""
"202400001569";"155779006";"A01";"3";"1";"0";"0";"1";"1";"5";""
"202400001570";"155779005";"B01";"1";"1";"0";"2";"1";"1";"5";""
"202400001570";"155779007";"A01";"1";"7";"1";"0";"3";"15";"1";""
"202400001571";"155779001";"C01";"3";"7";"0";"2";"4";"2";"1";""
"202400001571";"155779002";"A01";"3";"7";"0";"2";"1";"2";"1";""
"202400001571";"155779003";"B01";"3";"7";"0";"0";"0";"0";"1";""
"202400001572";"155779000";"B01";"1";"33";"0";"2";"1";"1";"1";""
"202400001572";"155779004";"A01";"1";"10";"0";"2";"8";"19";"1";""
"202400001573";"155778997";"A01";"1";"10";"0";"2";"4";"4";"1";""
"202400001573";"155778999";"B01";"1";"31";"0";"2";"1";"23";"3";""
"202400001574";"155778996";"B01";"2";"7";"0";"2";"1";"19";"6";""
"202400001574";"155778998";"A01";"1";"33";"0";"2";"7";"1";"1";""
"202400001575";"155778994";"A01";"3";"7";"0";"2";"1";"2";"1";""
"202400001575";"155778995";"B01";"3";"7";"0";"2";"4";"1";"3";""
"202400001576";"155778992";"A01";"1";"1";"0";"2";"8";"1";"5";""
"202400001576";"155778993";"B01";"2";"7";"0";"9";"1";"1";"1";""
"202400001577";"155778990";"A01";"2";"7";"0";"2";"7";"15";"1";""
"202400001577";"155778991";"B01";"1";"7";"0";"2";"1";"1";"2";""
"202400001578";"155778988";"A01";"0";"30";"0";"2";"1";"1";"1";""
"202400001578";"155778989";"B01";"0";"7";"0";"2";"2";"19";"1";""
"202400001579";"155778987";"A01";"2";"7";"16";"0";"0";"14";"1";""
"202400001580";"155778985";"A01";"2";"30";"0";"2";"8";"17";"3";""
"202400001580";"155778986";"B01";"2";"7";"0";"2";"8";"13";"1";""
"202400001581";"155778983";"A01";"0";"42";"0";"0";"0";"0";"1";""
"202400001581";"155778984";"B01";"3";"7";"0";"2";"3";"0";"1";""
"202400001582";"155778980";"A01";"1";"33";"0";"2";"1";"10";"3";""
"202400001582";"155778981";"B01";"2";"2";"0";"2";"1";"1";"3";""
"202400001583";"155778979";"A01";"2";"7";"0";"2";"3";"1";"1";""
"202400001583";"155778982";"B01";"1";"7";"3";"0";"3";"1";"1";""
"202400001584";"155778978";"A01";"1";"10";"0";"1";"4";"4";"1";""
"202400001585";"155778977";"A01";"1";"7";"0";"1";"1";"1";"1";""
"202400001586";"155778975";"A01";"1";"7";"0";"2";"3";"17";"1";""
"202400001586";"155778976";"B01";"1";"30";"0";"2";"1";"17";"1";""
"202400001587";"155778974";"A01";"2";"10";"0";"1";"1";"15";"1";""
"202400001588";"155778972";"A01";"2";"7";"6";"0";"1";"1";"1";""
"202400001589";"155778971";"A01";"1";"7";"0";"2";"1";"19";"1";""
"202400001589";"155778973";"B01";"1";"7";"3";"0";"2";"1";"1";""
"202400001590";"155778970";"A01";"2";"7";"3";"0";"9";"2";"1";""
"202400001591";"155778968";"B01";"2";"33";"0";"2";"1";"1";"1";""
"202400001591";"155778969";"A01";"1";"10";"0";"2";"3";"1";"1";""
"202400001592";"155778967";"A01";"2";"7";"8";"0";"9";"1";"1";""
"202400001593";"155778965";"A01";"2";"33";"0";"2";"1";"1";"1";""
"202400001593";"155778966";"B01";"1";"36";"0";"2";"1";"5";"1";""
"202400001594";"155778963";"A01";"2";"33";"0";"2";"3";"0";"1";""
"202400001594";"155778964";"B01";"1";"31";"0";"2";"3";"17";"1";""
"202400001595";"155778961";"A01";"1";"7";"0";"2";"1";"1";"1";""
"202400001595";"155778962";"B01";"2";"7";"0";"2";"7";"1";"1";""
"202400001596";"155778960";"A01";"1";"7";"6";"0";"3";"1";"0";""
"202400001597";"155778959";"A01";"3";"7";"6";"0";"1";"1";"1";""
"202400001598";"155778958";"A01";"3";"7";"11";"0";"1";"1";"1";""
"202400001599";"155778956";"A01";"1";"33";"13";"0";"1";"1";"1";""
"202400001599";"155778957";"B01";"1";"33";"13";"0";"1";"1";"1";""
"202400001600";"155778954";"A01";"2";"7";"6";"0";"2";"0";"1";""
"202400001601";"155778951";"B01";"3";"7";"0";"2";"3";"1";"1";""
"202400001601";"155778953";"A01";"3";"7";"0";"2";"2";"13";"1";""
"202400001602";"155778949";"A01";"0";"7";"0";"2";"1";"19";"1";""
"202400001602";"155778950";"B01";"2";"7";"0";"2";"7";"1";"1";""
"202400001602";"155778952";"C01";"1";"7";"0";"2";"3";"1";"2";""
"202400001603";"155778948";"A01";"2";"7";"0";"1";"1";"1";"3";""
"202400001604";"155778946";"A01";"0";"7";"6";"0";"1";"14";"1";""
"202400001605";"155778947";"A01";"2";"2";"0";"0";"8";"15";"1";""
"202400001606";"155778945";"A01";"1";"7";"13";"0";"9";"26";"1";""
"202400001607";"155778941";"B01";"2";"7";"0";"2";"8";"1";"1";""
"202400001607";"155778943";"A01";"1";"7";"0";"2";"1";"9";"1";""
"202400001608";"155778938";"A01";"1";"7";"0";"2";"3";"17";"1";""
"202400001608";"155778940";"B01";"2";"7";"0";"2";"1";"1";"1";""
"202400001609";"155778937";"A01";"1";"7";"0";"2";"1";"15";"0";""
"202400001609";"155778939";"B01";"2";"2";"0";"2";"1";"1";"0";""
"202400001610";"155778933";"A01";"1";"10";"13";"2";"5";"1";"1";""
"202400001610";"155778936";"C01";"1";"2";"0";"2";"1";"9";"1";""
"202400001611";"155778934";"B01";"1";"1";"0";"2";"3";"9";"5";""
"202400001611";"155778935";"A01";"1";"32";"0";"2";"2";"1";"1";""
"202400001612";"155778931";"A01";"1";"33";"5";"0";"1";"1";"1";""
"202400001613";"155778930";"B01";"1";"7";"0";"2";"7";"1";"1";""
"202400001613";"155778932";"A01";"2";"7";"7";"2";"1";"1";"1";""
"202400001614";"155778928";"A01";"1";"7";"0";"2";"1";"11";"1";""
"202400001614";"155778929";"B01";"1";"7";"0";"2";"3";"15";"1";""
"202400001615";"155778927";"A01";"3";"10";"0";"1";"4";"20";"1";""
"202400001616";"155778925";"A01";"1";"31";"0";"0";"9";"1";"1";""
"202400001617";"155778924";"A01";"1";"2";"0";"2";"3";"1";"1";""
"202400001617";"155778926";"B01";"2";"10";"0";"2";"3";"1";"1";""
"202400001618";"155778923";"A01";"2";"36";"0";"0";"0";"0";"1";""
"202400001619";"155778922";"A01";"3";"7";"0";"0";"1";"16";"1";""
"202400001620";"155778921";"A01";"2";"33";"3";"0";"0";"1";"1";""
"202400001621";"155778919";"A01";"1";"33";"0";"0";"7";"10";"1";""
"202400001622";"155778915";"B01";"1";"17";"0";"0";"6";"1";"1";""
"202400001622";"155778917";"A01";"1";"7";"3";"2";"1";"17";"1";""
"202400001622";"155778918";"D01";"1";"7";"0";"9";"7";"1";"1";""
"202400001623";"155778914";"A01";"2";"7";"2";"0";"3";"19";"2";""
"202400001624";"155778912";"A01";"2";"7";"2";"0";"8";"1";"1";""
"202400001625";"155778911";"A01";"2";"10";"0";"2";"1";"11";"1";""
"202400001625";"155778913";"B01";"2";"10";"3";"2";"4";"17";"1";""
"202400001626";"155778910";"A01";"1";"33";"13";"0";"2";"17";"1";""
"202400001627";"155778908";"A01";"2";"15";"3";"0";"7";"15";"1";""
"202400001628";"155778907";"A01";"2";"32";"0";"2";"7";"17";"1";""
"202400001628";"155778909";"B01";"2";"7";"0";"2";"1";"19";"1";""
"202400001629";"155778903";"C01";"0";"1";"0";"9";"1";"1";"5";""
"202400001629";"155778904";"B01";"0";"1";"1";"0";"1";"1";"5";""
"202400001629";"155778906";"A01";"0";"7";"0";"9";"3";"23";"1";""
"202400001630";"155778902";"A01";"2";"31";"0";"2";"1";"5";"1";""
"202400001630";"155778905";"B01";"1";"7";"0";"2";"2";"1";"1";""
"202400001631";"155778899";"A01";"1";"7";"7";"0";"6";"19";"1";""
"202400001631";"155778901";"B01";"2";"7";"0";"2";"1";"1";"1";""
"202400001632";"155778898";"A01";"1";"7";"2";"2";"4";"1";"1";""
"202400001632";"155778900";"B01";"1";"10";"0";"2";"1";"1";"0";""
"202400001633";"155778896";"A01";"2";"7";"0";"2";"2";"15";"1";""
"202400001633";"155778897";"B01";"1";"2";"0";"2";"1";"1";"1";""
"202400001634";"155778895";"A01";"0";"50";"0";"1";"1";"7";"3";""
"202400001635";"155778891";"B01";"1";"7";"0";"2";"7";"1";"1";""
"202400001635";"155778892";"A01";"1";"2";"0";"2";"1";"15";"1";""
"202400001636";"155778890";"A01";"1";"7";"0";"2";"3";"1";"1";""
"202400001636";"155778893";"B01";"1";"10";"0";"2";"1";"1";"1";""
"202400001637";"155778888";"A01";"2";"7";"0";"1";"6";"20";"1";""
"202400001638";"155778887";"A01";"2";"7";"0";"2";"1";"13";"1";""
"202400001638";"155778889";"B01";"1";"7";"0";"2";"1";"1";"1";""
"202400001639";"155778885";"A01";"2";"7";"6";"0";"1";"1";"1";""
"202400001640";"155778882";"A01";"1";"7";"0";"0";"1";"15";"1";""
"202400001640";"155778883";"B01";"2";"10";"0";"0";"2";"1";"1";""
"202400001641";"155778881";"A01";"1";"7";"0";"0";"6";"1";"1";""
"202400001641";"155778884";"B01";"1";"7";"0";"2";"1";"21";"1";""
"202400001641";"155778886";"C01";"2";"7";"0";"2";"1";"1";"1";""
"202400001642";"155778878";"A01";"1";"7";"13";"2";"9";"1";"1";""
"202400001642";"155778880";"B01";"1";"17";"0";"2";"2";"1";"1";""
"202400001643";"155778877";"A01";"2";"15";"0";"2";"3";"1";"1";""
"202400001643";"155778879";"B01";"1";"7";"0";"2";"3";"13";"1";""
"202400001644";"155778875";"A01";"0";"7";"0";"1";"1";"1";"1";""
"202400001645";"155778876";"A01";"2";"33";"0";"0";"0";"26";"1";""
"202400001646";"155778874";"A01";"2";"33";"12";"0";"9";"1";"1";""
"202400001647";"155778873";"A01";"1";"14";"0";"1";"2";"1";"0";""
"202400001648";"155778870";"A01";"1";"2";"0";"2";"1";"17";"1";""
"202400001648";"155778872";"B01";"2";"34";"0";"2";"1";"1";"1";""
"202400001649";"155778869";"A01";"2";"31";"0";"2";"1";"13";"1";""
"202400001649";"155778871";"B01";"1";"7";"0";"2";"3";"1";"1";""
"202400001650";"155778867";"A01";"1";"7";"0";"2";"6";"16";"1";""
"202400001650";"155778868";"B01";"1";"2";"0";"2";"2";"1";"1";""
"202400001651";"155778864";"A01";"0";"1";"0";"2";"4";"16";"5";""
"202400001651";"155778866";"B01";"0";"7";"0";"2";"1";"16";"1";""
"202400001652";"155778862";"C01";"2";"33";"0";"0";"4";"23";"1";""
"202400001652";"155778863";"B01";"2";"33";"0";"0";"4";"24";"1";""
"202400001652";"155778865";"A01";"2";"33";"3";"2";"1";"1";"1";""
"202400001653";"155778860";"A01";"1";"7";"2";"0";"7";"14";"1";""
"202400001654";"155778859";"A01";"3";"7";"0";"2";"2";"5";"1";""
"202400001654";"155778861";"B01";"3";"7";"0";"2";"2";"21";"1";""
"202400001655";"155778857";"A01";"0";"7";"0";"2";"3";"1";"2";""
"202400001655";"155778858";"B01";"3";"33";"0";"2";"1";"26";"1";""
"202400001656";"155778856";"A01";"2";"7";"2";"0";"1";"1";"1";""
"202400001657";"155778855";"A01";"3";"7";"0";"1";"4";"4";"1";""
"202400001658";"155778852";"A01";"1";"7";"0";"2";"3";"15";"1";""
"202400001658";"155778854";"B01";"1";"33";"0";"2";"1";"17";"1";""
"202400001659";"155778851";"A01";"3";"2";"0";"2";"1";"1";"1";""
"202400001659";"155778853";"B01";"2";"21";"0";"2";"7";"1";"1";""
"202400001660";"155778849";"A01";"2";"7";"0";"2";"1";"17";"1";""
"202400001660";"155778850";"B01";"1";"7";"0";"2";"1";"1";"1";""
"202400001661";"155778847";"B01";"0";"35";"0";"2";"8";"0";"1";""
"202400001661";"155778848";"A01";"0";"33";"0";"2";"1";"0";"1";""
"202400001662";"155778846";"A01";"3";"33";"8";"0";"3";"1";"1";""
"202400001663";"155778842";"A01";"2";"7";"0";"2";"1";"15";"1";""
"202400001663";"155778843";"B01";"1";"7";"0";"2";"1";"1";"1";""
"202400001663";"155778844";"C01";"1";"10";"0";"2";"1";"23";"1";""
"202400001664";"155778841";"A01";"1";"2";"8";"0";"1";"14";"1";""
"202400001665";"155778840";"A01";"2";"1";"0";"0";"0";"16";"5";""
"202400001666";"155778839";"A01";"3";"33";"13";"0";"1";"1";"1";""
"202400001667";"155778838";"A01";"1";"13";"0";"0";"5";"1";"1";""
"202400001667";"155778845";"B01";"1";"33";"0";"2";"1";"1";"1";""
"202400001668";"155778835";"A01";"1";"7";"0";"2";"2";"1";"1";""
"202400001668";"155778837";"B01";"1";"33";"0";"2";"4";"2";"1";""
"202400001669";"155778834";"A01";"3";"2";"0";"2";"7";"1";"1";""
"202400001669";"155778836";"B01";"0";"7";"0";"2";"1";"0";"1";""
"202400001670";"155778832";"A01";"1";"7";"0";"2";"1";"2";"1";""
"202400001670";"155778833";"B01";"1";"7";"0";"0";"0";"0";"1";""
"202400001671";"155778831";"A01";"1";"7";"6";"0";"2";"1";"1";""
"202400001672";"155778828";"A01";"2";"10";"0";"2";"1";"1";"1";""
"202400001672";"155778830";"B01";"2";"7";"0";"2";"4";"1";"1";""
"202400001673";"155778825";"A01";"2";"33";"0";"2";"3";"2";"1";""
"202400001673";"155778827";"B01";"2";"7";"0";"2";"3";"2";"1";""
"202400001674";"155778824";"B01";"2";"10";"0";"2";"1";"1";"1";""
"202400001674";"155778826";"C01";"1";"7";"0";"0";"0";"2";"1";""
"202400001674";"155778829";"A01";"1";"10";"0";"2";"1";"5";"1";""
"202400001675";"155778821";"B01";"1";"37";"0";"2";"3";"1";"1";"4"
"202400001675";"155778823";"A01";"2";"7";"0";"2";"2";"15";"1";""
"202400001676";"155778820";"A01";"1";"7";"0";"2";"2";"1";"1";""
"202400001676";"155778822";"B01";"1";"7";"0";"2";"3";"9";"1";""
"202400001677";"155778818";"B01";"3";"7";"0";"2";"5";"22";"1";""
"202400001677";"155778819";"A01";"1";"32";"0";"2";"2";"3";"1";""
"202400001678";"155778815";"A01";"2";"33";"0";"2";"1";"17";"1";""
"202400001678";"155778816";"B01";"2";"3";"0";"2";"8";"15";"1";""
"202400001679";"155778814";"B01";"3";"7";"0";"2";"3";"1";"1";""
"202400001679";"155778817";"A01";"3";"7";"0";"2";"3";"3";"1";""
"202400001680";"155778813";"A01";"1";"33";"0";"1";"1";"2";"1";""
"202400001681";"155778812";"A01";"2";"33";"16";"0";"9";"1";"1";""
"202400001682";"155778811";"A01";"2";"30";"0";"1";"1";"14";"1";""
"202400001683";"155778810";"A01";"0";"7";"0";"1";"1";"1";"1";""
"202400001684";"155778807";"A01";"3";"3";"0";"1";"1";"0";"1";""
"202400001685";"155778805";"A01";"1";"7";"0";"2";"2";"15";"1";""
"202400001685";"155778806";"B01";"0";"1";"0";"2";"0";"0";"5";""
"202400001686";"155778802";"A01";"1";"7";"0";"2";"2";"16";"0";""
"202400001686";"155778804";"B01";"1";"1";"0";"2";"8";"1";"0";""
"202400001687";"155778801";"B01";"1";"7";"0";"2";"1";"0";"1";""
"202400001687";"155778803";"A01";"2";"10";"0";"2";"1";"1";"1";""
"202400001688";"155778800";"Z01";"2";"30";"0";"1";"0";"1";"0";""
"202400001689";"155778799";"A01";"1";"1";"1";"0";"1";"1";"5";""
"202400001690";"155778797";"A01";"1";"1";"0";"2";"1";"13";"5";""
"202400001690";"155778798";"B01";"2";"1";"0";"2";"1";"14";"5";""
"202400001691";"155778796";"A01";"1";"7";"0";"0";"9";"1";"1";""
"202400001692";"155778793";"B01";"3";"7";"0";"2";"1";"1";"1";""
"202400001692";"155778795";"A01";"3";"31";"0";"2";"8";"9";"1";""
"202400001693";"155778794";"A01";"1";"31";"1";"0";"1";"1";"1";""
"202400001694";"155778790";"A01";"2";"33";"0";"2";"2";"3";"1";""
"202400001694";"155778792";"B01";"2";"7";"0";"2";"6";"11";"1";""
"202400001695";"155778789";"B01";"1";"33";"0";"0";"4";"23";"1";""
"202400001695";"155778791";"A01";"1";"7";"0";"2";"1";"2";"1";""
"202400001696";"155778788";"A01";"2";"7";"0";"2";"4";"23";"3";""
"202400001697";"155778786";"A01";"3";"7";"0";"2";"0";"0";"1";""
"202400001697";"155778787";"B01";"3";"7";"0";"1";"0";"0";"1";""
"202400001698";"155778785";"A01";"1";"33";"0";"0";"1";"1";"1";""
"202400001699";"155778784";"A01";"3";"7";"0";"1";"3";"0";"1";""
"202400001700";"155778782";"A01";"1";"10";"0";"2";"5";"12";"1";""
"202400001700";"155778783";"B01";"1";"33";"0";"2";"3";"3";"1";""
"202400001701";"155778781";"A01";"1";"50";"15";"0";"1";"1";"3";""
"202400001702";"155778780";"A01";"1";"7";"3";"0";"8";"0";"1";""
"202400001703";"155778776";"A01";"2";"7";"4";"2";"1";"1";"1";""
"202400001703";"155778778";"B01";"2";"33";"4";"2";"4";"2";"1";""
"202400001704";"155778774";"C01";"1";"7";"0";"2";"4";"23";"1";""
"202400001704";"155778775";"B01";"1";"7";"0";"0";"4";"23";"1";""
"202400001704";"155778777";"A01";"1";"10";"0";"2";"1";"2";"1";""
"202400001705";"155778772";"A01";"2";"7";"0";"1";"2";"9";"1";""
"202400001706";"155778770";"A01";"1";"7";"0";"2";"7";"14";"1";""
"202400001706";"155778771";"B01";"1";"37";"0";"2";"8";"1";"1";"3"
"202400001706";"155778773";"C01";"1";"10";"0";"2";"7";"1";"1";""
"202400001707";"155778769";"A01";"1";"7";"0";"1";"2";"1";"1";""
"202400001708";"155778768";"A01";"3";"7";"6";"0";"1";"1";"1";""
"202400001709";"155778764";"A01";"3";"7";"0";"2";"1";"1";"1";""
"202400001709";"155778765";"B01";"3";"50";"0";"2";"1";"1";"3";""
"202400001710";"155778761";"A01";"3";"7";"0";"1";"1";"1";"1";""
"202400001711";"155778760";"B01";"2";"7";"0";"2";"4";"2";"1";""
"202400001711";"155778762";"Z01";"2";"7";"0";"2";"0";"0";"1";""
"202400001711";"155778763";"C01";"2";"7";"0";"2";"4";"2";"1";""
"202400001712";"155778757";"A01";"1";"33";"0";"2";"8";"26";"1";""
"202400001712";"155778759";"Z01";"2";"7";"0";"2";"1";"26";"1";""
"202400001713";"155778755";"A01";"1";"7";"4";"2";"2";"12";"1";""
"202400001713";"155778756";"B01";"1";"7";"3";"2";"6";"1";"1";""
"202400001713";"155778758";"C01";"1";"7";"4";"2";"3";"1";"1";""
"202400001714";"155778753";"A01";"1";"10";"0";"2";"1";"0";"6";""
"202400001714";"155778754";"B01";"1";"7";"0";"2";"1";"1";"6";""
"202400001715";"155778751";"A01";"1";"7";"0";"2";"1";"2";"1";""
"202400001715";"155778752";"B01";"1";"7";"0";"2";"4";"2";"1";""
"202400001716";"155778749";"A01";"0";"7";"0";"2";"1";"15";"1";""
"202400001716";"155778750";"B01";"0";"50";"0";"2";"1";"1";"3";""
"202400001717";"155778747";"B01";"1";"14";"1";"0";"2";"11";"1";""
"202400001717";"155778748";"A01";"1";"10";"0";"2";"6";"23";"1";""
"202400001718";"155778743";"B01";"2";"1";"0";"2";"3";"1";"5";""
"202400001718";"155778745";"A01";"2";"7";"0";"2";"2";"16";"1";""
"202400001719";"155778742";"A01";"1";"7";"5";"0";"3";"26";"1";""
"202400001720";"155778740";"B01";"3";"7";"0";"2";"4";"4";"1";""
"202400001720";"155778741";"A01";"3";"7";"0";"2";"1";"0";"0";""
"202400001721";"155778739";"A01";"2";"7";"0";"1";"2";"1";"1";""
"202400001722";"155778736";"A01";"1";"7";"0";"2";"1";"16";"2";""
"202400001722";"155778737";"B01";"1";"50";"0";"2";"7";"1";"3";""
"202400001723";"155778735";"A01";"1";"7";"0";"2";"3";"13";"1";""
"202400001723";"155778738";"B01";"2";"21";"0";"2";"3";"1";"1";""
"202400001724";"155778734";"A01";"1";"7";"3";"0";"1";"1";"1";""
"202400001725";"155778732";"A01";"2";"7";"0";"1";"2";"1";"1";""
"202400001726";"155778731";"A01";"2";"7";"0";"2";"1";"1";"1";""
"202400001726";"155778733";"B01";"0";"7";"0";"2";"8";"1";"1";""
"202400001727";"155778728";"A01";"2";"7";"0";"2";"3";"20";"1";""
"202400001727";"155778729";"B01";"2";"1";"0";"2";"7";"1";"5";""
"202400001728";"155778727";"B01";"1";"10";"0";"2";"5";"1";"1";""
"202400001728";"155778730";"A01";"1";"33";"0";"2";"9";"1";"1";""
"202400001729";"155778726";"A01";"2";"7";"8";"0";"2";"1";"1";""
"202400001730";"155778724";"A01";"3";"32";"0";"2";"5";"17";"1";""
"202400001730";"155778725";"B01";"3";"10";"0";"2";"3";"26";"0";""
"202400001731";"155778722";"B01";"2";"7";"0";"2";"4";"23";"1";""
"202400001731";"155778723";"A01";"2";"7";"0";"2";"1";"2";"1";""
"202400001732";"155778719";"A01";"2";"7";"0";"2";"2";"1";"1";""
"202400001732";"155778721";"B01";"2";"1";"0";"2";"1";"1";"5";""
"202400001733";"155778720";"A01";"0";"7";"0";"1";"1";"17";"1";""
"202400001734";"155778718";"A01";"2";"7";"4";"0";"0";"1";"1";""
"202400001735";"155778716";"B01";"0";"7";"0";"2";"3";"1";"1";""
"202400001735";"155778717";"A01";"0";"50";"0";"2";"1";"1";"3";""
"202400001736";"155778713";"A01";"2";"33";"0";"2";"8";"11";"1";""
"202400001736";"155778715";"B01";"2";"7";"0";"2";"7";"1";"1";""
"202400001737";"155778712";"B01";"1";"7";"0";"2";"4";"23";"1";""
"202400001737";"155778714";"A01";"1";"10";"0";"2";"1";"2";"1";""
"202400001738";"155778709";"A01";"3";"7";"0";"2";"1";"5";"1";""
"202400001738";"155778711";"B01";"3";"7";"0";"2";"1";"0";"1";""
"202400001739";"155778708";"B01";"2";"7";"0";"2";"1";"15";"1";""
"202400001739";"155778710";"A01";"1";"33";"0";"2";"1";"1";"1";""
"202400001740";"155778706";"B01";"2";"7";"0";"2";"2";"1";"1";""
"202400001740";"155778707";"A01";"1";"10";"0";"2";"6";"4";"1";""
"202400001741";"155778704";"A01";"1";"30";"0";"2";"1";"1";"1";""
"202400001741";"155778705";"B01";"1";"7";"0";"2";"6";"1";"1";""
"202400001742";"155778703";"A01";"1";"7";"0";"1";"1";"1";"1";""
"202400001743";"155778701";"A01";"1";"7";"0";"2";"6";" -1";" -1";""
"202400001743";"155778702";"B01";"1";"31";"0";"2";"2";"18";" -1";""
"202400001744";"155778699";"A01";"1";"7";"0";"2";"0";"0";"1";""
"202400001744";"155778700";"B01";"2";"31";"0";"2";"3";"0";"1";""
"202400001745";"155778696";"B01";"2";"33";"0";"2";"1";"1";"1";""
"202400001745";"155778697";"A01";"1";"7";"0";"2";"7";"15";"1";""
"202400001746";"155778695";"A01";"1";"7";"0";"2";"2";"15";"1";""
"202400001746";"155778698";"B01";"2";"30";"0";"2";"1";"15";"3";""
"202400001747";"155778694";"A01";"3";"7";"7";"0";"1";"1";"1";""
"202400001748";"155778691";"A01";"2";"10";"0";"2";"1";"1";"1";""
"202400001748";"155778693";"B01";"2";"7";"0";"2";"4";"0";"1";""
"202400001749";"155778690";"A01";"3";"7";"0";"2";"5";"15";"1";""
"202400001749";"155778692";"B01";"1";"34";"0";"2";"1";"1";"1";""
"202400001750";"155778688";"A01";"1";"10";"0";"1";"4";"20";"0";""
"202400001751";"155778687";"B01";"1";"7";"0";"2";"8";"1";"1";""
"202400001751";"155778689";"A01";"2";"7";"0";"2";"3";"13";"1";""
"202400001752";"155778686";"A01";"1";"10";"0";"1";"1";"1";"1";""
"202400001753";"155778685";"A01";"3";"10";"0";"1";"0";"1";"1";""
"202400001754";"155778684";"A01";"3";"10";"0";"1";"2";"10";"1";""
"202400001755";"155778682";"B01";"2";"33";"0";"2";"1";"26";"1";""
"202400001755";"155778683";"A01";"1";"10";"16";"2";"3";"19";"1";""
"202400001756";"155778680";"B01";"0";"7";"0";"2";"5";"1";"1";""
"202400001756";"155778681";"A01";"0";"30";"0";"2";"1";"1";"1";""
"202400001757";"155778678";"A01";"3";"7";"0";"1";"2";"15";"1";""
"202400001758";"155778677";"A01";"0";"7";"0";"2";"1";"1";"1";""
"202400001758";"155778679";"B01";"0";"7";"0";"2";"4";"0";"1";""
"202400001759";"155778676";"A01";"2";"7";"0";"1";"2";"15";"1";""
"202400001760";"155778675";"A01";"3";"10";"0";"1";"1";"2";"1";""
"202400001761";"155778674";"A01";"1";"7";"0";"1";"1";"9";"1";""
"202400001762";"155778669";"A01";"2";"7";"0";"2";"1";"2";"1";""
"202400001762";"155778670";"B01";"2";"7";"0";"2";"4";"2";"1";""
"202400001762";"155778672";"C01";"2";"7";"0";"2";"4";"1";"1";""
"202400001763";"155778666";"A01";"3";"10";"0";"2";"3";"19";"1";""
"202400001763";"155778668";"B01";"3";"33";"0";"2";"1";"1";"1";""
"202400001764";"155778663";"B01";"1";"50";"0";"2";"8";"1";"3";""
"202400001764";"155778664";"A01";"1";"7";"0";"2";"0";"1";"1";""
"202400001765";"155778661";"A01";"1";"33";"0";"2";"1";"1";"1";""
"202400001765";"155778662";"B01";"1";"7";"0";"2";"5";"1";"1";""
"202400001766";"155778659";"A01";"2";"7";"0";"2";"3";"1";"1";""
"202400001766";"155778660";"B01";"1";"7";"0";"2";"6";"1";"1";""
"202400001767";"155778657";"A01";"2";"7";"2";"0";"1";"1";"1";""
"202400001768";"155778653";"A01";"2";"7";"9";"0";"1";"6";"1";""
"202400001769";"155778651";"E01";"2";"7";"0";"2";"4";"1";"1";""
"202400001769";"155778652";"F01";"2";"7";"0";"2";"4";"1";"3";""
"202400001769";"155778654";"B01";"2";"7";"0";"2";"4";"1";"1";""
"202400001769";"155778655";"D01";"2";"10";"0";"2";"4";"1";"1";""
"202400001769";"155778656";"C01";"2";"7";"0";"2";"4";"1";"1";""
"202400001769";"155778658";"A01";"2";"7";"0";"2";"1";"1";"1";""
"202400001770";"155778650";"A01";"1";"99";"0";"1";"1";"15";"3";""
"202400001771";"155778648";"A01";"1";"2";"0";"2";"2";"2";"1";""
"202400001771";"155778649";"B01";"1";"7";"0";"2";"6";"23";"1";""
"202400001772";"155778646";"B01";"1";"7";"0";"2";"1";"1";"1";""
"202400001772";"155778647";"A01";"2";"80";"0";"2";"8";"19";"3";""
"202400001773";"155778644";"A01";"3";"7";"0";"1";"2";"1";"1";""
"202400001774";"155778643";"A01";"3";"7";"0";"2";"1";"1";"1";""
"202400001774";"155778645";"B01";"3";"7";"0";"2";"4";"23";"1";""
"202400001775";"155778640";"A01";"3";"7";"0";"2";"1";"1";"1";""
"202400001775";"155778642";"B01";"3";"50";"0";"2";"7";"1";"3";""
"202400001776";"155778639";"A01";"0";"7";"0";"2";"2";"1";"1";""
"202400001776";"155778641";"B01";"0";"7";"0";"2";"1";"1";"1";""
"202400001777";"155778636";"A01";"2";"7";"0";"2";"7";"1";"1";""
"202400001777";"155778637";"B01";"1";"32";"0";"2";"1";"1";"1";""
"202400001778";"155778635";"B01";"3";"7";"0";"2";"2";"15";"1";""
"202400001778";"155778638";"A01";"3";"7";"0";"2";"1";"1";"1";""
"202400001779";"155778633";"B01";"1";"15";"0";"2";"3";"2";"1";""
"202400001779";"155778634";"A01";"1";"7";"0";"2";"5";"9";"1";""
"202400001780";"155778631";"B01";"2";"7";"0";"2";"3";"1";"1";""
"202400001780";"155778632";"A01";"1";"7";"0";"2";"1";"15";"1";""
"202400001781";"155778629";"B01";"0";"7";"7";"2";"3";"1";"1";""
"202400001781";"155778630";"A01";"0";"7";"0";"2";"1";"15";"1";""
"202400001782";"155778628";"A01";"2";"7";"0";"1";"4";"20";"1";""
"202400001783";"155778626";"A01";"3";"7";"0";"2";"5";"16";"1";""
"202400001783";"155778627";"B01";"0";"1";"0";"2";"8";"1";"5";""
"202400001784";"155778624";"B01";"2";"7";"0";"2";"1";"17";"1";""
"202400001784";"155778625";"A01";"2";"7";"0";"2";"3";"15";"1";""
"202400001785";"155778622";"A01";"3";"7";"9";"2";"1";"13";"1";""
"202400001785";"155778623";"B01";"2";"7";"0";"2";"3";"1";"1";""
"202400001786";"155778619";"A01";"1";"33";"0";"2";"1";"26";"1";""
"202400001786";"155778620";"B01";"1";"7";"0";"2";"6";"15";"1";""
"202400001787";"155778618";"A01";"3";"7";"0";"2";"3";"16";"1";""
"202400001787";"155778621";"B01";"3";"10";"0";"2";"2";"1";"1";""
"202400001788";"155778615";"A01";"3";"1";"0";"2";"1";"26";"5";""
"202400001788";"155778617";"B01";"3";"7";"0";"2";"6";"20";"1";""
"202400001789";"155778614";"A01";"1";"32";"0";"2";"1";"15";"1";""
"202400001789";"155778616";"B01";"1";"7";"0";"2";"8";"1";"1";""
"202400001790";"155778611";"A01";"2";"33";"0";"2";"1";"1";"1";""
"202400001790";"155778613";"B01";"1";"7";"0";"2";"5";"15";"2";""
"202400001791";"155778612";"A01";"1";"7";"0";"1";"2";"16";"1";""
"202400001792";"155778608";"A01";"3";"7";"0";"2";"3";"23";"1";""
"202400001792";"155778610";"B01";"3";"50";"0";"2";"7";"15";"3";""
"202400001793";"155778606";"A01";"3";"7";"0";"1";"1";"15";"1";""
"202400001794";"155778604";"C01";"1";"7";"0";"2";"4";"1";"1";""
"202400001794";"155778605";"A01";"1";"7";"0";"2";"1";"1";"1";""
"202400001794";"155778607";"B01";"1";"7";"0";"2";"9";"1";"1";""
"202400001795";"155778602";"B01";"2";"30";"0";"2";"0";"1";"1";""
"202400001796";"155778601";"A01";"3";"7";"0";"2";"1";"16";"1";""
"202400001796";"155778603";"B01";"3";"1";"0";"2";"8";"19";"5";""
"202400001797";"155778598";"B01";"2";"33";"0";"2";"7";"2";"1";""
"202400001797";"155778600";"A01";"2";"7";"0";"2";"6";"20";"1";""
"202400001798";"155778597";"B01";"1";"7";"0";"2";"4";"2";"2";""
"202400001798";"155778599";"A01";"1";"31";"0";"2";"1";"2";"1";""
"202400001799";"155778596";"A01";"3";"3";"0";"0";"0";"0";"3";""
"202400001800";"155778595";"A01";"1";"7";"1";"0";"9";"15";"1";""
"202400001801";"155778593";"B01";"2";"33";"0";"2";"1";"1";"1";""
"202400001801";"155778594";"A01";"1";"7";"0";"2";"5";"15";"2";""
"202400001802";"155778591";"A01";"3";"33";"4";"0";"8";"13";"1";""
"202400001803";"155778590";"A01";"3";"10";"0";"2";"8";"24";"1";""
"202400001803";"155778592";"B01";"2";"1";"1";"0";"2";"21";"5";""
"202400001804";"155778589";"A01";"3";"33";"2";"0";"1";"21";"1";""
"202400001805";"155778587";"A01";"1";"7";"0";"2";"3";"10";"1";""
"202400001805";"155778588";"B01";"1";"33";"0";"2";"2";"1";"1";""
"202400001806";"155778586";"A01";"2";"30";"0";"0";"0";"26";"1";""
"202400001807";"155778584";"A01";"1";"50";"0";"2";"1";"16";"3";""
"202400001807";"155778585";"B01";"2";"7";"0";"9";"2";"16";"1";""
"202400001808";"155778581";"A01";"2";"32";"0";"1";"1";"7";"1";""
"202400001809";"155778582";"A01";"1";"7";"0";"2";"1";"2";"1";""
"202400001809";"155778583";"B01";"1";"7";"0";"2";"4";"1";"1";""
"202400001810";"155778579";"A01";"2";"7";"0";"1";"3";"17";"1";""
"202400001811";"155778578";"B01";"3";"1";"0";"0";"0";"1";"5";""
"202400001811";"155778580";"A01";"3";"7";"0";"2";"1";"2";"1";""
"202400001812";"155778576";"B01";"2";"7";"0";"2";"1";"1";"1";""
"202400001812";"155778577";"A01";"2";"7";"0";"2";"7";"1";"1";""
"202400001813";"155778572";"B01";"1";"7";"0";"2";"7";"1";"1";""
"202400001813";"155778575";"A01";"2";"50";"0";"2";"3";"9";"3";""
"202400001814";"155778571";"A01";"2";"7";"0";"1";"1";"1";"1";""
"202400001815";"155778569";"A01";"3";"7";"6";"0";"1";"1";"1";""
"202400001816";"155778568";"A01";"1";"33";"0";"2";"3";"26";"1";""
"202400001816";"155778570";"B01";"2";"7";"0";"2";"2";"10";"1";""
"202400001817";"155778565";"A01";"1";"1";"0";"2";"2";"1";"5";""
"202400001817";"155778566";"B01";"1";"7";"0";"2";"0";"9";" -1";""
"202400001818";"155778564";"A01";"2";"1";"0";"2";"7";"19";"5";""
"202400001818";"155778567";"B01";"2";"7";"0";"2";"2";"16";"1";""
"202400001819";"155778562";"A01";"2";"14";"0";"2";"5";"16";"1";""
"202400001819";"155778563";"B01";"3";"1";"0";"2";"0";"0";"5";""
"202400001820";"155778559";"A01";"3";"10";"0";"2";"2";"16";"1";""
"202400001820";"155778561";"B01";"3";"2";"0";"2";"8";"1";"1";""
"202400001821";"155778558";"B01";"2";"1";"0";"2";"8";"1";"5";""
"202400001821";"155778560";"A01";"3";"7";"0";"2";"8";"2";"1";""
"202400001822";"155778556";"B01";"1";"7";"0";"2";"1";"15";"1";""
"202400001822";"155778557";"A01";"1";"32";"0";"2";"1";"1";"1";""
"202400001823";"155778552";"A01";"2";"7";"0";"2";"3";"10";"1";""
"202400001823";"155778554";"B01";"2";"32";"0";"2";"1";"2";"1";""
"202400001824";"155778553";"A01";"2";"7";"0";"2";"1";"1";"1";""
"202400001824";"155778555";"B01";"2";"7";"0";"2";"4";"23";"1";""
"202400001825";"155778549";"A01";"3";"14";"0";"2";"7";"12";"1";""
"202400001825";"155778551";"B01";"3";"7";"0";"2";"8";"1";"1";""
"202400001826";"155778548";"B01";"2";"7";"0";"2";"1";"1";"1";""
"202400001826";"155778550";"A01";"1";"50";"0";"2";"7";"1";"3";""
"202400001827";"155778547";"A01";"1";"30";"1";"0";"1";"0";"1";""
"202400001828";"155778544";"A01";"1";"33";"0";"2";"1";"17";"1";""
"202400001828";"155778546";"B01";"1";"7";"0";"2";"3";"1";"1";""
"202400001829";"155778545";"A01";"1";"7";"0";"1";"4";"15";"1";""
"202400001830";"155778543";"A01";"3";"50";"0";"0";"0";"0";"3";""
"202400001831";"155778541";"A01";"1";"7";"0";"2";"1";"1";"1";""
"202400001831";"155778542";"B01";"1";"7";"0";"2";"8";"13";"1";""
"202400001832";"155778539";"A01";"1";"7";"0";"1";"1";"1";"0";""
"202400001833";"155778540";"A01";"1";"7";"0";"0";"0";"12";"1";""
"202400001834";"155778537";"B01";"1";"10";"0";"2";"4";"1";"1";""
"202400001834";"155778538";"A01";"1";"7";"0";"2";"1";"14";"1";""
"202400001835";"155778535";"A01";"1";"7";"0";"2";"1";"26";"1";""
"202400001835";"155778536";"B01";"1";"99";"0";"0";"0";"0";"3";""
"202400001836";"155778534";"A01";"0";"0";"0";"1";"2";"0";" -1";""
"202400001837";"155778532";"B01";"2";"31";"0";"2";"3";"1";"1";""
"202400001837";"155778533";"A01";"1";"2";"0";"2";"3";"5";"1";""
"202400001838";"155778531";"A01";"3";"7";"4";"0";"1";"0";"1";""
"202400001839";"155778530";"B01";"1";"2";"0";"1";"1";"1";"1";""
"202400001840";"155778528";"A01";"0";"7";"0";"2";"2";"10";"1";""
"202400001840";"155778529";"B01";"0";"32";"0";"2";"1";"1";"1";""
"202400001841";"155778527";"A01";"1";"1";"0";"0";"0";"1";"5";""
"202400001842";"155778524";"C01";"2";"1";"1";"2";"1";"2";"5";""
"202400001842";"155778525";"A01";"2";"7";"1";"9";"1";"20";"1";""
"202400001842";"155778526";"D01";"2";"7";"0";"9";"0";"1";"2";""
"202400001843";"155778522";"A01";"1";"7";"0";"2";"2";"15";"1";""
"202400001843";"155778523";"B01";"2";"32";"0";"2";"1";"1";"1";""
"202400001844";"155778520";"B01";"1";"7";"0";"2";"2";"23";"3";""
"202400001844";"155778521";"A01";"1";"2";"0";"2";"1";"18";"3";""
"202400001845";"155778517";"B01";"2";"10";"0";"2";"1";"1";"1";""
"202400001845";"155778519";"A01";"1";"10";"0";"2";"1";"13";"1";""
"202400001846";"155778516";"A01";"3";"1";"14";"0";"0";"1";"5";""
"202400001847";"155778514";"A01";"2";"1";"0";"2";"1";"2";"5";""
"202400001847";"155778515";"B01";"3";"1";"0";"2";"8";"19";"5";""
"202400001848";"155778513";"A01";"2";"33";"0";"1";"1";"7";"1";""
"202400001849";"155778511";"A01";"1";"7";"0";"2";"3";"0";"1";""
"202400001849";"155778512";"B01";"2";"7";"0";"2";"5";"1";"1";""
"202400001850";"155778510";"A01";"2";"7";"0";"0";"1";"1";"1";""
"202400001851";"155778508";"A01";"2";"7";"0";"2";"3";"9";"1";""
"202400001851";"155778509";"B01";"3";"30";"0";"2";"1";"0";"1";""
"202400001852";"155778506";"A01";"2";"7";"5";"2";"1";"1";"1";""
"202400001852";"155778507";"B01";"1";"7";"0";"2";"1";"1";"1";""
"202400001853";"155778504";"B01";"2";"7";"0";"2";"2";"17";"1";""
"202400001853";"155778505";"A01";"2";"10";"0";"2";"3";"11";"1";""
"202400001854";"155778502";"B01";"2";"31";"0";"2";"8";"1";"1";""
"202400001854";"155778503";"A01";"2";"7";"0";"2";"2";"10";"1";""
"202400001855";"155778501";"A01";"1";"7";"0";"0";"9";"14";"1";""
"202400001856";"155778500";"A01";"3";"10";"0";"1";"1";"1";"1";""
"202400001857";"155778498";"B01";"2";"7";"0";"2";"1";"1";"2";""
"202400001857";"155778499";"A01";"2";"30";"0";"2";"7";"19";"1";""
"202400001858";"155778496";"B01";"1";"2";"0";"2";"5";"17";"1";""
"202400001858";"155778497";"A01";"1";"7";"0";"0";"0";"0";"2";""
"202400001859";"155778495";"Z01";"0";"0";"0";"1";"0";"0";"0";""
"202400001860";"155778493";"A01";"2";"50";"0";"2";"1";"1";"3";""
"202400001860";"155778494";"B01";"1";"10";"0";"2";"8";"1";"1";""
"202400001861";"155778492";"A01";"3";"32";"0";"1";"1";"1";"1";""
"202400001862";"155778491";"A01";"3";"7";"0";"1";"2";"1";"1";""
"202400001863";"155778490";"A01";"0";"31";"0";"0";"0";"1";"1";""
"202400001864";"155778488";"B01";"2";"33";"0";"2";"1";"2";"1";""
"202400001864";"155778489";"A01";"2";"7";"0";"2";"6";"2";"1";""
"202400001865";"155778487";"A01";"3";"7";"6";"0";"1";"26";"1";""
"202400001866";"155778485";"B01";"1";"1";"0";"2";"1";"1";"5";""
"202400001866";"155778486";"A01";"1";"7";"0";"9";"3";"9";"1";""
"202400001867";"155778482";"A01";"2";"33";"0";"2";"1";"1";"1";""
"202400001867";"155778483";"B01";"2";"7";"0";"2";"6";"23";"1";""
"202400001867";"155778484";"C01";"1";"7";"0";"2";"3";"1";"1";""
"202400001868";"155778480";"A01";"2";"32";"6";"0";"1";"1";"1";""
"202400001869";"155778477";"B01";"3";"99";"0";"2";"1";"0";"6";""
"202400001869";"155778478";"A01";"3";"7";"0";"9";"1";"0";"1";""
"202400001870";"155778476";"A01";"1";"7";"0";"0";"0";"1";"1";""
"202400001870";"155778481";"B01";"2";"1";"0";"0";"0";"0";"5";""
"202400001871";"155778479";"A01";"2";"1";"0";"0";"0";"0";"5";""
"202400001872";"155778474";"A01";"3";"7";"0";"4";"5";"15";"1";""
"202400001872";"155778475";"B01";"3";"40";"0";"2";"1";"1";"3";""
"202400001873";"155778471";"A01";"1";"7";"0";"2";"3";"13";"1";""
"202400001873";"155778473";"B01";"2";"7";"0";"2";"3";"1";"1";""
"202400001874";"155778470";"A01";"2";"7";"0";"0";"1";"16";"1";""
"202400001875";"155778469";"A01";"2";"7";"0";"2";"7";"16";"1";""
"202400001875";"155778472";"B01";"3";"1";"0";"2";"1";"2";"5";""
"202400001876";"155778467";"A01";"0";"36";"0";"5";"1";"1";"1";""
"202400001877";"155778466";"B01";"1";"33";"0";"2";"1";"3";"1";""
"202400001877";"155778468";"A01";"1";"7";"0";"2";"2";"12";"1";""
"202400001878";"155778464";"BZ01";"1";"7";"0";"1";"1";"1";"1";""
"202400001879";"155778463";"A01";"2";"17";"0";"2";"1";"1";"1";""
"202400001879";"155778465";"B01";"1";"7";"0";"2";"1";"1";"1";""
"202400001880";"155778460";"A01";" -1";"39";"0";"1";"1";"1";" -1";""
"202400001881";"155778459";"A01";"3";"33";"0";"1";"0";"0";"0";""
"202400001882";"155778458";"B01";"1";"7";"0";"2";"4";"2";"1";""
"202400001882";"155778461";"C01";"1";"7";"0";"2";"4";"2";"2";""
"202400001882";"155778462";"A01";"1";"7";"0";"2";"1";"2";"1";""
"202400001883";"155778456";"B01";"0";"7";"0";"2";"1";"1";"1";""
"202400001883";"155778457";"A01";" -1";"50";"0";"2";"3";"15";"3";""
"202400001884";"155778454";"A01";"3";"30";"0";"2";"1";"17";"1";""
"202400001884";"155778455";"B01";"3";"7";"0";"2";"6";"15";"1";""
"202400001885";"155778452";"A01";"3";"33";"0";"0";"0";"1";"1";""
"202400001886";"155778451";"A01";"3";"7";"0";"1";"1";"1";"1";""
"202400001887";"155778449";"B01";"3";"40";"0";"2";"1";"1";"3";""
"202400001887";"155778450";"A01";"1";"37";"0";"4";"5";"19";"2";"13"
"202400001888";"155778446";"B01";"1";"1";"0";"2";"1";"1";"5";""
"202400001888";"155778448";"A01";"2";"7";"0";"9";"3";"15";"1";""
"202400001889";"155778447";"A01";"0";"7";"0";"1";"3";"15";"1";""
"202400001890";"155778445";"A01";"1";"7";"0";"1";"2";"1";"2";""
"202400001891";"155778444";"A01";"3";"7";"0";"1";"1";"1";"1";""
"202400001892";"155778442";"A01";"3";"7";"0";"2";"2";"1";"1";""
"202400001892";"155778443";"B01";"3";"60";"0";"2";"1";"2";"5";""
"202400001893";"155778439";"A01";"1";"7";"0";"2";"8";"22";"1";""
"202400001893";"155778441";"B01";"1";"80";"1";"0";"1";"0";"3";""
"202400001894";"155778438";"A01";"2";"33";"0";"2";"3";"1";"1";""
"202400001894";"155778440";"B01";"1";"21";"0";"2";"3";"15";"1";""
"202400001895";"155778437";"A01";"2";"10";"0";"1";"1";"18";"0";""
"202400001896";"155778436";"A01";"2";"7";"2";"0";"1";"1";"1";""
"202400001897";"155778435";"Z01";"1";"50";"0";"1";"4";"25";"3";""
"202400001898";"155778434";"A01";"0";"17";"0";"1";"2";"4";"0";""
"202400001899";"155778433";"A01";"2";"37";"0";"1";"1";"2";"1";"1"
"202400001900";"155778430";"B01";"1";"33";"0";"2";"1";"17";"1";""
"202400001900";"155778432";"A01";"1";"7";"0";"2";"3";"10";"1";""
"202400001901";"155778428";"A01";"2";"7";"0";"2";"3";"23";"1";""
"202400001901";"155778431";"B01";"1";"7";"0";"2";"1";"1";"1";""
"202400001902";"155778427";"B01";"0";"50";"0";"2";"1";"5";"3";""
"202400001902";"155778429";"A01";"0";"7";"0";"2";"3";"9";"1";""
"202400001903";"155778423";"A01";"3";"7";"0";"0";"3";"15";"1";""
"202400001903";"155778425";"B01";"3";"33";"0";"0";"1";"0";"1";""
"202400001904";"155778424";"B01";"2";"33";"0";"2";"1";"2";"1";""
"202400001904";"155778426";"A01";"2";"7";"0";"2";"3";"10";"1";""
"202400001905";"155778422";"A01";"2";"7";"0";"1";"3";"1";"1";""
"202400001906";"155778420";"A01";"2";"14";"0";"1";"2";"1";"1";""
"202400001907";"155778419";"A01";"1";"1";"0";"2";"1";"1";"5";""
"202400001907";"155778421";"B01";"1";"10";"0";"2";"8";"15";"1";""
"202400001908";"155778416";"B01";"2";"1";"0";"2";"0";"0";"5";""
"202400001908";"155778417";"A01";"2";"7";"0";"2";"0";"0";"1";""
"202400001909";"155778414";"A01";"2";"43";"0";"9";"2";"1";"1";""
"202400001909";"155778418";"B01";"2";"1";"0";"2";"3";"11";"5";""
"202400001910";"155778413";"A01";"3";"33";"0";"2";"3";"18";"1";""
"202400001910";"155778415";"B01";"3";"1";"0";"2";"7";"14";"5";""
"202400001911";"155778412";"A01";"2";"10";"2";"0";"0";"1";"1";""
"202400001912";"155778407";"B01";"1";"50";"0";"2";"1";"1";"3";""
"202400001912";"155778411";"A01";"1";"7";"0";"2";"7";"26";"1";""
"202400001913";"155778409";"A01";"2";"7";"0";"2";"3";"17";"1";""
"202400001913";"155778410";"B01";"1";"1";"0";"2";"2";"17";"5";""
"202400001914";"155778406";"B01";"1";"30";"0";"2";"8";"1";"0";""
"202400001914";"155778408";"A01";"2";"7";"0";"2";"1";"15";"1";""
"202400001915";"155778404";"A01";"1";"10";"0";"1";"2";"16";"1";""
"202400001916";"155778403";"A01";"2";"30";"0";"0";"0";"26";"1";""
"202400001917";"155778402";"A01";"0";"7";"0";"2";"1";"9";"2";""
"202400001917";"155778405";"B01";"0";"1";"0";"2";"4";"12";"5";""
"202400001918";"155778398";"B01";"2";"33";"0";"2";"8";"1";"1";""
"202400001918";"155778401";"A01";"2";"7";"0";"2";"1";"1";"2";""
"202400001919";"155778399";"A01";"1";"50";"0";"1";"1";"25";"3";""
"202400001920";"155778397";"A01";"1";"43";"0";"2";"1";"2";"1";""
"202400001920";"155778400";"B01";"1";"7";"0";"2";"4";"2";"1";""
"202400001921";"155778393";"A01";"1";"7";"0";"2";"3";"15";"1";""
"202400001921";"155778395";"B01";"2";"30";"0";"2";"0";"1";"1";""
"202400001922";"155778392";"A01";"3";"33";"0";"2";"1";"12";"1";""
"202400001922";"155778396";"B01";"3";"7";"0";"2";"3";"1";"1";""
"202400001923";"155778391";"A01";"1";"33";"0";"2";"1";"1";"1";""
"202400001923";"155778394";"B01";"1";"7";"0";"2";"2";"9";"1";""
"202400001924";"155778389";"A01";"1";"30";"0";"2";"0";"9";"1";""
"202400001924";"155778390";"B01";"1";"7";"0";"2";"0";"1";"1";""
"202400001925";"155778387";"B01";"2";"1";"0";"2";"3";"1";"5";""
"202400001925";"155778388";"A01";"2";"1";"0";"2";"2";"14";"5";""
"202400001926";"155778386";"A01";"2";"7";"0";"1";"2";"1";"1";""
"202400001927";"155778383";"A01";"1";"7";"0";"2";"5";"14";"2";""
"202400001927";"155778385";"B01";"1";"1";"0";"2";"8";"1";"5";""
"202400001928";"155778382";"Z01";"3";"7";"0";"2";"1";"1";"1";""
"202400001928";"155778384";"B01";"3";"7";"0";"2";"2";"15";"1";""
"202400001929";"155778381";"A01";"2";"50";"0";"1";"1";"5";"3";""
"202400001930";"155778379";"A01";"1";"33";"0";"1";"1";"3";"1";""
"202400001931";"155778378";"B01";"1";"7";"0";"2";"4";"15";"1";""
"202400001931";"155778380";"A01";"1";"7";"0";"2";"1";"1";"1";""
"202400001932";"155778375";"Z01";"2";"7";"0";"0";"0";"18";"1";""
"202400001932";"155778377";"A01";"2";"30";"0";"0";"0";"2";"3";""
"202400001933";"155778376";"A01";"1";"50";"0";"0";"1";"1";"3";""
"202400001934";"155778374";"A01";"1";"1";"12";"2";"3";"6";"5";""
"202400001935";"155778373";"A01";"1";"7";"0";"1";"0";"14";"0";""
"202400001936";"155778372";"A01";"2";"50";"0";"0";" -1";"2";"3";""
"202400001937";"155778370";"B01";"2";"7";"0";"2";"9";"1";"1";""
"202400001937";"155778371";"A01";"1";"7";"0";"2";"2";"19";"1";""
"202400001938";"155778369";"A01";"1";"7";"0";"1";"2";"26";"1";""
"202400001939";"155778367";"A01";"2";"42";"0";"1";"8";"15";"0";""
"202400001940";"155778365";"A01";"2";"1";"0";"1";"1";"1";"5";""
"202400001941";"155778363";"B01";"3";"2";"0";"2";"1";"1";"1";""
"202400001941";"155778364";"A01";"3";"7";"0";"2";"1";"1";"1";""
"202400001942";"155778361";"B01";"0";"7";"0";"2";"1";"1";"1";""
"202400001942";"155778362";"A01";"3";"7";"0";"2";"5";"15";"1";""
"202400001943";"155778360";"A01";"2";"15";"4";"0";"1";"0";"1";""
"202400001944";"155778358";"A01";"1";"7";"0";"2";"5";"23";"1";""
"202400001944";"155778359";"B01";"1";"1";"0";"2";"1";"2";"5";""
"202400001945";"155778354";"A01";"0";"7";"0";"2";"2";"1";"1";""
"202400001945";"155778355";"B01";"0";"32";"0";"2";"1";"25";"1";""
"202400001946";"155778351";"A01";"2";"7";"0";"1";"2";"1";"1";""
"202400001947";"155778352";"B01";"2";"60";"0";"2";"1";"1";"5";""
"202400001947";"155778353";"A01";"1";"7";"0";"2";"1";"13";"1";""
"202400001948";"155778346";"A01";"1";"7";"13";"2";"8";"13";"1";""
"202400001948";"155778349";"B01";"2";"7";"0";"2";"1";"1";"1";""
"202400001949";"155778345";"C01";"1";"7";"0";"2";"4";"1";"1";""
"202400001949";"155778347";"D01";"1";"7";"0";"2";"4";"1";"1";""
"202400001949";"155778348";"A01";"1";"7";"0";"2";"1";"1";"1";""
"202400001949";"155778350";"B01";"1";"7";"0";"2";"4";"1";"1";""
"202400001950";"155778341";"A01";"1";"7";"1";"0";"2";"14";"1";""
"202400001950";"155778343";"B01";"1";"7";"1";"2";"6";"0";"1";""
"202400001951";"155778342";"B01";"1";"31";"0";"2";"7";"17";"1";""
"202400001951";"155778344";"A01";"1";"7";"0";"2";"8";"17";"1";""
"202400001952";"155778339";"A01";"3";"33";"14";"0";"1";"0";"1";""
"202400001953";"155778338";"B01";"3";"1";"0";"2";"1";"1";"5";""
"202400001953";"155778340";"A01";"1";"7";"14";"2";"2";"0";"1";""
"202400001954";"155778337";"A01";"2";"10";"0";"2";"2";"2";"1";""
"202400001955";"155778336";"A01";"3";"10";"0";"1";"2";"2";"1";""
"202400001956";"155778332";"A01";"1";"10";"0";"2";"1";"12";"1";""
"202400001956";"155778334";"B01";"1";"7";"0";"0";"4";"23";"1";""
"202400001956";"155778335";"C01";"1";"7";"0";"0";"4";"0";"1";""
"202400001957";"155778331";"B01";"1";"7";"0";"2";"1";"1";"1";""
"202400001957";"155778333";"A01";"0";"7";"0";"2";"1";"0";"1";""
"202400001958";"155778329";"B01";"3";"50";"0";"2";"1";"0";"3";""
"202400001958";"155778330";"Z01";"3";"7";"0";"9";"1";"0";"0";""
"202400001959";"155778327";"A01";"1";"7";"0";"0";"7";"15";"2";""
"202400001959";"155778328";"B01";"2";"33";"0";"2";"1";"1";"1";""
"202400001960";"155778326";"A01";"1";"33";"12";"0";"3";"16";"1";""
"202400001961";"155778323";"B01";"2";"33";"0";"2";"1";"1";"0";""
"202400001961";"155778324";"A01";"2";"0";"0";"2";"4";"18";"0";""
"202400001962";"155778320";"B01";"1";"7";"0";"2";"4";"2";"1";""
"202400001962";"155778321";"A01";"1";"7";"0";"2";"1";"2";"1";""
"202400001963";"155778319";"B01";"1";"7";"0";"2";"3";"1";"1";""
"202400001963";"155778322";"A01";"2";"7";"0";"2";"2";"15";"1";""
"202400001963";"155778325";"C01";"1";"7";"0";"0";"1";"23";"3";""
"202400001964";"155778317";"B01";"1";"7";"0";"2";"8";"15";"1";""
"202400001964";"155778318";"A01";"2";"7";"0";"2";"3";"1";"1";""
"202400001965";"155778315";"A01";"3";"10";"0";"0";"2";"1";"1";""
"202400001965";"155778316";"B01";"3";"10";"0";"2";"3";"1";"1";""
"202400001966";"155778313";"A01";"2";"7";"0";"2";"7";"15";"1";""
"202400001966";"155778314";"B01";"1";"33";"0";"2";"1";"1";"1";""
"202400001967";"155778311";"A01";"1";"7";"0";"2";"1";"17";"1";""
"202400001967";"155778312";"B01";"2";"7";"0";"2";"1";"1";"1";""
"202400001968";"155778310";"A01";"2";"7";"0";"1";"3";"1";"1";""
"202400001969";"155778309";"A01";"3";"7";"0";"1";"3";"9";"1";""
"202400001970";"155778308";"A01";"1";"32";"0";"1";"1";"1";"1";""
"202400001971";"155778306";"A01";"1";"36";"13";"0";"2";"14";"1";""
"202400001972";"155778304";"A01";"2";"10";"0";"2";"4";"2";"1";""
"202400001972";"155778305";"B01";"2";"10";"0";"2";"4";"2";"3";""
"202400001972";"155778307";"C01";"2";"10";"0";"2";"1";"2";"1";""
"202400001973";"155778302";"A01";"3";"10";"0";"2";"2";"5";"1";""
"202400001973";"155778303";"B01";"3";"43";"0";"2";"1";"0";"1";""
"202400001974";"155778300";"A01";"2";"7";"5";"0";"0";"1";"1";""
"202400001975";"155778299";"A01";"2";"14";"0";"2";"2";"17";"1";""
"202400001975";"155778301";"B01";"2";"1";"0";"2";"8";"1";"5";""
"202400001976";"155778298";"A01";"2";"33";"0";"0";"0";"2";"1";""
"202400001977";"155778295";"A01";"1";"7";"15";"9";"2";"13";"1";""
"202400001978";"155778296";"A01";"1";"7";"0";"2";"8";"19";"1";""
"202400001978";"155778297";"B01";"2";"43";"0";"2";"1";"1";"1";""
"202400001979";"155778294";"A01";"3";"33";"0";"0";"7";"15";"1";""
"202400001980";"155778292";"A01";"3";"31";"0";"0";"0";"1";"1";""
"202400001981";"155778289";"A01";"1";"7";"0";"2";"2";"15";"1";""
"202400001981";"155778291";"B01";"2";"33";"0";"2";"1";"1";"1";""
"202400001982";"155778288";"A01";"1";"7";"0";"2";"2";"26";"2";""
"202400001982";"155778290";"B01";"1";"7";"0";"2";"1";"1";"1";""
"202400001983";"155778287";"A01";"1";"1";"0";"0";"0";"1";"5";""
"202400001984";"155778285";"A01";"1";"1";"0";"2";"1";"1";"5";""
"202400001984";"155778286";"B01";"2";"34";"0";"2";"1";"1";"1";""
"202400001985";"155778283";"B01";"1";"7";"0";"0";"3";"9";"1";""
"202400001985";"155778284";"A01";"2";"2";"0";"0";"1";"1";"1";""
"202400001986";"155778282";"A01";"1";"15";"0";"1";"4";"4";"1";""
"202400001987";"155778280";"A01";"1";"7";"0";"2";"1";"1";"1";""
"202400001987";"155778281";"B01";"1";"7";"0";"2";"4";"1";"1";""
"202400001988";"155778279";"A01";"2";"10";"0";"1";"3";"1";"1";""
"202400001989";"155778277";"A01";"2";"7";"0";"2";"3";"13";"1";""
"202400001989";"155778278";"B01";"1";"7";"0";"2";"3";"1";"1";""
"202400001990";"155778275";"B01";"2";"1";"0";"2";"7";"0";"5";""
"202400001990";"155778276";"A01";"1";"7";"0";"9";"1";"0";"1";""
"202400001991";"155778274";"A01";"2";"2";"0";"1";"2";"17";"1";""
"202400001992";"155778272";"A01";"1";"33";"0";"2";"1";"17";"1";""
"202400001992";"155778273";"B01";"1";"32";"0";"2";"8";"15";"1";""
"202400001993";"155778270";"A01";"2";"7";"0";"2";"2";"12";"1";""
"202400001993";"155778271";"B01";"2";"33";"0";"2";"8";"0";"1";""
"202400001994";"155778267";"A01";"1";"10";"0";"2";"1";"19";"1";""
"202400001994";"155778268";"B01";"1";"7";"0";"2";"1";"1";"1";""
"202400001994";"155778269";"C01";"2";"7";"0";"2";"7";"1";"1";""
"202400001995";"155778266";"A01";"1";"7";"0";"1";"3";"1";"1";""
"202400001996";"155778264";"A01";"1";"7";"0";"2";"2";"15";"1";""
"202400001996";"155778265";"B01";"2";"7";"0";"2";"1";"1";"1";""
"202400001997";"155778263";"A01";"2";"33";"6";"0";"2";"17";"1";""
"202400001998";"155778262";"A01";"1";"7";"6";"0";"1";"1";"1";""
"202400001999";"155778261";"A01";"1";"1";"0";"0";"9";"0";"5";""
"202400002000";"155778260";"A01";"3";"7";"13";"0";"3";"1";"1";""
"202400002001";"155778258";"A01";"2";"7";"0";"2";"7";"17";"1";""
"202400002001";"155778259";"B01";"1";"7";"0";"2";"1";"1";"1";""
"202400002002";"155778256";"B01";"3";"10";"0";"0";"3";"19";"1";""
"202400002002";"155778257";"A01";"3";"7";"0";"2";"1";"1";"1";""
"202400002003";"155778253";"A01";"2";"7";"0";"2";"3";"5";"1";""
"202400002003";"155778254";"B01";"1";"7";"0";"2";"1";"1";"1";""
"202400002004";"155778252";"A01";"2";"7";"0";"2";"7";"17";"1";""
"202400002004";"155778255";"B01";"2";"1";"0";"2";"8";"1";"5";""
"202400002005";"155778251";"A01";"1";"7";"0";"1";"3";"2";"1";""
"202400002006";"155778250";"A01";"1";"7";"2";"0";"7";"1";"1";""
"202400002007";"155778248";"A01";"0";"7";"2";"0";"1";"1";"1";""
"202400002008";"155778247";"A01";"0";"50";"0";"2";"3";"5";"3";""
"202400002008";"155778249";"B01";"3";"7";"0";"2";"2";"1";"1";""
"202400002009";"155778243";"A01";"2";"7";"0";"2";"3";"13";"1";""
"202400002009";"155778244";"B01";"1";"7";"0";"2";"3";"1";"1";""
"202400002010";"155778242";"A01";"1";"7";"0";"2";"1";"5";"1";""
"202400002010";"155778245";"B01";"2";"33";"0";"2";"3";"1";"1";""
"202400002010";"155778246";"C01";"2";"7";"0";"2";"1";"1";"1";""
"202400002011";"155778240";"A01";"2";"7";"1";"0";"3";"10";"1";""
"202400002011";"155778241";"B01";"2";"31";"0";"0";"1";"17";"1";""
"202400002012";"155778239";"A01";"1";"1";"0";"1";"1";"1";"5";""
"202400002013";"155778235";"B01";"1";"7";"0";"9";"7";"1";"1";""
"202400002013";"155778237";"A01";"1";"50";"0";"2";"1";"19";"3";""
"202400002014";"155778234";"C01";"1";"7";"0";"2";"6";"1";"1";""
"202400002014";"155778236";"A01";"2";"7";"3";"2";"1";"5";"1";""
"202400002014";"155778238";"B01";"1";"7";"0";"2";"1";"1";"2";""
"202400002015";"155778232";"A01";"2";"7";"0";"2";"1";"1";"1";""
"202400002015";"155778233";"B01";"1";"10";"0";"2";"3";"15";"1";""
"202400002016";"155778228";"A01";"1";"33";"0";"2";"1";"13";"1";""
"202400002016";"155778230";"B01";"2";"7";"0";"2";"3";"1";"1";""
"202400002017";"155778229";"A01";"1";"31";"7";"0";"1";"14";"1";""
"202400002018";"155778226";"A01";"1";"7";"13";"0";"1";"0";"1";""
"202400002019";"155778222";"A01";"1";"34";"0";"2";"3";"26";"1";""
"202400002019";"155778224";"B01";"1";"10";"0";"2";"1";"26";"1";""
"202400002020";"155778221";"A01";"2";"7";"0";"2";"4";"2";"1";""
"202400002020";"155778223";"B01";"2";"7";"0";"2";"4";"2";"1";""
"202400002020";"155778225";"C01";"2";"7";"0";"2";"4";"2";"1";""
"202400002020";"155778227";"D01";"2";"7";"0";"2";"4";"2";"2";""
"202400002021";"155778220";"A01";"1";"7";"2";"0";"8";"14";"1";""
"202400002022";"155778219";"A01";"0";"33";"0";"0";"8";"0";"1";""
"202400002023";"155778218";"A01";"1";"7";"0";"2";"1";"13";"1";""
"202400002024";"155778215";"A01";"0";"7";"0";"0";"6";"15";"1";""
"202400002024";"155778217";"B01";"0";"33";"0";"2";"1";"11";"1";""
"202400002025";"155778214";"A01";"2";"7";"0";"2";"2";"2";"0";""
"202400002025";"155778216";"B01";"2";"33";"0";"2";"1";"3";"1";""
"202400002026";"155778213";"A01";"2";"7";"16";"6";"1";"0";"1";""
"202400002027";"155778212";"A01";"2";"7";"4";"0";"1";"13";"1";""
"202400002028";"155778209";"B01";"0";"7";"0";"2";"1";"2";"1";""
"202400002028";"155778211";"A01";"3";"7";"0";"0";"6";"2";"1";""
"202400002029";"155778207";"A01";"1";"10";"0";"2";"1";"2";"1";""
"202400002029";"155778208";"B01";"1";"7";"0";"2";"4";"2";"1";""
"202400002029";"155778210";"C01";"1";"7";"0";"2";"1";"21";"1";""
"202400002030";"155778206";"A01";"1";"7";"15";"0";"1";"1";"1";""
"202400002031";"155778204";"A01";"2";"2";"1";"0";"1";"1";"1";""
"202400002032";"155778201";"A01";"2";"7";"3";"0";"8";"13";"1";""
"202400002033";"155778202";"A01";"2";"43";"0";"2";"1";"3";"1";""
"202400002033";"155778203";"C01";"2";"7";"0";"2";"7";"1";"1";""
"202400002033";"155778205";"B01";"2";"7";"0";"2";"5";"14";"3";""
"202400002034";"155778200";"A01";"1";"7";"2";"0";"1";"1";"1";""
"202400002035";"155778199";"A01";"1";"33";"3";"0";"8";"1";"1";""
"202400002036";"155778196";"A01";"1";"7";"0";"2";"1";"1";"1";""
"202400002036";"155778198";"B01";"1";"7";"0";"0";"4";"1";"1";""
"202400002037";"155778195";"A01";"1";"7";"0";"2";"1";"1";"1";""
"202400002037";"155778197";"B01";"1";"7";"0";"2";"4";"1";"1";""
"202400002038";"155778194";"A01";"3";"7";"0";"1";"2";"1";"1";""
"202400002039";"155778192";"B01";"2";"7";"0";"2";"6";"0";"1";""
"202400002039";"155778193";"A01";"2";"43";"0";"2";"3";"1";"1";""
"202400002040";"155778190";"A01";"2";"33";"0";"2";"1";"2";"1";""
"202400002040";"155778191";"B01";"2";"7";"0";"2";"4";"2";"1";""
"202400002041";"155778189";"A01";"1";"30";"0";"0";"3";"1";"1";""
"202400002042";"155778188";"A01";"1";"31";"0";"1";"1";"26";"3";""
"202400002043";"155778185";"A01";"2";"43";"0";"2";"1";"11";"1";""
"202400002043";"155778186";"B01";"2";"10";"0";"2";"6";"23";"1";""
"202400002043";"155778187";"C01";"2";"7";"0";"2";"6";"23";"1";""
"202400002044";"155778184";"A01";"1";"31";"0";"1";"7";"14";"1";""
"202400002045";"155778179";"B01";"1";"7";"0";"2";"3";"2";"1";""
"202400002045";"155778181";"A01";"1";"7";"0";"2";"5";"2";"1";""
"202400002045";"155778182";"C01";"1";"7";"0";"2";"1";"2";"1";""
"202400002045";"155778183";"Z01";"0";"7";"0";"0";"0";"0";"0";""
"202400002046";"155778178";"A01";"1";"10";"0";"2";"7";"23";"1";""
"202400002046";"155778180";"B01";"1";"2";"0";"2";"2";"18";"1";""
"202400002047";"155778175";"B01";"1";"10";"0";"1";"3";"19";"0";""
"202400002048";"155778174";"C01";"1";"7";"0";"2";"4";"23";"1";""
"202400002048";"155778176";"A01";"1";"7";"0";"2";"1";"1";"1";""
"202400002048";"155778177";"B01";"1";"7";"1";"0";"4";"23";"1";""
"202400002049";"155778171";"B01";"1";"7";"0";"2";"1";"1";"1";""
"202400002049";"155778173";"A01";"1";"7";"0";"2";"4";"1";"2";""
"202400002050";"155778172";"A01";"1";"7";"0";"1";"3";"26";"1";""
"202400002051";"155778167";"B01";"1";"7";"0";"2";"4";"23";"1";""
"202400002051";"155778168";"C01";"1";"10";"0";"2";"4";"23";"1";""
"202400002051";"155778170";"A01";"1";"7";"0";"2";"1";"1";"1";""
"202400002052";"155778166";"A01";"2";"7";"0";"2";"1";"1";"1";""
"202400002052";"155778169";"B01";"1";"7";"0";"2";"2";"9";"1";""
"202400002053";"155778164";"A01";"2";"33";"0";"2";"7";"12";"1";""
"202400002053";"155778165";"B01";"2";"7";"0";"2";"6";"1";"1";""
"202400002054";"155778162";"B01";"3";"33";"0";"2";"8";"9";"1";""
"202400002054";"155778163";"A01";"1";"32";"0";"2";"1";"17";"1";""
"202400002055";"155778157";"A01";"2";"7";"0";"2";"3";"1";"1";""
"202400002055";"155778159";"B01";"2";"7";"0";"2";"4";"1";"1";""
"202400002055";"155778160";"C01";"2";"7";"0";"2";"4";"1";"1";""
"202400002055";"155778161";"D01";"2";"7";"0";"2";"4";"1";"1";""
"202400002056";"155778155";"C01";"2";"7";"0";"2";"3";"2";"1";""
"202400002056";"155778156";"A01";"2";"34";"0";"2";"1";"3";"1";""
"202400002056";"155778158";"B01";"1";"7";"0";"2";"3";"9";"2";""
"202400002057";"155778153";"A01";"1";"7";"0";"2";"1";"1";"1";""
"202400002057";"155778154";"B01";"1";"7";"0";"2";"4";"1";"2";""
"202400002058";"155778152";"A01";"2";"7";"0";"1";"2";"1";"1";""
"202400002059";"155778150";"A01";"1";"7";"0";"2";"2";"12";"2";""
"202400002059";"155778151";"B01";"1";"7";"0";"2";"6";"1";"2";""
"202400002060";"155778149";"A01";"2";"38";"0";"1";"3";"1";"1";"1"
"202400002061";"155778147";"A01";"1";"10";"0";"2";"5";"21";"1";""
"202400002061";"155778148";"B01";"1";"33";"0";"2";"1";"1";"1";""
"202400002062";"155778145";"A01";"2";"7";"3";"0";"3";"1";"1";""
"202400002063";"155778144";"B01";"2";"3";"0";"9";"1";"1";"0";""
"202400002063";"155778146";"A01";"2";"7";"0";"9";"2";"14";"1";""
"202400002064";"155778142";"B01";"2";"7";"0";"2";"6";"1";"1";""
"202400002064";"155778143";"A01";"2";"33";"0";"2";"1";"11";"1";""
"202400002065";"155778141";"A01";"3";"10";"0";"1";"7";"26";"3";""
"202400002066";"155778138";"A01";"1";"10";"0";"1";"2";"14";"1";""
"202400002067";"155778139";"A01";"1";"31";"0";"2";"1";"3";"1";""
"202400002067";"155778140";"B01";"1";"7";"0";"2";"8";"0";"3";""
"202400002068";"155778137";"A01";"2";"43";"1";"1";"0";"20";"1";""
"202400002069";"155778135";"Z01";"1";"7";"0";"2";"1";"2";"1";""
"202400002069";"155778136";"A01";"1";"7";"0";"2";"4";"2";"2";""
"202400002070";"155778133";"A01";"2";"7";"0";"1";"1";"1";"1";""
"202400002071";"155778131";"A01";"2";"7";"0";"2";"3";"11";"1";""
"202400002071";"155778132";"B01";"2";"33";"0";"2";"0";"1";"1";""
"202400002071";"155778134";"C01";"2";"7";"0";"2";"4";"1";"1";""
"202400002072";"155778127";"B01";"1";"15";"0";"2";"1";"1";"1";""
"202400002072";"155778129";"A01";"1";"7";"0";"2";"6";"11";"3";""
"202400002073";"155778128";"A01";"1";"7";"0";"9";"3";"1";"1";""
"202400002073";"155778130";"B01";"2";"50";"0";"2";"1";"5";"3";""
"202400002074";"155778125";"A01";"3";"10";"1";"0";"1";"1";"3";""
"202400002075";"155778124";"A01";"2";"15";"0";"2";"3";"2";"1";""
"202400002075";"155778126";"B01";"2";"1";"0";"2";"0";"0";"5";""
"202400002076";"155778122";"A01";"2";"31";"12";"0";"0";"14";"1";""
"202400002077";"155778123";"A01";"2";"7";"0";"2";"3";"17";"1";""
"202400002078";"155778120";"A01";"3";"7";"8";"0";"0";"16";"1";""
"202400002079";"155778119";"A01";"1";"30";"0";"2";"1";"17";"1";""
"202400002079";"155778121";"B01";"2";"7";"0";"2";"3";"1";"1";""
"202400002080";"155778116";"A01";"1";"7";"16";"2";"9";"13";"1";""
"202400002080";"155778118";"B01";"2";"7";"0";"2";"1";"1";"1";""
"202400002081";"155778115";"A01";"3";"50";"0";"2";"1";"8";"3";""
"202400002081";"155778117";"B01";"1";"33";"0";"2";"3";"0";"0";""
"202400002082";"155778112";"A01";"3";"30";"0";"2";"0";"0";"1";""
"202400002082";"155778114";"B01";"3";"10";"0";"2";"0";"0";"1";""
"202400002083";"155778111";"B01";"1";"2";"0";"2";"7";"1";"1";""
"202400002083";"155778113";"A01";"3";"7";"0";"2";"1";"15";"1";""
"202400002084";"155778109";"B01";"1";"7";"0";"2";"4";"1";"1";""
"202400002084";"155778110";"A01";"1";"7";"0";"2";"1";"2";"2";""
"202400002085";"155778108";"A01";"1";"30";"0";"1";"1";"13";"0";""
"202400002086";"155778105";"A01";"0";"80";"1";"2";"2";"26";"3";""
"202400002086";"155778107";"B01";"3";"7";"0";"9";"3";"23";"2";""
"202400002087";"155778104";"B01";"0";"7";"0";"2";"1";"0";"1";""
"202400002087";"155778106";"A01";"0";"7";"0";"2";"0";"26";"2";""
"202400002088";"155778102";"A01";"3";"7";"0";"1";"1";"1";"1";""
"202400002089";"155778101";"B01";"2";"7";"0";"2";"0";"0";"1";""
"202400002089";"155778103";"A01";"1";"31";"0";"2";"1";"1";"1";""
"202400002090";"155778097";"A01";"2";"7";"0";"1";"1";"1";"1";""
"202400002091";"155778096";"A01";"1";"7";"0";"2";"1";"2";"1";""
"202400002091";"155778098";"B01";"1";"7";"0";"2";"4";"2";"1";""
"202400002091";"155778099";"C01";"1";"7";"0";"2";"4";"2";"1";""
"202400002091";"155778100";"D01";"1";"7";"0";"2";"4";"2";"2";""
"202400002092";"155778092";"A01";"2";"32";"0";"2";"1";"1";"1";""
"202400002092";"155778093";"B01";"2";"7";"0";"2";"2";"16";"1";""
"202400002093";"155778094";"A01";"1";"10";"0";"2";"7";"22";"1";""
"202400002093";"155778095";"B01";"1";"50";"0";"2";"1";"1";"3";""
"202400002094";"155778091";"A01";"0";"7";"8";"0";"1";"14";"1";""
"202400002095";"155778089";"A01";"1";"7";"0";"1";"2";"26";"1";""
"202400002096";"155778088";"A01";"1";"7";"0";"2";"1";"1";"1";""
"202400002096";"155778090";"B01";"2";"7";"0";"2";"3";"1";"1";""
"202400002097";"155778086";"A01";"3";"7";"0";"1";"2";"9";"1";""
"202400002098";"155778085";"A01";"2";"30";"0";"2";"3";"13";"1";""
"202400002098";"155778087";"B01";"1";"10";"0";"2";"8";"1";"1";""
"202400002099";"155778084";"A01";"2";"7";"0";"1";"2";"1";"2";""
"202400002100";"155778082";"B01";"3";"37";"0";"2";"3";"0";"1";"2"
"202400002100";"155778083";"A01";"3";"10";"0";"2";"2";"2";"1";""
"202400002101";"155778077";"Z01";"2";"7";"0";"1";"1";"1";"0";""
"202400002102";"155778076";"A01";"1";"7";"0";"0";"0";"0";"1";""
"202400002102";"155778079";"B01";"1";"7";"0";"0";"0";"0";"1";""
"202400002102";"155778081";"C01";"1";"7";"0";"0";"0";"0";"1";""
"202400002103";"155778078";"A01";"2";"7";"0";"2";"3";"15";"2";""
"202400002103";"155778080";"B01";"2";"33";"0";"2";"7";"1";"1";""
"202400002104";"155778075";"A01";"1";"7";"0";"9";"3";"9";"1";""
"202400002105";"155778072";"B01";"2";"7";"0";"2";"1";"0";"0";""
"202400002105";"155778074";"A01";"1";"7";"0";"2";"1";"13";"0";""
"202400002106";"155778071";"B01";"3";"7";"0";"2";"1";"1";"1";""
"202400002106";"155778073";"A01";"3";"7";"0";"2";"2";"1";"1";""
"202400002107";"155778070";"A01";"1";"7";"2";"0";"1";"2";"0";""
"202400002108";"155778069";"A01";"3";"7";"0";"1";"3";"1";"2";""
"202400002109";"155778068";"A01";"1";"7";"0";"1";"2";"1";"2";""
"202400002110";"155778066";"Z01";"2";"7";"0";"1";"1";"1";"0";""
"202400002111";"155778067";"A01";"1";"3";"0";"1";"0";"26";"1";""
"202400002112";"155778064";"A01";"2";"33";"0";"2";"2";"3";"1";""
"202400002112";"155778065";"B01";"2";"10";"0";"2";"3";"10";"1";""
"202400002113";"155778062";"A01";"3";"7";"0";"1";"1";"1";"1";""
"202400002114";"155778060";"B01";"0";"14";"0";"2";"2";"1";"1";""
"202400002114";"155778063";"A01";"0";"7";"0";"2";"6";"1";"1";""
"202400002115";"155778059";"A01";"2";"10";"0";"2";"7";"2";"1";""
"202400002115";"155778061";"B01";"2";"13";"0";"2";"8";"2";"1";""
"202400002116";"155778058";"A01";"3";"7";"0";"1";"1";"0";"1";""
"202400002117";"155778055";"A01";"2";"30";"0";"2";"1";"2";"1";""
"202400002117";"155778056";"B01";"2";"7";"0";"2";"5";"1";"1";""
"202400002118";"155778054";"A01";"1";"7";"9";"1";"2";"1";"1";""
"202400002119";"155778053";"A01";"1";"7";"0";"2";"7";"1";"1";""
"202400002119";"155778057";"B01";"3";"1";"0";"2";"1";"19";"5";""
"202400002120";"155778052";"A01";"1";"34";"6";"0";"1";"26";"1";""
"202400002121";"155778049";"A01";"1";"7";"0";"2";"1";"2";"0";""
"202400002121";"155778050";"B01";"1";"7";"0";"2";"4";"1";"1";""
"202400002122";"155778048";"C01";"0";"7";"0";"2";"1";"1";"1";""
"202400002122";"155778051";"A01";"0";"7";"1";"2";"0";"13";"1";""
"202400002123";"155778044";"A01";"2";"7";"0";"2";"2";"1";"1";""
"202400002123";"155778046";"B01";"1";"33";"0";"2";"1";"1";"1";""
"202400002124";"155778045";"B01";"0";"7";"0";"2";"4";"2";"0";""
"202400002124";"155778047";"A01";"3";"34";"0";"2";"1";"2";"0";""
"202400002125";"155778039";"A01";"1";"7";"0";"2";"6";"20";"1";""
"202400002125";"155778041";"B01";"2";"7";"0";"2";"3";"2";"1";""
"202400002126";"155778040";"A01";"3";"7";"0";"2";"3";"19";"1";""
"202400002126";"155778043";"B01";"1";"33";"0";"2";"1";"1";"1";""
"202400002127";"155778038";"B01";"0";"7";"8";"2";"3";"1";"1";""
"202400002127";"155778042";"A01";"0";"7";"0";"2";"1";"15";"1";""
"202400002128";"155778035";"Z01";"2";"7";"0";"2";"2";"16";"2";""
"202400002128";"155778037";"A01";"1";"50";"0";"2";"7";"5";"3";""
"202400002129";"155778034";"B01";"3";"50";"0";"2";"3";"1";"3";""
"202400002129";"155778036";"A01";"3";"7";"0";"2";"3";"9";"1";""
"202400002130";"155778032";"A01";"1";"32";"0";"2";"1";"1";"1";""
"202400002130";"155778033";"B01";"1";"7";"0";"2";"2";"0";"1";""
"202400002131";"155778030";"A01";"1";"1";"0";"1";"1";"0";"5";""
"202400002132";"155778031";"A01";"2";"7";"0";"1";"1";"1";"1";""
"202400002133";"155778028";"A01";"1";"2";"0";"2";"1";"2";"1";""
"202400002133";"155778029";"B01";"1";"7";"0";"2";"6";"2";"1";""
"202400002134";"155778025";"A01";"2";"10";"0";"2";"1";"15";"1";""
"202400002134";"155778027";"B01";"2";"10";"12";"0";"3";"2";"1";""
"202400002135";"155778026";"A01";"0";"10";"0";"1";"3";"1";"1";""
"202400002136";"155778024";"A01";"1";"50";"0";"1";"1";"1";"3";""
"202400002137";"155778021";"A01";"0";"7";"0";"1";"1";"14";"3";""
"202400002138";"155778020";"A01";"2";"2";"0";"2";"1";"21";"1";""
"202400002138";"155778023";"B01";"3";"7";"0";"2";"1";"1";"0";""
"202400002139";"155778019";"A01";"1";"7";"0";"2";"3";"13";"1";""
"202400002139";"155778022";"B01";"2";"7";"0";"2";"3";"1";"1";""
"202400002140";"155778015";"B01";"2";"7";"0";"2";"4";"15";"1";""
"202400002140";"155778017";"A01";"2";"32";"0";"2";"1";"2";"1";""
"202400002141";"155778010";"A01";"2";"7";"0";"2";"1";"2";"1";""
"202400002141";"155778013";"B01";"2";"7";"0";"2";"2";"14";"1";""
"202400002142";"155778009";"A01";"2";"7";"0";"2";"3";"16";"1";""
"202400002142";"155778012";"B01";"3";"1";"0";"2";"1";"19";"5";""
"202400002143";"155778008";"B01";"3";"1";"0";"2";"1";"14";"5";""
"202400002143";"155778011";"A01";"2";"7";"0";"2";"3";"13";"1";""
"202400002144";"155778006";"A01";"3";"2";"0";"2";"1";"14";"1";""
"202400002144";"155778007";"B01";"3";"7";"0";"2";"7";"23";"1";""
"202400002145";"155778004";"A01";"1";"7";"0";"1";"2";"15";"1";""
"202400002146";"155778001";"A01";"1";"50";"0";"2";"1";"13";"3";""
"202400002146";"155778003";"B01";"2";"7";"0";"2";"3";"1";"1";""
"202400002146";"155778005";"C01";"1";"7";"0";"2";"3";"1";"1";""
"202400002147";"155777999";"A01";"3";"10";"0";"1";"1";"1";"1";""
"202400002148";"155777998";"A01";"1";"7";"0";"1";"3";"1";"1";""
"202400002149";"155777996";"B01";"2";"7";"0";"2";"1";"1";"1";""
"202400002149";"155777997";"A01";"1";"7";"0";"2";"7";"17";"1";""
"202400002150";"155777994";"A01";"1";"1";"0";"0";"0";"1";"5";""
"202400002151";"155777993";"B01";"2";"10";"0";"2";"8";"15";"1";""
"202400002151";"155777995";"A01";"1";"33";"0";"2";"1";"17";"1";""
"202400002152";"155777991";"A01";"1";"7";"0";"2";"2";"1";"1";""
"202400002152";"155777992";"B01";"1";"50";"0";"2";"2";"19";"3";""
"202400002153";"155777988";"A01";"3";"7";"0";"1";"1";"18";"1";""
"202400002154";"155777989";"A01";"2";"7";"2";"0";"1";"14";"1";""
"202400002155";"155777987";"A01";"2";"30";"0";"2";"3";"17";"1";""
"202400002155";"155777990";"B01";"2";"30";"0";"2";"8";"1";"1";""
"202400002156";"155777984";"A01";"2";"7";"0";"2";"0";"0";"1";""
"202400002156";"155777986";"B01";"1";"2";"0";"0";"0";"1";"1";""
"202400002157";"155777980";"A01";"0";"50";"14";"0";"1";"1";"3";""
"202400002158";"155777979";"A01";"3";"10";"0";"2";"1";"2";"3";""
"202400002158";"155777982";"C01";"3";"10";"0";"2";"4";"2";"1";""
"202400002158";"155777983";"B01";"3";"7";"0";"2";"1";"2";"1";""
"202400002159";"155777977";"A01";"0";"7";"1";"0";"1";"1";"1";""
"202400002160";"155777976";"A01";"2";"7";"0";"2";"3";"13";"1";""
"202400002160";"155777978";"B01";"1";"7";"0";"2";"3";"1";"1";""
"202400002160";"155777981";"C01";"1";"7";"0";"2";"6";"1";"1";""
"202400002160";"155777985";"D01";"1";"33";"0";"2";"1";"1";"1";""
"202400002161";"155777975";"A01";"1";"7";"0";"1";"1";"26";"1";""
"202400002162";"155777974";"A01";"2";"33";"12";"0";"1";"15";"1";""
"202400002163";"155777972";"A01";"3";"34";"0";"5";"1";"1";"1";""
"202400002164";"155777970";"B01";"1";"7";"0";"2";"1";"1";"1";""
"202400002165";"155777968";"A01";"2";"7";"0";"2";"2";"19";"1";""
"202400002165";"155777969";"B01";"2";"33";"0";"2";"1";"1";"1";""
"202400002166";"155777967";"A01";"3";"80";"14";"0";"1";"1";"3";""
"202400002167";"155777966";"A01";"0";"7";"12";"2";"1";"21";"1";""
"202400002168";"155777965";"A01";"2";"7";"0";"1";"2";"26";"0";""
"202400002169";"155777963";"A01";"3";"7";"0";"1";"1";"1";"1";""
"202400002170";"155777962";"A01";"1";"7";"0";"4";"2";"0";"1";""
"202400002170";"155777964";"B01";"3";"39";"0";"2";"3";"1";"3";""
"202400002171";"155777960";"A01";"1";"7";"0";"1";"2";"2";"1";""
"202400002172";"155777959";"B01";"1";"33";"0";"2";"1";"2";"1";""
"202400002172";"155777961";"A01";"1";"7";"0";"2";"8";"15";"2";""
"202400002173";"155777958";"A01";"1";"2";"0";"5";"1";"1";"1";""
"202400002174";"155777956";"A01";"1";"30";"0";"2";"1";"13";"1";""
"202400002174";"155777957";"B01";"2";"7";"0";"2";"1";"13";"1";""
"202400002175";"155777954";"A01";"2";"7";"2";"0";"2";"14";"1";""
"202400002176";"155777951";"B01";"1";"7";"0";"2";"6";"15";"1";""
"202400002176";"155777953";"C01";"2";"7";"0";"2";"1";"9";"1";""
"202400002176";"155777955";"A01";"1";"3";"0";"2";"1";"9";"1";""
"202400002177";"155777949";"A01";"1";"1";"0";"2";"8";"19";"5";""
"202400002177";"155777952";"B01";"1";"7";"0";"2";"1";"1";"1";""
"202400002178";"155777950";"A01";"1";"7";"8";"0";"0";"1";"1";""
"202400002179";"155777947";"B01";"3";"1";"0";"2";"3";"9";"5";""
"202400002179";"155777948";"A01";"3";"7";"0";"9";"1";"9";"0";""
"202400002180";"155777944";"A01";"3";"7";"0";"1";"3";"14";"1";""
"202400002181";"155777943";"C01";"0";"7";"0";"2";"4";"2";"1";""
"202400002181";"155777945";"A01";"0";"7";"0";"2";"1";"2";"1";""
"202400002181";"155777946";"B01";"0";"7";"0";"2";"4";"2";"1";""
"202400002182";"155777941";"A01";"2";"50";"0";"2";"4";"1";"3";""
"202400002182";"155777942";"B01";"2";"1";"0";"2";"4";"17";"5";""
"202400002183";"155777937";"A01";"3";"7";"0";"1";"1";"16";"1";""
"202400002184";"155777935";"B01";"3";"1";"0";"2";"8";"16";"5";""
"202400002184";"155777938";"A01";"3";"37";"0";"2";"2";"16";"1";"1"
"202400002185";"155777936";"A01";"2";"10";"0";"0";"4";"23";"1";""
"202400002185";"155777939";"B01";"2";"7";"0";"0";"4";"23";"3";""
"202400002185";"155777940";"C01";"2";"7";"0";"2";"1";"1";"1";""
"202400002186";"155777933";"A01";"1";"7";"0";"2";"2";"1";"1";""
"202400002186";"155777934";"B01";"1";"7";"0";"2";"6";"1";"1";""
"202400002187";"155777931";"A01";"2";"7";"3";"0";"2";"1";"1";""
"202400002188";"155777930";"B01";"2";"30";"0";"2";"1";"1";"1";""
"202400002188";"155777932";"A01";"1";"7";"0";"2";"2";"15";"1";""
"202400002189";"155777926";"A01";"1";"7";"0";"2";"8";"15";"1";""
"202400002189";"155777929";"B01";"1";"33";"0";"2";"1";"1";"1";""
"202400002190";"155777925";"A01";"3";"7";"0";"2";"7";"14";"1";""
"202400002190";"155777927";"B01";"3";"80";"0";"2";"8";"1";"2";""
"202400002191";"155777924";"B01";"2";"7";"0";"2";"8";"19";"1";""
"202400002191";"155777928";"A01";"1";"7";"0";"2";"1";"1";"1";""
"202400002192";"155777921";"A01";"3";"10";"0";"1";"4";"4";"1";""
"202400002193";"155777922";"A01";"1";"7";"1";"2";"2";"1";"1";""
"202400002193";"155777923";"D01";"2";"7";"0";"2";"3";"1";"1";""
"202400002194";"155777919";"B01";"1";"80";"0";"2";"1";"1";"3";""
"202400002194";"155777920";"A01";"1";"7";"0";"2";"6";"9";"1";""
"202400002195";"155777914";"C01";"2";"7";"0";"2";"4";"23";"4";""
"202400002195";"155777916";"B01";"2";"7";"0";"2";"4";"23";"1";""
"202400002195";"155777918";"A01";"2";"7";"0";"2";"1";"2";"1";""
"202400002196";"155777915";"A01";"0";"7";"0";"2";"2";"15";"1";""
"202400002196";"155777917";"B01";"0";"1";"0";"2";"1";"1";"5";""
"202400002197";"155777912";"A01";"1";"7";"0";"2";"1";"5";"1";""
"202400002197";"155777913";"B01";"2";"7";"0";"2";"3";"1";"1";""
"202400002198";"155777911";"A01";"1";"7";"0";"0";"4";"13";"1";""
"202400002199";"155777909";"A01";"1";"7";"0";"2";"7";"15";"1";""
"202400002199";"155777910";"B01";"1";"2";"0";"2";"1";"18";"1";""
"202400002200";"155777907";"A01";"1";"7";"6";"0";"1";"1";"1";""
"202400002201";"155777905";"B01";"2";"7";"0";"2";"3";"15";"1";""
"202400002201";"155777908";"A01";"1";"10";"0";"2";"2";"9";"1";""
"202400002202";"155777903";"A01";"2";"33";"13";"0";"1";"1";"1";""
"202400002203";"155777904";"B01";"2";"7";"0";"2";"0";"1";"1";""
"202400002203";"155777906";"A01";"3";"7";"0";"2";"7";"19";"1";""
"202400002204";"155777900";"B01";"2";"1";"0";"2";"8";"1";"5";""
"202400002204";"155777902";"A01";"1";"7";"0";"2";"2";"1";"2";""
"202400002205";"155777899";"B01";"1";"7";"0";"2";"1";"1";"0";""
"202400002205";"155777901";"A01";"1";"10";"8";"2";"3";"1";"1";""
"202400002206";"155777898";"A01";"3";"7";"1";"0";"2";"14";"1";""
"202400002207";"155777896";"A01";"1";"7";"0";"2";"4";"4";"1";""
"202400002207";"155777897";"B01";"1";"7";"0";"2";"1";"23";"1";""
"202400002208";"155777894";"A01";"2";"7";"0";"1";"1";"26";"1";""
"202400002209";"155777893";"A01";"0";"7";"0";"1";"1";"15";"1";""
"202400002210";"155777890";"A01";"1";"7";"0";"2";"1";"2";"0";""
"202400002210";"155777892";"B01";"1";"2";"0";"2";"4";"2";"1";""
"202400002211";"155777888";"A01";"1";"7";"0";"0";"1";"1";"1";""
"202400002211";"155777891";"B01";"2";"50";"0";"2";"8";"1";"3";""
"202400002212";"155777887";"B01";"1";"1";"0";"2";"4";"1";"5";""
"202400002212";"155777889";"A01";"1";"7";"0";"2";"0";"1";"0";""
"202400002213";"155777884";"B01";"3";"7";"0";"2";"3";"9";"1";""
"202400002213";"155777886";"A01";"3";"2";"12";"2";"7";"9";"1";""
"202400002214";"155777885";"A01";"3";"7";"0";"1";"1";"26";"1";""
"202400002215";"155777883";"A01";"2";"7";"0";"1";"2";"16";"1";""
"202400002216";"155777882";"A01";"3";"2";"0";"0";"8";"1";"1";""
"202400002217";"155777879";"A01";"1";"7";"0";"0";"1";"1";"1";""
"202400002218";"155777878";"B01";"3";"50";"0";"2";"1";"1";"3";""
"202400002218";"155777881";"A01";"3";"7";"0";"2";"2";"16";"1";""
"202400002219";"155777877";"A01";"1";"7";"0";"2";"1";"1";"1";""
"202400002219";"155777880";"B01";"1";"7";"0";"2";"4";"1";"1";""
"202400002220";"155777874";"A01";"2";"7";"0";"2";"3";"5";"1";""
"202400002220";"155777876";"B01";"1";"10";"0";"2";"3";"2";"1";""
"202400002221";"155777873";"A01";"1";"7";"0";"1";"1";"1";"1";""
"202400002222";"155777872";"A01";"2";"7";"0";"2";"1";"1";"1";""
"202400002222";"155777875";"B01";"2";"1";"0";"2";"8";"1";"5";""
"202400002223";"155777870";"B01";"2";"7";"0";"2";"1";"1";"1";""
"202400002223";"155777871";"A01";"2";"7";"2";"0";"4";"11";"1";""
"202400002224";"155777869";"A01";"1";"7";"1";"0";"8";"1";"1";""
"202400002225";"155777867";"B01";"1";"30";"0";"2";"1";"1";"1";""
"202400002225";"155777868";"A01";"1";"7";"0";"2";"3";"9";"1";""
"202400002226";"155777866";"A01";"2";"7";"13";"0";"1";"26";"1";""
"202400002227";"155777864";"A01";"0";"3";"0";"9";"1";"17";"0";""
"202400002227";"155777865";"B01";"0";"60";"0";"2";"1";"1";"0";""
"202400002228";"155777863";"A01";"3";"7";"0";"1";"1";"15";"1";""
"202400002229";"155777860";"A01";"1";"2";"8";"2";"2";"2";"1";""
"202400002229";"155777862";"B01";"1";"7";"0";"2";"3";"15";"1";""
"202400002230";"155777859";"A01";"2";"50";"0";"2";"1";"1";"3";""
"202400002230";"155777861";"B01";"2";"7";"0";"2";"3";"1";"1";""
"202400002231";"155777857";"A01";"2";"7";"2";"0";"2";"26";"1";""
"202400002232";"155777854";"A01";"2";"14";"0";"2";"3";"15";"1";""
"202400002232";"155777856";"B01";"3";"7";"0";"2";"8";"1";"1";""
"202400002233";"155777851";"B01";"1";"7";"0";"2";"2";"1";"1";""
"202400002233";"155777853";"A01";"3";"7";"0";"2";"2";"9";"1";""
"202400002233";"155777855";"C01";"1";"7";"0";"2";"1";"1";"2";""
"202400002234";"155777848";"A01";"3";"7";"0";"2";"3";"13";"2";""
"202400002234";"155777850";"B01";"3";"7";"0";"2";"3";"1";"1";""
"202400002234";"155777852";"C01";"3";"7";"0";"2";"1";"2";"1";""
"202400002235";"155777847";"A01";"1";"30";"0";"2";"7";"26";"1";""
"202400002235";"155777849";"Z01";"0";"7";"0";"2";"1";"11";"0";""
"202400002236";"155777846";"A01";"1";"3";"0";"1";"1";"15";"1";""
"202400002237";"155777842";"A01";"3";"1";"0";"2";"1";"1";"5";""
"202400002237";"155777844";"B01";"3";"1";"0";"2";"1";"1";"5";""
"202400002238";"155777838";"A01";"1";"7";"0";"2";"1";"2";"1";""
"202400002238";"155777840";"C01";"1";"7";"0";"2";"4";"2";"1";""
"202400002238";"155777841";"B01";"1";"10";"0";"2";"1";"2";"1";""
"202400002239";"155777837";"D01";"2";"10";"0";"2";"6";"1";"0";""
"202400002239";"155777839";"A01";"1";"7";"0";"2";"1";"5";"1";""
"202400002239";"155777843";"B01";"2";"10";"0";"2";"1";"1";"1";""
"202400002239";"155777845";"C01";"2";"7";"0";"2";"1";"1";"1";""
"202400002240";"155777835";"A01";"2";"7";"0";"2";"5";"15";"1";""
"202400002240";"155777836";"B01";"1";"2";"0";"2";"1";"1";"3";""
"202400002241";"155777833";"A01";"1";"7";"14";"0";"1";"26";"1";""
"202400002242";"155777832";"A01";"1";"7";"2";"0";"0";"0";"1";""
"202400002242";"155777834";"B01";"2";"7";"2";"0";"0";"0";"1";""
"202400002243";"155777831";"A01";"3";"7";"12";"0";"2";"9";"1";""
"202400002244";"155777829";"A01";"3";"10";"0";"1";"3";"1";"1";""
"202400002245";"155777828";"B01";"0";"7";"0";"2";"3";"1";"1";""
"202400002245";"155777830";"A01";"0";"32";"0";"2";"1";"17";"1";""
"202400002246";"155777826";"A01";"3";"7";"0";"2";"4";"1";"1";""
"202400002246";"155777827";"B01";"3";"32";"0";"2";"1";"1";"1";""
"202400002247";"155777823";"B01";"1";"7";"0";"2";"6";"2";"1";""
"202400002247";"155777825";"A01";"1";"7";"0";"2";"2";"2";"1";""
"202400002248";"155777822";"B01";"2";"7";"0";"2";"3";"1";"1";""
"202400002248";"155777824";"A01";"1";"10";"0";"2";"1";"5";"1";""
"202400002249";"155777820";"A01";"2";"2";"0";"2";"1";"2";"1";""
"202400002250";"155777818";"A01";"1";"7";"0";"2";"1";"9";"1";""
"202400002250";"155777821";"B01";"0";"10";"0";"2";"7";"1";"1";""
"202400002251";"155777816";"B01";"1";"7";"0";"2";"4";"1";"1";""
"202400002251";"155777817";"C01";"1";"7";"0";"2";"4";"1";"1";""
"202400002251";"155777819";"A01";"1";"7";"0";"2";"1";"1";"1";""
"202400002252";"155777815";"A01";"0";"2";"9";"0";"2";"14";"1";""
"202400002253";"155777813";"A01";"0";"7";"0";"2";"1";"2";"1";""
"202400002253";"155777814";"B01";"0";"7";"0";"2";"4";"2";"1";""
"202400002254";"155777812";"A01";"1";"1";"0";"0";"0";"1";"5";""
"202400002255";"155777809";"A01";"2";"10";"0";"2";"6";"0";"1";""
"202400002255";"155777811";"B01";"2";"7";"0";"2";"2";"0";"1";""
"202400002256";"155777808";"A01";"1";"15";"0";"2";"5";"12";"1";""
"202400002256";"155777810";"B01";"1";"7";"0";"2";"3";"1";"1";""
"202400002257";"155777805";"A01";"1";"13";"0";"2";"1";"15";"1";""
"202400002257";"155777806";"B01";"1";"33";"0";"2";"2";"1";"1";""
"202400002257";"155777807";"C01";"1";"33";"0";"2";"8";"1";"1";""
"202400002258";"155777804";"A01";"2";"34";"4";"0";"7";"2";"1";""
"202400002259";"155777800";"A01";"2";"7";"4";"0";"1";"26";"1";""
"202400002260";"155777799";"A01";"1";"7";"0";"2";"1";"2";"1";""
"202400002260";"155777801";"B01";"1";"7";"0";"2";"4";"1";"1";""
"202400002261";"155777797";"A01";"3";"7";"0";"2";"6";"10";"1";""
"202400002261";"155777798";"B01";"3";"33";"0";"2";"1";"2";"1";""
"202400002262";"155777792";"A01";"1";"7";"0";"2";"1";"1";"1";""
"202400002262";"155777794";"B01";"1";"7";"0";"2";"9";"12";"1";""
"202400002262";"155777796";"C01";"1";"7";"0";"2";"4";"23";"6";""
"202400002263";"155777791";"A01";"2";"7";"0";"2";"7";"15";"1";""
"202400002263";"155777795";"B01";"1";"10";"0";"2";"2";"1";"1";""
"202400002264";"155777790";"A01";"1";"7";"0";"2";"2";"16";"1";""
"202400002264";"155777793";"B01";"2";"1";"0";"2";"1";"1";"5";""
"202400002265";"155777789";"A01";"2";"7";"0";"0";"9";"1";"1";""
"202400002266";"155777786";"A01";"1";"10";"0";"2";"3";"15";"3";""
"202400002266";"155777787";"B01";"2";"32";"0";"2";"6";"15";"1";""
"202400002267";"155777785";"A01";"2";"7";"0";"2";"0";"1";"1";""
"202400002267";"155777788";"B01";"2";"15";"0";"2";"0";"0";"1";""
"202400002268";"155777783";"A01";"3";"7";"0";"2";"3";"15";"1";""
"202400002268";"155777784";"B01";"2";"2";"0";"2";"7";"17";"1";""
"202400002269";"155777782";"A01";"1";"7";"4";"0";"1";"0";"1";""
"202400002270";"155777779";"A01";"1";"7";"0";"1";"3";"1";"1";""
"202400002271";"155777776";"Z01";"1";"7";"0";"2";"3";"11";"1";""
"202400002271";"155777778";"A01";"1";"7";"0";"2";"5";"1";"2";""
"202400002271";"155777780";"B01";"1";"10";"0";"2";"6";"1";"1";""
"202400002271";"155777781";"C01";"1";"43";"0";"2";"0";"3";"1";""
"202400002272";"155777774";"A01";"2";"7";"0";"2";"1";"19";"1";""
"202400002272";"155777775";"B01";"3";"1";"0";"2";"5";"19";"5";""
"202400002273";"155777773";"A01";"3";"7";"1";"0";"1";"1";"1";""
"202400002274";"155777771";"A01";"2";"33";"0";"2";"8";"3";"1";""
"202400002274";"155777772";"B01";"2";"7";"0";"2";"2";"12";"1";""
"202400002275";"155777769";"B01";"1";"1";"0";"2";"1";"1";"5";""
"202400002275";"155777770";"A01";"1";"7";"0";"9";"3";"15";"1";""
"202400002276";"155777768";"A01";"0";"30";"0";"1";"1";"16";"3";""
"202400002277";"155777766";"A01";"1";"7";"0";"2";"5";"12";"1";""
"202400002277";"155777767";"B01";"1";"33";"0";"2";"5";"0";"1";""
"202400002278";"155777764";"A01";"1";"37";"0";"1";"2";"1";"1";"1"
"202400002279";"155777763";"B01";"3";"7";"0";"2";"3";"9";"0";""
"202400002279";"155777765";"A01";"3";"32";"0";"2";"7";"15";"1";""
"202400002280";"155777761";"A01";"2";"43";"0";"2";"8";"13";"1";""
"202400002280";"155777762";"B01";"2";"14";"0";"2";"7";"2";"1";""
"202400002281";"155777759";"B01";"1";"7";"0";"9";"5";"16";"1";""
"202400002281";"155777760";"A01";"1";"50";"0";"2";"1";"1";"3";""
"202400002282";"155777756";"A01";"1";"7";"0";"2";"2";"17";"1";""
"202400002282";"155777758";"B01";"1";"7";"0";"2";"3";"15";"1";""
"202400002283";"155777755";"A01";"2";"33";"0";"2";"3";"3";"1";""
"202400002283";"155777757";"B01";"2";"7";"0";"2";"5";"1";"1";""
"202400002284";"155777753";"A01";"1";"7";"0";"2";"2";"2";"1";""
"202400002284";"155777754";"B01";"1";"7";"0";"2";"6";"2";"1";""
"202400002285";"155777752";"A01";"3";"50";"0";"1";"1";"5";"3";""
"202400002286";"155777750";"B01";"2";"33";"0";"2";"8";"3";"1";""
"202400002286";"155777751";"A01";"2";"7";"0";"2";"2";"12";"1";""
"202400002287";"155777748";"A01";"1";"7";"0";"2";"3";"13";"1";""
"202400002287";"155777749";"B01";"2";"7";"0";"2";"3";"0";"1";""
"202400002288";"155777747";"A01";"3";"7";"0";"1";"1";"1";"1";""
"202400002289";"155777744";"B01";"1";"7";"0";"2";"4";"1";"1";""
"202400002289";"155777746";"A01";"1";"33";"0";"2";"1";"3";"1";""
"202400002290";"155777743";"A01";"1";"10";"0";"1";"1";"1";"1";""
"202400002291";"155777742";"A01";"3";"7";"0";"2";"1";"15";"1";""
"202400002291";"155777745";"B01";"3";"7";"0";"2";"1";"1";"1";""
"202400002292";"155777740";"A01";"1";"7";"3";"0";"2";"1";"1";""
"202400002293";"155777738";"B01";"2";"2";"0";"2";"2";"0";"1";""
"202400002293";"155777741";"A01";"2";"32";"0";"2";"1";"0";"1";""
"202400002294";"155777737";"B01";"3";"10";"0";"2";"1";"16";"1";""
"202400002294";"155777739";"A01";"3";"10";"0";"2";"1";"1";"1";""
"202400002295";"155777735";"A01";"1";"30";"0";"0";"7";"26";"1";""
"202400002296";"155777734";"A01";"1";"7";"0";"2";"5";"1";"1";""
"202400002296";"155777736";"B01";"1";"33";"0";"2";"1";"3";"1";""
"202400002297";"155777732";"A01";"1";"10";"0";"2";"7";"17";"1";""
"202400002297";"155777733";"B01";"1";"7";"0";"2";"3";"1";"1";""
"202400002298";"155777731";"A01";"1";"1";"8";"0";"1";"2";"5";""
"202400002299";"155777730";"A01";"0";"10";"0";"1";"1";"0";"1";""
"202400002300";"155777728";"A01";"2";"7";"0";"2";"1";"2";"1";""
"202400002300";"155777729";"B01";"2";"10";"0";"2";"4";"1";"3";""
"202400002301";"155777726";"A01";"1";"10";"0";"2";"2";"0";"1";""
"202400002301";"155777727";"B01";"1";"7";"0";"2";"4";"2";"1";""
"202400002302";"155777721";"A01";"2";"10";"0";"2";"1";"15";"1";""
"202400002302";"155777723";"B01";"1";"2";"0";"2";"8";"1";"1";""
"202400002303";"155777720";"A01";"1";"33";"0";"2";"1";"1";"1";""
"202400002303";"155777722";"B01";"1";"7";"0";"2";"4";"1";"1";""
"202400002304";"155777716";"B01";"1";"80";"0";"2";"3";"11";"3";""
"202400002304";"155777717";"A01";"1";"7";"0";"9";"2";"17";"1";""
"202400002305";"155777715";"A01";"1";"7";"9";"1";"1";"14";"2";""
"202400002306";"155777710";"A01";"1";"10";"0";"2";"1";"15";"1";""
"202400002306";"155777712";"B01";"2";"1";"0";"2";"1";"1";"5";""
"202400002307";"155777711";"C01";"1";"10";"0";"2";"5";"23";"2";""
"202400002307";"155777713";"B01";"1";"10";"0";"2";"6";"23";"1";""
"202400002307";"155777714";"A01";"1";"2";"0";"2";"1";"1";"3";""
"202400002308";"155777709";"A01";"1";"37";"0";"1";"1";"1";"2";"1"
"202400002309";"155777705";"B01";"3";"7";"0";"2";"3";"1";"1";""
"202400002309";"155777708";"A01";"3";"7";"0";"2";"1";"14";"1";""
"202400002310";"155777703";"B01";"2";"7";"0";"2";"8";"26";"1";""
"202400002310";"155777706";"A01";"2";"7";"0";"2";"7";"12";"1";""
"202400002311";"155777701";"A01";"2";"34";"0";"2";"2";"17";"1";""
"202400002311";"155777704";"B01";"2";"7";"0";"2";"3";"15";"1";""
"202400002312";"155777700";"B01";"3";"33";"0";"2";"1";"2";"1";""
"202400002312";"155777702";"A01";"3";"7";"0";"2";"2";"15";"1";""
"202400002313";"155777696";"A01";"2";"1";"0";"2";"1";"5";"5";""
"202400002313";"155777698";"B01";"1";"1";"0";"2";"1";"1";"5";""
"202400002314";"155777697";"A01";"1";"33";"0";"2";"2";"17";"1";""
"202400002314";"155777699";"B01";"2";"7";"0";"2";"1";"15";"1";""
"202400002315";"155777693";"C01";"1";"7";"0";"2";"4";"2";"1";""
"202400002315";"155777694";"A01";"1";"7";"0";"2";"1";"2";"1";""
"202400002315";"155777695";"B01";"1";"7";"0";"2";"4";"2";"1";""
"202400002316";"155777691";"A01";"1";"33";"0";"1";"1";"1";"1";""
"202400002317";"155777690";"B01";"1";"33";"0";"2";"4";"0";"1";""
"202400002317";"155777692";"A01";"1";"7";"0";"2";"1";"26";"1";""
"202400002318";"155777689";"A01";"2";"10";"1";"2";"2";"14";"1";""
"202400002319";"155777687";"Z01";"2";"10";"0";"1";"1";"1";"1";""
"202400002320";"155777688";"A01";"1";"2";"0";"0";"3";"26";"1";""
"202400002321";"155777685";"B01";"2";"50";"0";"2";"1";"2";"3";""
"202400002321";"155777686";"A01";"2";"7";"0";"9";"2";"16";"1";""
"202400002322";"155777682";"B01";"2";"80";"0";"2";"2";"10";"3";""
"202400002322";"155777684";"A01";"2";"32";"0";"2";"1";"1";"3";""
"202400002323";"155777681";"B01";"1";"7";"0";"2";"4";"0";"1";""
"202400002323";"155777683";"A01";"1";"33";"0";"2";"1";"2";"1";""
"202400002324";"155777680";"A01";"3";"37";"0";"1";"7";"16";"2";"1"
"202400002325";"155777674";"B01";"2";"7";"0";"2";"7";"17";"1";""
"202400002325";"155777677";"A01";"2";"7";"0";"2";"8";"1";"1";""
"202400002326";"155777675";"B01";"1";"1";"0";"2";"1";"1";"5";""
"202400002326";"155777679";"A01";"2";"50";"0";"2";"8";"15";"3";""
"202400002327";"155777672";"C01";"1";"7";"0";"2";"4";"2";"1";""
"202400002327";"155777676";"A01";"1";"13";"1";"0";"1";"2";"1";""
"202400002327";"155777678";"B01";"1";"7";"0";"2";"4";"2";"1";""
"202400002328";"155777671";"B01";"2";"7";"0";"2";"3";"15";"2";""
"202400002328";"155777673";"A01";"2";"30";"0";"2";"0";"0";"1";""
"202400002329";"155777668";"A01";"1";"10";"0";"2";"1";"2";"1";""
"202400002329";"155777670";"B01";"1";"7";"0";"2";"4";"2";"1";""
"202400002330";"155777669";"Z01";"1";"1";"0";"1";"6";"9";"5";""
"202400002331";"155777667";"A01";"1";"7";"0";"1";"7";"1";"1";""
"202400002332";"155777666";"A01";"2";"7";"4";"0";"1";"13";"1";""
"202400002333";"155777661";"C01";"1";"7";"0";"2";"6";"1";"2";""
"202400002333";"155777663";"A01";"1";"7";"0";"2";"7";"12";"2";""
"202400002333";"155777665";"B01";"1";"34";"0";"2";"1";"3";"1";""
"202400002334";"155777662";"A01";"1";"1";"0";"2";"6";"12";"5";""
"202400002334";"155777664";"B01";"1";"32";"0";"0";"6";"1";"1";""
"202400002335";"155777659";"A01";"2";"7";"0";"1";"2";"1";"2";""
"202400002336";"155777658";"B01";"2";"7";"0";"2";"6";"11";"1";""
"202400002336";"155777660";"A01";"2";"7";"0";"2";"2";"12";"1";""
"202400002337";"155777656";"A01";"1";"30";"0";"0";"1";"3";"2";""
"202400002338";"155777657";"A01";"2";"10";"0";"1";"2";"1";"1";""
"202400002339";"155777654";"A01";"1";"7";"0";"2";"7";"15";"2";""
"202400002339";"155777655";"B01";"2";"80";"0";"2";"3";"1";"3";""
"202400002340";"155777649";"A01";"2";"7";"0";"2";"2";"15";"1";""
"202400002340";"155777653";"B01";"1";"2";"0";"2";"1";"1";"1";""
"202400002341";"155777647";"A01";"1";"50";"0";"2";"4";"1";"3";""
"202400002341";"155777652";"Z01";"1";"7";"0";"2";"1";"1";"1";""
"202400002342";"155777645";"A01";"1";"7";"0";"2";"3";"15";"3";""
"202400002342";"155777648";"B01";"1";"31";"0";"2";"3";"15";"1";""
"202400002343";"155777646";"B01";"2";"33";"0";"2";"1";"1";"1";""
"202400002343";"155777650";"C01";"2";"33";"0";"2";"1";"1";"1";""
"202400002343";"155777651";"A01";"2";"37";"0";"2";"6";"1";"0";"1"
"202400002344";"155777644";"A01";"2";"33";"4";"0";"3";"1";"1";""
"202400002345";"155777642";"A01";"0";"10";"0";"2";"1";"15";"0";""
"202400002345";"155777643";"B01";"0";"10";"0";"2";"3";"1";"0";""
"202400002346";"155777640";"B01";"3";"50";"0";"2";"8";"19";"3";""
"202400002346";"155777641";"A01";"3";"7";"0";"2";"2";"1";"2";""
"202400002347";"155777639";"A01";"3";"10";"0";"1";"1";"1";"1";""
"202400002348";"155777638";"Z01";"1";"1";"0";"1";"1";"19";"5";""
"202400002349";"155777635";"A01";"2";"10";"0";"2";"2";"15";"1";""
"202400002349";"155777637";"B01";"1";"1";"0";"2";"3";"1";"5";""
"202400002350";"155777631";"A01";"1";"7";"0";"2";"1";"15";"1";""
"202400002350";"155777636";"B01";"1";"10";"0";"2";"5";"1";"1";""
"202400002351";"155777630";"A01";"3";"34";"0";"2";"4";"2";"1";""
"202400002351";"155777633";"B01";"3";"7";"0";"2";"0";"0";"0";""
"202400002352";"155777632";"B01";"2";"7";"0";"2";"2";"15";"1";""
"202400002352";"155777634";"A01";"1";"7";"0";"2";"1";"1";"1";""
"202400002353";"155777627";"A01";"1";"1";"2";"0";"1";"14";"5";""
"202400002354";"155777625";"A01";"1";"33";"0";"2";"4";"12";"1";""
"202400002354";"155777628";"B01";"1";"7";"0";"2";"1";"2";"1";""
"202400002355";"155777624";"B01";"3";"10";"12";"2";"4";"2";"1";""
"202400002355";"155777626";"A01";"3";"7";"12";"2";"1";"2";"1";""
"202400002356";"155777623";"B01";"1";"31";"0";"2";"3";"23";"1";""
"202400002356";"155777629";"A01";"2";"1";"0";"2";"1";"1";"5";""
"202400002357";"155777622";"A01";"1";"7";"1";"0";"1";"14";"1";""
"202400002358";"155777621";"A01";"2";"7";"0";"1";"3";"26";"3";""
"202400002359";"155777620";"A01";"1";"7";"10";"0";"4";"10";"1";""
"202400002360";"155777617";"B01";"0";"33";"0";"2";"1";"1";"1";""
"202400002360";"155777619";"A01";"0";"10";"0";"2";"5";"15";"3";""
"202400002361";"155777616";"B01";"2";"33";"0";"2";"2";"1";"1";""
"202400002361";"155777618";"A01";"2";"7";"0";"2";"3";"23";"1";""
"202400002362";"155777613";"A01";"3";"37";"0";"2";"5";"16";"6";"1"
"202400002362";"155777615";"B01";"3";"7";"0";"2";"3";"0";"1";""
"202400002363";"155777610";"A01";"0";"7";"0";"2";"1";"15";"1";""
"202400002363";"155777614";"B01";"0";"7";"0";"2";"1";"1";"3";""
"202400002364";"155777611";"A01";"1";"32";"4";"0";"3";"17";"1";""
"202400002365";"155777609";"B01";"3";"7";"0";"2";"1";"21";"1";""
"202400002365";"155777612";"A01";"3";"10";"0";"2";"6";"24";"1";""
"202400002366";"155777608";"A01";"0";"7";"0";"1";"2";"19";"1";""
"202400002367";"155777604";"B01";"0";"7";"0";"2";"3";"15";"1";""
"202400002367";"155777607";"A01";"2";"80";"0";"2";"1";"1";"3";""
"202400002368";"155777605";"A01";"1";"1";"0";"1";"1";"1";"5";""
"202400002369";"155777602";"A01";"1";"7";"0";"2";"3";"22";"0";""
"202400002369";"155777603";"B01";"1";"1";"1";"2";"2";"1";"5";""
"202400002370";"155777601";"A01";"2";"7";"0";"2";"8";"10";"2";""
"202400002370";"155777606";"B01";"2";"7";"0";"2";"1";"0";"2";""
"202400002371";"155777599";"A01";"1";"7";"6";"0";"1";"1";"1";""
"202400002372";"155777597";"Z01";"1";"7";"0";"1";"4";"4";"1";""
"202400002373";"155777598";"A01";"2";"80";"0";"2";"1";"5";"3";""
"202400002373";"155777600";"B01";"1";"33";"0";"2";"5";"4";"1";""
"202400002374";"155777596";"A01";"3";"10";"1";"0";"1";"1";"3";""
"202400002375";"155777593";"B01";"3";"7";"0";"2";"5";"15";"1";""
"202400002375";"155777595";"A01";"3";"32";"0";"2";"1";"1";"1";""
"202400002376";"155777594";"A01";"3";"10";"0";"1";"2";"16";"1";""
"202400002377";"155777591";"A01";"2";"7";"0";"1";"1";"1";"2";""
"202400002378";"155777590";"B01";"1";"1";"0";"2";"5";"2";"5";""
"202400002378";"155777592";"A01";"1";"10";"0";"2";"0";"1";"0";""
"202400002379";"155777589";"A01";"1";"7";"1";"0";"1";"1";"1";""
"202400002380";"155777588";"A01";"1";"1";"0";"0";"0";"1";"5";""
"202400002381";"155777586";"A01";"3";"7";"0";"1";"1";"15";"1";""
"202400002382";"155777583";"B01";"1";"33";"1";"2";"7";"1";"0";""
"202400002382";"155777585";"A01";"1";"7";"0";"2";"7";"1";"2";""
"202400002382";"155777587";"C01";"2";"7";"0";"2";"1";"0";"1";""
"202400002383";"155777582";"B01";"1";"2";"0";"2";"9";"1";"1";""
"202400002383";"155777584";"A01";"2";"7";"0";"2";"3";"15";"1";""
"202400002384";"155777580";"A01";"1";"50";"0";"0";"0";"1";"3";""
"202400002385";"155777579";"A01";"3";"1";"0";"2";"8";"19";"5";""
"202400002385";"155777581";"B01";"1";"10";"0";"2";"1";"1";"1";""
"202400002386";"155777578";"A01";"1";"7";"0";"1";"2";"2";"1";""
"202400002387";"155777576";"A01";"2";"7";"0";"2";"1";"1";"1";""
"202400002387";"155777577";"B01";"2";"1";"0";"2";"1";"1";"5";""
"202400002388";"155777573";"A01";"2";"7";"0";"2";"1";"13";"1";""
"202400002388";"155777575";"B01";"1";"7";"0";"2";"1";"1";"1";""
"202400002389";"155777572";"A01";"0";"7";"0";"0";"1";"1";"0";""
"202400002389";"155777574";"B01";"0";"1";"0";"0";"7";"19";"5";""
"202400002390";"155777570";"A01";"1";"10";"0";"1";"4";"4";"1";""
"202400002391";"155777569";"B01";"2";"1";"0";"2";"3";"15";"5";""
"202400002391";"155777571";"A01";"1";"7";"0";"2";"2";"1";"1";""
"202400002392";"155777564";"A01";"2";"7";"0";"2";"3";"15";"1";""
"202400002392";"155777566";"B01";"1";"33";"6";"2";"3";"1";"1";""
"202400002393";"155777563";"B01";"1";"50";"0";"2";"2";"1";"3";""
"202400002393";"155777568";"A01";"1";"7";"0";"2";"3";"10";"1";""
"202400002394";"155777565";"B01";"1";"7";"0";"2";"4";"1";"1";""
"202400002394";"155777567";"A01";"1";"30";"0";"2";"1";"2";"1";""
"202400002395";"155777562";"A01";"2";"7";"2";"0";"1";"1";"1";""
"202400002396";"155777560";"A01";"2";"50";"0";"1";"1";"1";"3";""
"202400002397";"155777561";"A01";" -1";"99";" -1";" -1";"7";" -1";" -1";""
"202400002398";"155777557";"A01";"3";"1";"0";"0";"0";"1";"5";""
"202400002399";"155777559";"A01";"1";"7";"13";"0";"0";"0";"1";""
"202400002400";"155777555";"A01";"2";"7";"0";"2";"1";"1";"1";""
"202400002400";"155777558";"B01";"1";"7";"0";"2";"3";"9";"1";""
"202400002401";"155777554";"A01";"1";"50";"0";"2";"1";"1";"3";""
"202400002401";"155777556";"B01";"1";"7";"0";"2";"5";"1";"1";""
"202400002402";"155777553";"A01";"3";"7";"0";"0";"9";"0";"1";""
"202400002403";"155777552";"A01";"3";"7";"0";"1";"1";"1";"1";""
"202400002404";"155777549";"A01";"2";"33";"15";"0";"3";"1";"1";""
"202400002405";"155777550";"A01";"0";"7";"0";"2";"1";"1";"1";""
"202400002405";"155777551";"B01";"0";"7";"0";"0";"4";"1";"1";""
"202400002406";"155777547";"A01";"1";"7";"0";"2";"1";"4";"1";""
"202400002406";"155777548";"B01";"2";"32";"0";"2";"1";"0";"1";""
"202400002407";"155777544";"A01";"2";"7";"0";"2";"1";"9";"1";""
"202400002407";"155777546";"B01";"1";"1";"0";"2";"1";"1";"5";""
"202400002408";"155777545";"A01";"1";"33";"0";"0";"0";"1";"1";""
"202400002409";"155777542";"B01";"3";"50";"0";"2";"7";"19";"3";""
"202400002409";"155777543";"A01";"3";"7";"0";"2";"1";"1";"2";""
"202400002410";"155777539";"A01";"2";"7";"1";"2";"1";"1";"1";""
"202400002410";"155777540";"D01";"2";"7";"0";"2";"4";"1";"1";""
"202400002410";"155777541";"B01";"2";"7";"1";"2";"4";"1";"1";""
"202400002411";"155777538";"A01";"2";"7";"13";"0";"0";"16";"1";""
"202400002412";"155777537";"A01";"1";"7";"0";"1";"3";"15";"1";""
"202400002413";"155777533";"B01";"1";"1";"0";"9";"1";"1";"5";""
"202400002413";"155777534";"A01";"2";"50";"12";"9";"1";"13";"3";""
"202400002414";"155777532";"A01";"1";"7";"0";"2";"8";"14";"1";""
"202400002414";"155777535";"B01";"2";"33";"0";"2";"8";"13";"1";""
"202400002415";"155777531";"A01";"2";"7";"0";"1";"1";"1";"0";""
"202400002416";"155777528";"A01";"1";"7";"0";"2";"1";"15";"1";""
"202400002416";"155777530";"B01";"2";"1";"0";"2";"1";"1";"5";""
"202400002417";"155777526";"B01";"1";"39";"0";"2";"3";"1";"6";""
"202400002417";"155777529";"A01";"1";"7";"8";"4";"2";"16";"1";""
"202400002418";"155777525";"A01";"2";"7";"0";"2";"3";"1";"1";""
"202400002418";"155777527";"B01";"2";"7";"0";"2";"5";"1";"1";""
"202400002419";"155777520";"Z01";"1";"1";"0";"1";"2";"1";"0";""
"202400002420";"155777522";"B01";"3";"7";"0";"2";"4";"1";"2";""
"202400002420";"155777524";"A01";"3";"7";"0";"2";"1";"2";"1";""
"202400002421";"155777521";"A01";"2";"32";"0";"2";"8";"1";"1";""
"202400002421";"155777523";"B01";"1";"10";"0";"2";"8";"1";"1";""
"202400002422";"155777519";"A01";"2";"50";"0";"0";"0";"2";"3";""
"202400002423";"155777518";"A01";"1";"7";"8";"0";"2";"14";"1";""
"202400002424";"155777516";"A01";"2";"7";"0";"9";"2";"10";"1";""
"202400002424";"155777517";"B01";"1";"1";"0";"2";"3";"1";"5";""
"202400002425";"155777513";"A01";"2";"7";"0";"2";"7";"1";"1";""
"202400002425";"155777515";"B01";"1";"43";"0";"2";"1";"1";"1";""
"202400002426";"155777512";"A01";"1";"10";"13";"0";"2";"0";"1";""
"202400002427";"155777511";"B01";"3";"60";"0";"2";"8";"1";"5";""
"202400002427";"155777514";"A01";"2";"7";"0";"9";"1";"9";"1";""
"202400002428";"155777510";"A01";"1";"33";"0";"1";"1";"1";"1";""
"202400002429";"155777508";"B01";"2";"33";"0";"2";"1";"1";"1";""
"202400002429";"155777509";"A01";"1";"7";"0";"2";"3";"13";"1";""
"202400002430";"155777506";"Z01";"2";"7";"0";"2";"2";"16";"0";""
"202400002430";"155777507";"B01";"2";"33";"0";"2";"8";"18";"1";""
"202400002431";"155777504";"A01";"1";"7";"0";"1";"2";"16";"0";""
"202400002432";"155777502";"A01";"1";"7";"0";"2";"1";"13";"1";""
"202400002432";"155777505";"B01";"2";"7";"0";"2";"1";"1";"1";""
"202400002433";"155777503";"A01";"1";"7";"0";"1";"0";"1";"1";""
"202400002434";"155777499";"A01";"3";"10";"0";"1";"2";"0";"0";""
"202400002435";"155777498";"B01";"1";"7";"0";"2";"5";"15";"1";""
"202400002435";"155777500";"A01";"2";"33";"0";"2";"1";"1";"1";""
"202400002436";"155777497";"A01";"1";"10";"0";"2";"6";"22";"1";""
"202400002436";"155777501";"B01";"1";"33";"1";"0";"1";"1";"1";""
"202400002437";"155777495";"A01";"3";"7";"2";"0";"1";"14";"1";""
"202400002438";"155777494";"B01";"1";"7";"0";"0";"4";"1";"1";""
"202400002438";"155777496";"A01";"1";"7";"0";"2";"1";"1";"1";""
"202400002439";"155777492";"B01";"1";"60";"0";"2";"3";"0";"5";""
"202400002439";"155777493";"A01";"1";"10";"0";"2";"2";"16";"2";""
"202400002440";"155777490";"A01";"1";"7";"1";"1";"2";"1";"1";""
"202400002441";"155777487";"A01";"2";"7";"0";"2";"1";"2";"1";""
"202400002441";"155777489";"B01";"2";"7";"0";"2";"1";"2";"1";""
"202400002441";"155777491";"Z01";"2";"7";"0";"2";"4";"2";"0";""
"202400002442";"155777486";"A01";"3";"10";"0";"2";"1";"1";"1";""
"202400002442";"155777488";"B01";"3";"7";"0";"2";"1";"1";"1";""
"202400002443";"155777484";"B01";"3";"2";"13";"2";"8";"15";"1";""
"202400002443";"155777485";"A01";"1";"7";"13";"2";"1";"1";"1";""
"202400002444";"155777482";"A01";"1";"7";"6";"0";"3";"11";"1";""
"202400002445";"155777479";"A01";"1";"7";"0";"0";"6";"23";"1";""
"202400002445";"155777481";"B01";"1";"7";"1";"0";"2";"1";"1";""
"202400002445";"155777483";"C01";"1";"7";"13";"0";"4";"2";"1";""
"202400002446";"155777478";"A01";"2";"7";"0";"2";"1";"1";"1";""
"202400002446";"155777480";"B01";"1";"2";"0";"2";"1";"1";"1";""
"202400002447";"155777476";"A01";"1";"50";"0";"2";"1";"21";"3";""
"202400002447";"155777477";"B01";"0";"7";"0";"2";"2";"15";"1";""
"202400002448";"155777475";"A01";"0";"7";"8";"0";"0";"1";"1";""
"202400002449";"155777474";"A01";"2";"7";"0";"1";"2";"16";"1";""
"202400002450";"155777472";"A01";"2";"30";"0";"2";"1";"3";"1";""
"202400002450";"155777473";"B01";"1";"10";"0";"2";"1";"1";"1";""
"202400002451";"155777469";"B01";"2";"7";"0";"2";"8";"15";"1";""
"202400002451";"155777470";"A01";"2";"33";"0";"2";"1";"17";"1";""
"202400002452";"155777467";"B01";"3";"7";"0";"2";"8";"1";"1";""
"202400002452";"155777471";"A01";"3";"7";"0";"2";"1";"1";"1";""
"202400002453";"155777466";"A01";"1";"10";"0";"2";"1";"15";"1";""
"202400002453";"155777468";"B01";"2";"7";"0";"0";"0";"0";"3";""
"202400002454";"155777464";"A01";"1";"7";"0";"2";"3";"13";"1";""
"202400002454";"155777465";"B01";"2";"17";"0";"2";"8";"1";"1";""
"202400002455";"155777462";"B01";"3";"39";"0";"2";"1";"1";"1";""
"202400002455";"155777463";"A01";"3";"36";"0";"4";"8";"1";"1";""
"202400002456";"155777461";"A01";"1";"7";"8";"0";"1";"1";"1";""
"202400002457";"155777459";"A01";"2";"7";"0";"1";"4";"4";"1";""
"202400002458";"155777457";"A01";"2";"1";"14";"0";"3";"1";"5";""
"202400002459";"155777456";"C01";"2";"7";"0";"2";"8";"0";"1";""
"202400002459";"155777458";"A01";"1";"7";"0";"2";"1";"17";"1";""
"202400002459";"155777460";"B01";"2";"7";"0";"2";"1";"1";"1";""
"202400002460";"155777452";"B01";"2";"37";"0";"0";"0";"1";"1";"1"
"202400002460";"155777455";"A01";"1";"33";"12";"0";"7";"1";"1";""
"202400002461";"155777453";"A01";"1";"33";"6";"0";"0";"1";"1";""
"202400002462";"155777451";"B01";"2";"7";"0";"2";"6";"13";"1";""
"202400002462";"155777454";"A01";"2";"7";"0";"2";"2";"1";"1";""
"202400002463";"155777450";"A01";"2";"7";"13";"0";"1";"21";"1";""
"202400002464";"155777448";"A01";"2";"7";"0";"2";"3";"15";"1";""
"202400002464";"155777449";"B01";"2";"2";"0";"2";"2";"17";"3";""
"202400002465";"155777447";"A01";"1";"0";"0";"1";"0";"0";"0";""
"202400002466";"155777446";"A01";"1";"7";"13";"0";"7";"3";"1";""
"202400002467";"155777443";"A01";"1";"2";"0";"0";"9";"1";"1";""
"202400002468";"155777444";"A01";"1";"7";"0";"2";"8";"22";"2";""
"202400002468";"155777445";"B01";"1";"80";"0";"2";"1";"1";"3";""
"202400002469";"155777441";"B01";"2";"7";"0";"2";"1";"1";"1";""
"202400002469";"155777442";"A01";"1";"7";"0";"2";"7";"15";"1";""
"202400002470";"155777438";"A01";"1";"7";"0";"2";"1";"2";"1";""
"202400002470";"155777440";"B01";"1";"2";"0";"2";"4";"1";"1";""
"202400002471";"155777437";"B01";"2";"10";"1";"2";"5";"24";"1";""
"202400002471";"155777439";"A01";"2";"7";"0";"2";"2";"2";"2";""
"202400002472";"155777436";"A01";"1";"7";"7";"0";"3";"13";"2";""
"202400002473";"155777434";"A01";"1";"7";"0";"0";"9";"14";"1";""
"202400002474";"155777433";"A01";"1";"2";"0";"0";"0";"15";"3";""
"202400002475";"155777435";"A01";"2";"7";"0";"0";"0";"1";"1";""
"202400002476";"155777430";"A01";"2";"7";"0";"2";"3";"2";"1";""
"202400002476";"155777431";"B01";"2";"7";"0";"2";"3";"17";"1";""
"202400002476";"155777432";"C01";"2";"7";"0";"2";"5";"17";"3";""
"202400002477";"155777428";"A01";"1";"10";"0";"2";"1";"1";"1";""
"202400002477";"155777429";"B01";"0";"10";"0";"2";"8";"19";"1";""
"202400002478";"155777425";"A01";"2";"7";"1";"0";"1";"2";"1";""
"202400002478";"155777427";"B01";"2";"7";"0";"2";"4";"1";"1";""
"202400002479";"155777423";"B01";"1";"1";"0";"2";"1";"15";"5";""
"202400002479";"155777426";"A01";"1";"7";"0";"2";"3";"9";"1";""
"202400002480";"155777422";"B01";"2";"7";"0";"2";"1";"1";"1";""
"202400002480";"155777424";"A01";"1";"10";"0";"2";"1";"13";"1";""
"202400002481";"155777421";"A01";"2";"1";"0";"0";"0";"0";"5";""
"202400002482";"155777418";"B01";"1";"1";"0";"2";"6";"1";"5";""
"202400002482";"155777420";"A01";"1";"7";"0";"2";"2";"17";"0";""
"202400002483";"155777416";"A01";"1";"7";"16";"0";"7";"16";"1";""
"202400002484";"155777417";"A01";"1";"7";"0";"2";"2";"26";"1";""
"202400002484";"155777419";"B01";"1";"7";"0";"2";"2";"26";"1";""
"202400002485";"155777415";"A01";"1";"7";"15";"0";"2";"0";"3";""
"202400002486";"155777414";"A01";"3";"33";"0";"1";"3";"1";"1";""
"202400002487";"155777411";"B01";"1";"7";"0";"2";"3";"13";"1";""
"202400002487";"155777413";"A01";"2";"7";"0";"2";"3";"1";"1";""
"202400002488";"155777410";"B01";"3";"7";"0";"2";"4";"1";"1";""
"202400002488";"155777412";"A01";"0";"7";"0";"2";"1";"1";"1";""
"202400002489";"155777406";"A01";"2";"2";"13";"0";"1";"0";"1";""
"202400002490";"155777407";"B01";"1";"33";"0";"2";"3";"0";"1";""
"202400002490";"155777409";"A01";"1";"7";"0";"2";"1";"15";"1";""
"202400002491";"155777404";"C01";"1";"7";"0";"2";"6";"1";"1";""
"202400002491";"155777405";"A01";"1";"31";"0";"2";"1";"5";"1";""
"202400002491";"155777408";"B01";"2";"10";"0";"2";"3";"1";"1";""
"202400002492";"155777402";"A01";"1";"10";"0";"2";"2";"2";"1";""
"202400002493";"155777400";"A01";"1";"7";"0";"2";"3";"20";"1";""
"202400002493";"155777403";"B01";"1";"32";"0";"2";"0";"1";"1";""
"202400002494";"155777399";"A01";"1";"7";"15";"4";"7";"1";"1";""
"202400002494";"155777401";"B01";"3";"39";"0";"2";"1";"1";"1";""
"202400002495";"155777398";"A01";"1";"7";"13";"0";"1";"13";"1";""
"202400002496";"155777397";"A01";"3";"7";"1";"1";"4";"20";"1";""
"202400002497";"155777394";"A01";"2";"7";"0";"9";"3";"9";"0";""
"202400002497";"155777396";"B01";"2";"1";"0";"2";"5";"1";"5";""
"202400002498";"155777393";"A01";"1";"7";"8";"0";"1";"14";"1";""
"202400002499";"155777392";"A01";"2";"7";"0";"2";"3";"13";"1";""
"202400002499";"155777395";"B01";"1";"7";"0";"2";"3";"1";"1";""
"202400002500";"155777386";"A01";"2";"7";"0";"2";"1";"15";"2";""
"202400002500";"155777390";"B01";"1";"7";"0";"2";"1";"1";"1";""
"202400002501";"155777388";"B01";"1";"7";"0";"2";"3";"1";"1";""
"202400002501";"155777391";"A01";"2";"7";"0";"2";"2";"15";"1";""
"202400002502";"155777384";"A01";"2";"31";"0";"2";"1";"17";"1";""
"202400002502";"155777385";"B01";"1";"33";"0";"2";"1";"17";"1";""
"202400002502";"155777387";"C01";"1";"33";"0";"2";"1";"21";"1";""
"202400002502";"155777389";"D01";"1";"7";"0";"2";"8";"1";"1";""
"202400002503";"155777383";"A01";"0";"1";"1";"0";"3";"26";"5";""
"202400002504";"155777380";"A01";"2";"7";"0";"2";"6";"15";"1";""
"202400002504";"155777382";"B01";"2";"2";"0";"2";"1";"1";"1";""
"202400002505";"155777379";"B01";"2";"1";"0";"2";"5";"2";"5";""
"202400002505";"155777381";"A01";"2";"7";"0";"2";"3";"2";"1";""
"202400002506";"155777377";"B01";"2";"7";"0";"0";"8";"1";"2";""
"202400002506";"155777378";"A01";"2";"7";"9";"2";"1";"1";"1";""
"202400002507";"155777375";"A01";"1";"33";"10";"0";"9";"1";"1";""
"202400002508";"155777374";"A01";"1";"7";"1";"1";"1";"1";"2";""
"202400002509";"155777373";"A01";"2";"7";"2";"0";"8";"13";"1";""
"202400002510";"155777372";"A01";"3";"2";"6";"0";"8";"1";"1";""
"202400002511";"155777369";"A01";"2";"32";"0";"2";"4";"15";"1";""
"202400002511";"155777371";"B01";"2";"7";"0";"2";"1";"2";"2";""
"202400002512";"155777368";"A01";"3";"7";"0";"2";"3";"13";"1";""
"202400002512";"155777370";"B01";"3";"7";"0";"2";"3";"1";"1";""
"202400002513";"155777367";"A01";"2";"7";"0";"1";"5";"14";"0";""
"202400002514";"155777365";"B01";"3";"21";"0";"2";"3";"1";"1";""
"202400002514";"155777366";"A01";"3";"7";"0";"2";"3";"13";"1";""
"202400002515";"155777362";"B01";"1";"80";"0";"2";"7";"1";"3";""
"202400002515";"155777364";"A01";"1";"7";"0";"2";"8";"22";"1";""
"202400002516";"155777361";"A01";"1";"32";"0";"2";"3";"13";"1";""
"202400002516";"155777363";"B01";"1";"7";"0";"2";"7";"17";"1";""
"202400002517";"155777360";"A01";"2";"2";"2";"0";"1";"1";"1";""
"202400002518";"155777358";"A01";"1";"7";"2";"0";"2";"0";"2";""
"202400002519";"155777357";"A01";"1";"7";"6";"0";"9";"1";"1";""
"202400002520";"155777356";"B01";"2";"7";"0";"2";"1";"26";"1";""
"202400002520";"155777359";"A01";"2";"31";"0";"2";"4";"26";"1";""
"202400002521";"155777354";"A01";"3";"7";"2";"0";"3";"1";"1";""
"202400002522";"155777353";"B01";"2";"1";"0";"0";"8";"1";"5";""
"202400002522";"155777355";"A01";"2";"7";"0";"2";"8";"0";"1";""
"202400002523";"155777350";"A01";"1";"33";"0";"0";"8";"1";"1";""
"202400002524";"155777349";"A01";"1";"7";"0";"2";"8";"1";"1";""
"202400002524";"155777352";"B01";"1";"7";"0";"2";"1";"19";"1";""
"202400002525";"155777351";"A01";"2";"17";"13";"0";"7";"1";"1";""
"202400002526";"155777348";"A01";"2";"7";"7";"0";"1";"2";"1";""
"202400002527";"155777345";"A01";"2";"1";"0";"2";"1";"19";"5";""
"202400002527";"155777346";"B01";"1";"7";"0";"2";"1";"1";"1";""
"202400002528";"155777342";"A01";"1";"7";"0";"0";"4";"1";"1";""
"202400002528";"155777344";"B01";"1";"7";"0";"2";"4";"1";"1";""
"202400002528";"155777347";"C01";"1";"7";"0";"2";"1";"1";"1";""
"202400002529";"155777341";"A01";"2";"2";"0";"2";"1";"19";"1";""
"202400002529";"155777343";"B01";"2";"7";"0";"2";"6";"15";"1";""
"202400002530";"155777339";"A01";"2";"3";"0";"2";"3";"5";"1";""
"202400002530";"155777340";"B01";"2";"7";"0";"2";"2";"2";"1";""
"202400002531";"155777337";"B01";"1";"7";"0";"0";"2";"1";"1";""
"202400002531";"155777338";"A01";"1";"2";"0";"2";"1";"19";"1";""
"202400002532";"155777336";"A01";"2";"10";"0";"1";"2";"2";"1";""
"202400002533";"155777334";"A01";"2";"7";"7";"0";"1";"1";"1";""
"202400002534";"155777333";"A01";"3";"7";"15";"0";"3";"14";"2";""
"202400002535";"155777332";"A01";"2";"7";"0";"2";"1";"15";"1";""
"202400002535";"155777335";"B01";"1";"10";"0";"2";"1";"1";"1";""
"202400002536";"155777330";"A01";"3";"2";"0";"0";"7";"2";"1";""
"202400002537";"155777328";"A01";"1";"33";"0";"2";"1";"1";"1";""
"202400002537";"155777331";"B01";"2";"7";"0";"2";"3";"1";"1";""
"202400002538";"155777327";"B01";"2";"33";"0";"0";"1";"17";"1";""
"202400002538";"155777329";"A01";"2";"10";"0";"0";"3";"15";"1";""
"202400002539";"155777326";"A01";"1";"7";"0";"0";"2";"2";"1";""
"202400002540";"155777324";"A01";"1";"7";"0";"2";"1";"2";"1";""
"202400002540";"155777325";"B01";"1";"7";"0";"2";"4";"2";"1";""
"202400002541";"155777321";"A01";"2";"7";"13";"0";"2";"14";"1";""
"202400002542";"155777320";"A01";"3";"7";"3";"2";"1";"1";"1";""
"202400002542";"155777322";"B01";"3";"10";"3";"2";"1";"1";"1";""
"202400002543";"155777317";"B01";"2";"7";"0";"2";"2";"1";"1";""
"202400002543";"155777319";"A01";"2";"7";"0";"2";"3";"19";"1";""
"202400002544";"155777316";"A01";"1";"7";"0";"2";"3";"13";"1";""
"202400002544";"155777318";"B01";"2";"14";"0";"2";"3";"1";"1";""
"202400002545";"155777315";"A01";"3";"30";"14";"0";"6";"1";"3";""
"202400002546";"155777312";"A01";"1";"14";"17";"0";"2";"14";"1";""
"202400002547";"155777311";"B01";"2";"21";"0";"2";"3";"15";"1";""
"202400002547";"155777313";"A01";"2";"7";"0";"2";"2";"17";"1";""
"202400002548";"155777308";"A01";"1";"7";"4";"2";"9";"0";"1";""
"202400002548";"155777310";"B01";"1";"7";"0";"2";"6";"1";"1";""
"202400002549";"155777309";"A01";"1";"7";"13";"0";"3";"0";"1";""
"202400002550";"155777305";"A01";"2";"7";"1";"0";"1";"13";"0";""
"202400002550";"155777307";"B01";"1";"10";"0";"2";"1";"24";"1";""
"202400002551";"155777304";"B01";"2";"2";"0";"0";"6";"1";"1";""
"202400002551";"155777306";"A01";"1";"10";"0";"2";"3";"15";"1";""
"202400002552";"155777302";"A01";"3";"7";"15";"0";"1";"1";"1";""
"202400002553";"155777301";"A01";"2";"10";"0";"2";"3";"1";"1";""
"202400002553";"155777303";"B01";"1";"7";"0";"2";"3";"13";"1";""
"202400002554";"155777298";"B01";"1";"7";"0";"2";"2";"1";"1";""
"202400002554";"155777300";"A01";"1";"7";"0";"2";"7";"16";"1";""
"202400002555";"155777297";"A01";"2";"7";"13";"0";"7";"1";"1";""
"202400002556";"155777296";"B01";"1";"10";"0";"2";"2";"0";"0";""
"202400002556";"155777299";"A01";"2";"7";"0";"2";"2";"0";"1";""
"202400002557";"155777292";"A01";"1";"7";"0";"2";"3";"2";"1";""
"202400002557";"155777294";"B01";"1";"30";"0";"2";"4";"13";"1";""
"202400002558";"155777293";"B01";"2";"7";"0";"2";"3";"1";"1";""
"202400002558";"155777295";"A01";"1";"7";"0";"2";"3";"15";"1";""
"202400002559";"155777291";"A01";"2";"7";"2";"0";"1";"13";"1";""
"202400002560";"155777290";"A01";"0";"7";"0";"6";"1";"0";"1";""
"202400002561";"155777289";"A01";"1";"33";"13";"0";"0";"1";"1";""
"202400002562";"155777287";"A01";"2";"7";"0";"2";"1";"15";"1";""
"202400002562";"155777288";"B01";"1";"7";"0";"2";"1";"1";"1";""
"202400002563";"155777286";"A01";"3";"36";"13";"0";"1";"1";"1";""
"202400002564";"155777285";"A01";"2";"33";"0";"0";"0";"0";"1";""
"202400002565";"155777283";"B01";"3";"7";"0";"2";"1";"13";"1";""
"202400002565";"155777284";"A01";"3";"7";"0";"2";"1";"1";"2";""
"202400002566";"155777278";"A01";"1";"7";"0";"0";"2";"1";"1";""
"202400002566";"155777280";"B01";"1";"7";"0";"0";"6";"0";"1";""
"202400002567";"155777279";"A01";"1";"2";"0";"2";"1";"2";"1";""
"202400002567";"155777281";"B01";"1";"7";"0";"2";"4";"2";"1";""
"202400002568";"155777277";"A01";"1";"1";"0";"0";"9";"1";"5";""
"202400002569";"155777276";"A01";"1";"7";"0";"1";"1";"15";"1";""
"202400002570";"155777274";"A01";"1";"7";"0";"0";"9";"1";"1";""
"202400002571";"155777273";"A01";"3";"10";"0";"2";"2";"15";"1";""
"202400002571";"155777275";"B01";"1";"33";"0";"2";"1";"1";"1";""
"202400002572";"155777272";"A01";"2";"31";"13";"0";"1";"1";"1";""
"202400002573";"155777269";"B01";"1";"15";"0";"2";"8";"15";"1";""
"202400002573";"155777270";"A01";"1";"7";"0";"2";"7";"17";"2";""
"202400002574";"155777268";"B01";"0";"33";"0";"2";"3";"15";"1";""
"202400002574";"155777271";"A01";"0";"7";"0";"2";"2";"1";"1";""
"202400002575";"155777266";"A01";"3";"33";"1";"0";"1";"21";"1";""
"202400002576";"155777265";"A01";"3";"7";"0";"2";"2";"17";"1";""
"202400002576";"155777267";"B01";"3";"1";"0";"2";"0";"1";"5";""
"202400002577";"155777264";"A01";"2";"7";"4";"0";"1";"13";"1";""
"202400002578";"155777262";"B01";"1";"7";"0";"2";"3";"1";"1";""
"202400002578";"155777263";"A01";"2";"7";"0";"2";"3";"15";"1";""
"202400002579";"155777261";"A01";"1";"7";"2";"0";"1";"13";"1";""
"202400002580";"155777260";"A01";"2";"7";"3";"0";"3";"1";"1";""
"202400002581";"155777257";"A01";"2";"33";"0";"2";"1";"13";"1";""
"202400002581";"155777259";"B01";"1";"7";"0";"2";"1";"15";"1";""
"202400002582";"155777256";"A01";"2";"33";"0";"2";"1";"12";"1";""
"202400002582";"155777258";"B01";"2";"7";"0";"2";"5";"12";"1";""
"202400002583";"155777255";"A01";"2";"2";"8";"0";"1";"1";"1";""
"202400002584";"155777251";"A01";"1";"7";"0";"2";"1";"1";"1";""
"202400002584";"155777253";"B01";"1";"7";"0";"2";"4";"1";"1";""
"202400002584";"155777254";"C01";"1";"7";"0";"2";"4";"1";"1";""
"202400002585";"155777250";"B01";"1";"32";"0";"2";"2";"1";"1";""
"202400002585";"155777252";"A01";"1";"7";"0";"9";"7";"11";"1";""
"202400002586";"155777247";"A01";"1";"7";"0";"2";"1";"1";"1";""
"202400002586";"155777249";"B01";"1";"7";"0";"2";"6";"1";"2";""
"202400002587";"155777246";"B01";"2";"15";"0";"2";"8";"2";"1";""
"202400002587";"155777248";"A01";"1";"10";"3";"2";"8";"2";"1";""
"202400002588";"155777245";"A01";"1";"33";"0";"0";"1";"0";"1";""
"202400002589";"155777244";"A01";"1";"7";"3";"0";"8";"0";"1";""
"202400002590";"155777241";"A01";"1";"10";"0";"2";"1";"2";"1";""
"202400002590";"155777243";"B01";"1";"7";"0";"2";"4";"2";"1";""
"202400002591";"155777240";"B01";"1";"7";"4";"2";"8";"1";"1";""
"202400002591";"155777242";"A01";"1";"7";"0";"2";"1";"17";"1";""
"202400002592";"155777238";"B01";"1";"7";"0";"2";"6";"2";"1";""
"202400002592";"155777239";"A01";"1";"33";"0";"2";"1";"2";"1";""
"202400002593";"155777237";"A01";"3";"2";"0";"0";"0";"1";"1";""
"202400002594";"155777234";"A01";"2";"7";"0";"2";"1";"5";"1";""
"202400002594";"155777236";"B01";"1";"7";"0";"2";"3";"5";"1";""
"202400002595";"155777233";"B01";"2";"7";"0";"2";"3";"2";"1";""
"202400002595";"155777235";"A01";"2";"33";"0";"2";"1";"14";"1";""
"202400002596";"155777230";"B01";"2";"7";"0";"2";"1";"1";"1";""
"202400002596";"155777232";"A01";"1";"7";"0";"2";"2";"15";"1";""
"202400002597";"155777231";"A01";"2";"7";"3";"9";"1";"1";"1";""
"202400002598";"155777229";"A01";"2";"17";"4";"0";"8";"1";"1";""
"202400002599";"155777227";"A01";"2";"31";"16";"0";"7";"1";"1";""
"202400002600";"155777225";"B01";"0";"1";"0";"0";"4";"2";"5";""
"202400002600";"155777226";"A01";"0";"7";"0";"2";"1";"2";"2";""
"202400002601";"155777223";"A01";"2";"7";"0";"0";"1";"1";"1";""
"202400002601";"155777224";"B01";"1";"7";"0";"2";"1";"1";"1";""
"202400002602";"155777222";"A01";"1";"33";"0";"1";"7";"17";"1";""
"202400002603";"155777220";"A01";"1";"32";"2";"0";"0";"0";"1";""
"202400002604";"155777219";"A01";"1";"7";"0";"9";"5";"15";"1";""
"202400002604";"155777221";"B01";"2";"1";"0";"2";"1";"1";"5";""
"202400002605";"155777216";"A01";"1";"7";"0";"2";"2";"2";"1";""
"202400002605";"155777218";"B01";"1";"1";"0";"2";"4";"2";"5";""
"202400002606";"155777215";"A01";"1";"32";"0";"2";"7";"15";"1";""
"202400002606";"155777217";"B01";"1";"7";"0";"2";"1";"2";"1";""
"202400002607";"155777214";"A01";"2";"33";"14";"0";"9";"1";"1";""
"202400002608";"155777212";"B01";"2";"7";"0";"2";"1";"13";"1";""
"202400002608";"155777213";"A01";"1";"7";"0";"2";"1";"1";"1";""
"202400002609";"155777209";"A01";"1";"7";"0";"2";"1";"1";"1";""
"202400002609";"155777211";"B01";"1";"50";"0";"2";"7";"26";"3";""
"202400002610";"155777208";"A01";"1";"7";"0";"2";"1";"1";"1";""
"202400002610";"155777210";"B01";"2";"7";"0";"2";"1";"1";"1";""
"202400002611";"155777206";"A01";"2";"1";"0";"0";"0";"0";"5";""
"202400002612";"155777207";"A01";"1";"7";"4";"0";"1";"0";"1";""
"202400002613";"155777203";"B01";"2";"7";"0";"2";"7";"17";"1";""
"202400002613";"155777205";"A01";"2";"2";"0";"2";"8";"2";"1";""
"202400002614";"155777202";"A01";"1";"7";"8";"2";"8";"0";"1";""
"202400002614";"155777204";"B01";"1";"7";"0";"2";"1";"1";"2";""
"202400002615";"155777199";"A01";"1";"7";"1";"0";"1";"14";"1";""
"202400002615";"155777200";"B01";"1";"20";"0";"2";"4";"23";"1";""
"202400002616";"155777198";"B01";"2";"7";"0";"2";"5";"1";"1";""
"202400002616";"155777201";"A01";"2";"1";"0";"2";"8";"1";"5";""
"202400002617";"155777196";"A01";"2";"7";"0";"2";"6";"11";"1";""
"202400002617";"155777197";"B01";"2";"33";"0";"2";"1";"3";"1";""
"202400002618";"155777194";"B01";"1";"7";"0";"2";"1";"1";"1";""
"202400002618";"155777195";"A01";"1";"30";"0";"2";"8";"1";"1";""
"202400002619";"155777192";"B01";"2";"33";"0";"2";"8";"0";"1";""
"202400002619";"155777193";"A01";"2";"10";"0";"2";"2";"14";"1";""
"202400002620";"155777189";"A01";"1";"7";"3";"2";"6";"18";"1";""
"202400002620";"155777191";"B01";"1";"7";"0";"2";"3";"0";"2";""
"202400002621";"155777188";"A01";"1";"10";"0";"2";"8";"20";"1";""
"202400002621";"155777190";"B01";"1";"7";"0";"2";"2";"1";"1";""
"202400002622";"155777184";"A01";"3";"7";"0";"2";"1";"2";"1";""
"202400002622";"155777187";"B01";"3";"7";"0";"2";"4";"11";"1";""
"202400002623";"155777183";"A01";"2";"7";"0";"2";"3";"11";"1";""
"202400002623";"155777185";"B01";"2";"7";"0";"2";"7";"1";"1";""
"202400002623";"155777186";"C01";"2";"7";"4";"2";"5";"1";"1";""
"202400002624";"155777180";"A01";"1";"7";"0";"2";"8";"11";"1";""
"202400002624";"155777181";"B01";"1";"33";"0";"2";"2";"3";"1";""
"202400002625";"155777179";"A01";"3";"7";"0";"2";"7";"2";"3";""
"202400002625";"155777182";"B01";"1";"7";"0";"2";"1";"2";"1";""
"202400002626";"155777178";"A01";"2";"33";"4";"0";"3";"15";"1";""
"202400002627";"155777176";"B01";"1";"34";"0";"2";"1";"1";"1";""
"202400002627";"155777177";"A01";"1";"7";"0";"2";"2";"1";"1";""
"202400002628";"155777172";"A01";"2";"7";"0";"2";"3";"11";"1";""
"202400002628";"155777174";"C01";"2";"7";"0";"2";"4";"1";"1";""
"202400002628";"155777175";"B01";"2";"33";"0";"2";"1";"3";"1";""
"202400002629";"155777173";"A01";"2";"1";"0";"0";"1";"26";"5";""
"202400002630";"155777171";"A01";"2";"32";"0";"0";"7";"1";"1";""
"202400002631";"155777169";"A01";"2";"7";"0";"2";"1";"15";"1";""
"202400002631";"155777170";"B01";"1";"7";"0";"2";"8";"1";"2";""
"202400002632";"155777167";"B01";"1";"10";"0";"2";"2";"14";"1";""
"202400002632";"155777168";"A01";"1";"33";"0";"2";"3";"3";"1";""
"202400002633";"155777166";"A01";"1";"30";"0";"0";"8";"26";"1";""
"202400002634";"155777164";"A01";"1";"33";"0";"1";"2";"1";"1";""
"202400002635";"155777163";"A01";"2";"7";"0";"2";"7";"12";"1";""
"202400002635";"155777165";"B01";"2";"32";"0";"2";"3";"3";"1";""
"202400002636";"155777162";"A01";"1";"50";"0";"1";"1";"1";"3";""
"202400002637";"155777158";"A01";"1";"7";"0";"2";"1";"12";"1";""
"202400002637";"155777160";"B01";"1";"7";"4";"2";"8";"1";"1";""
"202400002637";"155777161";"C01";"1";"7";"4";"2";"8";"1";"1";""
"202400002638";"155777157";"A01";"1";"7";"0";"2";"1";"13";"1";""
"202400002638";"155777159";"B01";"1";"31";"0";"2";"7";"17";"1";""
"202400002639";"155777154";"B01";"1";"33";"0";"2";"7";"3";"1";""
"202400002639";"155777156";"A01";"1";"7";"0";"2";"8";"13";"1";""
"202400002640";"155777151";"A01";"3";"7";"0";"1";"1";"16";"1";""
"202400002641";"155777147";"B01";"2";"2";"0";"2";"7";"1";"1";""
"202400002641";"155777149";"A01";"2";"7";"0";"2";"1";"9";"0";""
"202400002642";"155777144";"A01";"1";"33";"0";"6";"1";"0";"1";""
"202400002643";"155777145";"C01";"1";"7";"0";"2";"1";"1";"1";""
"202400002643";"155777146";"A01";"1";"7";"0";"2";"4";"1";"1";""
"202400002643";"155777148";"B01";"1";"7";"0";"2";"1";"1";"1";""
"202400002643";"155777150";"D01";"1";"7";"0";"2";"1";"2";"1";""
"202400002643";"155777152";"E01";"1";"7";"0";"2";"1";"2";"1";""
"202400002644";"155777141";"B01";"2";"7";"0";"0";"7";"26";"1";""
"202400002644";"155777143";"A01";"2";"7";"0";"2";"1";"1";"1";""
"202400002645";"155777142";"A01";"1";"10";"8";"0";"1";"13";"1";""
"202400002646";"155777140";"A01";"1";"7";"1";"2";"2";"14";"1";""
"202400002647";"155777139";"A01";"3";"7";"4";"0";"1";"13";"1";""
"202400002648";"155777137";"A01";"1";"30";"0";"2";"1";"1";"1";""
"202400002648";"155777138";"B01";"1";"7";"0";"2";"6";"0";"1";""
"202400002649";"155777136";"A01";"1";"7";"13";"0";"1";"14";"2";""
"202400002650";"155777135";"A01";"0";"7";"2";"0";"9";"16";"1";""
"202400002651";"155777134";"A01";"1";"10";"15";"0";"9";"6";"1";""
"202400002652";"155777132";"B01";"2";"7";"0";"2";"1";"1";"3";""
"202400002652";"155777133";"A01";"1";"7";"0";"2";"2";"19";"1";""
"202400002653";"155777131";"A01";"0";"7";"0";"1";"1";"11";"0";""
"202400002654";"155777129";"A01";"1";"7";"0";"2";"3";"1";"1";""
"202400002654";"155777130";"B01";"2";"7";"0";"2";"3";"13";"1";""
"202400002655";"155777128";"A01";"1";"32";"0";"1";"0";"0";"3";""
"202400002656";"155777124";"A01";"1";"33";"0";"2";"2";"14";"1";""
"202400002656";"155777125";"B01";"1";"7";"0";"0";"5";"2";"1";""
"202400002657";"155777122";"B01";"2";"7";"0";"2";"4";"1";"1";""
"202400002657";"155777123";"A01";"2";"10";"0";"2";"5";"1";"1";""
"202400002658";"155777121";"A01";"1";"37";"0";"1";"1";"15";"1";"1"
"202400002659";"155777119";"B01";"2";"1";"1";"0";"3";"21";"5";""
"202400002659";"155777120";"A01";"2";"7";"1";"2";"5";"22";"2";""
"202400002660";"155777117";"B01";"2";"7";"0";"2";"5";"1";"1";""
"202400002660";"155777118";"A01";"2";"33";"0";"2";"1";"9";"1";""
"202400002661";"155777116";"A01";"2";"7";"1";"0";"7";"1";"2";""
"202400002662";"155777114";"A01";"2";"1";"0";"2";"1";"1";"5";""
"202400002662";"155777115";"B01";"1";"80";"0";"2";"1";"1";"3";""
"202400002663";"155777112";"B01";"1";"50";"6";"0";"2";"19";"3";""
"202400002663";"155777113";"A01";"1";"7";"6";"0";"1";"19";"2";""
"202400002664";"155777110";"A01";"2";"50";"0";"2";"5";"15";"3";""
"202400002664";"155777111";"B01";"2";"2";"0";"2";"3";"15";"3";""
"202400002665";"155777109";"A01";"2";"80";"0";"1";"1";"1";"3";""
"202400002666";"155777107";"B01";"3";"33";"0";"2";"0";"2";"0";""
"202400002666";"155777108";"A01";"3";"33";"0";"2";"0";"0";"1";""
"202400002667";"155777106";"A01";"2";"31";"0";"2";"1";"1";"1";""
"202400002668";"155777104";"B01";"0";"7";"0";"2";"0";"0";"1";""
"202400002668";"155777105";"A01";"1";"7";"0";"2";"1";"9";"1";""
"202400002669";"155777102";"A01";"2";"7";"0";"2";"3";"22";"2";""
"202400002669";"155777103";"B01";"2";"1";"0";"2";"1";"1";"5";""
"202400002670";"155777101";"A01";"2";"7";"2";"0";"7";"1";"1";""
"202400002671";"155777100";"A01";"2";"2";"0";"0";"0";"1";"1";""
"202400002672";"155777098";"A01";"1";"33";"0";"2";"5";"17";"1";""
"202400002672";"155777099";"B01";"1";"7";"0";"2";"3";"1";"1";""
"202400002673";"155777097";"A01";"2";"7";"7";"0";"2";"1";"1";""
"202400002674";"155777095";"A01";"2";"7";"0";"2";"5";"19";"1";""
"202400002674";"155777096";"B01";"1";"7";"0";"2";"2";"1";"3";""
"202400002675";"155777094";"B01";"1";"7";"3";"0";"7";"17";"1";""
"202400002676";"155777093";"A01";"0";"36";"2";"0";"2";"0";"1";""
"202400002677";"155777092";"A01";"2";"7";"15";"0";"1";"1";"1";""
"202400002678";"155777091";"A01";"1";"2";"12";"0";"0";"14";"1";""
"202400002679";"155777090";"A01";"1";"7";"3";"0";"1";"1";"1";""
"202400002680";"155777089";"A01";"1";"33";"0";"0";"7";"1";"1";""
"202400002681";"155777087";"A01";"2";"7";"0";"4";"8";"26";"1";""
"202400002681";"155777088";"B01";"1";"39";"0";"2";"1";"0";"3";""
"202400002682";"155777084";"A01";"1";"7";"0";"2";"1";"17";"1";""
"202400002682";"155777085";"C01";"2";"7";"0";"2";"1";"1";"1";""
"202400002682";"155777086";"B01";"1";"7";"0";"2";"8";"1";"2";""
"202400002683";"155777083";"A01";"2";"7";"0";"0";"1";"21";"1";""
"202400002684";"155777081";"B01";"1";"1";"0";"2";"1";"1";"5";""
"202400002684";"155777082";"A01";"2";"7";"0";"2";"2";"19";"1";""
"202400002685";"155777079";"A01";"2";"33";"0";"2";"7";"1";"1";""
"202400002685";"155777080";"B01";"2";"7";"0";"2";"3";"9";"1";""
"202400002686";"155777078";"A01";"1";"7";"0";"1";"2";"1";"1";""
"202400002687";"155777077";"A01";"1";"50";"0";"0";"1";"1";"3";""
"202400002688";"155777076";"A01";"1";"33";"13";"0";"8";"1";"1";""
"202400002689";"155777074";"A01";"2";"33";"0";"2";"1";"21";"1";""
"202400002689";"155777075";"B01";"2";"7";"0";"2";"3";"9";"1";""
"202400002690";"155777072";"A01";"1";"33";"0";"0";"9";"2";"1";""
"202400002691";"155777070";"A01";"1";"32";"0";"2";"1";"13";"1";""
"202400002691";"155777071";"B01";"2";"7";"0";"2";"3";"1";"1";""
"202400002692";"155777069";"A01";"2";"7";"13";"0";"2";"0";"1";""
"202400002693";"155777068";"A01";"3";"7";"0";"1";"6";"1";"1";""
"202400002694";"155777067";"A01";"1";"15";"0";"1";"3";"1";"1";""
"202400002695";"155777065";"A01";"1";"7";"0";"2";"2";"1";"1";""
"202400002695";"155777066";"B01";"2";"7";"0";"2";"3";"5";"1";""
"202400002696";"155777063";"A01";"1";"7";"0";"2";"1";"9";"1";""
"202400002696";"155777064";"B01";"1";"7";"0";"2";"3";"1";"1";""
"202400002697";"155777062";"A01";"3";"2";"15";"0";"1";"14";"1";""
"202400002698";"155777061";"A01";"1";"21";"0";"0";"0";"2";"1";""
"202400002699";"155777060";"A01";"2";"7";"13";"0";"1";"1";"0";""
"202400002700";"155777059";"A01";"1";"33";"16";"0";"6";"1";"1";""
"202400002701";"155777057";"A01";"1";"7";"0";"0";"3";"19";"1";""
"202400002701";"155777058";"B01";"1";"7";"0";"0";"1";"1";"1";""
"202400002702";"155777056";"A01";"1";"7";"2";"9";"1";"2";"1";""
"202400002703";"155777055";"A01";"1";"7";"8";"0";"2";"1";"1";""
"202400002704";"155777053";"B01";"2";"34";"0";"0";"4";"1";"1";""
"202400002704";"155777054";"A01";"2";"34";"0";"2";"1";"2";"1";""
"202400002705";"155777052";"A01";"1";"33";"13";"0";"1";"26";"1";""
"202400002706";"155777050";"A01";"2";"7";"0";"9";"2";"19";"1";""
"202400002706";"155777051";"B01";"2";"1";"0";"2";"8";"15";"5";""
"202400002707";"155777049";"A01";"1";"7";"13";"0";"2";"14";"1";""
"202400002708";"155777048";"A01";"2";"7";"0";"0";"9";"14";"1";""
"202400002709";"155777047";"A01";"1";"10";"3";"0";"1";"14";"1";""
"202400002710";"155777046";"A01";"2";"10";"4";"0";"3";"1";"1";""
"202400002711";"155777044";"B01";"1";"7";"0";"2";"3";"1";"1";""
"202400002711";"155777045";"A01";"2";"1";"0";"2";"4";"13";"5";""
"202400002712";"155777043";"A01";"1";"7";"0";"1";"3";"1";"0";""
"202400002713";"155777042";"A01";"1";"7";"4";"0";"3";"11";"1";""
"202400002714";"155777039";"B01";"1";"15";"0";"2";"6";"1";"1";""
"202400002714";"155777040";"A01";"1";"7";"0";"2";"2";"0";"1";""
"202400002714";"155777041";"C01";"1";"10";"0";"2";"1";"1";"1";""
"202400002715";"155777037";"A01";"1";"7";"0";"2";"5";"1";"1";""
"202400002715";"155777038";"B01";"1";"33";"0";"2";"1";"1";"1";""
"202400002716";"155777035";"A01";"2";"33";"0";"2";"2";"16";"1";""
"202400002716";"155777036";"B01";"2";"7";"0";"2";"3";"1";"1";""
"202400002717";"155777033";"A01";"1";"2";"0";"2";"4";"16";"1";""
"202400002717";"155777034";"B01";"1";"7";"0";"2";"2";"0";"0";""
"202400002718";"155777032";"A01";"3";"34";"0";"0";"0";"1";"0";""
"202400002719";"155777031";"A01";"2";"2";"0";"0";"2";"1";"1";""
"202400002720";"155777030";"A01";"1";"7";"7";"0";"1";"0";"1";""
"202400002721";"155777029";"A01";"1";"7";"0";"1";"0";"15";"1";""
"202400002722";"155777028";"A01";"2";"7";"0";"1";"0";"16";"1";""
"202400002723";"155777027";"A01";"1";"7";"0";"1";"0";"1";"0";""
"202400002724";"155777025";"B01";"1";"1";"0";"2";"1";"1";"5";""
"202400002724";"155777026";"A01";"1";"7";"0";"2";"0";"26";"1";""
"202400002725";"155777023";"A01";"1";"17";"0";"2";"0";"0";"1";""
"202400002725";"155777024";"B01";"1";"1";"0";"2";"0";"0";"5";""
"202400002726";"155777021";"A01";"3";"7";"0";"2";"5";"0";"1";""
"202400002726";"155777022";"B01";"0";"7";"0";"2";"1";"0";"1";""
"202400002727";"155777018";"A01";" -1";"7";" -1";" -1";" -1";" -1";" -1";""
"202400002727";"155777019";"B01";" -1";"7";" -1";" -1";" -1";" -1";" -1";""
"202400002727";"155777020";"C01";" -1";"7";" -1";" -1";" -1";" -1";" -1";""
"202400002728";"155777016";"A01";"2";"7";"0";"2";"6";"1";"1";""
"202400002728";"155777017";"B01";"2";"7";"3";"2";"2";"0";"1";""
"202400002729";"155777015";"A01";"0";"37";"0";"1";"5";"0";"1";"1"
"202400002730";"155777014";"A01";"0";"7";"2";"0";"8";"1";"1";""
"202400002731";"155777012";"A01";"1";"7";"0";"2";"6";"19";"1";""
"202400002731";"155777013";"B01";"1";"7";"0";"2";"1";"1";"2";""
"202400002732";"155777011";"A01";"1";"7";"0";"0";"9";"1";"1";""
"202400002733";"155777009";"A01";"2";"7";"0";"2";"1";"13";"1";""
"202400002733";"155777010";"B01";"1";"7";"0";"2";"1";"1";"1";""
"202400002734";"155777008";"A01";"1";"7";"0";"1";"2";"14";"1";""
"202400002735";"155777006";"A01";"1";"7";"0";"2";"3";"13";"1";""
"202400002735";"155777007";"B01";"2";"7";"0";"2";"3";"1";"1";""
"202400002736";"155777004";"A01";"2";"21";"0";"0";"8";"15";"1";""
"202400002736";"155777005";"B01";"1";"15";"0";"0";"1";"1";"1";""
"202400002737";"155777003";"A01";"1";"7";"8";"0";"1";"5";"1";""
"202400002738";"155777002";"A01";"1";"33";"0";"9";"0";"26";"1";""
"202400002739";"155777000";"A01";"2";"7";"0";"2";"1";"2";"1";""
"202400002739";"155777001";"B01";"2";"15";"0";"0";"4";"1";"1";""
"202400002740";"155776998";"A01";"3";"2";"0";"2";"1";"15";"1";""
"202400002740";"155776999";"B01";"3";"7";"0";"2";"2";"1";"1";""
"202400002741";"155776997";"A01";"2";"15";"3";"0";"2";"1";"1";""
"202400002742";"155776996";"A01";"2";"7";"15";"9";"1";"11";"6";""
"202400002743";"155776995";"A01";"1";"7";"0";"1";"2";"0";"1";""
"202400002744";"155776992";"B01";"2";"7";"0";"2";"1";"1";"1";""
"202400002744";"155776993";"C01";"2";"7";"0";"2";"3";"1";"1";""
"202400002744";"155776994";"A01";"1";"7";"0";"2";"1";"17";"1";""
"202400002745";"155776991";"A01";"1";"10";"0";"1";"2";"1";"1";""
"202400002746";"155776989";"A01";"1";"7";"0";"2";"1";"5";"2";""
"202400002746";"155776990";"B01";"2";"7";"0";"2";"1";"5";"2";""
"202400002747";"155776988";"A01";"1";"7";"4";"0";"9";"1";"1";""
"202400002748";"155776987";"A01";"0";"7";"0";"1";"4";"20";"2";""
"202400002749";"155776985";"B01";"1";"7";"0";"2";"1";"1";"1";""
"202400002749";"155776986";"A01";"2";"10";"0";"2";"1";"13";"1";""
"202400002750";"155776984";"A01";"1";"7";"1";"0";"0";"0";"1";""
"202400002751";"155776983";"A01";"1";"32";"8";"0";"1";"1";"1";""
"202400002752";"155776981";"A01";"1";"7";"0";"0";"8";"15";"1";""
"202400002752";"155776982";"B01";"1";"7";"0";"2";"1";"1";"1";""
"202400002753";"155776980";"A01";"1";"7";"15";"0";"3";"0";"1";""
"202400002754";"155776978";"B01";"1";"33";"0";"2";"1";"1";"1";""
"202400002754";"155776979";"A01";"2";"7";"0";"2";"3";"15";"1";""
"202400002755";"155776976";"B01";"2";"1";"0";"2";"1";"1";"5";""
"202400002755";"155776977";"A01";"2";"7";"0";"2";"2";"12";"1";""
"202400002756";"155776975";"A01";"0";"0";"0";"1";"0";"0";"1";""
"202400002757";"155776974";"A01";"2";"2";"5";"0";"7";"1";"1";""
"202400002758";"155776973";"A01";"3";"2";"6";"0";"1";"1";"0";""
"202400002759";"155776972";"A01";"2";"7";"0";"0";"9";"1";"1";""
"202400002760";"155776970";"A01";"3";"7";"0";"2";"2";"5";"1";""
"202400002760";"155776971";"B01";"3";"32";"0";"2";"1";"1";"1";""
"202400002761";"155776968";"A01";"2";"33";"0";"2";"1";"17";"1";""
"202400002761";"155776969";"B01";"1";"10";"0";"2";"2";"9";"1";""
"202400002762";"155776965";"A01";"3";"7";"0";"2";"1";"15";"1";""
"202400002762";"155776966";"B01";"3";"1";"0";"0";"4";"0";"5";""
"202400002762";"155776967";"C01";"3";"1";"0";"0";"4";"24";"5";""
"202400002763";"155776964";"A01";"1";"33";"0";"0";"0";"26";"1";""
"202400002764";"155776963";"Z01";"3";"7";"0";"1";"1";"19";"0";""
"202400002765";"155776962";"A01";"1";"33";"0";"6";"8";"21";"1";""
"202400002766";"155776960";"A01";"2";"7";"0";"2";"7";"15";"2";""
"202400002766";"155776961";"B01";"1";"33";"0";"2";"7";"1";"1";""
"202400002767";"155776958";"B01";"1";"7";"0";"2";"1";"1";"1";""
"202400002767";"155776959";"A01";"2";"10";"0";"2";"1";"19";"1";""
"202400002768";"155776956";"A01";"1";"7";"0";"2";"1";"13";"1";""
"202400002768";"155776957";"B01";"2";"7";"0";"2";"1";"1";"3";""
"202400002769";"155776954";"A01";"2";"7";"0";"0";"3";"15";"1";""
"202400002769";"155776955";"B01";"2";"7";"6";"0";"9";"17";"1";""
"202400002770";"155776952";"A01";"1";"7";"0";"2";"6";"1";"1";""
"202400002770";"155776953";"B01";"1";"32";"0";"2";"9";"1";"1";""
"202400002771";"155776951";"A01";"3";"10";"2";"0";"3";"1";"1";""
"202400002772";"155776949";"B01";"2";"10";"0";"2";"1";"1";"1";""
"202400002772";"155776950";"A01";"1";"10";"0";"2";"5";"1";"1";""
"202400002773";"155776948";"A01";"1";"7";"7";"0";"1";"1";"1";""
"202400002774";"155776947";"A01";"1";"7";"15";"0";"1";"26";"1";""
"202400002775";"155776945";"A01";"2";"33";"13";"0";"1";"1";"1";""
"202400002776";"155776944";"A01";"1";"30";"0";"2";"3";"1";"1";""
"202400002776";"155776946";"B01";"1";"7";"0";"2";"3";"15";"1";""
"202400002777";"155776943";"A01";"2";"2";"0";"0";"0";"1";"1";""
"202400002778";"155776942";"A01";"1";"7";"0";"1";"2";"1";"1";""
"202400002779";"155776941";"A01";"1";"2";"2";"0";"5";"1";"1";""
"202400002780";"155776939";"A01";"2";"2";"6";"0";"1";"1";"3";""
"202400002781";"155776938";"A01";"1";"7";"0";"2";"1";"18";"1";""
"202400002781";"155776940";"B01";"2";"7";"0";"2";"2";"15";"1";""
"202400002782";"155776936";"A01";"3";"10";"0";"2";"2";"15";"1";""
"202400002782";"155776937";"B01";"3";"1";"0";"2";"1";"1";"5";""
"202400002783";"155776935";"A01";"1";"7";"9";"0";"9";"26";"1";""
"202400002784";"155776934";"A01";"1";"7";"0";"1";"2";"19";"1";""
"202400002785";"155776932";"A01";"1";"7";"0";"2";"1";"16";"1";""
"202400002785";"155776933";"B01";"2";"34";"0";"2";"7";"1";"1";""
"202400002786";"155776930";"A01";"1";"33";"0";"2";"1";"1";"1";""
"202400002786";"155776931";"B01";"2";"7";"0";"2";"8";"15";"1";""
"202400002787";"155776927";"A01";"2";"50";"0";"0";"2";"1";"3";""
"202400002788";"155776925";"A01";"1";"7";"0";"1";"1";"2";"1";""
"202400002789";"155776922";"D01";"2";"7";"0";"2";"7";"1";"1";""
"202400002789";"155776924";"E01";"2";"7";"0";"2";"5";"24";"1";""
"202400002789";"155776926";"A01";"2";"7";"0";"2";"8";"22";"1";""
"202400002789";"155776928";"B01";"2";"7";"1";"2";"9";"1";"1";""
"202400002789";"155776929";"C01";"2";"7";"0";"2";"4";"0";"1";""
"202400002790";"155776921";"A01";"3";"30";"9";"2";"1";"1";"1";""
"202400002790";"155776923";"B01";"3";"10";"13";"0";"3";"0";"1";""
"202400002791";"155776920";"Z01";"1";"30";"0";"0";"0";"16";"1";""
"202400002792";"155776919";"A01";"1";"7";"1";"0";"2";"1";"1";""
"202400002793";"155776918";"A01";"1";"7";"0";"1";"1";"1";"1";""
"202400002794";"155776916";"B01";"0";"7";"0";"2";"3";" -1";"1";""
"202400002794";"155776917";"A01";"1";"7";"0";"2";"3";"15";"1";""
"202400002795";"155776914";"A01";"1";"7";"0";"2";"3";"15";"1";""
"202400002795";"155776915";"B01";"1";"7";"0";"2";"7";"17";"1";""
"202400002796";"155776912";"A01";"1";"7";"0";"1";"2";"1";"1";""
"202400002797";"155776911";"A01";"1";"7";"14";"0";"1";"26";"2";""
"202400002798";"155776908";"A01";"1";"2";"0";"0";"4";"1";"1";""
"202400002798";"155776910";"B01";"1";"7";"0";"2";"1";"1";"2";""
"202400002799";"155776909";"A01";"1";"7";"0";"1";"1";"15";"1";""
"202400002800";"155776903";"B01";"1";"10";"0";"2";"1";"1";"1";""
"202400002800";"155776904";"C01";"2";"7";"0";"2";"3";"1";"1";""
"202400002800";"155776906";"A01";"1";"7";"0";"2";"4";"1";"2";""
"202400002801";"155776902";"A01";"2";"10";"0";"1";"1";"1";"0";""
"202400002802";"155776901";"A01";"2";"7";"2";"0";"1";"1";"1";""
"202400002803";"155776900";"A01";"3";"7";"6";"0";"3";"13";"1";""
"202400002804";"155776899";"A01";"1";"37";"0";"1";"1";"19";"1";"1"
"202400002805";"155776897";"A01";"2";"7";"0";"2";"3";"1";"1";""
"202400002805";"155776898";"B01";"2";"10";"0";"2";"3";"9";"1";""
"202400002806";"155776895";"A01";"2";"7";"0";"2";"3";"9";"1";""
"202400002806";"155776896";"B01";"1";"7";"0";"2";"3";"1";"1";""
"202400002807";"155776894";"A01";"1";"7";"14";"0";"1";"14";"1";""
"202400002808";"155776893";"A01";"0";"7";"0";"1";"3";"1";"2";""
"202400002809";"155776891";"A01";"2";"16";"0";"0";"8";"9";"1";""
"202400002809";"155776892";"B01";"1";"10";"0";"2";"1";"2";"1";""
"202400002810";"155776889";"A01";"0";"7";"0";"2";"7";"13";"1";""
"202400002810";"155776890";"B01";"0";"7";"0";"2";"1";"1";"1";""
"202400002811";"155776887";"A01";"1";"7";"2";"2";"3";"1";"1";""
"202400002811";"155776888";"B01";"2";"7";"0";"2";"1";"1";"1";""
"202400002812";"155776886";"A01";"1";"30";"6";"0";"1";"26";"1";""
"202400002813";"155776885";"A01";"2";"0";"0";"1";"7";"17";" -1";""
"202400002814";"155776884";"A01";"2";"10";"6";"0";"3";"1";"1";""
"202400002815";"155776880";"A01";"2";"7";"0";"2";"1";"2";"1";""
"202400002815";"155776882";"B01";"2";"7";"0";"0";"4";"2";"1";""
"202400002816";"155776881";"A01";"2";"7";"0";"2";"3";"17";"1";""
"202400002816";"155776883";"B01";"1";"2";"0";"2";"1";"26";"1";""
"202400002817";"155776879";"A01";"1";"10";"0";"1";"1";"2";"0";""
"202400002818";"155776877";"A01";"1";"7";"0";"2";"3";"15";"1";""
"202400002818";"155776878";"B01";"1";"33";"0";"2";"7";"1";"1";""
"202400002819";"155776876";"Z01";"1";"7";"0";"1";"1";"16";"1";""
"202400002820";"155776874";"A01";"1";"33";"8";"0";"1";"26";"1";""
"202400002820";"155776875";"B01";"1";"33";"0";"2";"4";"26";"1";""
"202400002821";"155776871";"A01";"1";"10";"0";"2";"1";"1";"3";""
"202400002821";"155776873";"B01";"3";"7";"0";"2";"2";"1";"1";""
"202400002822";"155776869";"A01";"2";"10";"0";"2";"1";"13";"1";""
"202400002822";"155776870";"B01";"1";"33";"0";"2";"1";"1";"1";""
"202400002822";"155776872";"C01";"1";"33";"0";"2";"1";"1";"1";""
"202400002823";"155776868";"A01";"3";"7";"3";"0";"1";"1";"2";""
"202400002824";"155776866";"A01";"1";"7";"0";"9";"1";"0";"1";""
"202400002824";"155776867";"B01";"2";"1";"0";"2";"8";"21";"5";""
"202400002825";"155776865";"A01";"1";"7";"1";"0";"1";"1";"1";""
"202400002826";"155776863";"A01";"2";"7";"1";"0";"0";"2";"1";""
"202400002827";"155776862";"A01";"2";"7";"0";"0";"2";"15";"1";""
"202400002827";"155776864";"B01";"1";"1";"0";"2";"1";"1";"5";""
"202400002828";"155776861";"A01";"2";"50";"8";"0";"2";"1";"3";""
"202400002829";"155776860";"A01";"3";"7";"0";"1";"1";"1";"1";""
"202400002830";"155776859";"A01";"2";"33";"0";"1";"6";"1";"1";""
"202400002831";"155776855";"A01";"2";"33";"0";"2";"3";"1";"1";""
"202400002831";"155776857";"B01";"1";"7";"0";"2";"3";"1";"1";""
"202400002832";"155776854";"A01";"1";"7";"0";"2";"3";"13";"1";""
"202400002832";"155776856";"B01";"2";"7";"0";"2";"3";"1";"1";""
"202400002832";"155776858";"C01";"2";"7";"0";"2";"8";"1";"1";""
"202400002833";"155776853";"A01";"0";"7";"0";"1";"1";"0";"1";""
"202400002834";"155776847";"A01";"2";"7";"0";"2";"1";"2";"1";""
"202400002834";"155776848";"B01";"2";"7";"0";"2";"6";"1";"1";""
"202400002834";"155776851";"C01";"1";"7";"0";"2";"4";"1";"1";""
"202400002834";"155776852";"D01";"1";"7";"14";"0";"1";"0";"1";""
"202400002835";"155776845";"A01";"2";"7";"13";"0";"2";"1";"1";""
"202400002836";"155776844";"A01";"3";"7";"0";"2";"2";"1";"1";""
"202400002836";"155776846";"B01";"3";"80";"0";"2";"7";"1";"3";""
"202400002837";"155776842";"A01";"1";"33";"0";"2";"1";"1";"1";""
"202400002837";"155776843";"B01";"1";"7";"0";"2";"2";"23";"0";""
"202400002838";"155776840";"A01";"0";"7";"0";"2";"1";"15";"1";""
"202400002838";"155776841";"B01";"0";"2";"0";"2";"2";"1";"1";""
"202400002839";"155776838";"A01";"1";"33";"4";"0";"0";"0";"1";""
"202400002839";"155776839";"B01";"1";"30";"4";"0";"0";"2";"1";""
"202400002840";"155776837";"A01";"3";"30";"0";"0";"8";"1";"1";""
"202400002841";"155776834";"A01";"1";"7";"0";"2";"1";"5";"1";""
"202400002841";"155776836";"B01";"1";"7";"0";"2";"1";"1";"1";""
"202400002842";"155776833";"B01";"1";"2";"14";"0";"1";"2";"1";""
"202400002842";"155776835";"A01";"1";"10";"0";"2";"3";"16";"1";""
"202400002843";"155776830";"A01";"3";"30";"0";"2";"8";"26";"1";""
"202400002843";"155776832";"B01";"3";"0";"0";"2";"1";"0";"0";""
"202400002844";"155776829";"A01";"2";"7";"0";"2";"5";"16";"1";""
"202400002844";"155776831";"B01";"2";"1";"0";"2";"4";"1";"5";""
"202400002845";"155776827";"A01";"2";"10";"0";"2";"1";"2";"1";""
"202400002845";"155776828";"B01";"2";"10";"0";"2";"4";"2";"1";""
"202400002846";"155776826";"A01";"2";"7";"0";"1";"3";"2";"1";""
"202400002847";"155776825";"A01";"1";"7";"13";" -1";"1";"1";"1";""
"202400002848";"155776824";"A01";"1";"7";"1";"1";"2";"1";"1";""
"202400002849";"155776823";"A01";"1";"31";"9";"0";"1";"0";"1";""
"202400002850";"155776820";"A01";"1";"10";"0";"9";"0";"2";"1";""
"202400002850";"155776821";"B01";"1";"7";"0";"2";"4";"2";"1";""
"202400002850";"155776822";"C01";"1";"33";"0";"2";"4";"2";"1";""
"202400002851";"155776817";"A01";"3";"7";"0";"1";"7";"24";"1";""
"202400002852";"155776818";"B01";"1";"7";"0";"2";"1";"1";"1";""
"202400002852";"155776819";"A01";"2";"7";"0";"0";"2";"26";"1";""
"202400002853";"155776814";"A01";"1";"7";"0";"2";"2";"2";"1";""
"202400002853";"155776816";"B01";"1";"1";"0";"2";"8";"13";"5";""
"202400002854";"155776812";"A01";"3";"7";"0";"2";"3";"11";"1";""
"202400002854";"155776813";"C01";"3";"7";"0";"2";"8";"1";"1";""
"202400002854";"155776815";"B01";"3";"14";"0";"2";"2";"1";"0";""
"202400002855";"155776811";"A01";"1";"33";"1";"0";"1";"26";"1";""
"202400002856";"155776809";"A01";"3";"7";"0";"1";"6";"15";"1";""
"202400002857";"155776808";"B01";"1";"2";"0";"2";"1";"5";"1";""
"202400002857";"155776810";"A01";"1";"7";"0";"2";"2";"15";"2";""
"202400002858";"155776807";"A01";"3";"37";"0";"1";"6";"24";"1";"1"
"202400002859";"155776805";"B01";"2";"7";"0";"2";"2";"15";"1";""
"202400002859";"155776806";"A01";"1";"30";"0";"2";"1";"1";"1";""
"202400002860";"155776801";"A01";"1";"7";"0";"1";"1";"1";"1";""
"202400002861";"155776797";"D01";"1";"10";"0";"2";"1";"2";"1";""
"202400002861";"155776799";"F01";"1";"10";"3";"2";"3";"1";"1";""
"202400002861";"155776800";"B01";"1";"7";"0";"2";"1";"2";"1";""
"202400002861";"155776802";"C01";"1";"7";"0";"2";"1";"2";"1";""
"202400002861";"155776803";"E01";"1";"10";"0";"2";"1";"2";"1";""
"202400002861";"155776804";"A01";"1";"7";"0";"2";"4";"2";"1";""
"202400002862";"155776795";"A01";"1";"7";"0";"2";"1";"1";"2";""
"202400002862";"155776796";"B01";"1";"7";"0";"2";"5";"1";"1";""
"202400002862";"155776798";"C01";"1";"7";"0";"2";"2";"1";"1";""
"202400002863";"155776793";"A01";"1";"7";"0";"2";"8";"9";"1";""
"202400002863";"155776794";"B01";"1";"7";"0";"2";"3";"1";"1";""
"202400002864";"155776792";"A01";"3";"37";"0";"1";"2";"15";"1";"1"
"202400002865";"155776791";"B01";"1";"33";"16";"0";"0";"1";"1";""
"202400002866";"155776789";"B01";"2";"7";"0";"2";"1";"1";"1";""
"202400002866";"155776790";"A01";"1";"30";"0";"2";"1";"5";"1";""
"202400002867";"155776787";"B01";"3";"7";"0";"2";"0";"0";"1";""
"202400002867";"155776788";"A01";"1";"0";"0";"2";"0";"0";"0";""
"202400002868";"155776785";"B01";"2";"30";"0";"0";"0";"14";"1";""
"202400002868";"155776786";"Z01";"2";"7";"0";"2";"8";"12";"0";""
"202400002869";"155776783";"B01";"1";"10";"0";"2";"2";"1";"1";""
"202400002869";"155776784";"A01";"2";"7";"0";"2";"2";"5";"1";""
"202400002870";"155776780";"A01";"1";"7";"4";"0";"1";"1";"1";""
"202400002871";"155776779";"B01";"1";"2";"0";"2";"4";"23";"3";""
"202400002871";"155776781";"C01";"1";"7";"0";"2";"4";"1";"2";""
"202400002871";"155776782";"A01";"1";"7";"0";"2";"1";"1";"1";""
"202400002872";"155776778";"A01";"1";"7";"0";"1";"2";"1";"1";""
"202400002873";"155776777";"A01";"3";"7";"0";"1";"3";"15";"0";""
"202400002874";"155776776";"A01";"3";"7";"0";"1";"1";"1";" -1";""
"202400002875";"155776775";"A01";"1";"1";"8";"0";"1";"26";"5";""
"202400002876";"155776773";"A01";"0";"7";"0";"2";"1";"15";"1";""
"202400002876";"155776774";"B01";"0";"50";"0";"2";"1";"1";"3";""
"202400002877";"155776772";"A01";"1";"10";"0";"1";"1";"1";"1";""
"202400002878";"155776770";"A01";"1";"33";"0";"2";"2";"2";"1";""
"202400002878";"155776771";"B01";"2";"7";"0";"2";"3";"1";"1";""
"202400002879";"155776769";"A01";"2";"37";"0";"1";"3";"15";"1";"1"
"202400002880";"155776767";"B01";"1";"13";"0";"2";"2";"0";"1";""
"202400002880";"155776768";"A01";"1";"7";"0";"2";"6";"1";"1";""
"202400002881";"155776765";"B01";"1";"10";"0";"2";"3";"1";"1";""
"202400002881";"155776766";"A01";"1";"1";"0";"2";"7";"1";"5";""
"202400002882";"155776762";"A01";"1";"7";"0";"2";"8";"1";"1";""
"202400002882";"155776764";"B01";"1";"7";"0";"2";"5";"15";"1";""
"202400002883";"155776761";"A01";"2";"7";"0";"2";"4";"2";"1";""
"202400002883";"155776763";"B01";"2";"7";"0";"2";"1";"2";"1";""
"202400002884";"155776758";"A01";"1";"10";"0";"2";"1";"1";"1";""
"202400002884";"155776760";"B01";"2";"7";"0";"2";"1";"1";"1";""
"202400002885";"155776757";"A01";"1";"7";"0";"2";"1";"19";"1";""
"202400002885";"155776759";"B01";"1";"7";"0";"2";"1";"2";"1";""
"202400002886";"155776756";"A01";"2";"7";"0";"1";"3";"26";"1";""
"202400002887";"155776754";"A01";"2";"7";"0";"2";"6";"16";"1";""
"202400002887";"155776755";"B01";"2";"7";"0";"2";"6";"23";"1";""
"202400002888";"155776751";"A01";"2";"50";"0";"2";"1";"1";"3";""
"202400002888";"155776753";"B01";"1";"7";"0";"2";"5";"1";"2";""
"202400002889";"155776750";"B01";"0";"1";"0";"2";"2";"1";"5";""
"202400002889";"155776752";"A01";"0";"7";"0";"9";"3";"9";"1";""
"202400002890";"155776749";"A01";"1";"7";"0";"1";"4";"4";"1";""
"202400002891";"155776748";"A01";"3";"39";"0";"1";"1";"26";"3";""
"202400002892";"155776747";"A01";"1";"7";"0";"1";"1";"1";"1";""
"202400002893";"155776745";"A01";"1";"33";"0";"2";"1";"1";"1";""
"202400002893";"155776746";"B01";"2";"7";"0";"2";"3";"15";"1";""
"202400002894";"155776744";"A01";"1";"7";"0";"1";"5";"15";"1";""
"202400002895";"155776742";"A01";"3";"7";"0";"9";"1";"1";"1";""
"202400002895";"155776743";"B01";"3";"50";"0";"2";"1";"26";"3";""
"202400002896";"155776740";"A01";"1";"7";"0";"2";"1";"1";"1";""
"202400002896";"155776741";"B01";"1";"7";"0";"2";"6";"1";"1";""
"202400002897";"155776739";"A01";"2";"7";"8";"0";"1";"1";"1";""
"202400002898";"155776738";"A01";"1";"7";"8";"0";"1";"15";"1";""
"202400002899";"155776735";"A01";"3";"7";"0";"2";"8";"15";"1";""
"202400002899";"155776736";"B01";"3";"33";"0";"2";"7";"17";"1";""
"202400002900";"155776734";"A01";"3";"7";"0";"2";"3";"15";"1";""
"202400002900";"155776737";"B01";"3";"33";"0";"2";"1";"1";"1";""
"202400002901";"155776732";"A01";"2";"50";"13";"0";"1";"0";"3";""
"202400002902";"155776731";"A01";"1";"7";"0";"9";"1";"15";"1";""
"202400002902";"155776733";"B01";"1";"1";"0";"2";"8";"1";"5";""
"202400002903";"155776730";"A01";"3";"7";"2";"0";"2";"0";"1";""
"202400002904";"155776729";"A01";"1";"10";"0";"1";"1";"1";"0";""
"202400002905";"155776728";"A01";"2";"7";"13";"0";"1";"1";"2";""
"202400002906";"155776726";"A01";"3";"33";"3";"0";"3";"13";"1";""
"202400002907";"155776725";"B01";"1";"1";"0";"0";"0";"0";"5";""
"202400002907";"155776727";"A01";"0";"7";"0";"2";"1";"1";"1";""
"202400002908";"155776722";"B01";"2";"10";"0";"2";"1";"12";"1";""
"202400002908";"155776724";"A01";"2";"13";"3";"0";"5";"1";"1";""
"202400002909";"155776721";"A01";"3";"40";"0";"2";"7";"1";"3";""
"202400002909";"155776723";"B01";"3";"1";"0";"4";"8";"13";"5";""
"202400002910";"155776720";"A01";"1";"7";"6";"0";"1";"0";"1";""
"202400002911";"155776718";"A01";"1";"7";"0";"1";"1";"1";"1";""
"202400002912";"155776717";"A01";"3";"2";"0";"2";"1";"2";"1";""
"202400002912";"155776719";"B01";"3";"2";"0";"0";"4";"2";"1";""
"202400002913";"155776713";"B01";"1";"50";"0";"2";"1";"0";"3";""
"202400002913";"155776715";"A01";"1";"7";"0";"2";"3";"9";"1";""
"202400002914";"155776714";"A01";"1";"33";"0";"2";"1";"5";"0";""
"202400002914";"155776716";"B01";"2";"7";"0";"2";"3";"0";"1";""
"202400002915";"155776710";"B01";"1";"7";"0";"0";"0";"23";"3";""
"202400002915";"155776712";"A01";"1";"33";"0";"2";"0";"26";"1";""
"202400002916";"155776709";"A01";"2";"7";"0";"2";"1";"5";"1";""
"202400002916";"155776711";"B01";"1";"7";"0";"2";"1";"1";"1";""
"202400002917";"155776708";"A01";"0";"50";"0";"0";"0";"1";"3";""
"202400002918";"155776707";"A01";"2";"7";"13";"0";"3";"0";"1";""
"202400002919";"155776706";"A01";"1";"1";"0";"9";"0";"1";"5";""
"202400002920";"155776705";"A01";"1";"7";"0";"1";"1";"26";"3";""
"202400002921";"155776704";"A01";"2";"7";"2";"0";"2";"1";"1";""
"202400002922";"155776701";"A01";"1";"7";"2";"0";"3";"0";"1";""
"202400002923";"155776700";"A01";"2";"7";"8";"0";"1";"14";"1";""
"202400002924";"155776697";"A01";"1";"7";"0";"0";"0";"0";"1";""
"202400002925";"155776695";"A01";"1";"7";"13";"0";"0";"1";"1";""
"202400002926";"155776694";"B01";"1";"7";"0";"2";"0";"0";"1";""
"202400002926";"155776696";"A01";"1";"30";"0";"2";"1";"1";"1";""
"202400002927";"155776693";"A01";"1";"7";"13";"0";"0";"1";"1";""
"202400002928";"155776692";"A01";"1";"7";"16";"0";"2";"10";"1";""
"202400002929";"155776690";"A01";"2";"2";"0";"2";"4";"1";"1";""
"202400002929";"155776691";"B01";"2";"7";"0";"2";"2";"2";"1";""
"202400002930";"155776688";"A01";"2";"7";"2";"0";"2";"14";"1";""
"202400002931";"155776687";"A01";"1";"7";"0";"2";"1";"15";"1";""
"202400002931";"155776689";"B01";"1";"1";"0";"2";"8";"1";"5";""
"202400002932";"155776686";"A01";"1";"7";"16";"0";"9";"0";"1";""
"202400002933";"155776684";"A01";"1";"7";"0";"2";"1";"13";"1";""
"202400002933";"155776685";"B01";"2";"15";"0";"2";"1";"21";"1";""
"202400002934";"155776683";"A01";"1";"20";"8";"0";"7";"13";"1";""
"202400002935";"155776680";"B01";"3";"10";"0";"2";"3";"0";" -1";""
"202400002935";"155776682";"A01";"3";"30";"0";"2";"3";"15";" -1";""
"202400002936";"155776681";"A01";"3";"10";"10";"0";"2";"26";"0";""
"202400002937";"155776677";"A01";"3";"7";"0";"2";"3";"13";"1";""
"202400002937";"155776679";"B01";"3";"7";"0";"2";"0";"0";"3";""
"202400002938";"155776676";"A01";"0";"7";"0";"2";"1";"19";"1";""
"202400002938";"155776678";"B01";"1";"7";"0";"2";"2";"1";"1";""
"202400002939";"155776673";"A01";"2";"7";"0";"2";"3";"1";"1";""
"202400002939";"155776675";"B01";"1";"7";"0";"2";"3";"1";"1";""
"202400002940";"155776671";"A01";"2";"7";"8";"0";"1";"1";"1";""
"202400002941";"155776669";"A01";"1";"7";"13";"0";"1";"1";"1";""
"202400002942";"155776667";"A01";"1";"7";"0";"2";"1";"2";"1";""
"202400002942";"155776668";"C01";"1";"7";"0";"2";"4";"2";"1";""
"202400002943";"155776666";"A01";"2";"7";"0";"0";"2";"0";"1";""
"202400002944";"155776664";"A01";"2";"7";"3";"0";"1";"2";"1";""
"202400002945";"155776663";"A01";"2";"7";"0";"2";"3";"1";"1";""
"202400002945";"155776665";"B01";"1";"10";"0";"2";"3";"1";"1";""
"202400002946";"155776660";"A01";"2";"7";"0";"2";"1";"2";"3";""
"202400002946";"155776662";"B01";"2";"7";"0";"0";"4";"1";"1";""
"202400002947";"155776659";"A01";"3";"33";"0";"2";"1";"2";"1";""
"202400002947";"155776661";"B01";"3";"7";"0";"2";"6";"15";"1";""
"202400002948";"155776657";"A01";"0";"7";"2";"1";"3";"1";"1";""
"202400002949";"155776656";"A01";"1";"7";"0";"2";"0";"2";"1";""
"202400002949";"155776658";"B01";"1";"50";"0";"2";"4";"0";"3";""
"202400002950";"155776654";"A01";"0";"10";"0";"2";"1";"1";"1";""
"202400002950";"155776655";"B01";"0";"7";"0";"2";"1";"13";"1";""
"202400002951";"155776651";"A01";"0";"10";"0";"1";"4";"4";"1";""
"202400002952";"155776650";"A01";"3";"7";"0";"2";"1";"2";"1";""
"202400002952";"155776652";"B01";"3";"7";"0";"2";"4";"2";"1";""
"202400002952";"155776653";"C01";"3";"7";"0";"2";"4";"2";"1";""
"202400002953";"155776649";"A01";"2";"7";"4";"0";"3";"11";"1";""
"202400002954";"155776648";"A01";"3";"7";"0";"1";"1";"16";"1";""
"202400002955";"155776645";"A01";"1";"32";"5";"0";"2";"0";"1";""
"202400002956";"155776644";"A01";"2";"7";"0";"2";"3";"13";"1";""
"202400002956";"155776646";"B01";"1";"10";"0";"2";"3";"1";"1";""
"202400002957";"155776640";"A01";"2";"7";"0";"2";"3";"19";"1";""
"202400002957";"155776642";"B01";"2";"7";"0";"2";"1";"1";"1";""
"202400002958";"155776639";"A01";"2";"7";"13";"2";"9";"2";"1";""
"202400002958";"155776641";"C01";"2";"7";"0";"2";"0";"1";"1";""
"202400002958";"155776643";"B01";"2";"7";"0";"2";"6";"1";"2";""
"202400002959";"155776636";"B01";"1";"33";"0";"2";"1";"1";"1";""
"202400002959";"155776638";"A01";"2";"10";"0";"0";"8";"19";"1";""
"202400002960";"155776635";"A01";"1";"3";"0";"2";"1";"13";"1";""
"202400002960";"155776637";"B01";"2";"14";"0";"2";"2";"1";"1";""
"202400002961";"155776633";"A01";"2";"33";"4";"0";"2";"1";"1";""
"202400002962";"155776632";"B01";"0";"7";"0";"2";"3";"23";"1";""
"202400002962";"155776634";"A01";"2";"7";"0";"0";"2";"19";"1";""
"202400002963";"155776630";"A01";"2";"7";"0";"1";"3";"0";"1";""
"202400002964";"155776631";"A01";"3";"7";"2";"0";"1";"0";"1";""
"202400002965";"155776627";"A01";"3";"7";"0";"2";"1";"15";"1";""
"202400002965";"155776629";"B01";"1";"33";"0";"0";"7";"1";"1";""
"202400002966";"155776625";"A01";"2";"7";"0";"2";"1";"11";"1";""
"202400002966";"155776626";"B01";"1";"7";"0";"2";"1";"1";"1";""
"202400002966";"155776628";"C01";"1";"7";"0";"2";"3";"1";"1";""
"202400002967";"155776624";"A01";"3";"7";"0";"0";"9";"1";"1";""
"202400002968";"155776622";"A01";"1";"7";"8";"0";"1";"1";"1";""
"202400002969";"155776621";"A01";"1";"7";"0";"1";"1";"1";"1";""
"202400002970";"155776623";"A01";"3";"33";"0";"0";"1";"26";"0";""
"202400002971";"155776617";"A01";"2";"10";"0";"2";"1";"15";"1";""
"202400002971";"155776618";"B01";"1";"2";"0";"2";"3";"15";"1";""
"202400002972";"155776616";"B01";"1";"1";"0";"2";"7";"1";"5";""
"202400002972";"155776619";"A01";"1";"7";"0";"2";"1";"9";"1";""
"202400002973";"155776615";"A01";"1";"2";"1";"0";"1";"17";"1";""
"202400002974";"155776613";"B01";"1";"7";"0";"2";"1";"2";"1";""
"202400002974";"155776614";"A01";"1";"17";"0";"0";"7";"16";"1";""
"202400002975";"155776612";"A01";"2";"7";"3";"0";"1";"13";" -1";""
"202400002976";"155776611";"A01";"2";"7";"4";"0";"3";"1";"1";""
"202400002977";"155776609";"A01";"3";"1";"0";"2";"8";"1";"5";""
"202400002977";"155776610";"B01";"3";"7";"0";"2";"3";"15";"0";""
"202400002978";"155776608";"A01";"2";"7";"4";"0";"2";"1";"1";""
"202400002979";"155776607";"A01";"2";"7";"0";"0";"9";"1";"1";""
"202400002980";"155776604";"B01";"1";"17";"0";"2";"2";"1";"1";""
"202400002980";"155776605";"C01";"1";"7";"0";"2";"4";"11";"1";""
"202400002980";"155776606";"A01";"1";"10";"0";"2";"4";"11";"1";""
"202400002981";"155776602";"A01";"1";"7";"0";"4";"8";"15";" -1";""
"202400002981";"155776603";"B01";"1";"40";"0";"2";"2";"1";" -1";""
"202400002982";"155776599";"A01";"1";"7";"0";"2";"3";"1";"1";""
"202400002982";"155776601";"B01";"1";"7";"0";"2";"4";"1";"1";""
"202400002983";"155776598";"A01";"1";"7";"0";"0";"8";"19";"1";""
"202400002983";"155776600";"B01";"2";"33";"0";"0";"1";"17";"1";""
"202400002984";"155776597";"A01";"1";"33";"6";"0";"1";"26";"1";""
"202400002985";"155776595";"A01";"2";"2";"0";"2";"1";"1";"1";""
"202400002985";"155776596";"B01";"2";"15";"0";"2";"4";"26";"1";""
"202400002986";"155776594";"A01";"2";"7";"0";"2";"1";"0";"1";""
"202400002987";"155776592";"A01";"1";"7";"0";"2";"2";"14";"1";""
"202400002987";"155776593";"B01";"1";"7";"0";"2";"6";"2";"1";""
"202400002988";"155776590";"A01";"1";"7";"4";"0";"1";"26";"1";""
"202400002989";"155776591";"A01";"2";"7";"0";"2";"1";"1";"1";""
"202400002990";"155776588";"A01";"2";"7";"4";"2";"4";"1";"1";""
"202400002990";"155776589";"B01";"2";"33";"4";"2";"1";"1";"1";""
"202400002991";"155776585";"A01";"2";"7";"13";"2";"3";"0";"1";""
"202400002991";"155776587";"B01";"1";"7";"13";"2";"3";"1";"1";""
"202400002992";"155776586";"A01";"1";"7";"3";"0";"2";"14";"1";""
"202400002993";"155776583";"A01";"1";"7";"0";"2";"1";"1";"1";""
"202400002993";"155776584";"B01";"1";"7";" -1";" -1";" -1";"0";" -1";""
"202400002994";"155776578";"C01";"1";"10";"0";"2";"4";"15";"1";""
"202400002994";"155776579";"A01";"1";"7";"0";"2";"1";"1";"1";""
"202400002994";"155776581";"B01";"1";"7";"0";"2";"4";"2";"1";""
"202400002995";"155776576";"B01";"1";"7";"1";"0";"1";"2";"1";""
"202400002995";"155776577";"A01";"1";"7";"0";"2";"4";"23";"0";""
"202400002996";"155776580";"B01";"2";"7";"0";"2";"4";"2";"1";""
"202400002996";"155776582";"A01";"2";"7";"0";"2";"1";"2";"1";""
"202400002997";"155776574";"A01";"1";"7";"0";"0";"0";"15";"1";""
"202400002998";"155776573";"B01";"0";"10";"0";"2";"3";"1";"1";""
"202400002998";"155776575";"A01";"2";"7";"0";"2";"1";"1";"1";""
"202400002999";"155776571";"A01";"2";"7";"0";"2";"1";"0";"1";""
"202400002999";"155776572";"B01";"2";"15";"9";"2";"4";"23";"1";""
"202400003000";"155776567";"A01";"1";"7";"0";"2";"3";"13";"1";""
"202400003000";"155776568";"B01";"2";"7";"0";"2";"1";"1";"1";""
"202400003001";"155776566";"A01";"2";"7";"0";"2";"1";"2";"1";""
"202400003001";"155776569";"B01";"2";"7";"0";"2";"1";"2";"1";""
"202400003001";"155776570";"C01";"2";"7";"0";"2";"4";"2";"1";""
"202400003002";"155776565";"A01";"1";"7";"0";"0";"1";"1";"1";""
"202400003003";"155776563";"A01";"2";"10";"0";"2";"6";"11";"1";""
"202400003003";"155776564";"B01";"1";"31";"0";"2";"8";"0";"3";""
"202400003004";"155776561";"A01";"1";"2";"0";"2";"2";"2";"1";""
"202400003004";"155776562";"B01";"1";"7";"0";"2";"7";"1";"1";""
"202400003005";"155776559";"A01";"1";"33";"0";"2";"1";"17";"1";""
"202400003005";"155776560";"B01";"1";"7";"0";"2";"4";"15";"1";""
"202400003006";"155776557";"B01";"1";"7";"0";"2";"5";"0";"1";""
"202400003006";"155776558";"A01";"1";"50";"0";"2";"8";"13";"3";""
"202400003007";"155776556";"A01";"1";"7";"0";"1";"1";"0";"1";""
"202400003008";"155776553";"A01";"1";"7";"14";"2";"4";"26";"1";""
"202400003008";"155776554";"B01";"1";"7";"14";"0";"4";"2";"1";""
"202400003009";"155776552";"B01";"1";"7";"0";"2";"5";"16";"1";""
"202400003009";"155776555";"A01";"1";"2";"0";"2";"8";"18";"1";""
"202400003010";"155776551";"A01";"1";"0";"0";"0";"0";"26";"0";""
"202400003011";"155776550";"A01";"2";"50";"0";"1";"8";"13";"3";""
"202400003012";"155776548";"A01";"2";"7";"0";"2";"7";"15";"2";""
"202400003012";"155776549";"B01";"1";"7";"0";"2";"0";"0";"1";""
"202400003013";"155776546";"B01";"1";"1";"0";"2";"2";"1";"5";""
"202400003013";"155776547";"A01";"1";"14";"0";"2";"2";"16";"1";""
"202400003014";"155776545";"A01";"1";"7";"0";"0";"2";"14";"1";""
"202400003015";"155776542";"A01";"1";"7";"0";"0";"1";"13";"1";""
"202400003015";"155776544";"B01";"1";"7";"0";"2";"0";"5";"0";""
"202400003016";"155776541";"A01";"1";"34";"0";"2";"1";"26";"1";""
"202400003016";"155776543";"B01";"2";"7";"0";"2";"3";"2";"1";""
"202400003017";"155776539";"B01";"1";"7";"0";"2";"2";"1";"1";""
"202400003017";"155776540";"A01";"1";"33";"0";"2";"4";"18";"1";""
"202400003018";"155776537";"B01";"1";"7";"0";"2";"6";"13";"2";""
"202400003018";"155776538";"AA01";"1";"32";"0";"2";"2";"2";"1";""
"202400003019";"155776536";"A01";"1";"7";"0";"1";"6";"20";"1";""
"202400003020";"155776533";"A01";"2";"31";"0";"2";"5";"3";"0";""
"202400003020";"155776535";"B01";"2";"7";"0";"2";"2";"15";"1";""
"202400003021";"155776531";"B01";"1";"7";"0";"2";"1";"15";"2";""
"202400003021";"155776534";"A01";"2";"0";"0";"2";"1";"1";"0";""
"202400003022";"155776530";"A01";"1";"7";"0";"9";"3";"2";"1";""
"202400003022";"155776532";"B01";"1";"1";"0";"2";"5";"2";"5";""
"202400003023";"155776527";"B01";"2";"32";"0";"2";"8";"1";"1";""
"202400003023";"155776529";"A01";"2";"7";"0";"2";"6";"15";"2";""
"202400003024";"155776525";"A01";"2";"7";"0";"0";"5";"2";"2";""
"202400003024";"155776526";"B01";"2";"7";"0";"2";"3";"2";"1";""
"202400003024";"155776528";"C01";"2";"7";"0";"2";"2";"2";"1";""
"202400003025";"155776524";"A01";"2";"7";"0";"1";"1";"0";"1";""
"202400003026";"155776522";"A01";"1";"7";"0";"2";"3";"2";"1";""
"202400003026";"155776523";"B01";"2";"32";"0";"2";"4";"2";"1";""
"202400003027";"155776521";"A01";"1";"7";"0";"1";"2";"1";"1";""
"202400003028";"155776519";"A01";"1";"7";"13";"2";"6";"9";"1";""
"202400003028";"155776520";"B01";"1";"7";"0";"2";"2";"13";"1";""
"202400003029";"155776517";"A01";"3";"7";"9";"0";"3";"9";"1";""
"202400003029";"155776518";"B01";"3";"7";"9";"2";"1";"9";"1";""
"202400003030";"155776516";"A01";"1";"10";"0";"1";"1";"26";"1";""
"202400003031";"155776514";"A01";"0";"10";"0";"2";"3";"15";"1";""
"202400003031";"155776515";"B01";"0";"33";"0";"2";"1";"1";"1";""
"202400003032";"155776512";"A01";"1";"7";"0";"9";"1";"1";"1";""
"202400003033";"155776511";"B01";"2";"7";"0";"2";"3";"1";"1";""
"202400003033";"155776513";"A01";"1";"10";"0";"2";"3";"0";"1";""
"202400003034";"155776510";"A01";"1";"7";"0";"1";"1";"13";"1";""
"202400003035";"155776506";"A01";"2";"7";"0";"2";"2";"12";"1";""
"202400003035";"155776508";"B01";"2";"33";"0";"2";"8";"3";"1";""
"202400003036";"155776504";"A01";"3";"36";"0";"2";"6";"1";"1";""
"202400003036";"155776505";"B01";"3";"7";"0";"2";"1";"1";"1";""
"202400003037";"155776500";"A01";"2";"33";"0";"2";"1";"3";"0";""
"202400003037";"155776503";"B01";"2";"7";"0";"2";"5";"1";"0";""
"202400003038";"155776499";"B01";"0";"1";"0";"2";"1";"1";"5";""
"202400003038";"155776502";"A01";"0";"7";"0";"2";"8";"26";"1";""
"202400003039";"155776498";"A01";"3";"2";"0";"2";"0";"10";"1";""
"202400003039";"155776501";"B01";"3";"33";"0";"2";"0";"1";"1";""
"202400003040";"155776495";"B01";"1";"33";"0";"2";"8";"3";"1";""
"202400003040";"155776497";"A01";"1";"7";"0";"2";"5";"12";"1";""
"202400003041";"155776493";"A01";"1";"10";"0";"2";"1";"1";"1";""
"202400003041";"155776496";"B01";"1";"1";"0";"2";"4";"2";"5";""
"202400003042";"155776492";"B01";"2";"7";"0";"2";"3";"1";"1";""
"202400003042";"155776494";"A01";"1";"33";"0";"2";"3";"26";"1";""
"202400003043";"155776489";"A01";"1";"7";"12";"0";"2";"26";"1";""
"202400003044";"155776490";"A01";"1";"7";"14";"0";"1";"0";"1";""
"202400003044";"155776491";"B01";"1";"10";"0";"0";"4";"0";"1";""
"202400003045";"155776488";"A01";"1";"30";"0";"1";"1";"1";"1";""
"202400003046";"155776484";"Z01";"1";"1";"0";"2";"1";"26";"5";""
"202400003046";"155776487";"A01";"1";"10";"0";"2";"7";"1";"1";""
"202400003047";"155776483";"A01";"3";"7";"0";"2";"1";"9";"1";""
"202400003047";"155776486";"B01";"3";"2";"0";"2";"2";"26";"1";""
"202400003048";"155776482";"B01";"1";"10";"4";"2";"4";"1";"1";""
"202400003048";"155776485";"A01";"1";"20";"4";"2";"1";"1";"1";""
"202400003049";"155776478";"A01";"3";"7";"0";"2";"2";"2";"1";""
"202400003049";"155776481";"B01";"3";"2";"0";"2";"9";"2";"1";""
"202400003050";"155776477";"A01";"3";"17";"0";"2";"5";"1";"0";""
"202400003050";"155776480";"B01";"3";"1";"0";"2";"6";"23";"5";""
"202400003051";"155776476";"A01";"2";"7";"0";"2";"1";"1";"1";""
"202400003051";"155776479";"B01";"2";"10";"0";"2";"4";"1";"1";""
"202400003052";"155776475";"A01";"1";"7";"0";"1";"2";"1";"1";""
"202400003053";"155776472";"A01";"1";"10";"0";"2";"1";"2";"1";""
"202400003053";"155776473";"B01";"1";"10";"0";"2";"4";"2";"1";""
"202400003054";"155776471";"A01";"1";"7";"0";"2";"1";"9";"1";""
"202400003054";"155776474";"B01";"1";"7";"0";"2";"4";"1";"1";""
"202400003055";"155776469";"A01";"1";"7";"0";"2";"3";"0";"1";""
"202400003055";"155776470";"B01";"0";"7";"0";"0";"0";"0";"1";""
"202400003056";"155776463";"A01";"0";"7";"0";"1";"2";"26";"1";""
"202400003057";"155776464";"A01";"2";"33";"0";"2";"1";"3";"1";""
"202400003057";"155776466";"B01";"2";"10";"0";"2";"5";"1";"1";""
"202400003057";"155776468";"C01";"2";"15";"0";"2";"0";"1";"1";""
"202400003058";"155776465";"A01";"3";"1";"0";"2";"3";"13";"0";""
"202400003058";"155776467";"B01";"3";"37";"0";"2";"2";"2";"0";"1"
"202400003059";"155776461";"A01";"1";"7";"0";"2";"6";"16";"2";""
"202400003059";"155776462";"B01";"1";"7";"0";"2";"1";"1";"1";""
"202400003060";"155776458";"A01";"1";"7";"0";"1";"3";"15";"1";""
"202400003061";"155776459";"A01";"1";"7";"1";"2";"1";"1";"1";""
"202400003061";"155776460";"B01";"1";"7";"0";"2";"4";"24";"1";""
"202400003062";"155776455";"A01";"2";"33";"0";"2";"2";"21";"1";""
"202400003062";"155776457";"B01";"2";"7";"0";"2";"6";"0";"1";""
"202400003063";"155776448";"A01";"2";"7";"14";"0";"2";"15";"1";""
"202400003064";"155776445";"A01";"3";"7";"3";"2";"0";"21";"1";""
"202400003064";"155776449";"E01";"1";"1";"0";"2";"0";"1";"5";""
"202400003064";"155776451";"B01";"1";"1";"0";"2";"0";"1";"5";""
"202400003064";"155776453";"C01";"1";"1";"0";"2";"0";"1";"5";""
"202400003064";"155776456";"D01";"1";"1";"0";"2";"0";"1";"5";""
"202400003065";"155776446";"B01";"1";"7";"0";"2";"6";"15";"1";""
"202400003065";"155776450";"A01";"2";"33";"0";"2";"1";"1";"1";""
"202400003066";"155776444";"B01";"1";"7";"0";"2";"2";"1";"1";""
"202400003066";"155776447";"A01";"1";"7";"0";"2";"8";"9";"2";""
"202400003067";"155776442";"A01";"1";"7";"0";"2";"3";"20";"2";""
"202400003067";"155776443";"B01";"1";"7";"0";"9";"3";"1";"1";""
"202400003068";"155776440";"A01";"3";"33";"0";"0";"0";"1";"1";""
"202400003069";"155776438";"A01";"2";"7";"0";"4";"8";"15";"1";""
"202400003069";"155776441";"B01";"2";"40";"0";"2";"2";"1";"3";""
"202400003070";"155776439";"A01";"3";"7";"0";"1";"8";"4";"1";""
"202400003071";"155776435";"B01";"0";"7";"0";"2";"8";"1";"1";""
"202400003071";"155776437";"A01";"0";"7";"0";"2";"1";"9";"1";""
"202400003072";"155776433";"A01";"3";"7";"0";"1";"2";"20";"2";""
"202400003073";"155776434";"A01";"2";"7";"0";"2";"7";"9";"1";""
"202400003073";"155776436";"B01";"2";"50";"0";"2";"8";"2";"3";""
"202400003074";"155776432";"A01";"3";"33";"0";"9";"1";"0";"1";""
"202400003075";"155776430";"A01";"3";"7";"2";"0";"1";"1";"1";""
"202400003076";"155776428";"A01";"1";"7";"0";"2";"2";"9";"1";""
"202400003076";"155776431";"B01";"1";"7";"0";"2";"4";"1";"1";""
"202400003077";"155776426";"A01";"1";"7";"0";"2";"1";"9";"1";""
"202400003077";"155776429";"B01";"2";"50";"0";"2";"8";"5";"3";""
"202400003078";"155776424";"A01";"1";"7";"0";"2";"5";"1";"1";""
"202400003078";"155776427";"B01";"1";"7";"0";"2";"1";"15";"2";""
"202400003079";"155776422";"A01";"1";"7";"0";"2";"3";"15";"3";""
"202400003079";"155776423";"B01";"0";"60";"0";"2";"1";"1";"5";""
"202400003080";"155776421";"A01";"1";"7";"0";"2";"1";"2";"1";""
"202400003080";"155776425";"B01";"1";"10";"13";"0";"4";"2";"1";""
"202400003081";"155776419";"B01";"2";"31";"0";"2";"1";"3";"1";""
"202400003081";"155776420";"A01";"2";"10";"0";"2";"3";"15";"1";""
"202400003082";"155776416";"A01";"2";"7";"0";"2";"1";"0";"2";""
"202400003082";"155776418";"B01";"2";"7";"0";"0";"8";"0";"1";""
"202400003083";"155776414";"A01";"1";"7";"0";"1";"1";"1";"1";""
"202400003084";"155776412";"A01";"1";"7";"1";"2";"7";"17";"1";""
"202400003084";"155776415";"C01";"1";"7";"0";"2";"8";"24";"1";""
"202400003084";"155776417";"B01";"1";"7";"0";"2";"8";"1";"1";""
"202400003085";"155776411";"B01";"1";"7";"0";"2";"7";"1";"1";""
"202400003085";"155776413";"A01";"1";"7";"0";"2";"1";"1";"1";""
"202400003086";"155776409";"A01";"2";"50";"0";"1";"1";"1";"3";""
"202400003087";"155776407";"A01";"1";"7";"0";"2";"1";"2";"1";""
"202400003087";"155776408";"B01";"1";"7";"0";"2";"4";"1";"1";""
"202400003088";"155776406";"A01";"2";"2";"0";"2";"1";"17";"1";""
"202400003088";"155776410";"B01";"2";"10";"0";"2";"8";"11";"1";""
"202400003089";"155776405";"A01";"1";"7";"0";"1";"7";"1";"1";""
"202400003090";"155776404";"A01";"2";"30";"8";"2";"0";"2";"1";""
"202400003091";"155776403";"A01";"3";"7";"6";"0";"1";"0";"1";""
"202400003092";"155776399";"B01";"2";"7";"0";"2";"2";"1";"1";""
"202400003092";"155776401";"A01";"1";"7";"0";"2";"5";"4";"1";""
"202400003093";"155776400";"A01";"2";"7";"0";"2";"7";"15";"1";""
"202400003093";"155776402";"B01";"1";"80";"0";"2";"1";"1";"3";""
"202400003094";"155776397";"A01";"3";"7";"0";"1";"1";"0";"1";""
"202400003095";"155776394";"A01";"1";"7";"0";"1";"1";"26";"1";""
"202400003096";"155776395";"Z01";"3";"7";"0";"1";"2";"0";"1";""
"202400003097";"155776396";"B01";"2";"31";"0";"2";"1";"1";"1";""
"202400003097";"155776398";"A01";"2";"7";"0";"2";"2";"9";"1";""
"202400003098";"155776388";"B01";"1";"33";"0";"2";"2";"13";"1";""
"202400003098";"155776391";"A01";"2";"7";"0";"2";"1";"15";"1";""
"202400003099";"155776390";"B01";"3";"7";"0";"2";"8";"15";"1";""
"202400003099";"155776392";"A01";"3";"33";"0";"2";"1";"17";"1";""
"202400003100";"155776389";"B01";"0";"50";"0";"2";"3";"2";"3";""
"202400003100";"155776393";"A01";"0";"10";"0";"2";"2";"2";"1";""
"202400003101";"155776387";"A01";"1";"7";"3";"0";"0";"1";"1";""
"202400003102";"155776384";"A01";"2";"7";"0";"2";"7";"15";"1";""
"202400003102";"155776386";"B01";"1";"33";"0";"2";"1";"1";"1";""
"202400003103";"155776381";"A01";"0";"7";"0";"1";"1";"15";"1";""
"202400003104";"155776383";"A01";"1";"7";"0";"2";"1";"1";"1";""
"202400003104";"155776385";"B01";"1";"7";"15";"2";"7";"1";"1";""
"202400003105";"155776379";"A01";"2";"7";"0";"1";"3";"26";"1";""
"202400003106";"155776378";"A01";"0";"7";"0";"0";"8";"1";"1";""
"202400003107";"155776375";"C01";"1";"7";"0";"2";"4";"1";"1";""
"202400003107";"155776376";"B01";"1";"7";"0";"2";"4";"2";"1";""
"202400003107";"155776377";"A01";"1";"10";"0";"2";"1";"2";"3";""
"202400003108";"155776372";"B01";"1";"50";"0";"2";"1";"15";"3";""
"202400003108";"155776373";"A01";"1";"7";"0";"2";"2";"1";"1";""
"202400003109";"155776371";"A01";"2";"33";"0";"2";"1";"1";"1";""
"202400003109";"155776374";"B01";"1";"7";"0";"2";"2";"21";"2";""
"202400003110";"155776369";"B01";"3";"7";"0";"2";"2";"9";"1";""
"202400003110";"155776370";"A01";"0";"7";"0";"2";"3";"1";"1";""
"202400003111";"155776366";"A01";"3";"10";"6";"1";"4";"26";"1";""
"202400003112";"155776363";"B01";"2";"32";"0";"0";"0";"0";"1";""
"202400003112";"155776365";"A01";"1";"10";"0";"2";"3";"13";"1";""
"202400003113";"155776364";"A01";"2";"7";"0";"2";"1";"1";"1";""
"202400003113";"155776367";"B01";"2";"7";"0";"2";"1";"1";"1";""
"202400003113";"155776368";"C01";"2";"7";"0";"2";"4";"23";"1";""
"202400003114";"155776361";"A01";"1";"7";"2";"0";"2";"1";"1";""
"202400003115";"155776360";"A01";"1";"7";"0";"0";"1";"0";"0";""
"202400003116";"155776359";"B01";"1";"1";"0";"2";"3";"23";"5";""
"202400003116";"155776362";"A01";"2";"7";"0";"2";"3";"15";"1";""
"202400003117";"155776357";"A01";"2";"33";"0";"2";"0";"26";"1";""
"202400003117";"155776358";"B01";"1";"7";"0";"0";"8";"1";"1";""
"202400003118";"155776352";"A01";"3";"7";"0";"2";"1";"9";"1";""
"202400003118";"155776354";"B01";"0";"1";"0";"2";"7";"0";"5";""
"202400003119";"155776351";"B01";"1";"31";"0";"2";"7";"1";"1";""
"202400003119";"155776356";"A01";"1";"7";"0";"2";"2";"9";"1";""
"202400003120";"155776353";"B01";"0";"7";"0";"2";"0";"0";"1";""
"202400003120";"155776355";"A01";"0";"32";"0";"0";"0";"0";"1";""
"202400003121";"155776350";"A01";"1";"7";"0";"1";"1";"1";"1";""
"202400003122";"155776349";"A01";"1";"7";"0";"1";"1";"0";"1";""
"202400003123";"155776348";"A01";"1";"7";"2";"0";"0";"1";"1";""
"202400003124";"155776346";"A01";"3";"50";"0";"2";"3";"19";"3";""
"202400003124";"155776347";"B01";"1";"14";"0";"2";"1";"1";"1";""
"202400003125";"155776345";"A01";"3";"1";"13";"0";"1";"25";"5";""
"202400003126";"155776342";"A01";"2";"7";"0";"2";"2";"1";"1";""
"202400003126";"155776344";"B01";"2";"7";"0";"2";"3";"9";"1";""
"202400003127";"155776341";"A01";"2";"7";"0";"2";"8";"1";"1";""
"202400003127";"155776343";"B01";"1";"7";"0";"2";"1";"1";"1";""
"202400003128";"155776338";"B01";"1";"7";"7";"2";"2";"1";"2";""
"202400003128";"155776339";"A01";"1";"7";"0";"2";"3";"11";"1";""
"202400003129";"155776333";"A01";"1";"7";"0";"2";"6";"2";"1";""
"202400003129";"155776336";"B01";"1";"10";"0";"2";"1";"2";"1";""
"202400003130";"155776334";"A01";"2";"7";"0";"2";"1";"1";"1";""
"202400003130";"155776340";"B01";"2";"7";"0";"2";"3";"1";"1";""
"202400003131";"155776335";"B01";"1";"33";"0";"2";"1";"1";"1";""
"202400003131";"155776337";"A01";"2";"7";"0";"2";"8";"15";"1";""
"202400003132";"155776332";"A01";"2";"10";"0";"1";"1";"15";"1";""
"202400003133";"155776330";"A01";"2";"7";"0";"1";"4";"21";"1";""
"202400003134";"155776331";"A01";"1";"7";"3";"0";"1";"1";"2";""
"202400003135";"155776326";"A01";"1";"7";"2";"0";"1";"13";"1";""
"202400003136";"155776322";"A01";"2";"7";"0";"2";"1";"1";"1";""
"202400003136";"155776325";"B01";"2";"7";"0";"2";"4";"1";"1";""
"202400003136";"155776328";"C01";"2";"7";"0";"2";"4";"1";"1";""
"202400003136";"155776329";"D01";"2";"7";"0";"2";"4";"1";"1";""
"202400003137";"155776320";"A01";"3";"33";"0";"2";"1";"1";"1";""
"202400003137";"155776323";"B01";"2";"7";"0";"2";"5";"15";"1";""
"202400003138";"155776319";"B01";"3";"7";"0";"2";"8";"1";"1";""
"202400003138";"155776321";"C01";"3";"7";"0";"2";"1";"1";"3";""
"202400003138";"155776324";"A01";"3";"7";"0";"2";"1";"1";"1";""
"202400003138";"155776327";"D01";"3";"7";"0";"2";"1";"1";"3";""
"202400003139";"155776316";"A01";"1";"31";"0";"2";"1";"1";"1";""
"202400003139";"155776318";"B01";"1";"1";"0";"2";"0";"0";"5";""
"202400003140";"155776315";"B01";"2";"80";"0";"2";"1";"1";"2";""
"202400003140";"155776317";"A01";"2";"3";"0";"9";"7";"16";"1";""
"202400003141";"155776313";"B01";"2";"7";"0";"2";"2";"1";"1";""
"202400003141";"155776314";"A01";"1";"10";"0";"2";"2";"13";"1";""
"202400003142";"155776310";"A01";"3";"7";"0";"9";"1";"26";"1";""
"202400003142";"155776311";"B01";"3";"60";"0";"2";"1";"19";"5";""
"202400003143";"155776309";"B01";"1";"7";"0";"2";"5";"2";"1";""
"202400003143";"155776312";"A01";"1";"7";"0";"2";"3";"2";"1";""
"202400003144";"155776306";"A01";"2";"7";"0";"2";"7";"15";"1";""
"202400003144";"155776307";"B01";"1";"1";"0";"2";"1";"1";"5";""
"202400003145";"155776304";"A01";"2";"7";"0";"9";"3";"1";"1";""
"202400003145";"155776308";"B01";"2";"1";"0";"2";"2";"15";"5";""
"202400003146";"155776302";"A01";"2";"30";"0";"2";"1";"2";"1";""
"202400003146";"155776303";"B01";"2";"7";"0";"2";"4";"23";"1";""
"202400003147";"155776300";"B01";"2";"7";"0";"9";"1";"16";"1";""
"202400003147";"155776305";"Z01";"2";"7";"0";"9";"1";"16";"1";""
"202400003148";"155776297";"B01";"3";"31";"0";"2";"1";"1";"1";""
"202400003148";"155776299";"A01";"3";"7";"0";"2";"3";"15";"2";""
"202400003149";"155776298";"A01";"3";"1";"0";"2";"1";"19";"5";""
"202400003149";"155776301";"B01";"3";"7";"0";"2";"2";"2";"1";""
"202400003150";"155776294";"A01";"1";"32";"0";"2";"1";"2";"1";""
"202400003150";"155776296";"B01";"3";"7";"0";"2";"4";"2";"1";""
"202400003151";"155776293";"A01";"1";"7";"0";"1";"2";"5";"1";""
"202400003152";"155776292";"B01";"1";"7";"0";"2";"2";"1";"1";""
"202400003152";"155776295";"A01";"2";"30";"0";"2";"1";"1";"1";""
"202400003153";"155776290";"B01";"3";"10";"0";"2";"4";"26";"1";""
"202400003153";"155776291";"A01";"3";"7";"1";"2";"4";"4";"1";""
"202400003154";"155776287";"A01";"1";"14";"0";"2";"6";"12";"0";""
"202400003154";"155776289";"B01";"1";"7";"0";"2";"6";"1";"1";""
"202400003155";"155776285";"A01";"2";"14";"0";"2";"1";"1";"1";""
"202400003155";"155776288";"B01";"1";"17";"0";"2";"3";"1";"1";""
"202400003156";"155776284";"A01";"1";"7";"0";"2";"2";"26";"1";""
"202400003156";"155776286";"B01";"1";"31";"0";"2";"8";"1";"1";""
"202400003157";"155776283";"A01";"3";"7";"0";"1";"2";"21";"1";""
"202400003158";"155776280";"A01";"3";"1";"0";"2";"3";"9";"5";""
"202400003158";"155776282";"B01";"2";"7";"0";"2";"2";"2";"1";""
"202400003159";"155776281";"A01";"1";"33";"6";"0";"1";"1";"1";""
"202400003160";"155776277";"A01";"3";"7";"0";"2";"1";"9";"2";""
"202400003160";"155776279";"B01";"3";"32";"0";"2";"7";"1";"1";""
"202400003161";"155776276";"A01";"3";"7";"0";"1";"1";"14";"1";""
"202400003162";"155776274";"C01";"1";"7";"0";"2";"3";"1";"1";""
"202400003162";"155776275";"A01";"2";"7";"0";"2";"3";"17";"1";""
"202400003162";"155776278";"B01";"2";"7";"0";"2";"3";"1";"1";""
"202400003163";"155776272";"B01";"1";"80";"0";"2";"1";"19";"3";""
"202400003163";"155776273";"A01";"2";"7";"0";"2";"0";"1";"1";""
"202400003164";"155776270";"A01";"3";"14";"0";"1";"1";"1";"1";""
"202400003165";"155776269";"A01";"2";"7";"0";"2";"1";"2";"1";""
"202400003165";"155776271";"B01";"2";"7";"0";"2";"4";"2";"1";""
"202400003166";"155776267";"A01";"1";"7";"0";"2";"3";"9";"1";""
"202400003166";"155776268";"B01";"1";"1";"0";"2";"1";"0";"5";""
"202400003167";"155776263";"B01";"0";"7";"0";"1";"1";"1";"1";""
"202400003168";"155776262";"A01";"1";"33";"0";"2";"1";"3";"1";""
"202400003168";"155776264";"B01";"1";"7";"0";"2";"5";"2";"2";""
"202400003169";"155776256";"B01";"1";"7";"0";"2";"2";"1";"1";""
"202400003169";"155776260";"A01";"2";"50";"0";"2";"1";"16";"3";""
"202400003170";"155776257";"A01";"2";"33";"3";"0";"2";"3";"1";""
"202400003170";"155776258";"B01";"2";"10";"0";"2";"6";"11";"1";""
"202400003171";"155776254";"A01";"0";"10";"0";"2";"1";"2";"1";""
"202400003171";"155776255";"B01";"3";"7";"0";"2";"4";"2";"1";""
"202400003172";"155776251";"B01";"3";"1";"0";"2";"1";"1";"5";""
"202400003172";"155776253";"A01";"3";"7";"0";"2";"3";"9";"1";""
"202400003173";"155776252";"A01";"2";"10";"4";"0";"1";"1";"1";""
"202400003174";"155776250";"A01";"1";"3";"0";"1";"1";"1";"1";""
"202400003175";"155776249";"A01";"2";"33";"3";"0";"8";"1";"1";""
"202400003176";"155776245";"A01";"2";"50";"0";"1";"1";"13";"3";""
"202400003177";"155776244";"A01";"1";"7";"0";"2";"2";"9";"1";""
"202400003177";"155776247";"B01";"1";"7";"9";"2";"0";"1";"1";""
"202400003178";"155776243";"C01";"1";"10";"1";"0";"1";"1";"1";""
"202400003178";"155776246";"B01";"1";"7";"1";"0";"1";"1";"2";""
"202400003178";"155776248";"A01";"1";"7";"1";"0";"4";"23";"1";""
"202400003179";"155776240";"A01";"1";"30";"0";"2";"2";"15";"1";""
"202400003179";"155776242";"B01";"2";"32";"0";"2";"1";"1";"1";""
"202400003180";"155776239";"B01";"2";"7";"0";"2";"1";"1";"1";""
"202400003180";"155776241";"A01";"1";"7";"0";"2";"2";"15";"1";""
"202400003181";"155776237";"B01";"2";"33";"0";"2";"1";"3";"1";""
"202400003181";"155776238";"A01";"2";"7";"0";"2";"2";"12";"2";""
"202400003182";"155776234";"A01";"1";"10";"0";"2";"1";"1";"1";""
"202400003182";"155776236";"B01";"1";"7";"0";"2";"4";"1";"1";""
"202400003183";"155776233";"A01";"1";"2";"0";"2";"2";"17";"1";""
"202400003183";"155776235";"B01";"1";"7";"0";"2";"8";"15";"1";""
"202400003184";"155776231";"A01";"1";"37";"0";"1";"1";"1";"1";"1"
"202400003185";"155776230";"B01";"2";"43";"0";"2";"8";"1";"1";""
"202400003185";"155776232";"A01";"2";"7";"0";"2";"2";"12";"1";""
"202400003186";"155776227";"B01";"1";"7";"0";"2";"8";"11";"1";""
"202400003186";"155776229";"A01";"1";"32";"0";"2";"7";"1";"1";""
"202400003187";"155776226";"B01";"1";"7";"0";"2";"1";"2";"1";""
"202400003187";"155776228";"A01";"2";"7";"0";"2";"1";"13";"1";""
"202400003188";"155776224";"B01";"1";"7";"0";"2";"4";"1";"1";""
"202400003188";"155776225";"A01";"1";"7";"0";"2";"1";"1";"1";""
"202400003189";"155776222";"A01";"3";"30";"0";"1";"1";"7";"3";""
"202400003190";"155776221";"A01";"2";"50";"0";"2";"1";"1";"3";""
"202400003190";"155776223";"B01";"2";"7";"0";"2";"1";"1";"1";""
"202400003191";"155776220";"A01";"1";"33";"0";"0";"9";"26";"1";""
"202400003192";"155776216";"A01";"1";"10";"1";"0";"1";"20";"1";""
"202400003192";"155776217";"B01";"1";"10";"1";"2";"4";"24";"1";""
"202400003193";"155776214";"A01";"2";"30";"0";"1";"2";"1";"1";""
"202400003194";"155776215";"B01";"2";"7";"0";"2";"6";"1";"1";""
"202400003194";"155776218";"A01";"2";"7";"0";"2";"1";"17";"1";""
"202400003194";"155776219";"C01";"2";"33";"0";"2";"4";"1";"1";""
"202400003195";"155776211";"A01";"2";"7";"0";"2";"2";"15";"1";""
"202400003195";"155776213";"B01";"1";"7";"0";"2";"1";"1";"1";""
"202400003196";"155776210";"A01";"2";"3";"0";"2";"3";"13";"1";""
"202400003196";"155776212";"B01";"2";"7";"0";"2";"3";"1";"1";""
"202400003197";"155776209";"A01";"1";"33";"0";"0";"9";"21";"1";""
"202400003198";"155776207";"A01";"3";"7";"0";"2";"3";"26";"1";""
"202400003198";"155776208";"B01";"3";"1";"0";"2";"7";"1";"5";""
"202400003199";"155776205";"A01";"1";"7";"0";"2";"8";"9";"1";""
"202400003199";"155776206";"B01";"1";"10";"0";"2";"1";"1";"1";""
"202400003200";"155776204";"A01";"2";"7";"0";"1";"1";"19";"1";""
"202400003201";"155776200";"B01";"1";"17";"0";"2";"5";"1";"1";""
"202400003201";"155776202";"A01";"1";"7";"0";"2";"8";"11";"1";""
"202400003202";"155776201";"A01";"1";"7";"0";"1";"3";"0";"1";""
"202400003203";"155776198";"A01";"2";"7";"0";"1";"6";"18";"1";""
"202400003204";"155776199";"B01";"2";"7";"0";"2";"2";"19";"1";""
"202400003204";"155776203";"A01";"1";"7";"0";"2";"3";"1";"1";""
"202400003205";"155776193";"A01";"1";"37";"0";"2";"3";"1";"1";"2"
"202400003205";"155776194";"Z01";"1";"7";"0";"2";"2";"16";"2";""
"202400003206";"155776191";"A01";"1";"7";"14";"1";"4";"26";"0";""
"202400003207";"155776190";"A01";"2";"7";"0";"2";"1";"2";"1";""
"202400003207";"155776192";"B01";"2";"7";"0";"2";"4";"2";"1";""
"202400003208";"155776189";"A01";"2";"33";"0";"1";"2";"17";"1";""
"202400003209";"155776187";"A01";"0";"1";"0";"2";"1";"19";"5";""
"202400003209";"155776188";"B01";"0";"7";"0";"2";"8";"1";"1";""
"202400003210";"155776185";"A01";"2";"7";"0";"1";"0";"1";"1";""
"202400003211";"155776183";"B01";"2";"2";"0";"2";"3";"1";"3";""
"202400003211";"155776186";"A01";"1";"7";"0";"2";"3";"13";"1";""
"202400003212";"155776182";"B01";"3";"7";"0";"2";"2";"1";"1";""
"202400003212";"155776184";"A01";"3";"50";"0";"2";"5";"19";"3";""
"202400003213";"155776180";"A01";"1";"7";"0";"1";"2";"16";"1";""
"202400003214";"155776178";"B01";"1";"50";"0";"2";"6";"2";"3";""
"202400003214";"155776179";"Z01";"1";"10";"0";"2";"2";"2";"0";""
"202400003215";"155776177";"B01";"1";"30";"0";"2";"1";"16";"1";""
"202400003215";"155776181";"A01";"2";"7";"0";"2";"6";"15";"1";""
"202400003216";"155776175";"A01";"0";"10";"0";"2";"3";"2";"1";""
"202400003216";"155776176";"B01";"0";"37";"0";"2";"4";"1";"1";"1"
"202400003217";"155776173";"B01";"1";"1";"0";"2";"7";"1";"5";""
"202400003217";"155776174";"A01";"1";"10";"0";"2";"3";"1";"1";""
"202400003218";"155776171";"A01";"2";"30";"0";"2";"1";"14";"1";""
"202400003218";"155776172";"Z01";"2";"7";"0";"2";"1";"16";"1";""
"202400003219";"155776169";"A01";"1";"7";"0";"1";"1";"26";"1";""
"202400003220";"155776166";"A01";"1";"7";"0";"1";"1";"26";"1";""
"202400003220";"155776168";"B01";"2";"7";"0";"2";"4";"23";"2";""
"202400003221";"155776164";"A01";"1";"7";"0";"2";"0";"0";"1";""
"202400003221";"155776167";"C01";"1";"7";"0";"2";"0";"0";"1";""
"202400003221";"155776170";"B01";"1";"7";"0";"2";"0";"0";"1";""
"202400003222";"155776163";"Y01";"3";"1";"0";"0";"0";"1";"5";""
"202400003222";"155776165";"A01";"3";"7";"0";"9";"1";"9";"1";""
"202400003223";"155776160";"A01";"1";"10";"0";"1";"1";"16";"1";""
"202400003224";"155776161";"A01";"3";"1";"0";"2";"1";"1";"5";""
"202400003224";"155776162";"B01";"2";"7";"0";"9";"1";"1";"1";""
"202400003225";"155776159";"A01";"1";"1";"0";"0";"0";"1";"5";""
"202400003226";"155776157";"B01";"1";"7";"0";"2";"4";"1";"1";""
"202400003226";"155776158";"A01";"1";"7";"0";"2";"1";"2";"1";""
"202400003227";"155776154";"A01";"1";"7";"1";"0";"1";"7";"1";""
"202400003227";"155776156";"B01";"1";"37";"0";"2";"4";"23";"1";"1"
"202400003228";"155776153";"B01";"2";"7";"0";"2";"2";"1";"1";""
"202400003228";"155776155";"A01";"2";"30";"0";"2";"1";"1";"1";""
"202400003229";"155776149";"A01";"2";"50";"0";"1";"1";"1";"3";""
"202400003230";"155776143";"A01";"1";"7";"0";"2";"1";"13";"1";""
"202400003230";"155776144";"B01";"2";"1";"0";"2";"1";"1";"5";""
"202400003230";"155776146";"C01";"2";"1";"0";"2";"1";"1";"5";""
"202400003230";"155776147";"D01";"2";"1";"0";"2";"1";"1";"5";""
"202400003230";"155776148";"E01";"2";"1";"0";"2";"1";"1";"5";""
"202400003230";"155776150";"G01";"2";"1";"0";"2";"1";"1";"5";""
"202400003230";"155776151";"F01";"2";"1";"0";"2";"1";"1";"5";""
"202400003230";"155776152";"H01";"2";"1";"0";"2";"1";"1";"5";""
"202400003231";"155776142";"A01";"1";"7";"6";"2";"5";"1";"1";""
"202400003231";"155776145";"Z01";"1";"7";"1";"2";"0";"0";"1";""
"202400003232";"155776139";"B01";"1";"33";"0";"2";"1";"1";"1";""
"202400003232";"155776141";"A01";"2";"37";"0";"2";"1";"15";"1";"1"
"202400003233";"155776138";"A01";"1";"7";"0";"2";"0";"0";"0";""
"202400003233";"155776140";"B01";"1";"50";"0";"0";"0";"5";"3";""
"202400003234";"155776136";"A01";"3";"7";"0";"1";"3";"15";"1";""
"202400003235";"155776134";"A01";"1";"7";"0";"2";"1";"1";"1";""
"202400003235";"155776135";"B01";"2";"7";"0";"2";"5";"15";"1";""
"202400003235";"155776137";"C01";"1";"10";"0";"2";"1";"16";"1";""
"202400003236";"155776132";"A01";"3";"15";"0";"2";"8";"16";"0";""
"202400003236";"155776133";"B01";"3";"33";"16";"2";"3";"26";"1";""
"202400003237";"155776130";"A01";"2";"7";"0";"2";"5";"0";"1";""
"202400003237";"155776131";"B01";"1";"33";"0";"2";"1";"0";"1";""
"202400003238";"155776128";"B01";"3";"7";"0";"2";"8";"1";"1";""
"202400003238";"155776129";"A01";"3";"7";"1";"2";"3";"16";"2";""
"202400003239";"155776127";"A01";"2";"7";"0";"1";"7";"1";"1";""
"202400003240";"155776125";"A01";"1";"7";"0";"1";"1";"15";"1";""
"202400003241";"155776124";"B01";"2";"7";"0";"2";"2";"1";"1";""
"202400003241";"155776126";"A01";"2";"7";"0";"2";"3";"15";"1";""
"202400003242";"155776122";"A01";"1";"10";"0";"2";"3";"19";"0";""
"202400003242";"155776123";"B01";"1";"31";"0";"2";"2";"1";"1";""
"202400003243";"155776120";"A01";"1";"33";"0";"2";"0";"1";"1";""
"202400003243";"155776121";"B01";"1";"31";"0";"2";"0";"15";"1";""
"202400003244";"155776119";"A01";"1";"7";"0";"1";"3";"0";"0";""
"202400003245";"155776116";"A01";"3";"30";"0";"2";"7";"2";"0";""
"202400003245";"155776118";"B01";"1";"0";"0";"2";"1";"15";"0";""
"202400003246";"155776115";"B01";"2";"33";"0";"2";"0";"1";"1";""
"202400003246";"155776117";"A01";"1";"7";"0";"2";"0";"9";"1";""
"202400003247";"155776112";"B01";"1";"7";"0";"2";"1";"0";"1";""
"202400003247";"155776114";"A01";"2";"10";"0";"2";"1";"13";"1";""
"202400003248";"155776111";"A01";"1";"10";"0";"2";"2";"9";"1";""
"202400003248";"155776113";"B01";"2";"1";"0";"2";"1";"1";"5";""
"202400003249";"155776109";"A01";"2";"50";"8";"0";"1";"1";"3";""
"202400003250";"155776104";"C01";"2";"10";"0";"2";"4";"1";"0";""
"202400003250";"155776106";"A01";"2";"7";"0";"2";"4";"1";"1";""
"202400003250";"155776107";"B01";"2";"7";"0";"2";"4";"1";"1";""
"202400003250";"155776108";"D01";"2";"7";"0";"2";"4";"0";"1";""
"202400003250";"155776110";"E01";"2";"10";"0";"2";"1";"1";"1";""
"202400003251";"155776105";"A01";"2";"7";"0";"1";"3";"15";"1";""
"202400003252";"155776101";"A01";"2";"10";"0";"2";"1";"2";"1";""
"202400003252";"155776103";"B01";"2";"7";"0";"2";"4";"1";"1";""
"202400003253";"155776100";"A01";"1";"7";"0";"2";"3";"9";"2";""
"202400003253";"155776102";"B01";"2";"33";"0";"2";"1";"1";"1";""
"202400003254";"155776099";"A01";"1";"7";"0";"1";"3";"1";"1";""
"202400003255";"155776096";"B01";"3";"7";"0";"2";"1";"1";"1";""
"202400003255";"155776098";"A01";"3";"7";"0";"2";"7";"15";"1";""
"202400003256";"155776094";"B01";"1";"7";"0";"2";"4";"2";"1";""
"202400003256";"155776095";"C01";"1";"7";"0";"2";"4";"2";"1";""
"202400003256";"155776097";"A01";"1";"10";"0";"2";"1";"1";"1";""
"202400003257";"155776093";"A01";"2";"7";"0";"1";"1";"1";"0";""
"202400003258";"155776091";"A01";"3";"7";"0";"2";"3";"19";"1";""
"202400003258";"155776092";"B01";"3";"30";"0";"2";"1";"21";"1";""
"202400003259";"155776090";"A01";"2";"7";"6";"0";"1";"14";"1";""
"202400003260";"155776089";"A01";"1";"7";"0";"1";"3";"1";"2";""
"202400003261";"155776088";"A01";"0";"10";"0";"1";"1";"1";"1";""
"202400003262";"155776086";"B01";"2";"7";"0";"2";"3";"1";"1";""
"202400003262";"155776087";"A01";"1";"7";"0";"2";"2";"15";"1";""
"202400003263";"155776085";"A01";"2";"7";"0";"1";"2";"1";"1";""
"202400003264";"155776083";"A01";"1";"7";"0";"2";"4";"17";"1";""
"202400003264";"155776084";"B01";"1";"33";"0";"2";"1";"1";"1";""
"202400003265";"155776080";"A01";"3";"7";"0";"2";"1";"1";"1";""
"202400003265";"155776082";"B01";"3";"7";"0";"2";"8";"1";"1";""
"202400003266";"155776079";"B01";"3";"50";"0";"2";"1";"1";"3";""
"202400003266";"155776081";"A01";"3";"7";"0";"2";"3";"22";"2";""
"202400003267";"155776077";"Z01";"1";"1";"0";"1";"0";"1";"5";""
"202400003268";"155776076";"B01";"2";"60";"0";"2";"0";"19";"5";""
"202400003268";"155776078";"A01";"2";"7";"0";"2";"3";"1";"2";""
"202400003269";"155776075";"A01";"1";"1";"0";"1";"1";"1";"5";""
"202400003270";"155776073";"A01";"1";"10";"14";"0";"1";"26";"1";""
"202400003270";"155776074";"B01";"1";"7";"0";"2";"4";"23";"1";""
"202400003271";"155776071";"A01";"1";"38";"0";"1";"1";"1";"1";"1"
"202400003272";"155776070";"B01";"2";"1";"0";"2";"4";"1";"5";""
"202400003272";"155776072";"A01";"2";"10";"0";"2";"1";"0";"1";""
"202400003273";"155776067";"B01";"2";"7";"0";"2";"3";"10";"1";""
"202400003273";"155776069";"A01";"2";"32";"0";"2";"1";"5";"3";""
"202400003274";"155776066";"A01";"1";"7";"0";"2";"1";"14";"0";""
"202400003274";"155776068";"B01";"1";"7";"0";"2";"5";"0";"1";""
"202400003275";"155776063";"A01";"2";"1";"0";"2";"1";"5";"5";""
"202400003275";"155776065";"B01";"1";"32";"0";"2";"1";"1";"1";""
"202400003276";"155776062";"A01";"1";"7";"0";"2";"1";"2";"1";""
"202400003276";"155776064";"B01";"1";"7";"0";"2";"4";"2";"2";""
"202400003277";"155776060";"B01";"3";"32";"0";"2";"1";"17";"1";""
"202400003277";"155776061";"A01";"3";"7";"0";"2";"3";"10";"1";""
"202400003278";"155776058";"A01";"3";"7";"0";"2";"7";"15";"1";""
"202400003278";"155776059";"B01";"3";"7";"0";"2";"1";"1";"1";""
"202400003279";"155776056";"A01";"2";"7";"0";"2";"2";"16";"3";""
"202400003279";"155776057";"B01";"2";"1";"0";"2";"1";"1";"5";""
"202400003280";"155776054";"A01";"2";"1";"0";"1";"1";"17";"5";""
"202400003281";"155776053";"A01";"3";"7";"0";"2";"3";"9";"1";""
"202400003281";"155776055";"B01";"3";"7";"15";"2";"7";"1";"1";""
"202400003282";"155776050";"B01";"1";"10";"0";"2";"8";"15";"1";""
"202400003282";"155776052";"A01";"1";"34";"0";"2";"8";"17";"1";""
"202400003283";"155776049";"A01";"3";"7";"0";"2";"1";"1";"1";""
"202400003283";"155776051";"B01";"3";"10";"0";"2";"5";"1";"1";""
"202400003284";"155776047";"A01";"1";"1";"0";"2";"1";"1";"5";""
"202400003284";"155776048";"B01";"2";"1";"0";"2";"1";"1";"5";""
"202400003285";"155776045";"A01";"3";"7";"0";"2";"1";"1";"1";""
"202400003285";"155776046";"B01";"3";"7";"0";"2";"4";"23";"1";""
"202400003286";"155776043";"A01";"1";"33";"0";"2";"2";"1";"1";""
"202400003286";"155776044";"B01";"1";"1";"0";"2";"3";"15";"5";""
"202400003287";"155776041";"A01";"3";"7";"0";"2";"1";"15";"1";""
"202400003287";"155776042";"B01";"3";"7";"0";"2";"3";"1";"1";""
"202400003288";"155776039";"A01";"1";"14";"0";"2";"3";"22";"1";""
"202400003288";"155776040";"B01";"1";"1";"0";"2";"7";"1";"5";""
"202400003289";"155776037";"A01";"2";"7";"0";"2";"8";"13";"1";""
"202400003289";"155776038";"B01";"2";"43";"0";"2";"7";"2";"1";""
"202400003290";"155776036";"A01";"3";"80";"0";"1";"1";"1";"3";""
"202400003291";"155776034";"A01";"1";"15";"0";"2";"1";"13";"1";""
"202400003291";"155776035";"B01";"2";"7";"0";"2";"0";"1";"1";""
"202400003292";"155776032";"B01";"2";"7";"0";"2";"1";"15";"1";""
"202400003292";"155776033";"A01";"1";"7";"0";"2";"8";"1";"1";""
"202400003293";"155776030";"A01";"0";"50";"0";"2";"1";"1";"3";""
"202400003293";"155776031";"B01";"0";"7";"0";"2";"2";"1";"1";""
"202400003294";"155776028";"B01";"3";"31";"0";"2";"1";"1";"1";""
"202400003294";"155776029";"A01";"3";"7";"0";"2";"5";"15";"1";""
"202400003295";"155776026";"A01";"1";"7";"0";"2";"2";"15";"1";""
"202400003295";"155776027";"B01";"2";"7";"0";"2";"8";"1";"1";""
"202400003296";"155776025";"A01";"1";"33";"4";"0";"3";"13";"1";""
"202400003297";"155776023";"A01";"1";"7";"0";"2";"1";"1";"1";""
"202400003297";"155776024";"B01";"1";"1";"0";"2";"4";"1";"5";""
"202400003298";"155776020";"A01";"3";"10";"8";"0";"1";"1";"3";""
"202400003299";"155776021";"A01";"2";"32";"0";"2";"1";"1";"1";""
"202400003299";"155776022";"B01";"2";"7";"5";"2";"4";"2";"0";""
"202400003300";"155776018";"B01";"2";"7";"0";"2";"3";"1";"1";""
"202400003300";"155776019";"A01";"2";"1";"0";"2";"1";"1";"5";""
"202400003301";"155776016";"B01";"1";"1";"0";"2";"7";"1";"5";""
"202400003301";"155776017";"A01";"1";"7";"0";"2";"8";"24";"1";""
"202400003302";"155776014";"B01";"0";"50";"0";"2";"1";"1";"3";""
"202400003302";"155776015";"A01";"0";"7";"0";"9";"8";"15";"1";""
"202400003303";"155776012";"B01";"1";"50";"0";"2";"1";"1";"3";""
"202400003303";"155776013";"A01";"2";"7";"0";"2";"2";"15";"1";""
"202400003304";"155776009";"A01";"3";"7";"0";"2";"1";"2";"1";""
"202400003304";"155776010";"B01";"3";"7";"0";"2";"4";"2";"1";""
"202400003304";"155776011";"C01";"3";"7";"0";"2";"4";"2";"1";""
"202400003305";"155776007";"A01";"1";"7";"0";"2";"2";"2";"1";""
"202400003305";"155776008";"B01";"1";"50";"0";"2";"7";"2";"3";""
"202400003306";"155776003";"A01";"2";"7";"1";"2";"3";"16";"1";""
"202400003306";"155776005";"B01";"2";"7";"0";"2";"2";"1";"1";""
"202400003306";"155776006";"C01";"2";"7";"0";"2";"6";"24";"1";""
"202400003307";"155776002";"B01";"1";"7";"8";"0";"2";"1";"1";""
"202400003307";"155776004";"A01";"1";"7";"8";"2";"1";"1";"1";""
"202400003308";"155776000";"B01";"2";"7";"0";"2";"1";"2";"1";""
"202400003308";"155776001";"A01";"1";"10";"0";"2";"1";"15";"1";""
"202400003309";"155775999";"A01";"2";"7";"0";"1";"3";"1";"3";""
"202400003310";"155775997";"A01";"2";"7";"0";"2";"3";"9";"3";""
"202400003310";"155775998";"B01";"2";"50";"0";"2";"1";"1";"3";""
"202400003311";"155775995";"TA01";"0";"7";"0";"9";"3";"1";"1";""
"202400003311";"155775996";"B01";"0";"99";"0";"2";"0";"0";"0";""
"202400003312";"155775993";"A01";"1";"7";"0";"9";"3";"1";"1";""
"202400003312";"155775994";"B01";"2";"50";"0";"2";"1";"15";"3";""
"202400003313";"155775992";"A01";"3";"7";"0";"1";"2";"1";"2";""
"202400003314";"155775990";"B01";"1";"33";"0";"2";"2";"2";"1";""
"202400003314";"155775991";"A01";"1";"7";"0";"2";"3";"2";"1";""
"202400003315";"155775988";"B01";"3";"7";"0";"2";"6";"1";"0";""
"202400003315";"155775989";"A01";"3";"14";"0";"2";"2";"14";"0";""
"202400003316";"155775986";"A01";"1";"33";"5";"0";"2";"13";"1";""
"202400003317";"155775985";"B01";"1";"10";"0";"2";"1";"1";"1";""
"202400003317";"155775987";"A01";"2";"7";"0";"2";"7";"1";"1";""
"202400003318";"155775982";"B01";"1";"7";"0";"2";"3";"9";"1";""
"202400003318";"155775984";"A01";"1";"43";"0";"2";"0";"0";"1";""
"202400003319";"155775981";"B01";"1";"32";"0";"2";"6";"1";"1";""
"202400003319";"155775983";"Z01";"1";"10";"0";"2";"3";"13";"0";""
"202400003320";"155775978";"A01";"3";"33";"0";"2";"1";"2";"1";""
"202400003320";"155775979";"B01";"3";"7";"0";"2";"4";"16";"1";""
"202400003321";"155775977";"B01";"1";"7";"0";"2";"2";"1";"1";""
"202400003321";"155775980";"A01";"3";"7";"0";"2";"1";"1";"1";""
"202400003322";"155775976";"A01";"2";"30";"0";"1";"8";"25";"1";""
"202400003323";"155775975";"A01";"1";"30";"0";"0";"0";"17";"1";""
"202400003324";"155775974";"A01";"1";"7";"0";"1";"2";"26";"1";""
"202400003325";"155775972";"A01";"2";"30";"0";"2";"1";"1";"1";""
"202400003325";"155775973";"B01";"2";"7";"0";"2";"4";"1";"3";""
"202400003326";"155775971";"A01";"2";"7";"0";"1";"7";"17";"1";""
"202400003327";"155775970";"A01";"2";"10";"0";"1";"7";"1";"1";""
"202400003328";"155775968";"A01";"1";"33";"0";"2";"2";"0";"6";""
"202400003328";"155775969";"B01";"3";"7";"0";"2";"6";"23";"6";""
"202400003329";"155775965";"B01";"1";"7";"0";"2";"1";"1";"1";""
"202400003329";"155775967";"A01";"1";"10";"0";"2";"1";"13";"1";""
"202400003330";"155775961";"A01";"0";"7";"0";"1";"1";"23";"1";""
"202400003331";"155775962";"A01";"2";"7";"0";"2";"1";"2";"1";""
"202400003331";"155775963";"C01";"2";"10";"0";"2";"4";"2";"1";""
"202400003331";"155775964";"B01";"2";"7";"0";"2";"4";"2";"1";""
"202400003331";"155775966";"D01";"2";"7";"0";"2";"4";"2";"2";""
"202400003332";"155775959";"A01";"1";"33";"13";"0";"1";"21";"1";""
"202400003333";"155775958";"A01";"1";"7";"0";"2";"2";"11";"1";""
"202400003333";"155775960";"B01";"1";"7";"0";"2";"3";"1";"1";""
"202400003334";"155775957";"A01";"1";"1";"0";"1";"1";"1";"5";""
"202400003335";"155775956";"A01";"3";"7";"8";"0";"1";"13";"1";""
"202400003336";"155775954";"A01";"1";"80";"12";"0";"0";"26";"3";""
"202400003337";"155775953";"B01";"1";"50";"0";"2";"7";"1";"3";""
"202400003337";"155775955";"A01";"1";"7";"0";"2";"1";"9";"2";""
"202400003338";"155775951";"A01";"2";"7";"0";"1";"2";"1";"1";""
"202400003339";"155775950";"A01";"3";"33";"14";"0";"1";"0";"0";""
"202400003339";"155775952";"B01";"3";"7";"0";"2";"1";"0";"6";""
"202400003340";"155775949";"A01";"1";"2";"8";"0";"2";"1";"1";""
"202400003341";"155775947";"A01";"2";"7";"8";"0";"0";"0";"1";""
"202400003342";"155775948";"A01";"2";"7";"0";"1";"1";"15";"1";""
"202400003343";"155775944";"A01";"1";"7";"0";"2";"2";"5";"1";""
"202400003343";"155775946";"B01";"2";"7";"0";"2";"2";"0";"1";""
"202400003344";"155775942";"C01";"1";"7";"0";"2";"4";"2";"1";""
"202400003344";"155775943";"B01";"1";"10";"0";"2";"4";"2";"1";""
"202400003344";"155775945";"A01";"1";"14";"0";"2";"1";"1";"1";""
"202400003345";"155775940";"B01";"3";"7";"0";"2";"8";"16";"1";""
"202400003345";"155775941";"A01";"3";"7";"0";"2";"1";"2";"1";""
"202400003346";"155775937";"A01";"2";"7";"6";"0";"1";"1";"1";""
"202400003347";"155775938";"A01";"2";"33";"0";"2";"1";"3";"1";""
"202400003347";"155775939";"B01";"2";"7";"0";"2";"5";"0";"2";""
"202400003348";"155775936";"A01";"2";"43";"13";"0";"2";"14";"1";""
"202400003349";"155775934";"A01";"3";"7";"0";"1";"1";"0";"2";""
"202400003350";"155775933";"A01";"1";"7";"0";"2";"3";"13";"1";""
"202400003350";"155775935";"B01";"2";"7";"3";"2";"3";"1";"1";""
"202400003351";"155775930";"A01";"1";"7";"8";"2";"1";"1";"1";""
"202400003352";"155775929";"A01";"1";"7";"0";"2";"2";"2";"0";""
"202400003352";"155775931";"B01";"1";"7";"0";"2";"4";"14";"1";""
"202400003352";"155775932";"C01";"2";"7";"0";"2";"8";"21";"1";""
"202400003353";"155775926";"A01";"1";"30";"0";"2";"1";"1";"1";""
"202400003353";"155775928";"B01";"1";"7";"0";"2";"2";"1";"1";""
"202400003354";"155775924";"A01";"2";"7";"0";"2";"1";"1";"1";""
"202400003354";"155775925";"C01";"1";"7";"0";"2";"1";"5";"1";""
"202400003354";"155775927";"B01";"2";"7";"0";"2";"3";"1";"1";""
"202400003355";"155775921";"A01";"2";"33";"9";"0";"1";"1";"1";""
"202400003356";"155775922";"A01";"2";"1";"0";"2";"8";"2";"5";""
"202400003356";"155775923";"B01";"0";"34";"0";"2";"7";"1";"1";""
"202400003357";"155775919";"A01";"1";"13";"13";"0";"8";"15";"1";""
"202400003357";"155775920";"B01";"1";"7";"0";"2";"1";"1";"1";""
"202400003358";"155775917";"A01";"1";"2";"0";"0";"8";"1";"1";""
"202400003359";"155775916";"B01";"1";"7";"0";"2";"6";"16";"1";""
"202400003359";"155775918";"A01";"1";"7";"0";"2";"2";"13";"2";""
"202400003360";"155775914";"A01";"3";"33";"0";"0";"0";"26";"1";""
"202400003361";"155775913";"A01";"3";"1";"0";"2";"1";"1";"5";""
"202400003361";"155775915";"Z01";"3";"2";"0";"2";"8";"26";"1";""
"202400003362";"155775910";"A01";"1";"43";"0";"1";"8";"21";"1";""
"202400003363";"155775909";"A01";"2";"33";"0";"0";"7";"1";"1";""
"202400003364";"155775906";"A01";"1";"50";"1";"0";"1";"1";"3";""
"202400003364";"155775908";"B01";"1";"7";"0";"2";"4";"24";"1";""
"202400003365";"155775905";"A01";"2";"33";"0";"2";"0";"1";"1";""
"202400003365";"155775907";"B01";"1";"7";"0";"2";"1";"19";"1";""
"202400003366";"155775903";"A01";"2";"7";"0";"2";"3";"0";"1";""
"202400003366";"155775904";"B01";"2";"1";"1";"0";"7";"17";"5";""
"202400003367";"155775901";"A01";"2";"7";"13";"2";"2";"17";"1";""
"202400003367";"155775902";"B01";"2";"7";"0";"0";"8";"15";"1";""
"202400003368";"155775899";"A01";"3";"7";"13";"0";"8";"13";"1";""
"202400003369";"155775900";"A01";"2";"33";"0";"1";"7";"21";"1";""
"202400003370";"155775898";"A01";"2";"7";"2";"0";"1";"1";"1";""
"202400003371";"155775896";"A01";"3";"33";"0";"2";"3";"13";"1";""
"202400003371";"155775897";"B01";"3";"2";"0";"2";"7";"1";"1";""
"202400003372";"155775895";"A01";"1";"7";"8";"0";"1";"0";"1";""
"202400003373";"155775894";"A01";"2";"1";"12";"9";"1";"2";"5";""
"202400003374";"155775893";"A01";"1";"7";"16";"0";"8";"1";"1";""
"202400003375";"155775892";"A01";"3";"33";"0";"0";"0";"16";"1";""
"202400003376";"155775890";"B01";"1";"80";"9";"2";"1";"1";"3";""
"202400003376";"155775891";"A01";"1";"10";"9";"2";"7";"16";"1";""
"202400003377";"155775888";"A01";"1";"1";"10";"2";"5";"1";"5";""
"202400003377";"155775889";"B01";"2";"15";"0";"9";"6";"1";"1";""
"202400003378";"155775887";"A01";"1";"2";"0";"0";"0";"21";"1";""
"202400003379";"155775886";"A01";"1";"7";"6";"0";"2";"1";"1";""
"202400003380";"155775885";"A01";"2";"50";"14";"0";"1";"26";"3";""
"202400003381";"155775883";"A01";"1";"7";"1";"0";"4";"23";"1";""
"202400003381";"155775884";"B01";"1";"1";"1";"0";"1";"1";"5";""
"202400003382";"155775881";"A01";"1";"7";"0";"2";"7";"15";"2";""
"202400003382";"155775882";"B01";"2";"33";"0";"2";"7";"1";"1";""
"202400003383";"155775878";"A01";"3";"7";"0";"2";"7";"19";"1";""
"202400003383";"155775880";"B01";"2";"7";"0";"2";"1";"1";"1";""
"202400003384";"155775877";"A01";"1";"7";"0";"2";"1";"16";"1";""
"202400003384";"155775879";"B01";"1";"1";"0";"2";"0";"19";"5";""
"202400003385";"155775876";"A01";"3";"7";"8";"0";"1";"0";"1";""
"202400003386";"155775875";"A01";"3";"7";"0";"1";"1";"1";"2";""
"202400003387";"155775869";"B01";"1";"30";"0";"2";"2";"1";"1";""
"202400003387";"155775871";"A01";"1";"7";"0";"2";"3";"15";"1";""
"202400003388";"155775870";"B01";"3";"1";"0";"2";"8";"0";"5";""
"202400003388";"155775872";"A01";"3";"7";"0";"2";"1";"1";"1";""
"202400003389";"155775867";"A01";"2";"7";"13";"0";"9";"21";"1";""
"202400003390";"155775866";"B01";"3";"1";"0";"2";"0";"0";"5";""
"202400003390";"155775868";"A01";"3";"14";"15";"2";"7";"16";"6";""
"202400003391";"155775864";"A01";"3";"7";"15";"0";"6";"2";"1";""
"202400003392";"155775863";"A01";"0";"7";"0";"2";"3";"1";"1";""
"202400003392";"155775865";"B01";"0";"1";"0";"2";"8";"1";"5";""
"202400003393";"155775858";"C01";"1";"13";"0";"2";"1";"1";"1";""
"202400003393";"155775859";"A01";"1";"13";"0";"2";"1";"1";"1";""
"202400003393";"155775861";"B01";"1";"10";"0";"0";"6";"23";"1";""
"202400003394";"155775860";"B01";"1";"7";"0";"2";"1";"1";"1";""
"202400003394";"155775862";"A01";"1";"7";"0";"2";"8";"15";"1";""
"202400003395";"155775857";"A01";"0";"7";"0";"1";"1";"1";"1";""
"202400003396";"155775855";"A01";"1";"7";"0";"2";"3";"13";"1";""
"202400003396";"155775856";"B01";"2";"7";"0";"2";"6";"1";"1";""
"202400003397";"155775852";"A01";"2";"7";"0";"2";"6";"15";"1";""
"202400003397";"155775854";"B01";"2";"33";"0";"2";"1";"1";"1";""
"202400003398";"155775851";"A01";"2";"7";"0";"2";"1";"15";"1";""
"202400003398";"155775853";"B01";"1";"7";"6";"2";"1";"1";"1";""
"202400003399";"155775848";"B01";"3";"32";"0";"2";"1";"1";"1";""
"202400003399";"155775850";"A01";"3";"10";"0";"2";"2";"9";"1";""
"202400003400";"155775847";"A01";"1";"7";"0";"9";"2";"12";"1";""
"202400003400";"155775849";"B01";"1";"33";"0";"2";"3";"3";"1";""
"202400003401";"155775844";"B01";"2";"7";"0";"0";"5";"1";"1";""
"202400003401";"155775846";"A01";"2";"33";"13";"2";"1";"21";"1";""
"202400003402";"155775843";"A01";"3";"7";"0";"2";"6";"11";"0";""
"202400003402";"155775845";"B01";"3";"33";"0";"2";"2";"3";"0";""
"202400003403";"155775841";"B01";"2";"10";"0";"2";"3";"1";"1";""
"202400003403";"155775842";"A01";"1";"1";"0";"2";"3";"1";"5";""
"202400003404";"155775840";"A01";"1";"7";"14";"0";"1";"1";"1";""
"202400003405";"155775838";"A01";"0";"7";"0";"1";"1";"0";"0";""
"202400003406";"155775837";"A01";"1";"7";"0";"2";"3";"13";"1";""
"202400003406";"155775839";"B01";"2";"15";"0";"2";"3";"2";"1";""
"202400003407";"155775836";"A01";"1";"7";"0";"1";"1";"1";"0";""
"202400003408";"155775835";"A01";"0";"7";"2";"0";"1";"0";"1";""
"202400003409";"155775833";"A01";"2";"7";"0";"0";"0";"0";"1";""
"202400003409";"155775834";"B01";"0";"1";"0";"2";"1";"26";"5";""
"202400003410";"155775831";"A01";"3";"1";"0";"0";"4";"1";"5";""
"202400003410";"155775832";"B01";"3";"1";"0";"0";"1";"1";"5";""
"202400003411";"155775829";"B01";"1";"14";"0";"2";"7";"9";"1";""
"202400003411";"155775830";"Z01";"1";"50";"0";"2";"1";"0";"3";""
"202400003412";"155775827";"B01";"1";"10";"0";"2";"7";"0";"1";""
"202400003412";"155775828";"A01";"1";"1";"0";"2";"1";"0";"5";""
"202400003413";"155775826";"A01";"2";"7";"13";"0";"2";"1";"1";""
"202400003414";"155775823";"A01";"1";"33";"4";"0";"3";"13";"1";""
"202400003414";"155775825";"B01";"2";"7";"0";"9";"3";"1";"1";""
"202400003415";"155775822";"A01";"1";"2";"0";"2";"1";"19";"1";""
"202400003415";"155775824";"B01";"2";"7";"0";"0";"3";"1";"1";""
"202400003416";"155775819";"B01";"0";"20";"0";"2";"0";"19";"1";""
"202400003416";"155775821";"A01";"1";"7";"0";"2";"1";"1";"1";""
"202400003417";"155775818";"A01";"1";"7";"0";"9";"2";"2";"0";""
"202400003417";"155775820";"B01";"1";"1";"0";"2";"4";"2";"5";""
"202400003418";"155775816";"A01";"2";"7";"5";"0";"3";"21";"1";""
"202400003419";"155775815";"A01";"2";"10";"0";"2";"1";"1";"1";""
"202400003419";"155775817";"B01";"2";"7";"0";"2";"4";"1";"1";""
"202400003420";"155775813";"A01";"1";"33";"0";"0";"2";"6";"1";""
"202400003421";"155775812";"B01";"0";"34";"0";"2";"0";"11";"1";""
"202400003421";"155775814";"A01";"0";"7";"0";"2";"8";"1";"0";""
"202400003422";"155775809";"A01";"2";"13";"0";"2";"7";"2";"1";""
"202400003422";"155775811";"B01";"2";"1";"0";"2";"1";"2";"5";""
"202400003423";"155775807";"B01";"1";"80";"0";"0";"6";"1";"3";""
"202400003423";"155775808";"A01";"1";"7";"0";"9";"2";"1";"1";""
"202400003424";"155775806";"A01";"3";"2";"12";"0";"2";"1";"1";""
"202400003425";"155775805";"A01";"3";"33";"0";"0";"0";"25";"1";""
"202400003426";"155775802";"C01";"2";"7";"0";"2";"3";"1";"1";""
"202400003426";"155775803";"A01";"2";"13";"0";"0";"0";"21";"1";""
"202400003426";"155775804";"B01";"1";"21";"0";"2";"1";"21";"1";""
"202400003427";"155775800";"A01";"1";"99";"1";"0";"0";"0";"6";""
"202400003427";"155775801";"B01";"2";"7";"0";"0";"3";"23";"1";""
"202400003428";"155775798";"B01";"3";"2";"0";"2";"1";"13";"1";""
"202400003428";"155775799";"A01";"3";"7";"0";"2";"3";"21";"1";""
"202400003429";"155775797";"A01";"1";"7";"13";"0";"1";"15";"1";""
"202400003430";"155775794";"B01";"1";"7";"0";"2";"1";"1";"1";""
"202400003430";"155775796";"A01";"2";"7";"0";"2";"1";"13";"1";""
"202400003431";"155775793";"A01";"1";"7";"0";"0";"1";"26";"1";""
"202400003431";"155775795";"B01";"1";"7";"0";"0";"1";"26";"1";""
"202400003432";"155775792";"A01";"2";"10";"0";"1";"2";"1";"1";""
"202400003433";"155775791";"A01";"3";"2";"0";"0";"0";"0";"1";""
"202400003434";"155775788";"A01";"2";"7";"0";"2";"1";"11";"1";""
"202400003434";"155775789";"B01";"1";"7";"0";"2";"1";"1";"1";""
"202400003435";"155775786";"A01";"0";"7";"0";"2";"1";"2";"1";""
"202400003435";"155775787";"B01";"0";"7";"1";"2";"9";"23";"1";""
"202400003435";"155775790";"C01";"0";"7";"0";"2";"4";"23";"1";""
"202400003436";"155775781";"A01";"2";"7";"0";"2";"2";"15";"1";""
"202400003436";"155775782";"B01";"1";"33";"0";"2";"1";"1";"1";""
"202400003436";"155775784";"C01";"2";"7";"0";"0";"8";"23";"1";""
"202400003437";"155775779";"B01";"1";"1";"0";"2";"3";"1";"5";""
"202400003437";"155775780";"A01";"1";"7";"0";"9";"2";"2";"2";""
"202400003438";"155775778";"A01";"1";"21";"7";"0";"9";"1";"1";""
"202400003439";"155775777";"A01";"3";"30";"0";"0";"8";"1";"1";""
"202400003440";"155775774";"B01";"1";"7";"0";"2";"3";"1";"1";""
"202400003440";"155775776";"A01";"2";"7";"0";"2";"2";"15";"1";""
"202400003441";"155775773";"A01";"3";"7";"0";"2";"3";"1";"1";""
"202400003441";"155775775";"B01";"3";"1";"0";"2";"7";"16";"5";""
"202400003442";"155775772";"A01";"2";"7";"3";"0";"7";"0";"1";""
"202400003443";"155775771";"A01";"2";"34";"12";"0";"1";"14";"1";""
"202400003444";"155775770";"A01";"0";"7";"15";"0";"1";"1";"1";""
"202400003445";"155775767";"A01";"1";"7";"0";"2";"7";"15";"1";""
"202400003445";"155775768";"B01";"2";"30";"0";"2";"1";"1";"1";""
"202400003446";"155775764";"A01";"2";"7";"6";"0";"2";"1";"1";""
"202400003447";"155775763";"C01";"2";"7";"0";"2";"1";"1";"1";""
"202400003447";"155775765";"D01";"2";"7";"0";"2";"4";"23";"1";""
"202400003447";"155775766";"A01";"2";"7";"0";"2";"9";"23";"1";""
"202400003447";"155775769";"B01";"2";"7";"0";"2";"9";"23";"1";""
"202400003448";"155775760";"A01";"2";"31";"0";"2";"5";"3";"1";""
"202400003448";"155775762";"B01";"2";"7";"0";"2";"3";"11";"1";""
"202400003449";"155775757";"A01";"1";"7";"0";"2";"1";"15";"1";""
"202400003449";"155775759";"B01";"1";"7";"0";"2";"6";"15";"1";""
"202400003449";"155775761";"C01";"2";"7";"0";"2";"1";"1";"1";""
"202400003450";"155775754";"A01";"3";"3";"13";"0";"0";"2";"1";""
"202400003451";"155775752";"E01";"1";"10";"0";"2";"5";"21";"1";""
"202400003451";"155775753";"A01";"1";"10";"0";"0";"0";"26";"1";""
"202400003451";"155775755";"B01";"1";"7";"0";"2";"5";"2";"3";""
"202400003451";"155775756";"C01";"1";"7";"0";"2";"1";"1";"1";""
"202400003451";"155775758";"D01";"1";"14";"0";"2";"6";"2";"1";""
"202400003452";"155775750";"A01";"1";"7";"3";"0";"2";"0";"1";""
"202400003453";"155775749";"A01";"1";"7";"0";"0";"2";"1";"1";""
"202400003453";"155775751";"B01";"1";"7";"0";"0";"3";"1";"1";""
"202400003454";"155775746";"B01";"1";"2";"0";"2";"1";"1";"1";""
"202400003454";"155775747";"A01";"2";"7";"0";"2";"5";"15";"1";""
"202400003455";"155775744";"A01";"2";"31";"0";"2";"3";"3";"1";""
"202400003455";"155775745";"B01";"2";"10";"0";"2";"5";"2";"1";""
"202400003455";"155775748";"C01";"2";"10";"0";"2";"4";"1";"1";""
"202400003456";"155775743";"A01";"2";"7";"0";"1";"3";"1";"1";""
"202400003457";"155775740";"B01";"1";"80";"0";"0";"8";"19";"3";""
"202400003457";"155775741";"A01";"1";"13";"0";"9";"1";"1";"1";""
"202400003458";"155775737";"A01";"2";"2";"0";"2";"0";"17";"1";""
"202400003458";"155775738";"C01";"1";"7";"1";"2";"3";"1";"1";""
"202400003459";"155775734";"A01";"1";"7";"8";"2";"1";"13";"1";""
"202400003459";"155775735";"B01";"2";"14";"0";"2";"3";"1";"1";""
"202400003460";"155775732";"A01";"1";"1";"0";"0";"0";"26";"5";""
"202400003461";"155775731";"C01";"1";"7";"0";"2";"4";"1";"2";""
"202400003461";"155775733";"A01";"1";"7";"0";"2";"1";"1";"1";""
"202400003461";"155775736";"B01";"1";"7";"0";"2";"4";"1";"1";""
"202400003461";"155775739";"E01";"1";"7";"0";"2";"4";"1";"1";""
"202400003461";"155775742";"D01";"1";"7";"0";"2";"4";"1";"1";""
"202400003462";"155775729";"A01";"1";"38";"0";"2";"3";"13";"1";"1"
"202400003462";"155775730";"B01";"2";"7";"0";"2";"3";"1";"1";""
"202400003463";"155775727";"A01";"1";"14";"0";"2";"3";"2";"1";""
"202400003463";"155775728";"B01";"1";"7";"0";"2";"5";"0";"1";""
"202400003464";"155775726";"A01";"1";"7";"0";"0";"1";"26";"1";""
"202400003465";"155775724";"B01";"1";"7";"13";"2";"8";"1";"1";""
"202400003465";"155775725";"A01";"3";"7";"0";"2";"1";"1";"1";""
"202400003466";"155775721";"A01";"1";"7";"8";"1";"2";"1";"1";""
"202400003467";"155775719";"A01";"2";"10";"0";"6";"3";"1";"1";""
"202400003467";"155775720";"B01";"1";"7";"0";"6";"3";"1";"1";""
"202400003468";"155775718";"A01";"2";"7";"0";"1";"2";"2";"1";""
"202400003469";"155775716";"A01";"3";"7";"0";"2";"1";"9";"1";""
"202400003469";"155775717";"B01";"3";"7";"0";"0";"4";"1";"1";""
"202400003470";"155775712";"A01";"1";"10";"0";"2";"1";"2";"1";""
"202400003470";"155775713";"B01";"1";"7";"0";"2";"4";"2";"1";""
"202400003470";"155775714";"C01";"1";"7";"0";"2";"4";"2";"1";""
"202400003470";"155775715";"D01";"1";"7";"0";"2";"4";"2";"1";""
"202400003471";"155775710";"B01";"1";"17";"0";"2";"4";"1";"1";""
"202400003471";"155775711";"A01";"1";"10";"0";"2";"2";"2";"1";""
"202400003472";"155775708";"A01";"2";"7";"0";"2";"2";"1";"1";""
"202400003472";"155775709";"B01";"2";"7";"0";"2";"6";"1";"1";""
"202400003473";"155775704";"A01";"2";"7";"0";"2";"1";"2";"1";""
"202400003473";"155775705";"B01";"2";"7";"0";"0";"4";"2";"1";""
"202400003473";"155775706";"C01";"2";"7";"0";"2";"4";"2";"1";""
"202400003473";"155775707";"D01";"2";"7";"0";"2";"4";"0";"3";""
"202400003474";"155775701";"C01";"1";"7";"4";"2";"4";"2";"1";""
"202400003474";"155775702";"A01";"1";"10";"4";"2";"1";"2";"1";""
"202400003474";"155775703";"B01";"1";"7";"4";"2";"4";"2";"1";""
"202400003475";"155775699";"A01";"2";"7";"0";"2";"1";"2";"1";""
"202400003475";"155775700";"B01";"2";"7";"0";"2";"4";"2";"1";""
"202400003476";"155775698";"A01";"2";"33";"0";"9";"0";"3";"1";""
"202400003477";"155775695";"C01";"2";"7";"0";"2";"4";"2";"1";""
"202400003477";"155775696";"B01";"2";"7";"0";"2";"3";"2";"1";""
"202400003477";"155775697";"A01";"2";"7";"0";"2";"1";"2";"1";""
"202400003478";"155775693";"A01";"1";"33";"0";"2";"1";"1";"1";""
"202400003478";"155775694";"B01";"1";"7";"0";"2";"4";"1";"1";""
"202400003479";"155775691";"A01";"2";"33";"0";"2";"4";"11";"1";""
"202400003479";"155775692";"B01";"2";"33";"0";"2";"1";"3";"1";""
"202400003480";"155775689";"A01";"2";"7";"0";"2";"1";"1";"1";""
"202400003480";"155775690";"B01";"2";"10";"0";"2";"4";"1";"1";""
"202400003481";"155775688";"A01";"1";"50";"0";"1";"1";"2";"3";""
"202400003482";"155775686";"A01";"2";"7";"0";"2";"7";"12";"1";""
"202400003482";"155775687";"B01";"2";"33";"4";"2";"8";"1";"1";""
"202400003483";"155775684";"A01";"1";"2";"0";"2";"1";"1";"1";""
"202400003483";"155775685";"B01";"2";"7";"3";"2";"2";"5";"1";""
"202400003484";"155775683";"A01";"2";"7";"15";"0";"3";"0";"1";""
"202400003485";"155775681";"B01";"1";"7";"0";"2";"2";"15";"1";""
"202400003485";"155775682";"A01";"2";"2";"0";"2";"8";"21";"1";""
"202400003486";"155775679";"A01";"2";"33";"0";"2";"1";"17";"1";""
"202400003486";"155775680";"B01";"2";"7";"0";"9";"0";"0";"1";""
"202400003487";"155775676";"C01";"1";"1";"0";"2";"1";"1";"5";""
"202400003487";"155775677";"B01";"1";"1";"0";"2";"1";"1";"5";""
"202400003487";"155775678";"A01";"2";"7";"0";"2";"6";"15";"1";""
"202400003488";"155775674";"B01";"0";"30";"0";"0";"0";"0";"1";""
"202400003488";"155775675";"A01";"3";"7";"0";"2";"0";"0";"0";""
"202400003489";"155775672";"B01";"3";"1";"0";"2";"8";"19";"5";""
"202400003489";"155775673";"A01";"1";"7";"0";"2";"1";"2";"1";""
"202400003490";"155775671";"A01";"2";"1";"16";"0";"3";"1";"5";""
"202400003491";"155775669";"A01";"2";"33";"0";"0";"0";"21";"1";""
"202400003491";"155775670";"B01";"1";"7";"0";"0";"0";"13";"1";""
"202400003492";"155775668";"A01";"2";"7";"13";"0";"8";"1";"1";""
"202400003493";"155775666";"B01";"1";"33";"0";"2";"1";"21";"1";""
"202400003493";"155775667";"A01";"1";"7";"0";"0";"4";"15";"1";""
"202400003494";"155775665";"A01";"1";"7";"0";"1";"1";"1";"2";""
"202400003495";"155775663";"A01";"2";"7";"0";"2";"1";"1";"1";""
"202400003495";"155775664";"B01";"2";"33";"0";"0";"4";"23";"1";""
"202400003496";"155775662";"A01";"3";"7";"0";"1";"2";"1";"1";""
"202400003497";"155775661";"A01";"2";"7";"4";"0";"0";"1";"1";""
"202400003498";"155775659";"A01";"1";"7";"0";"2";"3";"1";"1";""
"202400003498";"155775660";"B01";"1";"50";"0";"0";"7";"1";"3";""
"202400003499";"155775657";"A01";"3";"7";"0";"2";"2";"1";"1";""
"202400003499";"155775658";"B01";"3";"1";"0";"2";"6";"11";"5";""
"202400003500";"155775655";"A01";"3";"7";"0";"2";"1";"12";"1";""
"202400003500";"155775656";"B01";"3";"31";"0";"2";"4";"23";"1";""
"202400003501";"155775654";"A01";"2";"31";"0";"1";"1";"17";"1";""
"202400003502";"155775653";"A01";"1";"31";"0";"1";"1";"1";"3";""
"202400003503";"155775651";"A01";"1";"2";"0";"0";"3";"1";"3";""
"202400003503";"155775652";"B01";"1";"10";"0";"0";"0";"12";"1";""
"202400003504";"155775649";"B01";"3";"10";"0";"2";"1";"1";"1";""
"202400003504";"155775650";"A01";"3";"32";"0";"2";"4";"1";"1";""
"202400003505";"155775647";"A01";"1";"7";"8";"2";"7";"1";"1";""
"202400003505";"155775648";"B01";"2";"7";"0";"2";"3";"1";"3";""
"202400003506";"155775645";"B01";"2";"1";"0";"2";"8";"25";"5";""
"202400003506";"155775646";"A01";"1";"7";"0";"2";"2";"16";"1";""
"202400003507";"155775644";"A01";"1";"7";"0";"1";"2";"1";"1";""
"202400003508";"155775642";"A01";"3";"33";"0";"2";"2";"0";"1";""
"202400003508";"155775643";"B01";"3";"1";"0";"2";"8";"0";"5";""
"202400003509";"155775640";"B01";"2";"7";"0";"2";"8";"20";"1";""
"202400003509";"155775641";"A01";"2";"37";"0";"1";"1";"21";"1";"1"
"202400003510";"155775639";"A01";"1";"7";"1";"1";"1";"16";"1";""
"202400003511";"155775638";"A01";"2";"7";"0";"1";"2";"1";"1";""
"202400003512";"155775635";"B01";"3";"7";"14";"0";"4";"23";"0";""
"202400003512";"155775636";"C01";"3";"7";"0";"0";"4";"23";"0";""
"202400003512";"155775637";"A01";"3";"10";"14";"0";"1";"1";"0";""
"202400003513";"155775634";"A01";"1";"1";"1";"0";"7";"14";"5";""
"202400003514";"155775633";"A01";"2";"30";"0";"1";"2";"1";"1";""
"202400003515";"155775631";"A01";"2";"7";"0";"0";"1";"1";"1";""
"202400003515";"155775632";"B01";"1";"50";"0";"0";"1";"15";"3";""
"202400003516";"155775629";"A01";"0";"43";"0";"2";"1";"2";"1";""
"202400003516";"155775630";"B01";"3";"7";"0";"2";"5";"16";"1";""
"202400003517";"155775628";"A01";"1";"31";"0";"0";"7";"16";"1";""
"202400003518";"155775626";"B01";"2";"33";"0";"2";"5";"17";"1";""
"202400003518";"155775627";"A01";"2";"7";"0";"2";"3";"15";"2";""
"202400003519";"155775625";"A01";"1";"32";"0";"1";"1";"1";"1";""
"202400003520";"155775623";"A01";"1";"10";"0";"2";"1";"1";"1";""
"202400003520";"155775624";"B01";"1";"7";"0";"2";"6";"15";"1";""
"202400003521";"155775621";"A01";"1";"7";"0";"2";"7";"10";"1";""
"202400003521";"155775622";"B01";"1";"33";"0";"2";"1";"1";"1";""
"202400003522";"155775620";"A01";"3";"7";"0";"1";"2";"9";"0";""
"202400003523";"155775618";"B01";"2";"7";"0";"2";"3";"23";"1";""
"202400003523";"155775619";"A01";"1";"33";"0";"2";"1";"0";"1";""
"202400003524";"155775617";"A01";"1";"7";"15";"0";"2";"1";"1";""
"202400003525";"155775615";"A01";"2";"7";"0";"2";"2";"22";"1";""
"202400003525";"155775616";"B01";"2";"1";"0";"2";"1";"1";"5";""
"202400003526";"155775614";"A01";"3";"10";"0";"1";"1";"15";"1";""
"202400003527";"155775612";"A01";"3";"2";"0";"2";"2";"1";"1";""
"202400003527";"155775613";"B01";"0";"7";"0";"2";"3";"1";"1";""
"202400003528";"155775610";"B01";"1";"7";"0";"2";"8";"0";"1";""
"202400003528";"155775611";"A01";"1";"7";"0";"2";"5";"0";"1";""
"202400003529";"155775608";"A01";"2";"7";"0";"2";"1";"2";"1";""
"202400003529";"155775609";"B01";"2";"33";"0";"2";"1";"2";"1";""
"202400003530";"155775605";"C01";"1";"7";"0";"2";"1";"23";"1";""
"202400003530";"155775606";"A01";"1";"7";"0";"2";"2";"15";"1";""
"202400003530";"155775607";"B01";"2";"7";"0";"2";"3";"1";"1";""
"202400003531";"155775602";"A01";"2";"7";"0";"2";"7";"14";"1";""
"202400003531";"155775603";"B01";"2";"7";"0";"2";"8";"1";"1";""
"202400003531";"155775604";"C01";"2";"7";"3";"0";"7";"21";"1";""
"202400003532";"155775600";"A01";"1";"7";"0";"2";"1";"1";"1";""
"202400003532";"155775601";"B01";"2";"7";"0";"2";"1";"1";"1";""
"202400003533";"155775598";"A01";"2";"7";"0";"2";"8";"19";"1";""
"202400003533";"155775599";"B01";"1";"15";"0";"2";"1";"1";"1";""
"202400003534";"155775597";"A01";"3";"7";"2";"0";"3";"1";"1";""
"202400003535";"155775596";"A01";"1";"36";"0";"0";"7";"0";"1";""
"202400003536";"155775593";"C01";"2";"7";"0";"2";"1";"1";"1";""
"202400003536";"155775594";"A01";"1";"7";"0";"2";"7";"19";"1";""
"202400003536";"155775595";"B01";"0";"7";"0";"2";"1";"23";"1";""
"202400003537";"155775592";"A01";"1";"7";"8";"0";"1";"1";"1";""
"202400003538";"155775589";"A01";"2";"7";"0";"0";"4";"2";"1";""
"202400003538";"155775590";"B01";"2";"33";"0";"2";"1";"2";"1";""
"202400003538";"155775591";"C01";"2";"33";"0";"2";"1";"2";"1";""
"202400003539";"155775588";"A01";"1";"1";"12";"0";"1";"1";"5";""
"202400003540";"155775586";"B01";"3";"50";"0";"2";"1";"1";"3";""
"202400003540";"155775587";"A01";"1";"7";"0";"2";"5";"1";"1";""
"202400003541";"155775584";"A01";"2";"7";"0";"9";"2";"2";"1";""
"202400003541";"155775585";"B01";"2";"1";"0";"2";"4";"2";"5";""
"202400003542";"155775582";"A01";"1";"33";"0";"2";"1";"1";"1";""
"202400003542";"155775583";"B01";"1";"7";"0";"2";"3";"15";"1";""
"202400003543";"155775580";"A01";"1";"7";"0";"2";"1";"0";"1";""
"202400003543";"155775581";"B01";"2";"7";"0";"2";"1";"0";"1";""
"202400003544";"155775578";"B01";"2";"33";"0";"2";"3";"2";"1";""
"202400003544";"155775579";"A01";"2";"1";"0";"2";"1";"17";"5";""
"202400003545";"155775576";"A01";"2";"33";"8";"2";"1";"13";"1";""
"202400003545";"155775577";"B01";"1";"7";"0";"9";"8";"15";"1";""
"202400003546";"155775573";"A01";"1";"7";"0";"2";"3";"13";"1";""
"202400003546";"155775574";"B01";"2";"7";"0";"2";"3";"1";"1";""
"202400003546";"155775575";"C01";"2";"7";"0";"2";"3";"1";"1";""
"202400003547";"155775571";"A01";"2";"2";"0";"0";"8";"1";"1";""
"202400003547";"155775572";"B01";"1";"7";"0";"2";"8";"5";"0";""
"202400003548";"155775569";"A01";"3";"2";"0";"2";"1";"1";"1";""
"202400003548";"155775570";"B01";"3";"7";"0";"0";"4";"15";"1";""
"202400003549";"155775568";"A01";"3";"7";"13";"0";"3";"1";"1";""
"202400003550";"155775566";"A01";"2";"10";"0";"2";"1";"5";"1";""
"202400003550";"155775567";"B01";"1";"7";"0";"2";"1";"1";"1";""
"202400003551";"155775564";"A01";"2";"7";"0";"2";"3";"10";"1";""
"202400003551";"155775565";"B01";"2";"31";"0";"2";"1";"2";"3";""
"202400003552";"155775561";"A01";"1";"7";"0";"2";"1";"13";"1";""
"202400003552";"155775562";"B01";"2";"7";"0";"2";"3";"1";"1";""
"202400003552";"155775563";"C01";"1";"7";"0";"2";"7";"1";"1";""
"202400003553";"155775559";"A01";"2";"7";"0";"2";"1";"17";"1";""
"202400003553";"155775560";"B01";"1";"7";"0";"2";"1";"1";"1";""
"202400003554";"155775557";"A01";"2";"7";"0";"2";"1";"13";"1";""
"202400003554";"155775558";"B01";"1";"7";"0";"2";"1";"1";"1";""
"202400003555";"155775555";"A01";"1";"10";"0";"2";"1";"1";"1";""
"202400003555";"155775556";"B01";"2";"7";"0";"2";"8";"1";"1";""
"202400003556";"155775553";"A01";"2";"7";"0";"2";"1";"13";"1";""
"202400003556";"155775554";"B01";"1";"7";"0";"2";"1";"1";"2";""
"202400003557";"155775551";"A01";"2";"7";"0";"2";"2";"17";"1";""
"202400003557";"155775552";"B01";"2";"7";"0";"2";"8";"15";"1";""
"202400003558";"155775550";"A01";"1";"7";"13";"0";"0";"1";"1";""
"202400003559";"155775548";"A01";"1";"10";"0";"2";"2";"15";"1";""
"202400003559";"155775549";"B01";"2";"2";"0";"2";"1";"1";"1";""
"202400003560";"155775546";"A01";"2";"7";"3";"2";"2";"17";"1";""
"202400003560";"155775547";"B01";"2";"7";"3";"2";"3";"1";"1";""
"202400003561";"155775545";"A01";"2";"7";"13";"0";"8";"13";"1";""
"202400003562";"155775543";"A01";"2";"50";"0";"0";"0";"1";"3";""
"202400003563";"155775542";"A01";"2";"15";"0";"2";"1";"1";"1";""
"202400003563";"155775544";"C01";"2";"7";"0";"2";"4";"3";"1";""
"202400003564";"155775541";"A01";"2";"7";"13";"0";"0";"13";"1";""
"202400003565";"155775540";"A01";"1";"7";"0";"0";"2";"2";"0";""
"202400003566";"155775535";"A01";"3";"7";"13";"0";"7";"1";"1";""
"202400003567";"155775533";"B01";"2";"7";"0";"2";"1";"1";"1";""
"202400003567";"155775534";"A01";"1";"10";"7";"2";"7";"9";"1";""
"202400003568";"155775531";"B01";"2";"7";"0";"2";"1";"1";"1";""
"202400003568";"155775532";"A01";"1";"10";"0";"2";"2";"13";"1";""
"202400003569";"155775530";"A01";"2";"7";"8";"0";"1";"1";"1";""
"202400003570";"155775526";"B01";"2";"33";"0";"2";"1";"1";"1";""
"202400003570";"155775528";"A01";"1";"7";"0";"2";"3";"15";"1";""
"202400003571";"155775524";"A01";"3";"20";"0";"0";"9";"13";"1";""
"202400003572";"155775523";"A01";"2";"99";"0";"2";"1";"1";"1";""
"202400003572";"155775525";"B01";"1";"7";"0";"2";"1";"1";"1";""
"202400003573";"155775521";"A01";"2";"7";"6";"0";"3";"14";"1";""
"202400003574";"155775520";"A01";"2";"7";"0";"2";"1";"13";"1";""
"202400003574";"155775522";"B01";"1";"7";"0";"2";"3";"1";"1";""
"202400003575";"155775518";"A01";"2";"7";"0";"2";"1";"15";"1";""
"202400003575";"155775519";"B01";"1";"33";"0";"2";"8";"1";"1";""
"202400003576";"155775516";"A01";"0";"7";"0";"2";"1";"9";"1";""
"202400003576";"155775517";"B01";"0";"7";"0";"2";"1";"1";"1";""
"202400003577";"155775514";"A01";"1";"7";"0";"2";"1";"13";"1";""
"202400003577";"155775515";"B01";"2";"20";"0";"2";"1";"4";"1";""
"202400003578";"155775513";"A01";"1";"7";"0";"1";"1";"1";"1";""
"202400003579";"155775511";"A01";"0";"31";"0";"0";"8";"0";"1";""
"202400003580";"155775510";"A01";"2";"7";"0";"2";"5";"15";"1";""
"202400003580";"155775512";"B01";"1";"33";"0";"2";"1";"1";"1";""
"202400003581";"155775508";"A01";"1";"7";"0";"2";"3";"15";"1";""
"202400003581";"155775509";"B01";"1";"33";"0";"2";"1";"1";"1";""
"202400003582";"155775506";"A01";"1";"7";"0";"2";"2";"5";"1";""
"202400003582";"155775507";"B01";"2";"7";"0";"2";"7";"1";"1";""
"202400003583";"155775505";"A01";"2";"33";"15";"0";"1";"1";"1";""
"202400003584";"155775504";"A01";"2";"7";"0";"1";"2";"1";"1";""
"202400003585";"155775502";"B01";"2";"7";"0";"2";"3";"15";"1";""
"202400003585";"155775503";"A01";"2";"32";"0";"2";"2";"11";"1";""
"202400003586";"155775501";"A01";"1";"7";"2";"0";"2";"0";"1";""
"202400003587";"155775500";"A01";"1";"7";"2";"0";"2";"1";"1";""
"202400003588";"155775498";"A01";"3";"7";"0";"1";"7";"5";"1";""
"202400003589";"155775497";"B01";"2";"1";"0";"2";"2";"26";"5";""
"202400003589";"155775499";"A01";"1";"7";"0";"2";"3";"26";"1";""
"202400003590";"155775494";"A01";"2";"7";"0";"2";"4";"23";"1";""
"202400003590";"155775495";"B01";"2";"7";"0";"2";"1";"1";"0";""
"202400003591";"155775492";"A01";"2";"33";"0";"0";"0";"21";"1";""
"202400003592";"155775493";"A01";"1";"7";"0";"2";"1";"1";"1";""
"202400003592";"155775496";"B01";"1";"7";"8";"0";"2";"15";"1";""
"202400003593";"155775489";"A01";"1";"10";"13";"2";"3";"13";"1";""
"202400003593";"155775491";"B01";"2";"13";"13";"2";"3";"1";"1";""
"202400003594";"155775488";"A01";"1";"7";"0";"0";"3";"0";"1";""
"202400003594";"155775490";"B01";"2";"7";"0";"2";"3";"13";"1";""
"202400003595";"155775486";"A01";"1";"7";"2";"0";"7";"1";"1";""
"202400003596";"155775485";"A01";"1";"7";"0";"2";"2";"5";"1";""
"202400003596";"155775487";"B01";"2";"7";"0";"2";"3";"21";"1";""
"202400003597";"155775483";"B01";"2";"7";"0";"2";"1";"2";"1";""
"202400003597";"155775484";"A01";"2";"10";"0";"2";"4";"1";"1";""
"202400003598";"155775482";"A01";"2";"33";"0";"0";"8";"1";"1";""
"202400003599";"155775480";"A01";"1";"34";"6";"0";"2";"1";"1";""
"202400003600";"155775479";"A01";"1";"7";"0";"2";"8";"9";"1";""
"202400003600";"155775481";"B01";"1";"15";"0";"2";"7";"1";"1";""
"202400003601";"155775476";"B01";"2";"1";"0";"0";"6";"1";"5";""
"202400003601";"155775478";"A01";"1";"10";"0";"9";"2";"9";"1";""
"202400003602";"155775474";"C01";"2";"7";"0";"2";"4";"1";"1";""
"202400003602";"155775475";"A01";"2";"7";"0";"2";"1";"1";"1";""
"202400003602";"155775477";"B01";"2";"7";"0";"2";"7";"1";"1";""
"202400003603";"155775473";"A01";"1";"1";"0";"0";"1";"0";"5";""
"202400003604";"155775471";"A01";"1";"7";"6";"0";"2";"14";"1";""
"202400003605";"155775469";"A01";"1";"7";"0";"2";"1";"5";"1";""
"202400003605";"155775470";"B01";"1";"7";"0";"2";"1";"1";"1";""
"202400003605";"155775472";"C01";"1";"7";"0";"2";"1";"0";"1";""
"202400003606";"155775468";"A01";"1";"7";"0";"1";"7";"1";"1";""
"202400003607";"155775465";"A01";"2";"10";"0";"2";"3";"2";"1";""
"202400003607";"155775466";"B01";"2";"7";"0";"2";"4";"2";"1";""
"202400003607";"155775467";"C01";"2";"7";"0";"2";"4";"2";"1";""
"202400003608";"155775464";"A01";"1";"7";"2";"0";"1";"1";"1";""
"202400003609";"155775461";"B01";"1";"7";"0";"2";"1";"1";"1";""
"202400003609";"155775462";"C01";"1";"17";"0";"2";"1";"1";"1";""
"202400003609";"155775463";"A01";"1";"7";"0";"2";"4";"1";"1";""
"202400003610";"155775459";"A01";"1";"7";"0";"2";"3";"16";"1";""
"202400003610";"155775460";"B01";"2";"2";"0";"2";"1";"1";"1";""
"202400003611";"155775457";"A01";"1";"7";"0";"2";"1";"21";"1";""
"202400003611";"155775458";"B01";"1";"7";"0";"0";"4";"2";"1";""
"202400003612";"155775453";"A01";"2";"7";"0";"2";"1";"2";"1";""
"202400003612";"155775456";"B01";"2";"7";"0";"2";"4";"2";"1";""
"202400003613";"155775454";"A01";"1";"10";"0";"2";"3";"5";"1";""
"202400003613";"155775455";"B01";"2";"10";"0";"2";"3";"0";"1";""
"202400003614";"155775449";"A01";"3";"33";"0";"2";"1";"1";"1";""
"202400003614";"155775451";"B01";"3";"7";"0";"0";"4";"15";"1";""
"202400003615";"155775444";"F01";"1";"7";"0";"2";"4";"2";"1";""
"202400003615";"155775445";"A01";"1";"17";"0";"2";"1";"2";"1";""
"202400003615";"155775447";"B01";"1";"13";"0";"2";"1";"2";"1";""
"202400003615";"155775448";"D01";"1";"7";"0";"2";"4";"2";"1";""
"202400003615";"155775450";"E01";"1";"10";"0";"2";"1";"0";"1";""
"202400003615";"155775452";"C01";"1";"7";"0";"2";"1";"2";"2";""
"202400003616";"155775441";"A01";"1";"7";"0";"2";"2";"12";"1";""
"202400003616";"155775442";"B01";"1";"34";"0";"2";"3";"1";"1";""
"202400003617";"155775440";"A01";"2";"7";"16";"0";"9";"14";"1";""
"202400003618";"155775438";"A01";"1";"10";"0";"2";"6";"2";"1";""
"202400003618";"155775439";"B01";"1";"33";"0";"2";"1";"2";"1";""
"202400003619";"155775435";"B01";"3";"1";"0";"2";"1";"1";"5";""
"202400003619";"155775437";"A01";"3";"7";"0";"2";"3";"1";"2";""
"202400003620";"155775433";"A01";"2";"33";"0";"2";"1";"3";"1";""
"202400003620";"155775434";"B01";"2";"15";"0";"2";"2";"1";"1";""
"202400003620";"155775436";"C01";"2";"7";"0";"2";"4";"1";"1";""
"202400003621";"155775430";"A01";"2";"33";"0";"2";"3";"3";"1";""
"202400003621";"155775432";"B01";"2";"7";"0";"2";"5";"12";"1";""
"202400003622";"155775429";"B01";"3";"7";"0";"2";"7";"1";"1";""
"202400003622";"155775431";"A01";"0";"1";"0";"2";"1";"19";"5";""
"202400003623";"155775428";"A01";"1";"33";"4";"0";"1";"0";"1";""
"202400003624";"155775424";"B01";"2";"7";"0";"2";"4";"23";"1";""
"202400003624";"155775426";"A01";"2";"37";"0";"2";"1";"1";"1";"1"
"202400003625";"155775425";"A01";"1";"7";"0";"2";"3";"1";"1";""
"202400003625";"155775427";"B01";"2";"33";"0";"2";"1";"0";"1";""
"202400003626";"155775421";"B01";"1";"1";"0";"2";"1";"1";"5";""
"202400003626";"155775423";"A01";"1";"32";"0";"2";"6";"9";"1";""
"202400003627";"155775420";"A01";"2";"33";"0";"2";"3";"13";"1";""
"202400003627";"155775422";"B01";"1";"33";"0";"2";"3";"1";"1";""
"202400003628";"155775419";"A01";"1";"30";"8";"0";"1";"1";"1";""
"202400003629";"155775418";"A01";"3";"7";"6";"0";"3";"13";"1";""
"202400003630";"155775414";"A01";"1";"7";"0";"2";"1";"1";"1";""
"202400003630";"155775415";"B01";"1";"7";"0";"2";"4";"1";"1";""
"202400003630";"155775417";"C01";"1";"7";"0";"2";"4";"1";"1";""
"202400003631";"155775413";"A01";"0";"7";"0";"2";"1";"5";"1";""
"202400003631";"155775416";"B01";"0";"7";"0";"2";"6";"1";"1";""
"202400003632";"155775411";"B01";"1";"50";"0";"2";"3";"1";"3";""
"202400003632";"155775412";"A01";"1";"7";"0";"2";"2";"18";"1";""
"202400003633";"155775407";"A01";"1";"7";"0";"2";"3";"0";"1";""
"202400003633";"155775408";"B01";"2";"7";"0";"2";"7";"13";"1";""
"202400003634";"155775405";"A01";"1";"32";"0";"2";"1";"1";"1";""
"202400003634";"155775406";"B01";"1";"7";"0";"2";"8";"2";"1";""
"202400003635";"155775409";"B01";"1";"7";"0";"2";"3";"1";"1";""
"202400003635";"155775410";"A01";"2";"7";"0";"2";"3";"13";"1";""
"202400003636";"155775402";"A01";"2";"1";"0";"2";"1";"1";"5";""
"202400003636";"155775403";"B01";"2";"10";"0";"2";"5";"17";"1";""
"202400003637";"155775401";"A01";"2";"30";"0";"2";"1";"1";"1";""
"202400003637";"155775404";"B01";"1";"7";"0";"9";"8";"15";"1";""
"202400003638";"155775400";"A01";"1";"33";"6";"0";"1";"6";"1";""
"202400003639";"155775398";"A01";"2";"7";"0";"2";"1";"1";"1";""
"202400003639";"155775399";"B01";"2";"7";"0";"2";"4";"1";"1";""
"202400003640";"155775394";"A01";"1";"1";"14";"2";"1";"1";"5";""
"202400003640";"155775395";"B01";"1";"7";"0";"2";"5";"23";"1";""
"202400003641";"155775396";"B01";"2";"7";"0";"2";"1";"11";"1";""
"202400003641";"155775397";"A01";"1";"33";"0";"0";"1";"1";"1";""
"202400003642";"155775392";"A01";"3";"32";"0";"2";"1";"15";"1";""
"202400003642";"155775393";"B01";"3";"2";"0";"2";"1";"16";"0";""
"202400003643";"155775391";"A01";"1";"7";"8";"0";"0";"0";"1";""
"202400003644";"155775390";"A01";"2";"7";"0";"1";"3";"15";"1";""
"202400003645";"155775388";"A01";"0";"7";"0";"0";"6";"4";"1";""
"202400003645";"155775389";"B01";"0";"2";"0";"2";"1";"2";"1";""
"202400003646";"155775386";"A01";"3";"7";"0";"2";"1";"19";"1";""
"202400003646";"155775387";"B01";"3";"34";"0";"0";"0";"0";"0";""
"202400003647";"155775383";"A01";"2";"50";"0";"2";"1";"5";"3";""
"202400003647";"155775385";"B01";"1";"7";"0";"2";"2";"1";"1";""
"202400003648";"155775382";"A01";"1";"33";"0";"2";"8";"3";"1";""
"202400003648";"155775384";"B01";"2";"7";"0";"2";"7";"12";"1";""
"202400003649";"155775380";"A01";"1";"7";"1";"1";"3";"15";"1";""
"202400003650";"155775379";"A01";"1";"7";"8";"2";"8";"1";"1";""
"202400003650";"155775381";"B01";"1";"7";"0";"2";"1";"1";"2";""
"202400003651";"155775377";"B01";"2";"50";"0";"2";"7";"26";"3";""
"202400003651";"155775378";"A01";"3";"7";"0";"2";"3";"9";"1";""
"202400003652";"155775376";"A01";"3";"7";"0";"1";"4";"26";"1";""
"202400003653";"155775374";"A01";"0";"7";"0";"2";"3";"15";"1";""
"202400003653";"155775375";"B01";"0";"33";"0";"2";"1";"1";"1";""
"202400003654";"155775373";"A01";"1";"2";"7";"0";"0";"1";"1";""
"202400003655";"155775370";"A01";"2";"7";"0";"2";"2";"2";"1";""
"202400003655";"155775372";"B01";"2";"10";"0";"2";"8";"2";"1";""
"202400003656";"155775369";"A01";"2";"7";"0";"2";"1";"2";"1";""
"202400003656";"155775371";"B01";"2";"7";"0";"2";"4";"2";"1";""
"202400003657";"155775367";"A01";"3";"7";"0";"2";"6";"1";"1";""
"202400003657";"155775368";"B01";"1";"7";"0";"2";"1";"1";"1";""
"202400003658";"155775363";"A01";"1";"7";"0";"2";"1";"1";"1";""
"202400003658";"155775364";"B01";"1";"7";"0";"2";"1";"1";"2";""
"202400003658";"155775366";"C01";"1";"7";"0";"2";"1";"1";"1";""
"202400003659";"155775362";"A01";"1";"10";"0";"2";"1";"1";"1";""
"202400003659";"155775365";"B01";"1";"7";"0";"2";"8";"19";"1";""
"202400003660";"155775360";"B01";"1";"7";"0";"2";"5";"1";"1";""
"202400003660";"155775361";"A01";"1";"7";"0";"2";"3";"11";"1";""
"202400003661";"155775358";"A01";"2";"10";"0";"2";"7";"14";"0";""
"202400003661";"155775359";"B01";"2";"33";"0";"2";"3";"1";"1";""
"202400003662";"155775356";"A01";"0";"7";"0";"1";"1";"1";"0";""
"202400003663";"155775355";"B01";"1";"10";"0";"2";"6";"9";"1";""
"202400003663";"155775357";"A01";"1";"7";"0";"2";"2";"1";"1";""
"202400003664";"155775353";"A01";"3";"33";"0";"2";"3";"17";"1";""
"202400003664";"155775354";"B01";"3";"7";"0";"2";"3";"20";"1";""
"202400003665";"155775352";"A01";"2";"7";"4";"0";"1";"13";"1";""
"202400003666";"155775349";"B01";"3";"10";"0";"9";"3";"15";"1";""
"202400003666";"155775351";"A01";"3";"1";"0";"2";"2";"1";"5";""
"202400003667";"155775348";"A01";"1";"7";"0";"2";"8";"11";"1";""
"202400003667";"155775350";"B01";"1";"34";"0";"2";"7";"3";"1";""
"202400003668";"155775345";"A01";"1";"43";"0";"2";"1";"1";"1";""
"202400003668";"155775346";"B01";"2";"7";"0";"2";"2";"1";"1";""
"202400003668";"155775347";"C01";"2";"7";"0";"2";"3";"1";"1";""
"202400003669";"155775343";"A01";"2";"7";"0";"2";"8";"11";"1";""
"202400003669";"155775344";"B01";"2";"7";"0";"2";"2";"1";"1";""
"202400003670";"155775342";"A01";"1";"7";"1";"1";"1";"1";"1";""
"202400003671";"155775340";"A01";"1";"7";"0";"2";"7";"14";"1";""
"202400003671";"155775341";"B01";"1";"33";"0";"2";"8";"2";"1";""
"202400003672";"155775339";"A01";"3";"50";"8";"0";"1";"1";"3";""
"202400003673";"155775337";"B01";"1";"7";"0";"2";"7";"12";"1";""
"202400003673";"155775338";"A01";"1";"31";"0";"2";"1";"3";"1";""
"202400003674";"155775335";"A01";"3";"7";"0";"2";"3";"15";"1";""
"202400003674";"155775336";"B01";"3";"13";"0";"2";"2";"1";"1";""
"202400003675";"155775330";"D01";"2";"7";"0";"2";"1";"2";"0";""
"202400003675";"155775332";"A01";"2";"7";"0";"2";"4";"2";"1";""
"202400003675";"155775333";"B01";"2";"7";"0";"2";"4";"2";"1";""
"202400003675";"155775334";"C01";"2";"7";"0";"2";"4";"2";"3";""
"202400003676";"155775329";"B01";"3";"50";"0";"2";"1";"5";"3";""
"202400003676";"155775331";"A01";"3";"7";"0";"2";"1";"9";"1";""
"202400003677";"155775326";"B01";"3";"32";"0";"2";"1";"1";"1";""
"202400003677";"155775328";"A01";"2";"7";"0";"2";"6";"9";"1";""
"202400003678";"155775325";"A01";"1";"30";"0";"2";"8";"1";"1";""
"202400003678";"155775327";"Z01";"1";"7";"0";"2";"1";"20";"1";""
"202400003679";"155775323";"A01";"0";"80";"0";"1";"1";"26";"3";""
"202400003680";"155775322";"A01";"1";"7";"0";"2";"0";"0";"1";""
"202400003680";"155775324";"B01";"1";"10";"0";"2";"0";"1";"1";""
"202400003681";"155775320";"A01";"1";"33";"0";"0";"1";"1";"1";""
"202400003682";"155775319";"A01";"2";"30";"0";"2";"8";"17";"1";""
"202400003682";"155775321";"B01";"2";"10";"0";"2";"8";"15";"1";""
"202400003683";"155775318";"A01";"1";"33";"17";"0";"1";"1";"1";""
"202400003684";"155775316";"A01";"3";"30";"0";"2";"1";"2";"1";""
"202400003684";"155775317";"B01";"3";"7";"0";"2";"4";"1";"1";""
"202400003685";"155775315";"A01";"1";"7";"6";"0";"2";"21";"1";""
"202400003686";"155775314";"A01";"2";"7";"0";"1";"1";"1";"1";""
"202400003687";"155775313";"A01";"1";"7";"0";"1";"7";"1";"1";""
"202400003688";"155775311";"A01";"1";"7";"0";"2";"1";"1";"1";""
"202400003688";"155775312";"B01";"1";"7";"0";"1";"3";"23";"1";""
"202400003689";"155775308";"A01";"2";"7";"0";"2";"6";"15";"1";""
"202400003689";"155775310";"B01";"2";"31";"0";"2";"1";"17";"1";""
"202400003690";"155775307";"A01";"1";"0";"0";"2";"0";"26";"1";""
"202400003690";"155775309";"B01";"0";"7";"0";"2";"0";"0";"1";""
"202400003691";"155775304";"B01";"3";"34";"0";"2";"1";"1";"1";""
"202400003691";"155775306";"A01";"3";"7";"0";"2";"3";"19";"1";""
"202400003692";"155775303";"A01";"1";"7";"0";"2";"3";"26";"1";""
"202400003692";"155775305";"B01";"3";"31";"0";"2";"2";"1";"1";""
"202400003693";"155775302";"A01";"2";"7";"0";"1";"1";"17";"1";""
"202400003694";"155775301";"A01";"1";"7";"0";"1";"7";"1";"1";""
"202400003695";"155775299";"A01";"3";"7";"0";"1";"1";"1";"1";""
"202400003696";"155775298";"A01";"2";"14";"0";"2";"1";"2";"1";""
"202400003696";"155775300";"B01";"2";"7";"0";"2";"4";"2";"1";""
"202400003697";"155775295";"A01";"1";"7";"0";"2";"6";"12";"1";""
"202400003697";"155775297";"B01";"1";"33";"0";"2";"2";"13";"1";""
"202400003698";"155775294";"A01";"1";"32";"0";"2";"1";"2";"1";""
"202400003698";"155775296";"B01";"1";"7";"0";"2";"5";"1";"1";""
"202400003699";"155775291";"A01";"3";"1";"0";"2";"8";"11";"5";""
"202400003699";"155775293";"B01";"3";"7";"0";"2";"1";"13";"1";""
"202400003700";"155775290";"A01";"1";"7";"0";"2";"3";"0";"1";""
"202400003700";"155775292";"B01";"1";"7";"0";"2";"0";"0";"1";""
"202400003701";"155775289";"A01";"3";"30";"0";"0";"0";"1";"1";""
"202400003702";"155775285";"B01";"0";"7";"0";"2";"7";"1";"1";""
"202400003702";"155775287";"A01";"1";"1";"0";"2";"1";"1";"5";""
"202400003703";"155775286";"A01";"1";"10";"0";"2";"1";"0";"0";""
"202400003703";"155775288";"B01";"1";"10";"0";"1";"4";"0";"0";""
"202400003704";"155775283";"A01";"3";"37";"0";"1";"1";"1";"1";"1"
"202400003705";"155775282";"B01";"2";"32";"0";"2";"3";"0";"0";""
"202400003705";"155775284";"A01";"1";"7";"0";"2";"3";"0";"1";""
"202400003706";"155775280";"A01";"3";"7";"15";"0";"1";"14";"1";""
"202400003707";"155775281";"A01";"1";"7";"0";"1";"1";"15";"1";""
"202400003708";"155775278";"A01";"1";"50";"0";"0";"0";"0";"3";""
"202400003709";"155775277";"B01";"2";"7";"0";"2";"1";"1";"1";""
"202400003709";"155775279";"A01";"1";"30";"0";"2";"1";"5";"1";""
"202400003710";"155775275";"A01";"1";"7";"0";"2";"1";"19";"1";""
"202400003710";"155775276";"B01";"2";"7";"0";"2";"1";"1";"1";""
"202400003711";"155775274";"A01";"1";"7";"0";"1";"3";"1";"1";""
"202400003712";"155775271";"A01";"1";"1";"0";"2";"1";"1";"5";""
"202400003712";"155775273";"B01";"2";"1";"0";"2";"1";"1";"5";""
"202400003713";"155775270";"B01";"3";"1";"0";"2";"1";"5";"5";""
"202400003713";"155775272";"A01";"1";"7";"0";"2";"1";"16";"1";""
"202400003714";"155775267";"B01";"1";"50";"0";"2";"7";"16";"3";""
"202400003714";"155775269";"A01";"3";"7";"0";"2";"1";"1";"1";""
"202400003715";"155775264";"A01";"2";"30";"0";"2";"3";"18";"1";""
"202400003715";"155775265";"B01";"2";"7";"0";"2";"5";"12";"1";""
"202400003716";"155775263";"A01";"1";"7";"0";"2";"1";"14";"1";""
"202400003716";"155775266";"B01";"2";"10";"0";"2";"1";"1";"1";""
"202400003717";"155775261";"A01";"1";"1";"0";"2";"0";"0";"5";""
"202400003717";"155775262";"B01";"1";"7";"0";"2";"2";"0";"1";""
"202400003718";"155775258";"A01";"3";"7";"0";"1";"3";"9";"1";""
"202400003719";"155775257";"B01";"1";"7";"0";"2";"4";"1";"1";""
"202400003719";"155775259";"C01";"1";"7";"0";"2";"4";"1";"1";""
"202400003719";"155775260";"A01";"1";"7";"0";"2";"1";"1";"1";""
"202400003720";"155775255";"A01";"2";"7";"0";"1";"0";"2";"1";""
"202400003721";"155775254";"B01";"0";"7";"0";"2";"8";"1";"1";""
"202400003721";"155775256";"A01";"2";"50";"0";"2";"1";"26";"3";""
"202400003722";"155775253";"A01";"2";"50";"0";"2";"0";"26";"3";""
"202400003723";"155775252";"A01";"3";"7";"0";"1";"1";"1";"1";""
"202400003724";"155775250";"B01";"2";"7";"0";"2";"1";"16";"1";""
"202400003724";"155775251";"A01";"1";"80";"0";"2";"7";"19";"3";""
"202400003725";"155775248";"A01";"0";"33";"2";"0";"1";"1";"1";""
"202400003726";"155775247";"A01";"3";"10";"0";"2";"2";"19";"1";""
"202400003726";"155775249";"B01";"1";"30";"0";"2";"1";"1";"1";""
"202400003727";"155775245";"A01";"2";"7";"0";"2";"5";"17";"1";""
"202400003727";"155775246";"B01";"2";"2";"0";"2";"8";"1";"1";""
"202400003728";"155775243";"B01";"3";"7";"0";"2";"1";"1";"1";""
"202400003728";"155775244";"A01";"3";"7";"0";"2";"1";"15";"1";""
"202400003729";"155775241";"A01";"1";"33";"0";"2";"1";"7";"1";""
"202400003729";"155775242";"B01";"1";"7";"0";"2";"7";"16";"1";""
"202400003730";"155775239";"A01";"2";"7";"0";"2";"1";"9";"1";""
"202400003730";"155775240";"B01";"1";"2";"0";"2";"7";"2";"1";""
"202400003731";"155775237";"A01";"3";"10";"0";"2";"1";"1";"1";""
"202400003731";"155775238";"B01";"3";"7";"0";"2";"4";"2";"1";""
"202400003732";"155775233";"B01";"1";"10";"0";"2";"3";"15";"1";""
"202400003732";"155775235";"A01";"1";"33";"0";"2";"1";"17";"1";""
"202400003733";"155775234";"A01";"1";"7";"0";"2";"7";"1";"1";""
"202400003733";"155775236";"B01";"1";"7";"0";"2";"1";"1";"1";""
"202400003734";"155775232";"A01";"1";"7";"3";"0";"1";"14";"1";""
"202400003735";"155775231";"A01";"1";"7";"11";"0";"1";"14";"1";""
"202400003736";"155775229";"A01";"1";"7";"0";"2";"5";"1";"1";""
"202400003736";"155775230";"B01";"2";"2";"0";"2";"1";"0";"1";""
"202400003737";"155775227";"B01";"2";"1";"0";"2";"1";"1";"5";""
"202400003737";"155775228";"A01";"2";"80";"0";"2";"1";"13";"3";""
"202400003738";"155775225";"A01";"2";"7";"0";"4";"7";"13";"1";""
"202400003738";"155775226";"B01";"2";"40";"0";"2";"1";"1";"3";""
"202400003739";"155775223";"A01";"2";"30";"0";"2";"1";"1";"1";""
"202400003739";"155775224";"B01";"1";"7";"0";"2";"8";"16";"1";""
"202400003740";"155775219";"A01";"1";"37";"0";"1";"2";"13";"6";"2"
"202400003741";"155775218";"A01";"0";"32";"0";"2";"1";"1";"1";""
"202400003741";"155775220";"B01";"0";"10";"0";"2";"4";"1";"1";""
"202400003742";"155775216";"A01";"1";"7";"0";"1";"1";"1";"1";""
"202400003743";"155775215";"A01";"1";"80";"0";"2";"1";"9";"3";""
"202400003743";"155775217";"B01";"1";"7";"0";"2";"0";"1";"1";""
"202400003744";"155775212";"A01";"2";"30";"0";"2";"1";"2";"1";""
"202400003744";"155775213";"B01";"2";"10";"0";"2";"5";"23";"3";""
"202400003745";"155775211";"B01";"2";"1";"0";"2";"0";"1";"5";""
"202400003745";"155775214";"A01";"3";"17";"0";"9";"1";"16";"1";""
"202400003746";"155775210";"A01";"1";"32";"0";"1";"3";"1";"1";""
"202400003747";"155775209";"A01";"3";"7";"8";"0";"1";"0";"1";""
"202400003748";"155775207";"A01";"1";"31";"8";"0";"1";"21";"1";""
"202400003749";"155775206";"A01";"2";"10";"0";"2";"1";"1";"1";""
"202400003749";"155775208";"B01";"2";"7";"0";"2";"4";"1";"1";""
"202400003750";"155775204";"A01";"3";"33";"0";"0";"8";"1";"1";""
"202400003751";"155775203";"A01";"0";"7";"0";"2";"4";"1";"1";""
"202400003751";"155775205";"Z01";"0";"7";"0";"2";"1";"1";"1";""
"202400003752";"155775201";"A01";"3";"7";"0";"1";"3";"17";"1";""
"202400003753";"155775202";"A01";"2";"7";"0";"0";"1";"1";"1";""
"202400003754";"155775199";"B01";"0";"7";"0";"0";"3";"15";"1";""
"202400003754";"155775200";"A01";"3";"32";"0";"2";"8";"1";"1";""
"202400003755";"155775197";"A01";"3";"32";"0";"2";"8";"1";"1";""
"202400003755";"155775198";"B01";"3";"3";"0";"2";"2";"1";"3";""
"202400003756";"155775194";"A01";"3";"30";"0";"2";"1";"0";"1";""
"202400003756";"155775196";"B01";"0";"7";"0";"2";"1";"16";"1";""
"202400003757";"155775193";"A01";"3";"2";"14";"2";"1";"19";"1";""
"202400003757";"155775195";"B01";"3";"7";"14";"2";"3";"1";"1";""
"202400003758";"155775189";"A01";"2";"7";"0";"2";"1";"13";"1";""
"202400003758";"155775190";"B01";"1";"33";"0";"2";"1";"1";"1";""
"202400003759";"155775188";"A01";"1";"33";"12";"0";"7";"1";"1";""
"202400003760";"155775187";"A01";"3";"1";"16";"0";"0";"1";"5";""
"202400003761";"155775184";"Z01";"2";"7";"0";"2";"1";"0";"0";""
"202400003761";"155775186";"A01";"2";"7";"0";"2";"6";"1";"0";""
"202400003762";"155775183";"A01";"1";"7";"0";"2";"7";"15";"3";""
"202400003762";"155775185";"B01";"2";"7";"0";"2";"1";"2";"1";""
"202400003763";"155775181";"A01";"1";"33";"0";"0";"0";"1";"1";""
"202400003764";"155775180";"A01";"2";"7";"0";"2";"3";"11";"1";""
"202400003764";"155775182";"B01";"2";"33";"0";"2";"2";"3";"1";""
"202400003765";"155775177";"A01";"1";"7";"0";"2";"1";"1";"1";""
"202400003765";"155775178";"B01";"2";"7";"0";"2";"6";"1";"2";""
"202400003766";"155775176";"A01";"3";"10";"0";"2";"7";"1";"1";""
"202400003766";"155775179";"B01";"3";"10";"0";"2";"1";"1";"3";""
"202400003767";"155775175";"A01";"1";"43";"4";"0";"3";"3";"1";""
"202400003768";"155775172";"B01";"1";"43";"0";"2";"5";"3";"1";""
"202400003768";"155775173";"A01";"1";"7";"0";"2";"5";"12";"3";""
"202400003769";"155775171";"A01";"3";"7";"0";"2";"1";"1";"1";""
"202400003769";"155775174";"B01";"3";"7";"0";"2";"3";"15";"2";""
"202400003770";"155775168";"A01";"3";"7";"0";"2";"2";"12";"1";""
"202400003770";"155775169";"B01";"3";"7";"0";"2";"8";"2";"1";""
"202400003771";"155775167";"B01";"3";"14";"0";"2";"1";"1";"1";""
"202400003771";"155775170";"A01";"3";"31";"0";"2";"0";"0";"1";""
"202400003772";"155775166";"A01";"1";"7";"6";"0";"1";"26";"1";""
"202400003773";"155775165";"A01";"1";"43";"0";"0";"3";"1";"1";""
"202400003774";"155775163";"A01";"2";"80";"14";"0";"3";"13";"3";""
"202400003775";"155775162";"A01";"1";"30";"0";"2";"1";"1";"1";""
"202400003775";"155775164";"Y01";"1";"50";"0";"2";"3";"15";"3";""
"202400003776";"155775160";"A01";"2";"31";"0";"1";"1";"1";"1";""
"202400003777";"155775159";"B01";"3";"10";"0";"2";"1";"1";"1";""
"202400003777";"155775161";"A01";"1";"7";"8";"2";"5";"1";"1";""
"202400003778";"155775156";"B01";"2";"7";"0";"2";"3";"1";"1";""
"202400003778";"155775158";"A01";"1";"60";"0";"2";"1";"13";"5";""
"202400003779";"155775152";"A01";"1";"7";"7";"0";"1";"6";"1";""
"202400003780";"155775151";"B01";"2";"7";"9";"0";"8";"1";"1";""
"202400003780";"155775153";"Z01";"2";"7";"0";"2";"0";"26";"4";""
"202400003780";"155775154";"A01";"2";"33";"14";"2";"7";"14";"1";""
"202400003781";"155775148";"A01";"3";"7";"0";"2";"1";"1";"1";""
"202400003781";"155775150";"B01";"0";"7";"0";"0";"4";"1";"1";""
"202400003782";"155775149";"A01";"1";"50";"4";"0";"3";"13";"3";""
"202400003783";"155775146";"A01";"1";"7";"0";"1";"3";"1";"3";""
"202400003784";"155775145";"A01";"1";"2";"0";"2";"8";"18";"1";""
"202400003784";"155775147";"B01";"1";"1";"0";"2";"7";"14";"5";""
"202400003785";"155775141";"B01";"1";"7";"0";"0";"3";"1";"1";""
"202400003785";"155775143";"A01";"1";"7";"0";"0";"5";"1";"2";""
"202400003786";"155775142";"B01";"1";"7";"0";"2";"4";"2";"1";""
"202400003786";"155775144";"A01";"1";"7";"0";"2";"1";"2";"2";""
"202400003787";"155775140";"A01";"0";"10";"0";"1";"2";"1";"1";""
"202400003788";"155775139";"A01";"2";"7";"0";"1";"7";"1";"1";""
"202400003789";"155775138";"A01";"1";"7";"0";"1";"1";"1";"1";""
"202400003790";"155775135";"B01";"1";"1";"0";"2";"2";"1";"5";""
"202400003790";"155775137";"Z01";"1";"10";"0";"2";"3";"15";"1";""
"202400003791";"155775134";"A01";"2";"7";"0";"2";"1";"15";"1";""
"202400003791";"155775136";"B01";"1";"1";"0";"2";"8";"1";"5";""
"202400003792";"155775130";"B01";"3";"10";"0";"2";"3";"1";"1";""
"202400003792";"155775132";"A01";"3";"7";"0";"2";"1";"15";"1";""
"202400003793";"155775131";"A01";"1";"7";"0";"2";"1";"19";"1";""
"202400003793";"155775133";"B01";"1";"7";"0";"2";"4";"2";"1";""
"202400003794";"155775127";"Z01";"1";"7";"0";"2";"6";"22";"1";""
"202400003794";"155775129";"A01";"1";"50";"0";"2";"1";"1";"3";""
"202400003795";"155775126";"A01";"3";"10";"0";"2";"3";"15";"1";""
"202400003795";"155775128";"B01";"3";"7";"0";"2";"6";"1";"1";""
"202400003796";"155775122";"A01";"1";"7";"0";"9";"3";"15";"1";""
"202400003796";"155775124";"B01";"2";"1";"0";"2";"1";"2";"5";""
"202400003797";"155775123";"A01";"1";"33";"0";"2";"3";"18";"1";""
"202400003797";"155775125";"B01";"1";"7";"0";"2";"2";"14";"2";""
"202400003798";"155775118";"A01";"1";"7";"0";"2";"1";"16";"1";""
"202400003798";"155775120";"B01";"2";"50";"0";"2";"7";"19";"3";""
"202400003799";"155775117";"C01";"3";"14";"0";"0";"4";"0";"0";""
"202400003799";"155775119";"A01";"3";"10";"0";"2";"1";"2";"1";""
"202400003799";"155775121";"B01";"0";"10";"0";"2";"4";"2";"1";""
"202400003800";"155775116";"A01";"1";"7";"1";"0";"1";"14";"2";""
"202400003801";"155775113";"A01";"1";"1";"0";"1";"1";"1";"5";""
"202400003802";"155775111";"B01";"1";"10";"0";"2";"7";"16";"1";""
"202400003802";"155775112";"A01";"1";"33";"0";"2";"3";"18";"1";""
"202400003803";"155775114";"A01";"2";"7";"0";"2";"5";"17";"1";""
"202400003803";"155775115";"B01";"2";"7";"0";"2";"3";"0";"0";""
"202400003804";"155775109";"B01";"3";"1";"0";"2";"7";"1";"5";""
"202400003804";"155775110";"A01";"3";"1";"0";"2";"8";"15";"5";""
"202400003805";"155775107";"A01";"2";"7";"0";"2";"3";"1";"1";""
"202400003805";"155775108";"B01";"1";"2";"0";"2";"2";"1";"1";""
"202400003806";"155775106";"A01";"1";"80";"12";"0";"1";"13";"3";""
"202400003807";"155775104";"A01";"1";"50";"0";"0";"0";"1";"3";""
"202400003808";"155775103";"A01";"1";"7";"0";"2";"0";"15";"1";""
"202400003808";"155775105";"B01";"1";"50";"0";"2";"8";"1";"3";""
"202400003809";"155775100";"B01";"1";"1";"0";"2";"0";"0";"5";""
"202400003809";"155775101";"A01";"1";"32";"0";"9";"1";"16";"1";""
"202400003810";"155775099";"A01";"1";"7";"0";"2";"2";"15";"1";""
"202400003810";"155775102";"B01";"1";"7";"0";"2";"8";"1";"2";""
"202400003811";"155775096";"B01";"2";"7";"0";"2";"2";"1";"0";""
"202400003811";"155775098";"A01";"2";"7";"0";"2";"3";"17";"1";""
"202400003812";"155775097";"A01";"1";"7";"0";"1";"1";"16";"0";""
"202400003813";"155775095";"A01";"1";"14";"0";"1";"5";"4";"1";""
"202400003814";"155775094";"A01";"2";"34";"0";"1";"1";"1";"1";""
"202400003815";"155775091";"A01";"3";"7";"0";"2";"2";"15";"1";""
"202400003815";"155775093";"B01";"2";"33";"0";"2";"1";"1";"1";""
"202400003816";"155775092";"A01";"2";"7";"0";"1";"1";"1";"1";""
"202400003817";"155775090";"A01";"2";"60";"14";"0";"1";"1";"5";""
"202400003818";"155775088";"A01";"1";"7";"0";"2";"1";"2";"1";""
"202400003818";"155775089";"B01";"1";"32";"0";"2";"4";"2";"1";""
"202400003819";"155775086";"B01";"1";"7";"0";"2";"1";"1";"1";""
"202400003819";"155775087";"A01";"1";"7";"0";"2";"3";"16";"1";""
"202400003820";"155775084";"A01";"1";"7";"0";"2";"1";"5";"2";""
"202400003820";"155775085";"B01";"1";"31";"0";"2";"7";"1";"1";""
"202400003821";"155775082";"B01";"3";"7";"0";"2";"2";"19";"3";""
"202400003821";"155775083";"A01";"2";"30";"0";"2";"3";"1";"3";""
"202400003822";"155775080";"B01";"1";"7";"0";"2";"2";"1";"1";""
"202400003822";"155775081";"A01";"1";"7";"8";"2";"1";"1";"2";""
"202400003823";"155775079";"A01";"1";"1";"12";"0";"1";"26";"5";""
"202400003824";"155775078";"A01";"1";"10";"0";"1";"4";"4";"3";""
"202400003825";"155775074";"B01";"2";"7";"0";"0";"3";"13";"0";""
"202400003825";"155775075";"A01";"1";"7";"0";"2";"3";"13";"1";""
"202400003825";"155775076";"C01";"2";"7";"0";"2";"8";"13";"1";""
"202400003825";"155775077";"D01";"2";"7";"0";"2";"3";"13";"1";""
"202400003826";"155775072";"A01";"2";"21";"0";"2";"6";"15";"0";""
"202400003826";"155775073";"B01";"2";"33";"0";"2";"1";"17";"1";""
"202400003827";"155775071";"A01";"1";"2";"15";"0";"2";"1";"1";""
"202400003828";"155775069";"B01";"1";"33";"0";"2";"1";"0";"1";""
"202400003828";"155775070";"A01";"1";"7";"0";"2";"7";"15";"1";""
"202400003829";"155775067";"A01";"1";"7";"0";"2";"1";"1";"1";""
"202400003829";"155775068";"B01";"2";"7";"0";"2";"1";"1";"1";""
"202400003830";"155775065";"B01";"2";"7";"0";"2";"1";"15";"1";""
"202400003830";"155775066";"A01";"1";"33";"0";"2";"1";"17";"1";""
"202400003831";"155775063";"A01";"1";"7";"0";"2";"3";"10";"1";""
"202400003831";"155775064";"B01";"1";"33";"0";"2";"1";"21";"1";""
"202400003832";"155775061";"A01";"1";"15";"0";"2";"2";"2";"1";""
"202400003832";"155775062";"B01";"1";"15";"0";"0";"6";"2";"1";""
"202400003833";"155775060";"A01";"2";"33";"0";"0";"0";"16";"1";""
"202400003834";"155775058";"A01";"2";"10";"0";"2";"3";"13";"1";""
"202400003834";"155775059";"B01";"1";"17";"0";"2";"3";"1";"1";""
"202400003835";"155775057";"A01";"2";"7";"2";"0";"1";"21";"1";""
"202400003836";"155775056";"A01";"3";"7";"13";"0";"1";"13";"1";""
"202400003837";"155775054";"A01";"3";"7";"0";"2";"3";"1";"1";""
"202400003837";"155775055";"B01";"3";"7";"0";"2";"3";"1";"1";""
"202400003838";"155775052";"B01";"2";"33";"0";"2";"1";"1";"1";""
"202400003838";"155775053";"A01";"1";"7";"0";"2";"1";"15";"3";""
"202400003839";"155775050";"A01";"1";"7";"0";"0";"6";"1";"1";""
"202400003839";"155775051";"B01";"2";"80";"12";"0";"8";"5";"3";""
"202400003840";"155775048";"A01";"2";"2";"0";"2";"1";"1";"1";""
"202400003840";"155775049";"B01";"1";"7";"0";"2";"6";"1";"1";""
"202400003841";"155775047";"A01";"1";"33";"3";"0";"1";"2";"0";""
"202400003842";"155775044";"C01";"2";"13";"0";"2";"1";"1";"1";""
"202400003842";"155775045";"A01";"1";"7";"0";"2";"4";"1";"3";""
"202400003842";"155775046";"B01";"1";"10";"0";"2";"4";"1";"1";""
"202400003843";"155775043";"A01";"1";"33";"8";"0";"2";"14";"1";""
"202400003844";"155775042";"A01";"2";"33";"6";"9";"1";"1";"1";""
"202400003845";"155775039";"A01";"1";"7";"0";"2";"1";"1";"1";""
"202400003845";"155775040";"B01";"1";"7";"0";"2";"4";"1";"1";""
"202400003845";"155775041";"C01";"1";"7";"0";"2";"4";"1";"1";""
"202400003846";"155775038";"A01";"1";"33";"0";"0";"0";"1";"1";""
"202400003847";"155775034";"B01";"2";"10";"0";"2";"1";"1";"1";""
"202400003847";"155775035";"C01";"1";"7";"0";"2";"4";"23";"1";""
"202400003847";"155775036";"D01";"1";"7";"0";"2";"4";"23";"1";""
"202400003847";"155775037";"A01";"1";"7";"0";"2";"1";"13";"1";""
"202400003848";"155775031";"A01";"3";"7";"0";"2";"2";"1";"1";""
"202400003848";"155775032";"B01";"3";"7";"0";"2";"3";"1";"1";""
"202400003848";"155775033";"C01";"3";"7";"0";"2";"1";"0";"2";""
"202400003849";"155775030";"A01";"1";"33";"13";"0";"9";"14";"1";""
"202400003850";"155775028";"A01";"1";"7";"0";"2";"2";"17";"1";""
"202400003850";"155775029";"B01";"1";"7";"0";"2";"8";"15";"1";""
"202400003851";"155775027";"A01";"1";"33";"0";"0";"1";"1";"1";""
"202400003852";"155775025";"A01";"1";"7";"0";"2";"1";"13";"1";""
"202400003852";"155775026";"B01";"2";"17";"0";"2";"1";"1";"1";""
"202400003853";"155775023";"A01";"1";"7";"0";"2";"8";"19";"1";""
"202400003853";"155775024";"B01";"2";"33";"0";"2";"1";"1";"1";""
"202400003854";"155775020";"A01";"2";"7";"0";"2";"1";"2";"1";""
"202400003854";"155775021";"B01";"2";"7";"0";"2";"6";"13";"1";""
"202400003854";"155775022";"C01";"1";"7";"0";"2";"3";"1";"1";""
"202400003855";"155775017";"B01";"2";"7";"0";"2";"3";"9";"1";""
"202400003855";"155775018";"C01";"2";"7";"0";"0";"6";"26";"1";""
"202400003855";"155775019";"A01";"2";"2";"1";"2";"1";"1";"1";""
"202400003856";"155775016";"A01";"1";"2";"0";"0";"0";"0";"1";""
"202400003857";"155775014";"A01";"3";"1";"0";"9";"1";"1";"5";""
"202400003857";"155775015";"B01";"3";"1";"0";"9";"1";"1";"5";""
"202400003858";"155775013";"A01";"2";"33";"0";"0";"0";"1";"1";""
"202400003859";"155775011";"A01";"3";"10";"0";"2";"3";"13";"1";""
"202400003859";"155775012";"B01";"3";"1";"0";"2";"1";"1";"5";""
"202400003860";"155775010";"A01";"2";"7";"2";"0";"1";"1";"1";""
"202400003861";"155775009";"A01";"2";"2";"0";"0";"1";"0";"1";""
"202400003862";"155775008";"A01";"2";"7";"13";"0";"3";"13";"1";""
"202400003863";"155775006";"B01";"1";"7";"0";"2";"1";"5";"1";""
"202400003863";"155775007";"A01";"2";"7";"0";"2";"1";"5";"1";""
"202400003864";"155775004";"A01";"1";"7";"0";"2";"7";"15";"1";""
"202400003864";"155775005";"B01";"2";"34";"0";"2";"1";"1";"1";""
"202400003865";"155775002";"A01";"1";"7";"0";"0";"8";"16";"1";""
"202400003865";"155775003";"B01";"1";"7";"0";"2";"2";"1";"1";""
"202400003866";"155775001";"A01";"1";"7";"4";"0";"1";"1";"1";""
"202400003867";"155774999";"B01";"2";"7";"0";"0";"4";"1";"1";""
"202400003867";"155775000";"A01";"2";"10";"5";"2";"1";"0";"1";""
"202400003868";"155774997";"A01";"2";"7";"0";"2";"3";"11";"1";""
"202400003868";"155774998";"B01";"2";"33";"0";"2";"9";"3";"1";""
"202400003869";"155774995";"B01";"3";"2";"0";"0";"8";"9";"1";""
"202400003869";"155774996";"A01";"3";"7";"13";"2";"2";"1";"1";""
"202400003870";"155774993";"A01";"3";"33";"0";"2";"3";"13";"1";""
"202400003870";"155774994";"B01";"3";"7";"0";"2";"2";"26";"1";""
"202400003871";"155774992";"A01";"1";"31";"0";"0";"1";"0";"1";""
"202400003872";"155774990";"B01";"1";"1";"0";"9";"3";"12";"5";""
"202400003872";"155774991";"A01";"1";"7";"0";"2";"3";"9";"1";""
"202400003873";"155774988";"B01";"1";"7";"0";"0";"3";"15";"3";""
"202400003873";"155774989";"A01";"1";"33";"8";"0";"2";"17";"1";""
"202400003874";"155774986";"B01";"2";"31";"0";"2";"1";"1";"1";""
"202400003874";"155774987";"A01";"1";"7";"0";"2";"6";"15";"1";""
"202400003875";"155774984";"A01";"1";"32";"0";"2";"3";"1";"1";""
"202400003875";"155774985";"B01";"2";"1";"4";"2";"1";"13";"5";""
"202400003876";"155774982";"A01";"1";"33";"0";"2";"8";"13";"1";""
"202400003876";"155774983";"B01";"2";"10";"0";"2";"6";"1";"1";""
"202400003877";"155774980";"A01";"1";"7";"0";"2";"7";"1";"1";""
"202400003877";"155774981";"B01";"1";"33";"0";"2";"8";"3";"1";""
"202400003878";"155774978";"B01";"2";"50";"0";"2";"3";"9";"3";""
"202400003878";"155774979";"A01";"2";"7";"0";"2";"2";"9";"1";""
"202400003879";"155774976";"B01";"1";"7";"0";"2";"2";"1";"1";""
"202400003879";"155774977";"A01";"2";"33";"0";"2";"0";"0";"1";""
"202400003880";"155774974";"A01";"2";"10";"0";"2";"6";"17";"1";""
"202400003880";"155774975";"B01";"2";"33";"0";"2";"2";"17";"1";""
"202400003881";"155774972";"A01";"1";"33";"3";"2";"1";"0";"1";""
"202400003881";"155774973";"B01";"2";"38";"0";"2";"3";"0";"1";"1"
"202400003882";"155774971";"A01";"3";"7";"0";"0";"9";"1";"1";""
"202400003883";"155774969";"A01";"2";"7";"0";"2";"2";"19";"1";""
"202400003883";"155774970";"B01";"1";"7";"0";"2";"1";"1";"1";""
"202400003884";"155774967";"A01";"1";"7";"0";"2";"3";"1";"1";""
"202400003884";"155774968";"B01";"1";"1";"0";"2";"1";"1";"5";""
"202400003885";"155774965";"B01";"2";"7";"0";"2";"1";"1";"1";""
"202400003885";"155774966";"A01";"1";"10";"0";"2";"1";"1";"1";""
"202400003886";"155774963";"B01";"3";"7";"0";"2";"3";"13";"1";""
"202400003886";"155774964";"A01";"3";"7";"0";"2";"3";"1";"1";""
"202400003887";"155774961";"A01";"0";"7";"0";"0";"5";"23";"1";""
"202400003887";"155774962";"B01";"0";"1";"0";"2";"1";"2";"5";""
"202400003888";"155774960";"A01";"2";"33";"16";"0";"8";"16";"1";""
"202400003889";"155774958";"A01";"2";"7";"0";"2";"6";"2";"1";""
"202400003889";"155774959";"B01";"2";"7";"0";"2";"2";"12";"1";""
"202400003890";"155774957";"A01";"3";"32";"0";"0";"0";"0";"1";""
"202400003891";"155774955";"A01";"2";"7";"0";"9";"3";"20";"1";""
"202400003891";"155774956";"B01";"2";"50";"1";"0";"7";"1";"3";""
"202400003892";"155774953";"A01";"0";"7";"0";"2";"1";"1";"1";""
"202400003892";"155774954";"B01";"0";"1";"0";"2";"4";"1";"5";""
"202400003893";"155774951";"B01";"1";"33";"12";"2";"2";"0";"1";""
"202400003893";"155774952";"A01";"1";"7";"15";"2";"1";"1";"1";""
"202400003894";"155774949";"A01";"1";"30";"0";"2";"1";"1";"1";""
"202400003894";"155774950";"B01";"1";"1";"0";"2";"8";"0";"5";""
"202400003895";"155774948";"A01";"0";"10";"1";"0";"3";"1";"1";""
"202400003896";"155774946";"A01";"0";"7";"0";"2";"3";"1";"1";""
"202400003896";"155774947";"C01";"1";"32";"0";"2";"1";"1";"1";""
"202400003897";"155774944";"A01";"1";"37";"1";"0";"0";"0";"1";"2"
"202400003897";"155774945";"B01";"1";"10";"0";"2";"3";"22";"1";""
"202400003898";"155774943";"B01";"3";"7";"0";"1";"1";"1";"1";""
"202400003899";"155774941";"A01";"0";"7";"1";"0";"3";"20";"0";""
"202400003899";"155774942";"B01";"0";"7";"0";"0";"6";"23";"1";""
"202400003900";"155774939";"B01";"1";"50";"0";"2";"1";"1";"3";""
"202400003900";"155774940";"A01";"1";"7";"0";"2";"8";"15";"1";""
"202400003901";"155774937";"B01";"2";"30";"0";"2";"9";"1";"1";""
"202400003901";"155774938";"A01";"2";"7";"0";"2";"3";"0";"1";""
"202400003902";"155774936";"A01";"1";"33";"0";"0";"0";"1";"1";""
"202400003903";"155774932";"A01";"2";"7";"0";"2";"4";"1";"1";""
"202400003903";"155774933";"B01";"2";"7";"0";"2";"4";"1";"1";""
"202400003903";"155774934";"C01";"2";"7";"0";"2";"4";"1";"1";""
"202400003903";"155774935";"D01";"2";"7";"0";"2";"1";"1";"1";""
"202400003904";"155774930";"B01";"2";"7";"0";"2";"2";"0";"1";""
"202400003904";"155774931";"A01";"2";"7";"0";"2";"1";"15";"2";""
"202400003905";"155774929";"A01";"3";"7";"15";"0";"1";"14";"1";""
"202400003906";"155774927";"A01";"3";"10";"0";"2";"2";"15";"1";""
"202400003906";"155774928";"B01";"3";"2";"0";"2";"8";"16";"1";""
"202400003907";"155774926";"A01";"3";"31";"3";"0";"7";"1";"1";""
"202400003908";"155774924";"B01";"1";"1";"0";"0";"4";"2";"5";""
"202400003908";"155774925";"A01";"1";"1";"0";"2";"1";"1";"5";""
"202400003909";"155774923";"A01";"1";"7";"13";"0";"3";"1";"1";""
"202400003910";"155774921";"A01";"1";"33";"0";"2";"1";"17";"1";""
"202400003910";"155774922";"B01";"2";"7";"0";"2";"3";"1";"1";""
"202400003911";"155774920";"A01";"2";"10";"13";"0";"3";"1";"1";""
"202400003912";"155774918";"B01";"2";"7";"0";"2";"2";"19";"1";""
"202400003912";"155774919";"A01";"1";"34";"0";"2";"8";"1";"1";""
"202400003913";"155774916";"B01";"0";"1";"0";"2";"7";"9";"5";""
"202400003913";"155774917";"A01";"0";"7";"0";"2";"1";"9";"1";""
"202400003914";"155774915";"A01";"3";"33";"6";"0";"1";"1";"1";""
"202400003915";"155774914";"A01";"1";"33";"0";"0";"7";"0";"1";""
"202400003916";"155774913";"A01";"2";"7";"13";"0";"9";"1";"1";""
"202400003917";"155774911";"B01";"1";"13";"0";"2";"1";"1";"1";""
"202400003917";"155774912";"A01";"1";"7";"0";"2";"5";"19";"1";""
"202400003918";"155774907";"A01";"1";"7";"2";"2";"3";"13";"1";""
"202400003918";"155774908";"B01";"2";"7";"13";"2";"8";"1";"1";""
"202400003919";"155774906";"A01";"3";"7";"2";"0";"9";"0";"1";""
"202400003920";"155774904";"A01";"3";"7";"0";"2";"2";"9";"1";""
"202400003920";"155774905";"B01";"2";"2";"0";"2";"7";"1";"1";""
"202400003921";"155774902";"A01";"2";"7";"0";"2";"3";"13";"1";""
"202400003921";"155774903";"B01";"1";"34";"0";"2";"3";"9";"1";""
"202400003922";"155774900";"A01";"1";"7";"0";"2";"1";"13";"1";""
"202400003922";"155774901";"B01";"2";"14";"0";"2";"1";"0";"1";""
"202400003923";"155774898";"A01";"1";"2";"0";"2";"1";"1";"1";""
"202400003923";"155774899";"B01";"2";"7";"0";"2";"5";"15";"1";""
"202400003924";"155774897";"A01";"3";"7";"2";"0";"1";"1";"1";""
"202400003925";"155774896";"A01";"1";"10";"0";"1";"2";"1";"1";""
"202400003926";"155774894";"A01";"2";"33";"0";"2";"8";"1";"1";""
"202400003926";"155774895";"B01";"1";"7";"0";"2";"3";"26";"1";""
"202400003927";"155774892";"A01";"2";"7";"13";"0";"8";"1";"1";""
"202400003928";"155774891";"A01";"1";"7";"0";"2";"1";"13";"1";""
"202400003928";"155774893";"B01";"2";"7";"0";"2";"1";"1";"1";""
"202400003929";"155774887";"A01";"1";"2";"0";"2";"1";"2";"1";""
"202400003929";"155774889";"B01";"1";"38";"0";"2";"4";"15";"1";"1"
"202400003930";"155774882";"A01";"2";"7";"0";"0";"9";"0";"2";""
"202400003930";"155774884";"B01";"2";"7";"0";"2";"3";"0";"1";""
"202400003930";"155774886";"C01";"2";"7";"14";"0";"1";"0";"1";""
"202400003931";"155774883";"A01";"1";"7";"0";"2";"1";"17";"1";""
"202400003931";"155774885";"B01";"2";"7";"0";"2";"1";"1";"1";""
"202400003932";"155774878";"B01";"2";"7";"7";"0";"2";"1";"1";""
"202400003932";"155774880";"A01";"1";"7";"9";"0";"3";"1";"1";""
"202400003933";"155774876";"A01";"2";"7";"3";"2";"9";"0";"1";""
"202400003933";"155774877";"B01";"2";"7";"0";"0";"6";"1";"0";""
"202400003933";"155774879";"C01";"2";"7";"0";"0";"4";"1";"1";""
"202400003933";"155774881";"D01";"2";"10";"0";"2";"3";"21";"1";""
"202400003934";"155774875";"A01";"1";"33";"12";"0";"7";"16";"1";""
"202400003935";"155774874";"A01";"2";"7";"6";"0";"1";"1";"1";""
"202400003936";"155774872";"A01";"3";"7";"0";"2";"1";"1";"1";""
"202400003936";"155774873";"B01";"3";"7";"0";"2";"2";"1";"1";""
"202400003937";"155774871";"A01";"2";"10";"16";"0";"9";"1";"1";""
"202400003938";"155774869";"A01";"2";"7";"0";"2";"3";"1";"1";""
"202400003938";"155774870";"B01";"1";"7";"0";"2";"3";"13";"1";""
"202400003939";"155774868";"A01";"3";"32";"12";"0";"1";"0";"1";""
"202400003940";"155774866";"A01";"1";"7";"0";"1";"1";"1";"1";""
"202400003941";"155774865";"A01";"1";"7";"0";"2";"4";"23";"1";""
"202400003941";"155774867";"B01";"1";"7";"0";"2";"1";"2";"1";""
"202400003942";"155774863";"A01";"2";"7";"0";"2";"1";"13";"1";""
"202400003942";"155774864";"B01";"1";"10";"0";"2";"1";"1";"1";""
"202400003943";"155774861";"B01";"0";"0";"0";"0";"0";"0";"0";""
"202400003943";"155774862";"A01";"3";"1";"0";"0";"6";"1";"5";""
"202400003944";"155774860";"A01";"3";"33";"3";"0";"3";"0";"1";""
"202400003945";"155774857";"A01";"1";"7";"0";"2";"1";"9";"1";""
"202400003945";"155774859";"B01";"1";"7";"0";"0";"4";"0";"1";""
"202400003946";"155774856";"A01";"1";"7";"0";"2";"2";"19";"1";""
"202400003946";"155774858";"B01";"2";"2";"0";"2";"3";"1";"1";""
"202400003947";"155774854";"A01";"2";"7";"0";"2";"3";"1";"1";""
"202400003947";"155774855";"B01";"1";"43";"0";"2";"1";"1";"1";""
"202400003948";"155774851";"A01";"2";"7";"2";"0";"3";"1";"1";""
"202400003949";"155774852";"A01";"1";"7";"0";"2";"2";"19";"1";""
"202400003949";"155774853";"B01";"1";"30";"0";"2";"1";"1";"1";""
"202400003950";"155774850";"A01";"1";"7";"4";"0";"1";"1";"1";""
"202400003951";"155774848";"A01";"2";"42";"0";"2";"1";"1";"1";""
"202400003951";"155774849";"B01";"2";"7";"0";"2";"5";"0";"1";""
"202400003952";"155774843";"A01";"1";"7";"0";"2";"1";"1";"1";""
"202400003952";"155774846";"B01";"1";"7";"0";"2";"4";"1";"2";""
"202400003953";"155774842";"A01";"1";"10";"0";"1";"1";"1";"1";""
"202400003954";"155774839";"B01";"2";"7";"0";"2";"5";"1";"1";""
"202400003954";"155774840";"A01";"2";"33";"0";"2";"1";"2";"1";""
"202400003954";"155774841";"C01";"2";"7";"0";"2";"3";"1";"2";""
"202400003955";"155774838";"A01";"2";"7";"8";"1";"1";"1";"1";""
"202400003956";"155774836";"A01";"1";"7";"0";"1";"2";"1";"2";""
"202400003957";"155774835";"B01";"1";"7";"3";"2";"4";"2";"1";""
"202400003957";"155774837";"A01";"1";"7";"0";"2";"1";"2";"1";""
"202400003958";"155774832";"A01";"2";"7";"0";"2";"1";"13";"1";""
"202400003958";"155774834";"B01";"1";"7";"0";"2";"1";"1";"2";""
"202400003959";"155774831";"A01";"1";"7";"1";"0";"1";"12";"1";""
"202400003959";"155774833";"B01";"1";"7";"0";"2";"4";"23";"1";""
"202400003960";"155774830";"A01";"3";"7";"0";"1";"1";"1";"1";""
"202400003961";"155774829";"A01";"1";"34";"0";"9";"2";"21";"1";""
"202400003962";"155774824";"A01";"3";"7";"0";"1";"1";"1";"1";""
"202400003963";"155774822";"F01";"2";"7";"0";"2";"4";"2";"1";""
"202400003963";"155774823";"A01";"2";"7";"0";"2";"1";"2";"1";""
"202400003963";"155774825";"B01";"2";"7";"1";"2";"1";"2";"1";""
"202400003963";"155774826";"C01";"2";"7";"0";"2";"4";"2";"1";""
"202400003963";"155774827";"D01";"2";"7";"0";"2";"4";"2";"1";""
"202400003963";"155774828";"E01";"2";"7";"0";"2";"4";"2";"1";""
"202400003964";"155774820";"A01";"1";"38";"0";"2";"3";"1";"1";"1"
"202400003964";"155774821";"B01";"2";"33";"0";"2";"3";"13";"1";""
"202400003965";"155774818";"A01";"1";"7";"0";"2";"4";"1";"1";""
"202400003965";"155774819";"B01";"1";"7";"0";"0";"0";"0";"1";""
"202400003966";"155774817";"A01";"2";"7";"4";"0";"9";"1";"1";""
"202400003967";"155774815";"B01";"1";"7";"0";"2";"4";"2";"1";""
"202400003967";"155774816";"A01";"1";"7";"0";"2";"1";"2";"1";""
"202400003968";"155774812";"A01";"1";"7";"0";"2";"2";"16";"1";""
"202400003968";"155774814";"B01";"1";"1";"0";"2";"1";"2";"5";""
"202400003969";"155774811";"A01";"1";"7";"0";"2";"1";"12";"1";""
"202400003969";"155774813";"B01";"1";"7";"0";"2";"7";"1";"1";""
"202400003970";"155774807";"B01";"1";"7";"0";"2";"6";"3";"1";""
"202400003970";"155774809";"A01";"1";"7";"0";"2";"1";"1";"1";""
"202400003971";"155774808";"B01";"1";"7";"0";"2";"6";"24";"2";""
"202400003971";"155774810";"A01";"1";"7";"0";"2";"2";"20";"1";""
"202400003972";"155774803";"A01";"2";"1";"0";"0";"4";"15";"5";""
"202400003972";"155774805";"B01";"2";"33";"0";"9";"1";"1";"0";""
"202400003973";"155774802";"B01";"1";"7";"0";"2";"4";"1";"1";""
"202400003973";"155774804";"A01";"1";"7";"0";"2";"1";"1";"2";""
"202400003973";"155774806";"C01";"1";"7";"0";"2";"4";"1";"1";""
"202400003974";"155774799";"B01";"1";"34";"0";"2";"1";"2";"1";""
"202400003974";"155774801";"A01";"1";"30";"14";"0";"4";"11";"1";""
"202400003975";"155774796";"A01";"2";"7";"0";"2";"1";"1";"1";""
"202400003975";"155774797";"D01";"2";"7";"0";"2";"4";"1";"1";""
"202400003975";"155774798";"B01";"2";"10";"0";"2";"9";"1";"1";""
"202400003975";"155774800";"C01";"2";"7";"0";"2";"9";"1";"1";""
"202400003976";"155774794";"A01";"1";"10";"12";"2";"2";"26";"2";""
"202400003976";"155774795";"B01";"1";"20";"12";"2";"1";"1";"1";""
"202400003977";"155774789";"D01";"2";"7";"0";"2";"4";"1";"1";""
"202400003977";"155774790";"A01";"2";"10";"0";"2";"3";"2";"1";""
"202400003977";"155774792";"B01";"2";"7";"0";"2";"9";"0";"1";""
"202400003977";"155774793";"C01";"2";"7";"0";"2";"9";"2";"1";""
"202400003978";"155774788";"A01";"3";"99";"0";"2";"3";"9";"0";""
"202400003978";"155774791";"B01";"3";"7";"0";"2";"3";"0";"1";""
"202400003979";"155774784";"A01";"2";"33";"0";"2";"2";"1";"1";""
"202400003979";"155774787";"B01";"2";"10";"0";"0";"0";"11";"0";""
"202400003980";"155774785";"A01";"0";"30";"0";"2";"1";"2";"1";""
"202400003980";"155774786";"B01";"0";"7";"0";"2";"3";"15";"1";""
"202400003981";"155774781";"B01";"1";"7";"0";"2";"5";"1";"1";""
"202400003981";"155774783";"A01";"1";"31";"7";"2";"1";"18";"1";""
"202400003982";"155774780";"A01";"1";"7";"0";"2";"2";"12";"1";""
"202400003982";"155774782";"B01";"1";"1";"0";"2";"8";"15";"5";""
"202400003983";"155774778";"B01";"2";"7";"0";"2";"6";"0";"2";""
"202400003983";"155774779";"A01";"2";"14";"0";"2";"2";"0";"1";""
"202400003984";"155774776";"A01";"2";"7";"0";"1";"1";"2";"1";""
"202400003985";"155774775";"B01";"2";"14";"0";"2";"1";"12";"1";""
"202400003985";"155774777";"A01";"2";"43";"0";"2";"4";"1";"1";""
"202400003986";"155774772";"A01";"1";"50";"0";"2";"1";"1";"3";""
"202400003986";"155774774";"B01";"1";"7";"0";"2";"2";"16";"1";""
"202400003987";"155774771";"B01";"1";"7";"0";"2";"4";"1";"1";""
"202400003987";"155774773";"A01";"1";"15";"0";"2";"1";"1";"1";""
"202400003988";"155774770";"Z01";"3";"30";"0";"1";"0";"0";"0";""
"202400003989";"155774768";"Z01";"1";"14";"0";"2";"0";"0";"1";""
"202400003989";"155774769";"A01";"1";"7";"0";"2";"7";"1";"1";""
"202400003990";"155774767";"A01";"3";"30";"14";"0";"0";"26";"1";""
"202400003991";"155774765";"A01";"1";"7";"0";"2";"1";"2";"1";""
"202400003991";"155774766";"B01";"1";"7";"0";"2";"4";"2";"1";""
"202400003992";"155774762";"B01";"1";"33";"0";"2";"8";"3";"1";""
"202400003992";"155774763";"A01";"1";"7";"0";"2";"7";"14";"1";""
"202400003993";"155774761";"A01";"1";"37";"0";"2";"6";"1";"1";"2"
"202400003993";"155774764";"B01";"1";"1";"0";"2";"7";"1";"5";""
"202400003994";"155774759";"A01";"1";"7";"0";"2";"5";"12";"1";""
"202400003994";"155774760";"B01";"1";"31";"0";"2";"3";"3";"1";""
"202400003995";"155774756";"A01";"1";"10";"0";"2";"1";"2";"1";""
"202400003995";"155774758";"B01";"1";"10";"0";"2";"4";"2";"1";""
"202400003996";"155774755";"A01";"1";"7";"0";"2";"1";"1";"1";""
"202400003996";"155774757";"B01";"1";"7";"0";"0";"6";"1";"1";""
"202400003997";"155774752";"B01";"1";"50";"1";"0";"1";"1";"3";""
"202400003997";"155774753";"A01";"2";"7";"0";"2";"3";"22";"1";""
"202400003998";"155774751";"B01";"3";"7";"0";"2";"0";"26";"1";""
"202400003998";"155774754";"A01";"3";"10";"0";"2";"0";"26";"1";""
"202400003999";"155774749";"A01";"1";"2";"0";"2";"1";"2";"1";""
"202400003999";"155774750";"B01";"1";"7";"0";"2";"5";"1";"1";""
"202400004000";"155774746";"A01";"1";"32";"0";"2";"1";"17";"1";""
"202400004000";"155774748";"B01";"1";"7";"0";"2";"3";"15";"1";""
"202400004001";"155774745";"A01";"1";"31";"15";"0";"7";"1";"1";""
"202400004002";"155774743";"B01";"1";"99";"0";"2";"3";"1";"0";""
"202400004002";"155774744";"A01";"1";"7";"0";"9";"3";"15";"6";""
"202400004003";"155774742";"A01";"1";"7";"0";"2";"0";"0";"1";""
"202400004003";"155774747";"B01";"1";"7";"0";"2";"0";"0";"1";""
"202400004004";"155774740";"B01";"1";"7";"0";"2";"8";"15";"1";""
"202400004004";"155774741";"A01";"1";"7";"0";"2";"2";"11";"1";""
"202400004005";"155774737";"B01";"1";"7";"0";"2";"3";"1";"0";""
"202400004005";"155774738";"A01";"1";"7";"0";"2";"3";"10";"0";""
"202400004006";"155774736";"A01";"1";"7";"0";"1";"1";"13";"2";""
"202400004007";"155774739";"A01";"2";"7";"0";"1";"3";"1";"1";""
"202400004008";"155774734";"A01";"2";"7";"0";"2";"2";"16";"1";""
"202400004008";"155774735";"B01";"2";"50";"0";"2";"1";"1";"3";""
"202400004009";"155774733";"A01";"1";"7";"0";"1";"1";"0";"0";""
"202400004010";"155774732";"A01";"2";"7";"0";"1";"1";"1";"1";""
"202400004011";"155774730";"B01";"1";"10";"0";"2";"1";"1";"0";""
"202400004011";"155774731";"A01";"2";"10";"0";"2";"2";"15";"1";""
"202400004012";"155774729";"A01";"2";"30";"0";"1";"1";"1";"3";""
"202400004013";"155774725";"A01";"0";"7";"0";"2";"1";"16";"1";""
"202400004013";"155774727";"B01";"0";"50";"0";"2";"1";"15";"3";""
"202400004014";"155774726";"B01";"0";"43";"0";"2";"0";"0";"1";""
"202400004014";"155774728";"A01";"3";"14";"0";"2";"6";"16";"1";""
"202400004015";"155774724";"A01";"2";"10";"0";"2";"1";"2";"1";""
"202400004016";"155774723";"A01";"1";"13";"16";"0";"9";"13";"1";""
"202400004017";"155774721";"A01";"2";"7";"0";"1";"1";"17";"1";""
"202400004018";"155774720";"A01";"1";"7";"1";"2";"4";"23";"1";""
"202400004018";"155774722";"B01";"1";"10";"1";"0";"1";"15";"1";""
"202400004019";"155774717";"B01";"1";"33";"0";"2";"5";"17";"1";""
"202400004019";"155774719";"A01";"1";"7";"0";"2";"3";"17";"1";""
"202400004020";"155774716";"A01";"2";"7";"0";"2";"3";"15";"1";""
"202400004020";"155774718";"B01";"2";"33";"0";"2";"1";"1";"1";""
"202400004021";"155774715";"A01";"3";"7";"0";"1";"1";"1";"1";""
"202400004022";"155774713";"A01";"1";"7";"0";"2";"3";"15";"1";""
"202400004022";"155774714";"B01";"2";"33";"0";"2";"1";"1";"1";""
"202400004023";"155774712";"A01";"3";"10";"0";"1";"0";"9";"1";""
"202400004024";"155774711";"A01";"3";"34";"0";"1";"1";"17";"1";""
"202400004025";"155774708";"A01";"3";"17";"0";"2";"2";"15";"1";""
"202400004025";"155774710";"B01";"3";"2";"0";"2";"9";"3";"1";""
"202400004026";"155774707";"B01";"1";"7";"0";"2";"4";"1";"1";""
"202400004026";"155774709";"A01";"1";"10";"0";"2";"1";"1";"1";""
"202400004027";"155774704";"A01";"2";"7";"0";"2";"1";"2";"1";""
"202400004027";"155774706";"B01";"2";"7";"0";"2";"0";"0";"1";""
"202400004028";"155774700";"C01";"2";"7";"0";"2";"3";"1";"1";""
"202400004028";"155774702";"D01";"2";"7";"0";"2";"2";"1";"1";""
"202400004028";"155774703";"B01";"1";"7";"0";"2";"2";"1";"1";""
"202400004028";"155774705";"A01";"1";"7";"0";"2";"1";"1";"1";""
"202400004029";"155774701";"A01";"1";"7";"5";"0";"9";"14";"1";""
"202400004030";"155774698";"A01";"3";"33";"0";"0";"8";"1";"1";""
"202400004031";"155774697";"B01";"1";"2";"0";"2";"4";"0";"1";""
"202400004031";"155774699";"A01";"1";"32";"0";"2";"1";"0";"1";""
"202400004032";"155774696";"A01";"0";"60";"0";"0";"0";"26";"5";""
"202400004033";"155774695";"A01";"1";"33";"4";"0";"9";"1";"1";""
"202400004034";"155774692";"B01";"1";"7";"0";"2";"7";"21";"1";""
"202400004034";"155774694";"A01";"2";"7";"0";"2";"2";"21";"1";""
"202400004035";"155774690";"A01";"1";"2";"0";"2";"9";"3";"1";""
"202400004035";"155774691";"C01";"1";"7";"0";"2";"6";"23";"1";""
"202400004035";"155774693";"B01";"1";"7";"0";"2";"2";"2";"1";""
"202400004036";"155774689";"A01";"0";"32";"0";"0";"8";"1";"1";""
"202400004037";"155774686";"B01";"2";"50";"0";"2";"1";"1";"3";""
"202400004037";"155774688";"A01";"1";"7";"0";"2";"2";"15";"1";""
"202400004038";"155774683";"A01";"3";"7";"0";"2";"3";"9";"0";""
"202400004038";"155774684";"B01";"3";"1";"0";"2";"1";"1";"5";""
"202400004039";"155774685";"A01";"2";"7";"0";"2";"2";"26";"0";""
"202400004039";"155774687";"B01";"2";"7";"0";"2";"6";"1";"2";""
"202400004040";"155774679";"A01";"1";"31";"0";"2";"1";"2";"1";""
"202400004040";"155774681";"B01";"1";"7";"0";"2";"4";"1";"1";""
"202400004041";"155774680";"B01";"3";"7";"0";"2";"6";"1";"1";""
"202400004041";"155774682";"Z01";"3";"7";"0";"2";"0";"1";"0";""
"202400004042";"155774677";"A01";"2";"2";"5";"0";"7";"1";"1";""
"202400004043";"155774676";"A01";"1";"2";"0";"2";"3";"1";"1";""
"202400004043";"155774678";"B01";"2";"7";"0";"2";"3";"1";"1";""
"202400004044";"155774673";"A01";"1";"13";"0";"1";"1";"26";"0";""
"202400004045";"155774674";"B01";"3";"7";"0";"9";"1";"1";"1";""
"202400004045";"155774675";"A01";"3";"50";"0";"2";"1";"26";"3";""
"202400004046";"155774670";"A01";"1";"10";"0";"2";"4";"23";"1";""
"202400004046";"155774672";"B01";"1";"10";"1";"0";"1";"1";"1";""
"202400004047";"155774669";"B01";"1";"7";"0";"2";"4";"1";"1";""
"202400004047";"155774671";"A01";"1";"7";"0";"2";"1";"1";"1";""
"202400004048";"155774668";"A01";"3";"7";"1";"0";"1";"1";"1";""
"202400004049";"155774666";"B01";"2";"7";"0";"2";"0";"0";"1";""
"202400004049";"155774667";"A01";"2";"50";"14";"0";"0";"0";"3";""
"202400004050";"155774665";"A01";"1";"43";"14";"0";"1";"3";"1";""
"202400004051";"155774664";"A01";"3";"7";"0";"0";"9";"26";"1";""
"202400004052";"155774661";"A01";"0";"7";"0";"2";"3";"16";"1";""
"202400004052";"155774663";"B01";"2";"2";"0";"2";"8";"1";"1";""
"202400004053";"155774660";"A01";"1";"7";"0";"2";"1";"13";"1";""
"202400004053";"155774662";"B01";"2";"38";"0";"2";"3";"21";"1";"1"
"202400004054";"155774657";"A01";"1";"7";"2";"1";"2";"14";"1";""
"202400004055";"155774656";"A01";"1";"7";"0";"1";"1";"1";"0";""
"202400004056";"155774658";"Z01";"0";"7";"0";"2";"8";"16";"1";""
"202400004056";"155774659";"B01";"0";"60";"0";"2";"1";"19";"5";""
"202400004057";"155774653";"A01";"2";"7";"1";"0";"2";"14";"1";""
"202400004058";"155774652";"A01";"2";"7";"0";"4";"7";"1";"1";""
"202400004058";"155774655";"B01";"3";"39";"0";"2";"1";"1";"3";""
"202400004059";"155774651";"A01";"2";"33";"0";"2";"1";"3";"1";""
"202400004059";"155774654";"B01";"2";"7";"0";"2";"6";"0";"1";""
"202400004060";"155774650";"A01";"3";"7";"0";"1";"1";"1";"1";""
"202400004061";"155774648";"A01";"1";"31";"1";"0";"8";"26";"1";""
"202400004062";"155774647";"A01";"1";"7";"0";"2";"1";"1";"1";""
"202400004062";"155774649";"B01";"3";"80";"0";"2";"7";"19";"3";""
"202400004063";"155774646";"A01";"1";"7";"2";"0";"9";"14";"1";""
"202400004064";"155774645";"A01";"3";"1";"0";"0";"1";"1";"5";""
"202400004065";"155774644";"A01";"3";"1";"1";"0";"1";"15";"5";""
"202400004066";"155774643";"A01";"3";"7";"1";"1";"1";"1";"1";""
"202400004067";"155774640";"B01";"3";"7";"0";"2";"5";"1";"1";""
"202400004067";"155774642";"A01";"3";"1";"0";"2";"1";"2";"5";""
"202400004068";"155774638";"A01";"3";"50";"0";"2";"1";"2";"3";""
"202400004068";"155774641";"Z01";"3";"7";"0";"2";"4";"1";"0";""
"202400004069";"155774637";"A01";"3";"10";"0";"2";"1";"2";"1";""
"202400004069";"155774639";"B01";"3";"7";"0";"2";"4";"1";"1";""
"202400004070";"155774635";"A01";"3";"2";"12";"0";"7";"15";"1";""
"202400004071";"155774634";"A01";"1";"2";"0";"2";"0";"5";"3";""
"202400004071";"155774636";"B01";"1";"10";"0";"2";"1";"1";"1";""
"202400004072";"155774632";"A01";"0";"7";"0";"2";"1";"13";"1";""
"202400004072";"155774633";"B01";"3";"31";"0";"2";"1";"1";"1";""
"202400004073";"155774631";"A01";"3";"50";"0";"0";"0";"1";"3";""
"202400004074";"155774629";"A01";"1";"10";"0";"2";"1";"1";"1";""
"202400004074";"155774630";"B01";"1";"7";"0";"2";"4";"1";"2";""
"202400004075";"155774627";"A01";"1";"50";"0";"0";"1";"1";"3";""
"202400004076";"155774626";"A01";"3";"7";"0";"2";"6";"16";"3";""
"202400004076";"155774628";"B01";"3";"33";"0";"2";"1";"1";"1";""
"202400004077";"155774625";"A01";"3";"7";"0";"1";"1";"0";"0";""
"202400004078";"155774624";"A01";"1";"30";"0";"0";"8";"15";"1";""
"202400004079";"155774623";"B01";"1";"37";"0";"1";"1";"15";"1";"1"
"202400004080";"155774621";"A01";"1";"7";"0";"2";"1";"2";"1";""
"202400004080";"155774622";"B01";"1";"7";"0";"2";"4";"2";"1";""
"202400004081";"155774618";"B01";"0";"7";"0";"2";"2";"23";"1";""
"202400004081";"155774620";"A01";"0";"50";"0";"2";"0";"25";"3";""
"202400004082";"155774616";"A01";"3";"7";"0";"2";"1";"21";"1";""
"202400004082";"155774619";"B01";"3";"7";"0";"2";"1";"1";"1";""
"202400004083";"155774615";"A01";"2";"33";"0";"2";"7";"17";"1";""
"202400004083";"155774617";"B01";"2";"36";"0";"2";"8";"17";"1";""
"202400004084";"155774614";"A01";"0";"7";"0";"1";"0";"1";"1";""
"202400004085";"155774613";"A01";"3";"31";"12";"0";"1";"15";"1";""
"202400004086";"155774610";"A01";"1";"33";"6";"2";"6";"2";"1";""
"202400004086";"155774611";"B01";"1";"33";"0";"2";"1";"2";"1";""
"202400004087";"155774609";"B01";"1";"10";"0";"2";"1";"1";"1";""
"202400004087";"155774612";"A01";"2";"7";"0";"2";"7";"1";"1";""
"202400004088";"155774607";"A01";"1";"7";"0";"2";"1";"13";"1";""
"202400004088";"155774608";"B01";"2";"7";"0";"2";"3";"1";"1";""
"202400004089";"155774606";"A01";"2";"7";"0";"1";"2";"9";"1";""
"202400004090";"155774602";"A01";"2";"7";"0";"1";"1";"1";"1";""
"202400004091";"155774603";"A01";"2";"7";"0";"2";"8";"15";"1";""
"202400004091";"155774605";"B01";"1";"50";"0";"2";"2";"1";"3";""
"202400004092";"155774601";"A01";"2";"33";"0";"1";"3";"7";"1";""
"202400004093";"155774600";"A01";"2";"7";"0";"1";"1";"2";"1";""
"202400004094";"155774599";"A01";"1";"33";"0";"1";"2";"1";"1";""
"202400004095";"155774595";"B01";"1";"1";"0";"2";"8";"19";"5";""
"202400004095";"155774597";"A01";"1";"7";"0";"9";"1";"1";"1";""
"202400004096";"155774593";"B01";"2";"7";"0";"2";"8";"15";"1";""
"202400004096";"155774596";"A01";"2";"33";"0";"2";"5";"17";"1";""
"202400004096";"155774598";"C01";"1";"7";"0";"2";"1";"1";"1";""
"202400004097";"155774592";"B01";"3";"31";"0";"2";"1";"1";"1";""
"202400004097";"155774594";"A01";"3";"7";"0";"2";"2";"15";"1";""
"202400004098";"155774589";"A01";"1";"10";"0";"2";"2";"16";"1";""
"202400004098";"155774591";"B01";"2";"1";"0";"2";"2";"1";"5";""
"202400004099";"155774587";"A01";"0";"30";"0";"2";"1";"26";"1";""
"202400004099";"155774590";"B01";"0";"10";"0";"2";"0";"1";"1";""
"202400004100";"155774585";"B01";"1";"1";"0";"2";"1";"1";"5";""
"202400004100";"155774588";"A01";"2";"7";"0";"2";"3";"15";"1";""
"202400004101";"155774584";"A01";"2";"7";"0";"2";"4";"1";"1";""
"202400004101";"155774586";"B01";"2";"7";"0";"2";"1";"1";"1";""
"202400004102";"155774583";"A01";"3";"1";"0";"0";"1";"1";"5";""
"202400004103";"155774580";"A01";"1";"1";"0";"9";"0";"0";"5";""
"202400004104";"155774579";"A01";"2";"50";"0";"2";"1";"1";"3";""
"202400004104";"155774582";"B01";"1";"7";"0";"2";"3";"1";"1";""
"202400004105";"155774578";"A01";"2";"7";"16";"0";"3";"15";"2";""
"202400004105";"155774581";"B01";"1";"33";"16";"0";"1";"2";"1";""
"202400004106";"155774575";"A01";"0";"7";"0";"1";"1";"1";"1";""
"202400004107";"155774574";"A01";"3";"7";"0";"2";"1";"1";"1";""
"202400004107";"155774576";"B01";"3";"7";"0";"2";"7";"1";"1";""
"202400004108";"155774573";"A01";"3";"7";"0";"2";"3";"13";"1";""
"202400004108";"155774577";"B01";"0";"33";"0";"2";"7";"17";"1";""
"202400004109";"155774572";"A01";"3";"7";"15";"1";"3";"1";"1";""
"202400004110";"155774570";"A01";"3";"30";"0";"0";"8";"15";"1";""
"202400004111";"155774569";"B01";"2";"7";"0";"2";"1";"1";"1";""
"202400004111";"155774571";"A01";"1";"32";"0";"2";"0";"13";"1";""
"202400004112";"155774568";"A01";"3";"10";"0";"1";"4";"26";"1";""
"202400004113";"155774567";"A01";"0";"10";"0";"1";"0";"1";"1";""
"202400004114";"155774566";"A01";"1";"7";"0";"1";"1";"15";"1";""
"202400004115";"155774563";"A01";"0";"7";"0";"1";"1";"0";"1";""
"202400004116";"155774564";"A01";"1";"33";"0";"2";"7";"26";"1";""
"202400004116";"155774565";"B01";"1";"7";"0";"2";"8";"0";"1";""
"202400004117";"155774562";"A01";"1";"7";"14";"0";"1";"1";"1";""
"202400004118";"155774560";"A01";"1";"7";"0";"1";"1";"26";"1";""
"202400004119";"155774558";"B01";"1";"7";"0";"2";"1";"1";"2";""
"202400004119";"155774561";"A01";"1";"30";"0";"2";"7";"13";"1";""
"202400004120";"155774556";"A01";"3";"7";"0";"1";"3";"1";"1";""
"202400004121";"155774557";"A01";"3";"7";"15";"2";"1";"19";"1";""
"202400004121";"155774559";"B01";"3";"7";"0";"2";"0";"0";"2";""
"202400004122";"155774553";"B01";"1";"7";"0";"2";"1";"9";"1";""
"202400004122";"155774554";"A01";"1";"50";"0";"2";"1";"5";"3";""
"202400004123";"155774548";"C01";"2";"7";"0";"2";"2";"1";"0";""
"202400004123";"155774550";"A01";"1";"10";"0";"2";"2";"0";"1";""
"202400004123";"155774551";"B01";"2";"7";"0";"2";"8";"1";"1";""
"202400004124";"155774547";"A01";"0";"7";"0";"1";"2";"21";"1";""
"202400004125";"155774545";"A01";"1";"7";"0";"2";"1";"1";"1";""
"202400004125";"155774549";"B01";"1";"7";"0";"2";"4";"1";"1";""
"202400004126";"155774544";"B01";"2";"7";"0";"2";"0";"0";"1";""
"202400004126";"155774546";"A01";"1";"7";"0";"0";"0";"0";"1";""
"202400004127";"155774543";"A01";"1";"50";"0";"1";"2";"1";"3";""
"202400004128";"155774540";"A01";"1";"10";"0";"1";"4";"25";"1";""
"202400004129";"155774539";"A01";"3";"31";"0";"2";"1";"0";"1";""
"202400004129";"155774541";"B01";"3";"7";"0";"2";"5";"2";"1";""
"202400004130";"155774538";"B01";"3";"7";"0";"2";"1";"0";"1";""
"202400004130";"155774542";"A01";"3";"7";"0";"2";"6";"0";"1";""
"202400004131";"155774537";"A01";"1";"7";"0";"1";"3";"1";"1";""
"202400004132";"155774535";"A01";"2";"30";"0";"2";"1";"1";"1";""
"202400004132";"155774536";"B01";"2";"7";"0";"2";"4";"2";"1";""
"202400004133";"155774533";"A01";"1";"7";"0";"1";"3";"13";"1";""
"202400004134";"155774531";"A01";"2";"7";"0";"2";"3";"15";"1";""
"202400004134";"155774534";"B01";"2";"2";"0";"2";"1";"17";"1";""
"202400004135";"155774530";"B01";"1";"13";"14";"0";"1";"0";"1";""
"202400004135";"155774532";"A01";"1";"32";"14";"0";"4";"0";"1";""
"202400004136";"155774529";"B01";"3";"7";"0";"0";"1";"19";"1";""
"202400004137";"155774526";"A01";"2";"17";"0";"2";"2";"1";"1";""
"202400004137";"155774528";"B01";"2";"7";"0";"2";"8";"9";"1";""
"202400004138";"155774525";"A01";"2";"7";"0";"1";"1";"1";"1";""
"202400004139";"155774524";"A01";"2";"10";"0";"2";"1";"5";"1";""
"202400004139";"155774527";"B01";"1";"7";"0";"2";"1";"1";"1";""
"202400004140";"155774523";"A01";"1";"33";"4";"0";"3";"13";"1";""
"202400004141";"155774522";"A01";"1";"7";"0";"1";"1";"1";"2";""
"202400004142";"155774520";"A01";"3";"7";"0";"9";"7";"15";"6";""
"202400004142";"155774521";"B01";"3";"50";"0";"2";"1";"1";"3";""
"202400004143";"155774519";"A01";"2";"31";"0";"0";"0";"1";"1";""
"202400004144";"155774517";"B01";"2";"50";"0";"2";"0";"0";"3";""
"202400004144";"155774518";"A01";"1";"7";"0";"2";"0";"10";"1";""
"202400004145";"155774516";"A01";"1";"7";"3";"0";"2";"1";"1";""
"202400004146";"155774513";"A01";"1";"1";"0";"2";"8";"15";"5";""
"202400004146";"155774515";"B01";"1";"32";"0";"2";"1";"17";"3";""
"202400004147";"155774511";"A01";"2";"33";"0";"2";"1";"17";"1";""
"202400004147";"155774514";"B01";"2";"10";"0";"2";"6";"11";"1";""
"202400004148";"155774510";"B01";"1";"7";"0";"2";"5";"23";"1";""
"202400004148";"155774512";"A01";"1";"30";"0";"2";"3";"2";"3";""
"202400004149";"155774508";"A01";"3";"10";"0";"1";"4";"4";"1";""
"202400004150";"155774506";"A01";"2";"7";"0";"2";"2";"15";"1";""
"202400004150";"155774509";"B01";"1";"31";"0";"2";"1";"1";"1";""
"202400004151";"155774505";"A01";"1";"33";"0";"2";"1";"1";"1";""
"202400004151";"155774507";"B01";"0";"7";"0";"2";"6";"2";"1";""
"202400004152";"155774504";"A01";"1";"7";"0";"1";"2";"1";"2";""
"202400004153";"155774501";"B01";"2";"7";"0";"2";"1";"1";"1";""
"202400004153";"155774503";"A01";"1";"7";"0";"2";"2";"1";"1";""
"202400004154";"155774500";"A01";"1";"7";"0";"2";"2";"15";"1";""
"202400004154";"155774502";"B01";"2";"2";"0";"2";"1";"1";"1";""
"202400004155";"155774499";"A01";"3";"1";"0";"0";"1";"1";"5";""
"202400004156";"155774497";"B01";"1";"17";"0";"2";"5";"11";"1";""
"202400004156";"155774498";"A01";"1";"7";"0";"2";"3";"12";"1";""
"202400004157";"155774495";"A01";"1";"1";"0";"2";"1";"1";"5";""
"202400004157";"155774496";"Z01";"1";"1";"0";"2";"0";"16";"5";""
"202400004158";"155774494";"A01";"3";"7";"0";"0";"1";"14";"1";""
"202400004159";"155774489";"A01";"3";"7";"0";"2";"8";"26";"1";""
"202400004159";"155774493";"B01";"3";"10";"0";"2";"8";"0";"1";""
"202400004160";"155774491";"B01";"1";"1";"0";"2";"5";"16";"5";""
"202400004160";"155774492";"A01";"1";"80";"0";"2";"2";"1";"3";""
"202400004161";"155774490";"A01";"1";"7";"12";"0";"1";"26";"1";""
"202400004162";"155774488";"A01";"3";"7";"0";"1";"1";"2";"1";""
"202400004163";"155774486";"B01";"3";"10";"0";"0";"4";"1";"1";""
"202400004163";"155774487";"A01";"3";"13";"0";"2";"1";"1";"1";""
"202400004164";"155774484";"A01";"3";"7";"9";"0";"2";"6";"1";""
"202400004165";"155774485";"A01";"1";"7";"13";"0";"1";"14";"1";""
"202400004166";"155774481";"A01";"1";"2";"0";"2";"1";"1";"1";""
"202400004166";"155774483";"B01";"1";"7";"0";"2";"3";"1";"1";""
"202400004167";"155774476";"A01";"2";"10";"0";"2";"3";"1";"1";""
"202400004167";"155774478";"B01";"0";"1";"0";"2";"0";"19";"5";""
"202400004168";"155774477";"B01";"2";"32";"0";"2";"3";"1";"1";""
"202400004168";"155774480";"A01";"1";"7";"0";"2";"3";"15";"1";""
"202400004169";"155774474";"A01";"1";"7";"0";"2";"9";"26";"1";""
"202400004169";"155774475";"B01";"1";"7";"0";"2";"0";"0";"1";""
"202400004170";"155774472";"A01";"2";"7";"0";"1";"2";"19";"1";""
"202400004171";"155774471";"B01";"1";"33";"0";"2";"4";"2";"1";""
"202400004171";"155774473";"A01";"1";"7";"0";"2";"1";"2";"2";""
"202400004172";"155774470";"A01";"1";"7";"0";"1";"1";"1";"1";""
"202400004173";"155774467";"B01";"1";"7";"0";"2";"3";"1";"1";""
"202400004173";"155774469";"A01";"3";"7";"0";"2";"3";"5";"2";""
"202400004174";"155774468";"A01";"1";"7";"0";"1";"6";"1";"1";""
"202400004175";"155774465";"B01";"3";"15";"5";"0";"8";"15";"1";""
"202400004175";"155774466";"A01";"3";"33";"5";"2";"7";"17";"1";""
"202400004176";"155774463";"B01";"0";"32";"0";"2";"2";"17";"1";""
"202400004176";"155774464";"A01";"0";"7";"0";"2";"0";"0";"1";""
"202400004177";"155774462";"A01";"3";"7";"0";"1";"1";"1";"1";""
"202400004178";"155774461";"A01";"1";"10";"1";"1";"2";"16";"1";""
"202400004179";"155774458";"A01";"1";"33";"0";"2";"8";"18";"1";""
"202400004179";"155774460";"B01";"1";"1";"0";"2";"7";"14";"5";""
"202400004180";"155774456";"B01";"1";"7";"0";"2";"0";"0";"1";""
"202400004180";"155774459";"A01";"1";"33";"0";"2";"8";"17";"1";""
"202400004181";"155774455";"A01";"1";"50";"0";"2";"1";"5";"3";""
"202400004181";"155774457";"B01";"2";"7";"0";"9";"2";"2";"1";""
"202400004182";"155774453";"A01";"1";"7";"0";"1";"1";"1";"1";""
"202400004183";"155774452";"B01";"1";"7";"0";"0";"0";"0";"1";""
"202400004183";"155774454";"A01";"2";"7";"0";"2";"7";"1";"1";""
"202400004184";"155774448";"A01";"1";"10";"0";"1";"1";"21";"1";""
"202400004185";"155774447";"A01";"1";"7";"0";"2";"3";"15";"1";""
"202400004185";"155774450";"B01";"1";"1";"0";"2";"7";"1";"5";""
"202400004186";"155774449";"A01";"1";"7";"0";"2";"5";"19";"2";""
"202400004186";"155774451";"B01";"1";"7";"0";"0";"7";"1";"2";""
"202400004187";"155774444";"A01";"3";"1";"0";"9";"8";"5";"5";""
"202400004187";"155774446";"B01";"3";"50";"0";"9";"7";"1";"3";""
"202400004188";"155774443";"A01";"2";"43";"0";"2";"3";"7";"1";""
"202400004188";"155774445";"B01";"2";"7";"0";"2";"2";"16";"1";""
"202400004189";"155774442";"A01";"3";"7";"0";"1";"4";"26";"1";""
"202400004190";"155774438";"B01";"2";"7";"0";"2";"3";"16";"0";""
"202400004190";"155774441";"A01";"2";"7";"1";"2";"3";"19";"1";""
"202400004191";"155774436";"A01";"2";"7";"0";"2";"1";"19";"1";""
"202400004191";"155774440";"B01";"1";"30";"0";"2";"7";"1";"1";""
"202400004192";"155774437";"A01";"1";"7";"0";"2";"7";"1";"1";""
"202400004192";"155774439";"B01";"2";"50";"0";"2";"1";"19";"3";""
"202400004193";"155774435";"A01";"2";"7";"0";"1";"2";"1";"1";""
"202400004194";"155774434";"A01";" -1";"7";"0";"1";"1";"1";"1";""
"202400004195";"155774432";"B01";"2";"33";"0";"2";"7";"3";"1";""
"202400004195";"155774433";"A01";"2";"7";"0";"2";"8";"11";"1";""
"202400004196";"155774428";"A01";"2";"10";"0";"2";"4";"4";"1";""
"202400004196";"155774430";"B01";"2";"30";"0";"2";"1";"2";"1";""
"202400004197";"155774426";"C01";"0";"7";"0";"2";"3";"1";"1";""
"202400004197";"155774429";"A01";"0";"33";"0";"2";"3";"17";"1";""
"202400004197";"155774431";"B01";"0";"7";"0";"2";"3";"15";"1";""
"202400004198";"155774424";"A01";"1";"7";"3";"0";"1";"26";"1";""
"202400004199";"155774423";"B01";"1";"10";"0";"2";"3";"1";"1";""
"202400004199";"155774425";"Z01";"2";"7";"0";"2";"5";"11";"0";""
"202400004199";"155774427";"A01";"2";"33";"0";"2";"7";"3";"1";""
"202400004200";"155774421";"A01";"0";"30";"0";"2";"3";"2";"1";""
"202400004200";"155774422";"B01";"0";"7";"0";"2";"7";"22";"1";""
"202400004201";"155774418";"A01";"1";"33";"0";"2";"4";"1";"1";""
"202400004201";"155774420";"B01";"1";"7";"0";"2";"4";"16";"1";""
"202400004202";"155774415";"Z01";"2";"32";"0";"1";"1";"1";"1";""
"202400004203";"155774416";"B01";"2";"7";"0";"2";"8";"9";"1";""
"202400004203";"155774417";"A01";"2";"7";"0";"2";"1";"9";"1";""
"202400004204";"155774414";"A01";"3";"7";"0";"1";"1";"0";"1";""
"202400004205";"155774411";"A01";"3";"7";"0";"1";"2";"26";"1";""
"202400004206";"155774409";"A01";"3";"10";"0";"2";"2";"26";"0";""
"202400004206";"155774412";"B01";"3";"1";"0";"2";"1";"1";"5";""
"202400004207";"155774410";"A01";"3";"7";"0";"2";"2";"26";"1";""
"202400004207";"155774413";"B01";"3";"33";"0";"2";"6";"16";"1";""
"202400004208";"155774408";"A01";"1";"33";"1";"0";"6";"15";"1";""
"202400004209";"155774407";"A01";"3";"7";"0";"1";"7";"1";"1";""
"202400004210";"155774406";"A01";"2";"80";"0";"0";"0";"2";"3";""
"202400004211";"155774404";"A01";"3";"7";"0";"1";"1";"1";"1";""
"202400004212";"155774403";"A01";"1";"7";"0";"2";"1";"1";"0";""
"202400004212";"155774405";"B01";"2";"33";"0";"2";"3";"1";"1";""
"202400004213";"155774400";"A01";"3";"30";"0";"2";"5";"23";"1";""
"202400004213";"155774402";"B01";"3";"7";"0";"2";"3";"2";"1";""
"202400004214";"155774398";"A01";"2";"7";"0";"2";"1";"9";"1";""
"202400004214";"155774401";"B01";"2";"7";"3";"2";"2";"9";"1";""
"202400004215";"155774397";"A01";"2";"33";"0";"2";"1";"1";"1";""
"202400004215";"155774399";"B01";"1";"7";"0";"2";"8";"15";"1";""
"202400004216";"155774394";"B01";"3";"1";"0";"2";"7";"1";"5";""
"202400004216";"155774395";"A01";"3";"7";"0";"9";"1";"9";"1";""
"202400004217";"155774391";"A01";"2";"7";"0";"2";"2";"10";"2";""
"202400004217";"155774393";"B01";"1";"33";"0";"2";"3";"1";"1";""
"202400004218";"155774392";"A01";"1";"33";"0";"2";"4";"2";"1";""
"202400004218";"155774396";"B01";"1";"10";"0";"2";"1";"2";"3";""
"202400004219";"155774388";"A01";"1";"7";"4";"0";"1";"21";"1";""
"202400004220";"155774387";"A01";"1";"7";"0";"2";"1";"9";"1";""
"202400004220";"155774390";"B01";"2";"1";"0";"2";"7";"1";"5";""
"202400004221";"155774386";"A01";"3";"7";"0";"2";"1";"9";"1";""
"202400004221";"155774389";"B01";"3";"1";"0";"2";"7";"1";"5";""
"202400004222";"155774383";"A01";"1";"7";"8";"0";"2";"1";"1";""
"202400004223";"155774381";"B01";"1";"1";"0";"2";"0";"0";"5";""
"202400004223";"155774384";"A01";"2";"7";"0";"9";"0";"0";"1";""
"202400004224";"155774380";"A01";"3";"7";"0";"2";"1";"1";"1";""
"202400004224";"155774382";"B01";"3";"7";"0";"2";"4";"1";"1";""
"202400004224";"155774385";"C01";"3";"7";"0";"2";"4";"1";"1";""
"202400004225";"155774378";"A01";"1";"34";"0";"1";"1";"1";"1";""
"202400004226";"155774373";"B01";"2";"7";"0";"2";"8";"1";"1";""
"202400004226";"155774377";"C01";"2";"7";"0";"2";"1";"1";"1";""
"202400004226";"155774379";"A01";"2";"17";"0";"2";"2";"12";"1";""
"202400004227";"155774372";"B01";"1";"2";"0";"2";"1";"1";"1";""
"202400004227";"155774374";"A01";"2";"7";"0";"2";"2";"15";"1";""
"202400004228";"155774370";"A01";"2";"30";"0";"0";"8";"21";"3";""
"202400004229";"155774367";"B01";"2";"10";"0";"2";"4";"2";"1";""
"202400004229";"155774369";"A01";"2";"37";"0";"2";"1";"2";"3";"1"
"202400004229";"155774371";"C01";"2";"7";"0";"2";"4";"2";"2";""
"202400004230";"155774365";"A01";"1";"34";"0";"1";"0";"13";"0";""
"202400004231";"155774364";"C01";"0";"7";"0";"2";"1";"2";"1";""
"202400004231";"155774366";"A01";"1";"7";"0";"2";"4";"9";"1";""
"202400004231";"155774368";"B01";"0";"10";"0";"2";"4";"23";"1";""
"202400004232";"155774361";"A01";"1";"33";"0";"0";"7";"26";"1";""
"202400004233";"155774362";"A01";"1";"7";"0";"2";"2";"9";"1";""
"202400004233";"155774363";"B01";"3";"33";"0";"2";"2";"1";"1";""
"202400004234";"155774359";"A01";"2";"10";"0";"2";"7";"15";"1";""
"202400004234";"155774360";"B01";"1";"33";"0";"2";"1";"1";"1";""
"202400004235";"155774357";"A01";"1";"7";"0";"1";"2";"1";"1";""
"202400004236";"155774356";"B01";"3";"7";"0";"2";"0";"0";"0";""
"202400004236";"155774358";"A01";"2";"43";"0";"2";"7";"1";"1";""
"202400004237";"155774355";"A01";"3";"7";"0";"1";"1";"15";"1";""
"202400004238";"155774354";"A01";"2";"7";"3";"0";"3";"0";"1";""
"202400004239";"155774350";"B01";"1";"13";"0";"2";"1";"1";"0";""
"202400004239";"155774352";"A01";"1";"10";"0";"2";"1";"1";"1";""
"202400004240";"155774349";"B01";"0";"1";"0";"2";"7";"1";"5";""
"202400004240";"155774353";"A01";"0";"7";"0";"2";"8";"2";"2";""
"202400004241";"155774343";"B01";"1";"7";"0";"2";"3";"9";"1";""
"202400004241";"155774346";"A01";"1";"2";"0";"2";"2";"1";"1";""
"202400004242";"155774342";"A01";"1";"7";"0";"2";"1";"2";"1";""
"202400004242";"155774345";"B01";"1";"7";"0";"2";"4";"2";"1";""
"202400004242";"155774347";"C01";"1";"14";"0";"2";"4";"2";"1";""
"202400004243";"155774341";"A01";"0";"7";"0";"9";"2";"16";"1";""
"202400004243";"155774344";"B01";"0";"50";"0";"2";"1";"14";"3";""
"202400004244";"155774337";"A01";"3";"7";"0";"2";"2";"1";"1";""
"202400004244";"155774340";"B01";"2";"1";"0";"2";"1";"1";"5";""
"202400004245";"155774336";"A01";"2";"80";"0";"2";"1";"1";"3";""
"202400004245";"155774339";"Z01";"2";"10";"0";"2";"1";"13";"1";""
"202400004246";"155774335";"B01";"1";"7";"0";"2";"4";"1";"3";""
"202400004246";"155774338";"A01";"1";"33";"0";"2";"1";"1";"1";""
"202400004247";"155774331";"B01";"2";"60";"0";"0";"1";"2";"5";""
"202400004247";"155774333";"A01";"1";"38";"0";"0";"4";"2";"1";"1"
"202400004248";"155774329";"A01";"2";"50";"0";"2";"1";"1";"3";""
"202400004248";"155774334";"B01";"1";"33";"0";"0";"8";"15";"1";""
"202400004249";"155774328";"A01";"2";"7";"2";"0";"0";"1";"1";""
"202400004250";"155774326";"A01";"1";"15";"2";"2";"1";"1";"1";""
"202400004250";"155774327";"B01";"2";"10";"0";"2";"1";"11";"1";""
"202400004251";"155774325";"A01";"1";"7";"0";"1";"2";"16";"2";""
"202400004252";"155774323";"A01";"3";"2";"1";"0";"1";"26";"1";""
"202400004252";"155774324";"B01";"3";"10";"0";"0";"3";"23";"1";""
"202400004253";"155774322";"A01";"3";"7";"0";"1";"3";"1";"1";""
"202400004254";"155774319";"A01";"2";"99";"0";"0";"0";"1";"1";""
"202400004255";"155774321";"A01";"1";"1";"0";"1";"1";"2";"5";""
"202400004256";"155774318";"B01";"2";"15";"0";"2";"3";"1";"0";""
"202400004256";"155774320";"A01";"1";"7";"0";"2";"3";"17";"0";""
"202400004257";"155774317";"A01";"1";"7";"13";"0";"9";"0";"1";""
"202400004258";"155774314";"A01";"1";"33";"0";"2";"1";"1";"1";""
"202400004258";"155774316";"B01";"2";"7";"0";"2";"8";"9";"1";""
"202400004259";"155774313";"A01";"2";"33";"10";"0";"1";"1";"1";""
"202400004260";"155774315";"A01";"1";"33";"0";"1";"2";"1";"1";""
"202400004261";"155774312";"A01";"2";"33";"0";"0";"0";"1";"1";""
"202400004262";"155774309";"A01";"2";"7";"4";"0";"3";"1";"1";""
"202400004262";"155774311";"B01";"2";"10";"1";"0";"3";"1";"1";""
"202400004263";"155774307";"B01";"2";"1";"0";"2";"1";"1";"5";""
"202400004263";"155774308";"A01";"2";"7";"0";"9";"2";"17";"1";""
"202400004264";"155774310";"A01";"2";"1";"0";"0";"0";"9";"5";""
"202400004265";"155774304";"A01";"2";"7";"0";"2";"2";"0";"1";""
"202400004265";"155774306";"B01";"2";"7";"0";"2";"6";"1";"1";""
"202400004266";"155774303";"A01";"3";"10";"0";"2";"3";"1";"1";""
"202400004266";"155774305";"B01";"3";"21";"0";"2";"3";"1";"1";""
"202400004267";"155774301";"A01";"2";"7";"1";"0";"2";"25";"1";""
"202400004268";"155774302";"A01";"3";"1";"0";"1";"1";"1";"5";""
"202400004269";"155774299";"A01";"1";"7";"0";"2";"3";"13";"1";""
"202400004269";"155774300";"B01";"2";"33";"0";"2";"8";"1";"1";""
"202400004270";"155774296";"A01";"2";"7";"8";"9";"2";"2";"1";""
"202400004270";"155774298";"B01";"2";"1";"0";"0";"4";"2";"5";""
"202400004271";"155774295";"A01";"0";"10";"0";"2";"1";"1";"1";""
"202400004271";"155774297";"B01";"2";"7";"0";"2";"3";"1";"1";""
"202400004272";"155774294";"A01";"3";"31";"0";"0";"7";"1";"1";""
"202400004273";"155774293";"A01";"2";"7";"2";"0";"3";"1";"1";""
"202400004274";"155774292";"A01";"1";"10";"0";"1";"0";"0";"1";""
"202400004275";"155774291";"A01";"2";"31";"16";"0";"0";"1";"1";""
"202400004276";"155774287";"B01";"1";"37";"0";"1";"1";"7";"6";"3"
"202400004277";"155774286";"B01";"3";"1";"0";"2";"1";"1";"5";""
"202400004277";"155774289";"A01";"0";"7";"0";"9";"3";"9";"1";""
"202400004278";"155774285";"A01";"3";"7";"0";"1";"2";"1";"1";""
"202400004279";"155774283";"A01";"2";"7";"6";"0";"8";"1";"0";""
"202400004280";"155774282";"A01";"3";"7";"0";"2";"3";"13";"3";""
"202400004280";"155774284";"B01";"3";"15";"0";"2";"3";"1";"1";""
"202400004281";"155774280";"A01";"2";"7";"16";"0";"9";"4";"1";""
"202400004282";"155774277";"A01";"1";"15";"0";"5";"4";"1";"1";""
"202400004282";"155774279";"B01";"1";"37";"0";"2";"1";"1";"1";"4"
"202400004283";"155774276";"A01";"1";"7";"15";"0";"3";"13";"1";""
"202400004284";"155774278";"A01";"3";"7";"0";"2";"1";"16";"1";""
"202400004284";"155774281";"B01";"3";"7";"0";"2";"1";"1";"1";""
"202400004285";"155774275";"A01";"3";"7";"1";"0";"3";"13";"3";""
"202400004286";"155774271";"A01";"1";"7";"0";"2";"3";"15";"1";""
"202400004286";"155774273";"B01";"1";"7";"0";"2";"2";"1";"1";""
"202400004287";"155774270";"A01";"0";"7";"1";"0";"9";"0";"1";""
"202400004288";"155774272";"A01";"1";"7";"0";"2";"7";"15";"1";""
"202400004288";"155774274";"B01";"2";"33";"0";"2";"1";"1";"1";""
"202400004289";"155774265";"A01";"1";"7";"0";"2";"1";"1";"1";""
"202400004289";"155774268";"B01";"2";"21";"0";"2";"1";"5";"1";""
"202400004290";"155774266";"A01";"1";"7";"6";"0";"1";"19";"1";""
"202400004291";"155774261";"A01";"1";"7";"6";"0";"1";"1";"1";""
"202400004292";"155774256";"B01";"1";"33";"0";"2";"4";"0";"1";""
"202400004292";"155774258";"C01";"1";"7";"0";"2";"7";"2";"0";""
"202400004292";"155774260";"A01";"3";"7";"0";"2";"2";"2";"2";""
"202400004293";"155774255";"A01";"1";"15";"0";"1";"3";"18";"1";""
"202400004294";"155774254";"A01";"1";"7";"0";"2";"1";"23";"1";""
"202400004294";"155774257";"B01";"1";"7";"16";"2";"2";"1";"1";""
"202400004295";"155774252";"A01";"0";"7";"0";"1";"1";"1";"1";""
"202400004296";"155774251";"B01";"1";"33";"0";"2";"3";"1";"1";""
"202400004296";"155774253";"A01";"2";"7";"0";"2";"2";"15";"1";""
"202400004297";"155774248";"B01";"2";"13";"0";"2";"8";"1";"1";""
"202400004297";"155774249";"C01";"2";"7";"0";"2";"1";"1";"1";""
"202400004297";"155774250";"A01";"2";"10";"0";"2";"8";"13";"1";""
"202400004298";"155774247";"A01";"3";"30";"0";"1";"1";"1";"1";""
"202400004299";"155774246";"A01";"2";"7";"1";"1";"3";"2";"3";""
"202400004300";"155774245";"B01";"3";"1";"0";"0";"5";"13";"5";""
"202400004301";"155774244";"A01";"2";"7";"13";"0";"1";"0";"1";""
"202400004302";"155774242";"A01";"2";"7";"0";"2";"2";"1";"1";""
"202400004302";"155774243";"B01";"1";"7";"0";"2";"3";"1";"1";""
"202400004303";"155774240";"A01";"3";"38";"14";"0";"1";"1";"1";"2"
"202400004304";"155774241";"A01";"1";"7";"0";"1";"3";"15";"1";""
"202400004305";"155774239";"A01";"1";"10";"2";"0";"3";"13";"1";""
"202400004306";"155774236";"A01";"1";"7";"0";"2";"2";"12";"1";""
"202400004306";"155774238";"B01";"1";"7";"16";"0";"6";"2";"1";""
"202400004307";"155774237";"A01";"0";"7";"0";"1";"2";"16";"2";""
"202400004308";"155774234";"A01";"1";"7";"0";"0";"0";"1";"1";""
"202400004308";"155774235";"B01";"1";"7";"0";"0";"0";"1";"1";""
"202400004309";"155774232";"A01";"1";"7";"0";"0";"4";"23";"2";""
"202400004309";"155774233";"B01";"1";"15";"1";"0";"1";"2";"1";""
"202400004310";"155774231";"A01";"3";"10";"0";"1";"1";"17";"1";""
"202400004311";"155774228";"A01";"2";"10";"0";"2";"3";"19";"1";""
"202400004311";"155774230";"B01";"1";"7";"0";"2";"2";"1";"1";""
"202400004312";"155774226";"A01";"1";"7";"0";"1";"1";"0";"1";""
"202400004313";"155774227";"A01";"2";"7";"0";"2";"1";"15";"1";""
"202400004313";"155774229";"B01";"1";"1";"0";"2";"8";"1";"5";""
"202400004314";"155774225";"A01";"2";"7";"0";"1";"3";"15";"1";""
"202400004315";"155774224";"A01";"2";"33";"0";"0";"0";"1";"1";""
"202400004316";"155774220";"A01";"3";"7";"0";"1";"1";"1";"1";""
"202400004317";"155774221";"A01";"1";"2";"0";"2";"1";"1";"1";""
"202400004317";"155774223";"B01";"2";"7";"0";"2";"1";"1";"1";""
"202400004318";"155774219";"A01";"2";"7";"0";"2";"1";"1";"1";""
"202400004318";"155774222";"B01";"2";"2";"0";"2";"5";"1";"1";""
"202400004319";"155774212";"A01";"2";"7";"0";"2";"1";"5";"1";""
"202400004319";"155774215";"B01";"1";"33";"15";"2";"6";"1";"1";""
"202400004319";"155774217";"C01";"1";"33";"0";"2";"8";"1";"1";""
"202400004319";"155774218";"D01";"1";"33";"0";"2";"1";"1";"1";""
"202400004320";"155774210";"A01";"3";"7";"0";"2";"2";"16";"1";""
"202400004320";"155774214";"B01";"3";"50";"0";"2";"1";"1";"3";""
"202400004321";"155774211";"A01";"2";"7";"0";"0";"8";"15";"1";""
"202400004321";"155774216";"B01";"2";"31";"9";"2";"1";"17";"0";""
"202400004322";"155774209";"A01";"1";"7";"0";"2";"3";"13";"1";""
"202400004322";"155774213";"B01";"2";"7";"0";"2";"3";"1";"1";""
"202400004323";"155774208";"A01";"1";"7";"8";"0";"1";"1";"1";""
"202400004324";"155774206";"A01";"1";"7";"2";"0";"1";"1";"1";""
"202400004325";"155774205";"A01";"3";"2";"0";"0";"0";"0";"1";""
"202400004326";"155774204";"A01";"1";"7";"0";"2";"3";"0";"1";""
"202400004326";"155774207";"B01";"2";"7";"0";"2";"2";"0";"1";""
"202400004327";"155774200";"B01";"2";"7";"0";"9";"3";"1";"1";""
"202400004327";"155774203";"A01";"2";"13";"0";"0";"0";"0";"1";""
"202400004328";"155774199";"A01";"1";"10";"0";"2";"3";"9";"1";""
"202400004328";"155774202";"B01";"1";"80";"0";"2";"4";"2";"3";""
"202400004329";"155774196";"B01";"1";"7";"0";"2";"1";"1";"0";""
"202400004329";"155774198";"A01";"1";"7";"0";"2";"1";"13";"1";""
"202400004330";"155774197";"B01";"1";"33";"0";"2";"1";"1";"1";""
"202400004330";"155774201";"A01";"1";"7";"0";"2";"3";"15";"1";""
"202400004331";"155774195";"A01";"1";"7";"11";"0";"1";"1";"1";""
"202400004332";"155774189";"B01";"2";"10";"0";"2";"1";"1";"1";""
"202400004332";"155774192";"A01";"1";"7";"0";"2";"1";"26";"1";""
"202400004332";"155774194";"C01";"2";"7";"0";"0";"0";"1";"2";""
"202400004333";"155774188";"A01";"2";"7";"0";"2";"1";"6";"3";""
"202400004333";"155774191";"C01";"1";"7";"0";"2";"1";"19";"2";""
"202400004333";"155774193";"B01";"1";"7";"0";"2";"1";"19";"1";""
"202400004334";"155774187";"A01";"1";"7";"0";"2";"3";"5";"1";""
"202400004334";"155774190";"B01";"2";"33";"6";"0";"2";"1";"1";""
"202400004335";"155774186";"A01";"1";"33";"0";"0";"1";"1";"1";""
"202400004336";"155774182";"A01";"1";"31";"0";"2";"8";"21";"1";""
"202400004336";"155774185";"B01";"3";"7";"0";"2";"1";"9";"3";""
"202400004337";"155774181";"A01";"2";"33";"0";"2";"1";"9";"1";""
"202400004337";"155774183";"B01";"1";"7";"0";"2";"6";"9";"1";""
"202400004338";"155774180";"A01";"1";"7";"0";"2";"7";"1";"1";""
"202400004338";"155774184";"B01";"1";"32";"0";"2";"1";"1";"1";""
"202400004339";"155774175";"A01";"1";"7";"0";"2";"2";"17";"1";""
"202400004339";"155774178";"B01";"1";"15";"0";"2";"3";"17";"1";""
"202400004339";"155774179";"C01";"1";"21";"0";"2";"3";"1";"1";""
"202400004340";"155774177";"A01";"1";"7";"4";"0";"1";"1";"1";""
"202400004341";"155774174";"A01";"1";"7";"2";"0";"1";"0";"1";""
"202400004342";"155774173";"A01";"2";"2";"12";"0";"7";"14";"1";""
"202400004343";"155774170";"A01";"2";"7";"0";"2";"1";"1";"1";""
"202400004343";"155774172";"B01";"1";"7";"0";"2";"3";"1";"1";""
"202400004344";"155774168";"A01";"1";"7";"0";"0";"9";"1";"1";""
"202400004345";"155774169";"B01";"1";"1";"0";"2";"5";"2";"5";""
"202400004345";"155774171";"A01";"1";"7";"0";"9";"2";"9";"1";""
"202400004346";"155774166";"A01";"2";"33";"0";"2";"1";"2";"1";""
"202400004346";"155774167";"B01";"2";"10";"0";"0";"4";"2";"1";""
"202400004347";"155774165";"A01";"2";"7";"0";"1";"2";"1";"1";""
"202400004348";"155774163";"A01";"2";"2";"0";"0";"9";"0";"1";""
"202400004349";"155774162";"A01";"2";"43";"4";"0";"2";"1";"1";""
"202400004350";"155774161";"A01";"1";"31";"12";"0";"0";"1";"1";""
"202400004351";"155774160";"B01";"2";"0";"13";"2";"1";"0";"0";""
"202400004351";"155774164";"A01";"1";"7";"13";"2";"0";"1";"1";""
"202400004352";"155774157";"A01";"2";"33";"0";"2";"1";"13";"1";""
"202400004352";"155774159";"B01";"1";"7";"0";"2";"3";"1";"1";""
"202400004353";"155774155";"B01";"1";"7";"0";"0";"4";"1";"1";""
"202400004353";"155774158";"A01";"1";"7";" -1";"2";"1";"1";"1";""
"202400004354";"155774154";"A01";"1";"7";"2";"0";"1";"14";"0";""
"202400004355";"155774153";"B01";"0";"30";"0";"2";"3";"15";"1";""
"202400004355";"155774156";"A01";"0";"7";"0";"2";"2";"1";"1";""
"202400004356";"155774152";"A01";"0";"10";"8";"0";"1";"1";"1";""
"202400004357";"155774151";"A01";"2";"7";"13";"0";"1";"1";"1";""
"202400004358";"155774150";"A01";"1";"31";"14";"0";"1";"1";"1";""
"202400004359";"155774146";"B01";"2";"7";"0";"2";"3";"1";"1";""
"202400004359";"155774148";"A01";"1";"2";"0";"2";"1";"13";"1";""
"202400004360";"155774147";"B01";"2";"7";"0";"2";"7";"17";"1";""
"202400004360";"155774149";"A01";"2";"1";"0";"2";"3";"15";"5";""
"202400004361";"155774143";"A01";"3";"80";"0";"0";"0";"13";"3";""
"202400004362";"155774144";"A01";"1";"7";"0";"2";"1";"0";"1";""
"202400004362";"155774145";"B01";"2";"15";"0";"2";"1";"1";"1";""
"202400004363";"155774142";"A01";"2";"7";"0";"0";"9";"1";"1";""
"202400004364";"155774138";"A01";"2";"7";"0";"2";"3";"10";"1";""
"202400004364";"155774141";"B01";"2";"33";"0";"2";"1";"1";"1";""
"202400004365";"155774137";"A01";"2";"10";"0";"2";"2";"1";"1";""
"202400004365";"155774139";"B01";"2";"1";"0";"2";"8";"1";"5";""
"202400004366";"155774135";"A01";"2";"7";"0";"2";"8";"10";"1";""
"202400004366";"155774136";"B01";"2";"31";"0";"2";"1";"1";"1";""
"202400004367";"155774133";"A01";"2";"7";"13";"0";"1";"14";"1";""
"202400004368";"155774132";"B01";"1";"7";"0";"0";"6";"15";"1";""
"202400004368";"155774134";"A01";"1";"43";"0";"2";"1";"17";"1";""
"202400004369";"155774128";"B01";"1";"7";"0";"2";"1";"2";"1";""
"202400004369";"155774131";"A01";"1";"7";"0";"2";"4";"1";"1";""
"202400004370";"155774129";"A01";"1";"7";"0";"1";"4";"4";"1";""
"202400004371";"155774127";"A01";"3";"50";"0";"2";"6";"19";"3";""
"202400004371";"155774130";"B01";"3";"7";"0";"0";"3";"1";"1";""
"202400004372";"155774123";"A01";"2";"7";"0";"1";"1";"1";"1";""
"202400004373";"155774122";"A01";"2";"7";"2";"2";"1";"0";"2";""
"202400004373";"155774125";"B01";"2";"7";"0";"2";"4";"0";"1";""
"202400004373";"155774126";"C01";"2";"7";"2";"2";"4";"0";"1";""
"202400004374";"155774121";"A01";"2";"7";"0";"2";"3";"19";"1";""
"202400004374";"155774124";"B01";"2";"7";"0";"2";"6";"1";"1";""
"202400004375";"155774119";"A01";"1";"33";"12";"0";"7";"1";"1";""
"202400004376";"155774117";"A01";"2";"7";"0";"2";"4";"0";"1";""
"202400004376";"155774118";"B01";"1";"7";"0";"2";"4";"2";"1";""
"202400004376";"155774120";"C01";"1";"7";"0";"2";"1";"2";"1";""
"202400004377";"155774115";"A01";"1";"13";"14";"0";"0";"1";"1";""
"202400004377";"155774116";"B01";"2";"1";"14";"0";"1";"1";"5";""
"202400004378";"155774114";"A01";"1";"7";"2";"0";"2";"0";"1";""
"202400004379";"155774113";"A01";"1";"33";"0";"0";"1";"14";"1";""
"202400004380";"155774112";"A01";"3";"21";"16";"0";"8";"1";"1";""
"202400004381";"155774111";"A01";"3";"2";"12";"0";"1";"0";"1";""
"202400004382";"155774109";"A01";"2";"7";"0";"2";"1";"14";"1";""
"202400004382";"155774110";"B01";"2";"7";"0";"2";"4";"0";"3";""
"202400004383";"155774108";"A01";"3";"7";"13";"0";"2";"1";"1";""
"202400004384";"155774106";"A01";"1";"34";"0";"2";"1";"13";"1";""
"202400004384";"155774107";"B01";"1";"7";"0";"2";"1";"1";"1";""
"202400004385";"155774105";"A01";"2";"7";"4";"0";"2";"1";"1";""
"202400004386";"155774103";"A01";"1";"7";"0";"1";"1";"1";"1";""
"202400004387";"155774102";"B01";"1";"10";"0";"2";"3";"1";"1";""
"202400004387";"155774104";"A01";"2";"7";"0";"2";"3";"13";"1";""
"202400004388";"155774100";"A01";"2";"7";"4";"2";"5";"2";"1";""
"202400004388";"155774101";"B01";"2";"33";"4";"2";"1";"2";"1";""
"202400004389";"155774098";"A01";"0";"10";"3";"0";"1";"1";"1";""
"202400004390";"155774097";"A01";"2";"7";"0";"2";"1";"15";"1";""
"202400004390";"155774099";"B01";"1";"33";"0";"2";"7";"1";"1";""
"202400004391";"155774095";"A01";"1";"7";"0";"2";"1";"1";"1";""
"202400004391";"155774096";"B01";"1";"7";"0";"2";"4";"1";"1";""
"202400004392";"155774094";"A01";"2";"7";"0";"0";"3";"1";"1";""
"202400004393";"155774090";"A01";"2";"7";"4";"0";"3";"1";"1";""
"202400004394";"155774089";"B01";"2";"7";"0";"2";"5";"12";"1";""
"202400004394";"155774091";"A01";"2";"33";"0";"2";"1";"3";"1";""
"202400004395";"155774088";"B01";"2";"1";"0";"0";"3";"2";"5";""
"202400004395";"155774092";"C01";"2";"1";"0";"0";"4";"2";"5";""
"202400004395";"155774093";"A01";"2";"7";"0";"9";"2";"1";"1";""
"202400004396";"155774085";"A01";"2";"7";"5";"0";"1";"2";"1";""
"202400004397";"155774084";"B01";"1";"7";"0";"2";"1";"1";"1";""
"202400004397";"155774086";"A01";"1";"7";"0";"1";"1";"1";"1";""
"202400004398";"155774083";"B01";"2";"10";"0";"2";"4";"1";"1";""
"202400004398";"155774087";"A01";"2";"10";"0";"2";"1";"2";"1";""
"202400004399";"155774080";"A01";"2";"7";"0";"2";"1";"5";"1";""
"202400004399";"155774082";"B01";"1";"14";"0";"2";"1";"1";"1";""
"202400004400";"155774079";"A01";"1";"33";"12";"0";"1";"14";"1";""
"202400004401";"155774078";"A01";"2";"7";"4";"2";"8";"0";"1";""
"202400004401";"155774081";"B01";"2";"15";"0";"2";"7";"12";"1";""
"202400004402";"155774076";"A01";"2";"2";"0";"1";"1";"17";"1";""
"202400004403";"155774073";"A01";"2";"7";"0";"2";"2";"15";"1";""
"202400004403";"155774075";"B01";"1";"99";"0";"2";"1";"1";"1";""
"202400004404";"155774070";"A01";"3";"2";"0";"0";"0";"1";"1";""
"202400004405";"155774069";"A01";"2";"7";"0";"2";"1";"2";"1";""
"202400004405";"155774071";"B01";"2";"7";"0";"2";"4";"2";"1";""
"202400004405";"155774074";"C01";"2";"7";"0";"2";"8";"2";"1";""
"202400004405";"155774077";"D01";"2";"7";"0";"2";"4";"2";"1";""
"202400004406";"155774068";"A01";"1";"7";"4";"2";"1";"0";"1";""
"202400004406";"155774072";"B01";"2";"7";"0";"2";"3";"1";"1";""
"202400004407";"155774065";"A01";"3";"7";"0";"1";"3";"1";"1";""
"202400004408";"155774064";"A01";"1";"7";"0";"2";"4";"2";"1";""
"202400004408";"155774066";"Z01";"1";"7";"0";"2";"0";"0";"0";""
"202400004409";"155774063";"A01";"1";"10";"0";"0";"4";"2";"1";""
"202400004409";"155774067";"B01";"1";"7";"0";"2";"1";"2";"1";""
"202400004410";"155774062";"A01";"1";"7";"2";"0";"1";"0";"2";""
"202400004411";"155774061";"A01";"2";"7";"4";"0";"1";"1";"1";""
"202400004412";"155774060";"A01";"1";"7";"0";"1";"3";"1";"1";""
"202400004413";"155774058";"A01";"1";"7";"6";"0";"2";"1";"1";""
"202400004414";"155774056";"A01";"1";"7";"12";"2";"2";"21";"2";""
"202400004414";"155774059";"B01";"1";"7";"0";"2";"4";"24";"1";""
"202400004415";"155774055";"A01";"0";"7";"0";"2";"1";"6";"1";""
"202400004415";"155774057";"B01";"0";"7";"0";"2";"1";"0";"1";""
"202400004416";"155774050";"A01";"1";"7";"0";"2";"3";"10";"1";""
"202400004416";"155774052";"B01";"1";"33";"0";"2";"1";"17";"1";""
"202400004417";"155774048";"B01";"3";"7";"0";"2";"2";"0";"0";""
"202400004417";"155774051";"A01";"3";"2";"0";"2";"6";"23";"1";""
"202400004417";"155774054";"C01";"3";"3";"0";"2";"6";"23";"1";""
"202400004418";"155774046";"A01";"2";"7";"0";"2";"4";"2";"1";""
"202400004418";"155774047";"C01";"2";"7";"0";"2";"4";"0";"0";""
"202400004418";"155774049";"B01";"2";"7";"0";"2";"1";"2";"3";""
"202400004418";"155774053";"D01";"2";"7";"0";"2";"4";"2";"1";""
"202400004419";"155774045";"A01";"2";"7";"0";"1";"3";"1";"1";""
"202400004420";"155774044";"A01";"2";"7";"2";"0";"3";"1";"1";""
"202400004421";"155774042";"A01";"2";"33";"10";"0";"1";"1";"1";""
"202400004422";"155774041";"A01";"1";"7";"0";"2";"1";"14";"1";""
"202400004422";"155774043";"B01";"1";"7";"0";"2";"4";"23";"1";""
"202400004423";"155774040";"A01";"3";"7";"0";"1";"2";"10";"2";""
"202400004424";"155774036";"A01";"1";"10";"0";"2";"4";"23";"1";""
"202400004424";"155774038";"B01";"1";"7";"1";"0";"2";"9";"1";""
"202400004425";"155774037";"A01";"1";"33";"0";"2";"1";"1";"1";""
"202400004425";"155774039";"B01";"1";"7";"0";"2";"1";"15";"1";""
"202400004426";"155774034";"A01";"3";"34";"0";"9";"1";"17";"1";""
"202400004426";"155774035";"B01";"3";"1";"0";"2";"7";"15";"5";""
"202400004427";"155774030";"B01";"2";"7";"0";"0";"5";"23";"1";""
"202400004427";"155774033";"A01";"2";"10";"1";"0";"2";"1";"1";""
"202400004428";"155774029";"A01";"2";"10";"0";"2";"1";"1";"1";""
"202400004428";"155774031";"B01";"2";"7";"0";"2";"4";"1";"2";""
"202400004429";"155774028";"A01";"2";"7";"0";"2";"4";"1";"1";""
"202400004429";"155774032";"B01";"2";"7";"0";"2";"1";"1";"2";""
"202400004430";"155774027";"A01";"2";"31";"12";"0";"8";"1";"1";""
"202400004431";"155774025";"A01";"2";"7";"0";"1";"2";"1";"1";""
"202400004432";"155774023";"B01";"2";"7";"0";"2";"3";"0";"1";""
"202400004432";"155774026";"A01";"1";"7";"0";"2";"2";"1";"1";""
"202400004433";"155774022";"A01";"1";"36";"9";"0";"1";"1";"1";""
"202400004434";"155774018";"B01";"1";"7";"0";"2";"6";"1";"1";""
"202400004434";"155774020";"A01";"1";"30";"0";"2";"4";"17";"1";""
"202400004435";"155774019";"A01";"2";"7";"0";"2";"1";"1";"1";""
"202400004435";"155774021";"B01";"2";"7";"0";"0";"9";"1";"1";""
"202400004435";"155774024";"C01";"2";"7";"0";"0";"0";"1";"6";""
"202400004436";"155774017";"A01";"2";"30";"13";"0";"0";"1";"1";""
"202400004437";"155774015";"A01";"2";"30";"0";"0";"0";"0";"1";""
"202400004438";"155774014";"B01";"1";"7";"0";"2";"7";"1";"2";""
"202400004438";"155774016";"Z01";"1";"7";"0";"2";"3";"3";"1";""
"202400004439";"155774012";"A01";"1";"34";"4";"0";"8";"26";"1";""
"202400004440";"155774011";"A01";"1";"0";"0";"2";"0";"11";"0";""
"202400004440";"155774013";"B01";"1";"7";"0";"2";"6";"1";"0";""
"202400004441";"155774009";"A01";"3";"7";"13";"0";"3";"1";"1";""
"202400004442";"155774008";"A01";"1";"7";"0";"2";"2";"16";"1";""
"202400004442";"155774010";"B01";"1";"2";"0";"2";"3";"16";"1";""
"202400004443";"155774004";"B01";"1";"32";"0";"2";"1";"1";"1";""
"202400004443";"155774006";"A01";"1";"7";"2";"2";"2";"9";"1";""
"202400004444";"155774005";"A01";"2";"10";"0";"0";"8";"15";"1";""
"202400004444";"155774007";"B01";"2";"7";"8";"2";"2";"17";"2";""
"202400004445";"155774003";"A01";"2";"33";"15";"0";"0";"17";"1";""
"202400004446";"155774000";"A01";"2";"7";"1";"0";"1";"14";"1";""
"202400004447";"155773999";"A01";"2";"7";"0";"2";"1";"5";"1";""
"202400004447";"155774001";"B01";"1";"7";"0";"2";"3";"1";"1";""
"202400004447";"155774002";"C01";"2";"7";"0";"9";"8";"1";"1";""
"202400004448";"155773998";"A01";"3";"7";"6";"0";"1";"26";"1";""
"202400004449";"155773996";"B01";"1";"7";"0";"2";"5";"19";"0";""
"202400004449";"155773997";"A01";"1";"33";"0";"2";"1";"1";"1";""
"202400004450";"155773995";"A01";"0";"7";"0";"1";"1";"15";"0";""
"202400004451";"155773994";"A01";"2";"31";"16";"0";"1";"0";"3";""
"202400004452";"155773992";"A01";"1";"7";"0";"2";"1";"1";"1";""
"202400004452";"155773993";"B01";"2";"7";"0";"2";"1";"1";"1";""
"202400004453";"155773988";"A01";"3";"7";"0";"2";"1";"13";"1";""
"202400004453";"155773989";"B01";"3";"7";"0";"2";"1";"1";"1";""
"202400004454";"155773990";"A01";"1";"7";"0";"9";"3";"19";"1";""
"202400004454";"155773991";"B01";"2";"1";"0";"2";"1";"1";"5";""
"202400004455";"155773986";"A01";"2";"7";"13";"0";"3";"13";"1";""
"202400004456";"155773985";"A01";"2";"32";"0";"2";"7";"1";"1";""
"202400004456";"155773987";"B01";"2";"7";"0";"2";"8";"1";"1";""
"202400004457";"155773984";"A01";"1";"7";"0";"0";"1";"14";"1";""
"202400004458";"155773982";"A01";"1";"7";"0";"1";"2";"24";"1";""
"202400004459";"155773981";"A01";"2";"31";"0";"0";"0";"2";"1";""
"202400004459";"155773983";"B01";"2";"7";"0";"2";"8";"2";"0";""
"202400004460";"155773979";"A01";"2";"7";"0";"0";"0";"1";"1";""
"202400004461";"155773978";"A01";"2";"7";"0";"2";"3";"26";"1";""
"202400004461";"155773980";"B01";"1";"7";"0";"2";"2";"15";"1";""
"202400004462";"155773976";"A01";"3";"7";"0";"1";"2";"1";"1";""
"202400004463";"155773975";"A01";"2";"13";"0";"9";"2";"1";"1";""
"202400004463";"155773977";"B01";"2";"1";"0";"2";"8";"19";"5";""
"202400004464";"155773972";"A01";"2";"7";"0";"2";"3";"13";"1";""
"202400004464";"155773974";"B01";"1";"7";"0";"2";"3";"1";"1";""
"202400004465";"155773971";"A01";"1";"7";"0";"2";"2";"1";"3";""
"202400004465";"155773973";"B01";"1";"2";"0";"2";"1";"25";"1";""
"202400004466";"155773967";"A01";"1";"7";"7";"0";"3";"1";"1";""
"202400004466";"155773969";"B01";"1";"7";"0";"2";"1";"6";"1";""
"202400004467";"155773968";"A01";"1";"7";"0";"2";"1";"2";"1";""
"202400004467";"155773970";"B01";"3";"10";"0";"1";"4";"18";"1";""
"202400004468";"155773964";"B01";"3";"60";"0";"2";"1";"9";"5";""
"202400004468";"155773966";"A01";"3";"7";"0";"2";"8";"9";" -1";""
"202400004469";"155773965";"A01";"2";"33";"0";"0";"1";"1";"1";""
"202400004470";"155773962";"A01";"3";"7";"2";"0";"8";"2";"1";""
"202400004471";"155773961";"A01";"1";"7";"0";"2";"7";"1";"3";""
"202400004471";"155773963";"B01";"1";"7";"0";"2";"7";"11";"1";""
"202400004472";"155773960";"A01";"1";"7";"3";"0";"3";"13";"1";""
"202400004473";"155773959";"A01";"1";"7";"0";"1";"1";"1";"1";""
"202400004474";"155773958";"A01";"0";"7";"0";"1";"2";"14";"2";""
"202400004475";"155773954";"B01";"1";"7";"0";"2";"4";"1";"1";""
"202400004475";"155773956";"A01";"1";"7";"0";"2";"1";"1";"1";""
"202400004476";"155773955";"B01";"1";"7";"0";"2";"3";"19";"1";""
"202400004476";"155773957";"A01";"1";"32";"0";"2";"1";"1";"1";""
"202400004477";"155773951";"A01";"3";"7";"0";"2";"3";"24";"1";""
"202400004477";"155773952";"B01";"3";"7";"0";"2";"7";"1";"1";""
"202400004478";"155773949";"A01";"1";"7";"6";"0";"1";"1";"1";""
"202400004479";"155773944";"E01";"2";"7";"0";"2";"4";"2";"1";""
"202400004479";"155773945";"D01";"2";"7";"0";"2";"4";"2";"1";""
"202400004479";"155773946";"A01";"2";"7";"0";"2";"1";"2";"1";""
"202400004479";"155773947";"B01";"2";"7";"0";"2";"4";"2";"1";""
"202400004479";"155773948";"C01";"2";"7";"0";"2";"4";"2";"1";""
"202400004480";"155773943";"A01";"2";"32";"0";"1";"1";"19";"1";""
"202400004481";"155773942";"C01";"2";"38";"0";"2";"3";"2";"1";"28"
"202400004481";"155773950";"B01";"2";"38";"0";"2";"4";"2";"0";"7"
"202400004481";"155773953";"A01";"2";"15";"0";"2";"6";"2";"1";""
"202400004482";"155773940";"B01";"2";"15";"0";"2";"4";"2";"1";""
"202400004482";"155773941";"A01";"2";"7";"0";"2";"1";"2";"2";""
"202400004483";"155773939";"A01";"2";"7";"8";"0";"1";"1";"1";""
"202400004484";"155773936";"A01";"1";"33";"0";"2";"1";"1";"1";""
"202400004484";"155773937";"B01";"1";"10";"0";"2";"2";"15";"1";""
"202400004485";"155773935";"B01";"0";"7";"0";"2";"8";"5";"1";""
"202400004485";"155773938";"A01";"0";"32";"0";"2";"8";"9";"1";""
"202400004486";"155773931";"A01";"1";"7";"0";"2";"8";"9";"1";""
"202400004486";"155773933";"B01";"3";"10";"0";"2";"3";"1";"1";""
"202400004487";"155773930";"A01";"2";"7";"0";"2";"1";"2";"1";""
"202400004487";"155773932";"B01";"2";"7";"0";"2";"4";"2";"1";""
"202400004487";"155773934";"C01";"2";"7";"0";"2";"4";"2";"1";""
"202400004488";"155773928";"A01";"2";"7";"0";"2";"1";"2";"1";""
"202400004488";"155773929";"B01";"2";"7";"0";"2";"4";"1";"2";""
"202400004489";"155773926";"A01";"2";"7";"0";"2";"8";"9";"1";""
"202400004489";"155773927";"B01";"2";"7";"0";"2";"7";"1";"1";""
"202400004490";"155773924";"A01";"2";"7";"0";"0";"0";"1";"1";""
"202400004491";"155773923";"A01";"2";"7";"0";"2";"2";"19";"1";""
"202400004491";"155773925";"B01";"2";"2";"0";"2";"1";"1";"1";""
"202400004492";"155773920";"B01";"3";"7";"0";"2";"3";"15";"1";""
"202400004492";"155773922";"A01";"3";"7";"0";"2";"1";"16";"1";""
"202400004493";"155773919";"B01";"2";"7";"0";"9";"2";"16";"1";""
"202400004493";"155773921";"A01";"2";"50";"0";"2";"3";"5";"3";""
"202400004494";"155773917";"B01";"1";"7";"0";"2";"3";"1";"1";""
"202400004494";"155773918";"A01";"1";"7";"0";"2";"1";"15";"3";""
"202400004495";"155773915";"A01";"1";"14";"0";"2";"4";"26";"1";""
"202400004495";"155773916";"B01";"1";"7";"0";"9";"4";"0";"1";""
"202400004496";"155773913";"B01";"3";"7";"0";"2";"1";"1";"0";""
"202400004496";"155773914";"A01";"2";"7";"0";"2";"3";"16";"1";""
"202400004497";"155773911";"Z01";"1";"7";"0";"2";"1";"26";"1";""
"202400004497";"155773912";"A01";"1";"50";"14";"0";"4";"1";"3";""
"202400004498";"155773909";"A01";"1";"7";"0";"2";"1";"2";"1";""
"202400004498";"155773910";"B01";"1";"7";"0";"2";"4";"2";"1";""
"202400004499";"155773907";"A01";"2";"7";"4";"2";"3";"0";"1";""
"202400004499";"155773908";"B01";"2";"33";"4";"2";"3";"2";"1";""
"202400004500";"155773905";"A01";"3";"7";"0";"2";"1";"1";"1";""
"202400004500";"155773906";"B01";"3";"30";"0";"2";"4";"1";"1";""
"202400004501";"155773902";"A01";"1";"7";"0";"2";"1";"1";"1";""
"202400004501";"155773903";"B01";"1";"7";"0";"2";"4";"1";"1";""
"202400004501";"155773904";"C01";"1";"7";"0";"2";"4";"1";"2";""
"202400004502";"155773901";"A01";"1";"30";"0";"1";"1";"17";"1";""
"202400004503";"155773900";"A01";"2";"7";"0";"1";"2";"1";"1";""
"202400004504";"155773898";"A01";"2";"7";"0";"2";"1";"2";"1";""
"202400004504";"155773899";"B01";"2";"7";"0";"2";"4";"23";"2";""
"202400004505";"155773895";"B01";"1";"7";"3";"0";"6";"1";"1";""
"202400004505";"155773897";"A01";"1";"7";"16";"2";"2";"14";"1";""
"202400004506";"155773894";"B01";"3";"31";"0";"2";"1";"1";"1";""
"202400004506";"155773896";"A01";"3";"7";"0";"2";"6";"26";"1";""
"202400004507";"155773893";"A01";"1";"7";"0";"1";"1";"15";"2";""
"202400004508";"155773891";"B01";"1";"7";"0";"2";"7";"1";"1";""
"202400004508";"155773892";"A01";"1";"7";"0";"2";"8";"1";"1";""
"202400004509";"155773888";"B01";"1";"7";"0";"2";"1";"26";"1";""
"202400004509";"155773890";"A01";"2";"10";"0";"2";"1";"9";"1";""
"202400004510";"155773887";"A01";"1";"34";"0";"2";"1";"1";"1";""
"202400004510";"155773889";"B01";"1";"33";"0";"2";"4";"2";"1";""
"202400004511";"155773884";"A01";"1";"7";"0";"2";"1";"2";"1";""
"202400004511";"155773885";"B01";"1";"7";"0";"2";"4";"23";"1";""
"202400004512";"155773883";"A01";"1";"7";"0";"2";"1";"15";"1";""
"202400004512";"155773886";"B01";"2";"50";"0";"2";"1";"16";"3";""
"202400004513";"155773881";"A01";"1";"2";"3";"0";"1";"21";"1";""
"202400004514";"155773880";"A01";"3";"30";"0";"2";"1";"16";"0";""
"202400004514";"155773882";"B01";"0";"7";"0";"2";"3";"15";"0";""
"202400004515";"155773878";"A01";"2";"37";"0";"1";"7";"9";"0";"1"
"202400004516";"155773877";"A01";"2";"7";"0";"2";"1";"26";"1";""
"202400004516";"155773879";"B01";"2";"7";"0";"2";"4";"1";"1";""
"202400004517";"155773874";"B01";"1";"7";"0";"2";"3";"0";"1";""
"202400004517";"155773876";"A01";"1";"33";"0";"2";"2";"13";"1";""
"202400004518";"155773875";"A01";"2";"33";"0";"1";"8";"21";"1";""
"202400004519";"155773871";"B01";"0";"7";"0";"2";"1";"26";"1";""
"202400004519";"155773873";"A01";"1";"7";"7";"0";"6";"19";"1";""
"202400004520";"155773870";"B01";"0";"10";"0";"2";"4";"1";"1";""
"202400004520";"155773872";"A01";"0";"7";"0";"2";"1";"1";"1";""
"202400004521";"155773866";"A01";"2";"10";"0";"2";"1";"1";"1";""
"202400004521";"155773869";"B01";"1";"7";"0";"2";"8";"19";"1";""
"202400004522";"155773867";"B01";"0";"50";"0";"0";"0";"0";"3";""
"202400004522";"155773868";"A01";"3";"7";"0";"2";"1";"1";"3";""
"202400004523";"155773864";"A01";"3";"10";"0";"2";"8";"15";"1";""
"202400004523";"155773865";"B01";"3";"33";"0";"2";"1";"0";"1";""
"202400004524";"155773861";"A01";"3";"7";"0";"2";"2";"16";"1";""
"202400004524";"155773862";"B01";"3";"2";"0";"2";"3";"16";"1";""
"202400004525";"155773860";"A01";"1";"7";"0";"2";"3";"16";"1";""
"202400004525";"155773863";"B01";"2";"7";"0";"2";"1";"1";"1";""
"202400004526";"155773858";"A01";"1";"7";"0";"2";"3";"11";"1";""
"202400004526";"155773859";"B01";"1";"32";"0";"2";"1";"2";"1";""
"202400004527";"155773856";"B01";"2";"7";"0";"2";"8";"10";"1";""
"202400004527";"155773857";"A01";"1";"33";"12";"2";"1";"1";"1";""
"202400004528";"155773854";"A01";"1";"7";"0";"2";"2";"12";"1";""
"202400004528";"155773855";"B01";"1";"31";"0";"2";"6";"3";"1";""
"202400004529";"155773851";"A01";"3";"7";"0";"9";"1";"0";"2";""
"202400004529";"155773853";"B01";"0";"1";"0";"2";"3";"26";"5";""
"202400004530";"155773848";"A01";"1";"7";"0";"2";"1";"2";"1";""
"202400004530";"155773849";"D01";"1";"7";"0";"2";"4";"2";"1";""
"202400004530";"155773850";"B01";"1";"7";"0";"2";"4";"2";"1";""
"202400004530";"155773852";"C01";"1";"7";"0";"2";"4";"2";"2";""
"202400004531";"155773844";"A01";"1";"43";"0";"2";"7";"1";"1";""
"202400004531";"155773845";"Z01";"1";"10";"0";"2";"0";"11";"0";""
"202400004532";"155773846";"B01";"3";"7";"0";"2";"6";"15";"1";""
"202400004532";"155773847";"A01";"3";"33";"14";"0";"0";"17";"0";""
"202400004533";"155773842";"A01";"2";"7";"0";"1";"2";"15";"1";""
"202400004534";"155773841";"B01";"3";"7";"0";"2";"2";"15";"1";""
"202400004534";"155773843";"A01";"3";"7";"0";"2";"1";"1";"1";""
"202400004535";"155773840";"A01";"1";"1";"12";"0";"1";"1";"5";""
"202400004536";"155773839";"A01";"2";"7";"0";"1";"0";"1";"1";""
"202400004537";"155773838";"A01";"2";"7";"0";"1";"4";"20";"3";""
"202400004538";"155773835";"A01";"2";"1";"0";"2";"2";"26";"5";""
"202400004538";"155773836";"B01";"3";"1";"0";"2";"0";"19";"5";""
"202400004539";"155773834";"B01";"2";"7";"0";"2";"6";"1";"1";""
"202400004539";"155773837";"A01";"1";"50";"0";"2";"1";"1";"3";""
"202400004540";"155773832";"A01";"2";"1";"0";"2";"4";"1";"5";""
"202400004540";"155773833";"B01";"2";"33";"0";"2";"1";"1";"1";""
"202400004541";"155773831";"A01";"3";"37";"9";"0";"2";"1";"1";"3"
"202400004542";"155773830";"A01";"1";"7";"0";"1";"5";"20";"1";""
"202400004543";"155773829";"A01";"1";"7";"9";"0";"1";"13";"1";""
"202400004544";"155773827";"B01";"2";"1";"0";"2";"7";"1";"5";""
"202400004544";"155773828";"A01";"1";"7";"0";"2";"1";"1";"1";""
"202400004545";"155773826";"A01";"2";"10";"0";"1";"0";"19";"1";""
"202400004546";"155773823";"B01";"1";"2";"0";"2";"1";"1";"1";""
"202400004546";"155773825";"A01";"2";"7";"0";"9";"5";"15";"1";""
"202400004547";"155773822";"A01";"2";"7";"0";"2";"2";"10";"1";""
"202400004547";"155773824";"B01";"2";"7";"0";"2";"0";"0";"1";""
"202400004548";"155773821";"A01";"1";"7";"1";"0";"1";"1";"1";""
"202400004549";"155773819";"B01";"2";"80";"0";"2";"4";"0";"3";""
"202400004549";"155773820";"A01";"2";"7";"0";"9";"1";"9";"1";""
"202400004550";"155773818";"A01";"0";"7";"2";"0";"7";"26";"1";""
"202400004551";"155773816";"B01";"2";"43";"0";"2";"1";"1";"1";""
"202400004551";"155773817";"A01";"1";"7";"0";"2";"7";"15";"1";""
"202400004552";"155773814";"A01";"2";"7";"0";"2";"1";"23";"1";""
"202400004552";"155773815";"B01";"2";"7";"0";"9";"4";"23";"1";""
"202400004553";"155773812";"A01";"1";"7";"0";"2";"1";"12";"2";""
"202400004553";"155773813";"B01";"1";"33";"0";"2";"4";"23";"1";""
"202400004554";"155773809";"A01";"2";"7";"1";"0";"4";"1";"1";""
"202400004554";"155773810";"B01";"2";"37";"0";"0";"4";"1";"1";"1"
"202400004555";"155773811";"A01";"1";"7";"0";"1";"3";"15";"1";""
"202400004556";"155773808";"A01";"0";"7";"0";"1";"1";"1";"1";""
"202400004557";"155773806";"A01";"2";"30";"0";"2";"3";"10";"1";""
"202400004557";"155773807";"B01";"1";"7";"0";"2";"2";"1";"1";""
"202400004558";"155773805";"A01";"1";"7";"0";"1";"1";"2";"1";""
"202400004559";"155773804";"A01";"1";"2";"9";"0";"1";"1";"1";""
"202400004560";"155773802";"A01";"2";"7";"5";"0";"1";"14";"1";""
"202400004561";"155773800";"T01";"1";"7";"0";"0";"0";"0";"3";""
"202400004561";"155773801";"A01";"1";"7";"0";"2";"3";"1";"1";""
"202400004561";"155773803";"B01";"2";"7";"0";"2";"3";"1";"2";""
"202400004562";"155773799";"A01";"1";"7";"8";"0";"1";"1";"1";""
"202400004563";"155773795";"A01";"3";"7";"0";"2";"3";"1";"1";""
"202400004563";"155773797";"B01";"3";"7";"0";"2";"5";"1";"1";""
"202400004563";"155773798";"C01";"3";"7";"0";"2";"4";"1";"1";""
"202400004564";"155773794";"A01";"1";"30";"0";"2";"1";"0";"1";""
"202400004564";"155773796";"B01";"1";"7";"0";"2";"4";"23";"3";""
"202400004565";"155773792";"A01";"1";"7";"0";"2";"3";"1";"0";""
"202400004565";"155773793";"B01";"1";"7";"0";"2";"2";"19";"1";""
"202400004566";"155773789";"A01";"2";"7";"0";"2";"7";"18";"1";""
"202400004566";"155773790";"B01";"2";"1";"0";"2";"1";"1";"5";""
"202400004566";"155773791";"C01";"2";"1";"0";"2";"1";"1";"5";""
"202400004567";"155773788";"A01";"1";"34";"0";"0";"7";"26";"1";""
"202400004568";"155773786";"B01";"2";"7";"0";"2";"4";"1";"1";""
"202400004568";"155773787";"A01";"1";"7";"0";"2";"1";"5";"1";""
"202400004569";"155773784";"B01";"2";"1";"0";"2";"6";"2";"5";""
"202400004569";"155773785";"A01";"2";"7";"0";"9";"2";"1";"1";""
"202400004570";"155773783";"A01";"1";"2";"0";"0";"2";"0";"1";""
"202400004571";"155773780";"A01";"1";"7";"0";"2";"7";"15";"1";""
"202400004571";"155773781";"B01";"2";"42";"0";"2";"1";"1";"1";""
"202400004572";"155773778";"A01";"3";"41";"0";"0";"1";"20";"1";""
"202400004573";"155773779";"A01";"3";"7";"0";"2";"2";"15";"1";""
"202400004573";"155773782";"B01";"3";"33";"0";"2";"1";"1";"1";""
"202400004574";"155773777";"A01";"3";"50";"12";"0";"1";"0";"3";""
"202400004575";"155773776";"A01";"2";"7";"2";"0";"1";"0";"1";""
"202400004576";"155773774";"A01";"2";"31";"0";"2";"1";"0";"1";""
"202400004576";"155773775";"B01";"2";"7";"0";"9";"8";"0";"1";""
"202400004577";"155773771";"A01";"1";"7";"8";"0";"2";"14";"1";""
"202400004578";"155773767";"A01";"3";"7";"0";"2";"8";"0";"2";""
"202400004578";"155773769";"B01";"1";"34";"0";"2";"1";"0";"1";""
"202400004579";"155773766";"C01";"1";"7";"12";"0";"3";"1";"1";""
"202400004579";"155773768";"D01";"1";"7";"0";"0";"4";"1";"2";""
"202400004579";"155773770";"B01";"1";"7";"0";"0";"8";"1";"1";""
"202400004579";"155773772";"E01";"1";"7";"0";"2";"1";"1";"1";""
"202400004579";"155773773";"A01";"1";"7";"0";"2";"1";"1";"1";""
"202400004580";"155773764";"A01";"3";"7";"0";"2";"3";"15";"1";""
"202400004580";"155773765";"B01";"3";"50";"0";"2";"1";"1";"3";""
"202400004581";"155773763";"A01";"2";"7";"4";"0";"1";"1";"1";""
"202400004582";"155773761";"A01";"1";"7";"0";"2";"3";"9";"1";""
"202400004582";"155773762";"B01";"2";"50";"0";"2";"1";"1";"3";""
"202400004583";"155773759";"A01";"2";"33";"0";"2";"1";"17";"1";""
"202400004583";"155773760";"B01";"1";"14";"0";"2";"3";"1";"1";""
"202400004584";"155773757";"Z01";"3";"1";"0";"2";"0";"16";"5";""
"202400004584";"155773758";"A01";"3";"7";"0";"2";"0";"12";"1";""
"202400004585";"155773756";"A01";"3";"7";"0";"1";"2";"16";"1";""
"202400004586";"155773753";"B01";"2";"1";"0";"2";"7";"1";"5";""
"202400004586";"155773755";"A01";"1";"10";"0";"2";"1";"9";"1";""
"202400004587";"155773754";"A01";"2";"7";"0";"0";"2";"1";"1";""
"202400004588";"155773751";"A01";"1";"1";"0";"2";"1";"2";"5";""
"202400004588";"155773752";"B01";"1";"10";"0";"2";"4";"2";"1";""
"202400004589";"155773748";"C01";"1";"7";"0";"2";"8";"2";"1";""
"202400004589";"155773749";"A01";"3";"7";"0";"2";"1";"2";"1";""
"202400004589";"155773750";"B01";"1";"7";"0";"2";"4";"2";"1";""
"202400004590";"155773746";"A01";"3";"7";"0";"2";"2";"19";"1";""
"202400004590";"155773747";"B01";"1";"10";"0";"2";"3";"1";"1";""
"202400004591";"155773745";"A01";"3";"7";"0";"1";"1";"15";"1";""
"202400004592";"155773743";"A01";"1";"33";"0";"0";"1";"26";"6";""
"202400004592";"155773744";"B01";"1";"33";"0";"0";"4";"2";"1";""
"202400004593";"155773741";"A01";"2";"7";"9";"2";"8";"9";"0";""
"202400004593";"155773742";"B01";"1";"33";"9";"2";"1";"9";"1";""
"202400004594";"155773739";"B01";"1";"7";"0";"2";"7";"0";"1";""
"202400004594";"155773740";"A01";"1";"7";"0";"2";"1";"8";"2";""
"202400004595";"155773737";"B01";"1";"7";"0";"2";"8";"15";"1";""
"202400004595";"155773738";"A01";"1";"33";"8";"2";"1";"17";"1";""
"202400004596";"155773735";"A01";"1";"32";"0";"2";"1";"3";"1";""
"202400004596";"155773736";"B01";"1";"7";"0";"2";"4";"2";"1";""
"202400004597";"155773734";"Z01";"1";"50";"0";"1";"1";"5";"3";""
"202400004598";"155773732";"B01";"1";"34";"0";"2";"8";"1";"1";""
"202400004598";"155773733";"A01";"3";"7";"0";"2";"1";"5";"1";""
"202400004599";"155773730";"B01";"2";"1";"1";"0";"1";"2";"5";""
"202400004599";"155773731";"A01";"1";"7";"0";"2";"5";"22";"2";""
"202400004600";"155773729";"A01";"2";"50";"0";"1";"1";"1";"3";""
"202400004601";"155773727";"A01";"2";"1";"0";"2";"8";"13";"5";""
"202400004601";"155773728";"B01";"1";"7";"0";"2";"8";"21";"1";""
"202400004602";"155773725";"B01";"2";"7";"0";"2";"3";"15";"1";""
"202400004602";"155773726";"A01";"1";"7";"0";"2";"2";"5";"1";""
"202400004603";"155773724";"Z01";"2";"7";"0";"1";"1";"1";"1";""
"202400004604";"155773723";"A01";"1";"7";"1";"0";"2";"1";"1";""
"202400004605";"155773722";"A01";"1";"7";"1";"0";"1";"15";"1";""
"202400004606";"155773720";"A01";"2";"34";"0";"2";"2";"1";"1";""
"202400004606";"155773721";"B01";"1";"1";"0";"2";"1";"16";"5";""
"202400004607";"155773719";"A01";"1";"30";"12";"0";"0";"1";"1";""
"202400004608";"155773716";"C01";"0";"7";"0";"2";"4";"1";"1";""
"202400004608";"155773717";"B01";"0";"7";"0";"2";"4";"1";"3";""
"202400004608";"155773718";"A01";"0";"7";"0";"2";"1";"0";"0";""
"202400004609";"155773714";"A01";"0";"7";"0";"2";"0";"26";"0";""
"202400004609";"155773715";"B01";"0";"7";"0";"0";"0";"26";"3";""
"202400004610";"155773712";"A01";"1";"7";"0";"2";"5";"20";"1";""
"202400004610";"155773713";"B01";"1";"30";"0";"2";"1";"1";"1";""
"202400004611";"155773711";"A01";"1";"7";"2";"0";"1";"13";"1";""
"202400004612";"155773709";"A01";"1";"7";"17";"0";"1";"6";"1";""
"202400004613";"155773708";"A01";"2";"7";"0";"9";"3";"9";"3";""
"202400004613";"155773710";"B01";"1";"80";"0";"2";"7";"9";"3";""
"202400004614";"155773705";"B01";"1";"7";"0";"2";"3";"1";"1";""
"202400004614";"155773707";"A01";"1";"7";"0";"2";"1";"9";"1";""
"202400004615";"155773704";"A01";"2";"10";"0";"2";"1";"1";"0";""
"202400004615";"155773706";"B01";"1";"7";"0";"2";"3";"1";"1";""
"202400004616";"155773701";"A01";"1";"7";"0";"2";"1";"5";"1";""
"202400004616";"155773703";"B01";"2";"7";"0";"2";"1";"5";"1";""
"202400004617";"155773700";"A01";"2";"10";"0";"2";"1";"1";"0";""
"202400004617";"155773702";"B01";"2";"10";"0";"2";"2";"1";"0";""
"202400004618";"155773697";"A01";"1";"7";"3";"0";"2";"14";"1";""
"202400004618";"155773699";"B01";"1";"7";"1";"0";"7";"13";"1";""
"202400004619";"155773696";"A01";"3";"50";"0";"2";"1";"26";"3";""
"202400004619";"155773698";"B01";"3";"7";"0";"2";"2";"9";"3";""
"202400004620";"155773693";"A01";"3";"7";"0";"2";"7";"19";"0";""
"202400004620";"155773695";"B01";"3";"7";"0";"2";"1";"1";"1";""
"202400004621";"155773692";"B01";"1";"7";"0";"2";"3";"1";"1";""
"202400004621";"155773694";"A01";"1";"7";"2";"2";"1";"0";"1";""
"202400004622";"155773691";"A01";"1";"7";"0";"0";"0";"21";"1";""
"202400004623";"155773690";"A01";"3";"2";"14";"0";"1";"1";"1";""
"202400004624";"155773687";"A01";"1";"7";"0";"2";"2";"13";"1";""
"202400004624";"155773689";"B01";"2";"7";"0";"2";"1";"1";"1";""
"202400004625";"155773686";"B01";"2";"50";"0";"2";"7";"16";"3";""
"202400004625";"155773688";"A01";"2";"7";"0";"9";"3";"9";"1";""
"202400004626";"155773684";"A01";"2";"7";"6";"0";"1";"0";"2";""
"202400004627";"155773683";"A01";"3";"7";"0";"9";"1";"1";"1";""
"202400004627";"155773685";"B01";"1";"50";"0";"2";"0";"0";"3";""
"202400004628";"155773681";"A01";"1";"7";"0";"1";"7";"9";"1";""
"202400004629";"155773680";"A01";"1";"10";"0";"0";"6";"15";"1";""
"202400004629";"155773682";"B01";"1";"2";"0";"2";"1";"17";"1";""
"202400004630";"155773679";"A01";"3";"7";"1";"1";"4";"20";"1";""
"202400004631";"155773677";"B01";"1";"33";"0";"2";"1";"1";"1";""
"202400004631";"155773678";"A01";"2";"10";"0";"2";"2";"15";"1";""
"202400004632";"155773673";"B01";"1";"7";"0";"2";"3";"11";"1";""
"202400004632";"155773675";"A01";"1";"7";"0";"2";"1";"1";"2";""
"202400004633";"155773674";"A01";"2";"7";"0";"9";"1";"15";"1";""
"202400004633";"155773676";"B01";"2";"1";"0";"0";"1";"1";"5";""
"202400004634";"155773671";"A01";"3";"7";"0";"2";"1";"15";"0";""
"202400004634";"155773672";"B01";"3";"32";"0";"2";"1";"2";"1";""
"202400004635";"155773669";"A01";"2";"7";"13";"0";"2";"14";"1";""
"202400004636";"155773668";"A01";"1";"7";"0";"2";"5";"15";"1";""
"202400004636";"155773670";"B01";"1";"7";"0";"2";"3";"1";"1";""
"202400004637";"155773665";"A01";"2";"33";"3";"0";"0";"0";"1";""
"202400004638";"155773664";"A01";"3";"7";"0";"2";"1";"13";"1";""
"202400004638";"155773666";"B01";"2";"33";"0";"2";"1";"1";"1";""
"202400004638";"155773667";"C01";"2";"7";"0";"2";"1";"1";"1";""
"202400004639";"155773662";"A01";"2";"15";"0";"2";"4";"23";"1";""
"202400004639";"155773663";"B01";"2";"10";"0";"2";"1";"2";"1";""
"202400004640";"155773661";"A01";"1";"7";"6";"0";"1";"1";"1";""
"202400004641";"155773660";"A01";"1";"10";"0";"1";"1";"16";"1";""
"202400004642";"155773658";"B01";"1";"37";"0";"0";"4";"23";"0";"1"
"202400004642";"155773659";"A01";"1";"37";"14";"0";"1";"1";"1";"1"
"202400004643";"155773654";"B01";"2";"7";"0";"2";"1";"1";"1";""
"202400004643";"155773656";"C01";"2";"33";"0";"2";"1";"1";"1";""
"202400004643";"155773657";"A01";"2";"7";"0";"0";"4";"1";"1";""
"202400004644";"155773653";"B01";"2";"7";"0";"2";"3";"1";"1";""
"202400004644";"155773655";"A01";"1";"7";"0";"2";"2";"1";"1";""
"202400004645";"155773651";"A01";"2";"1";"0";"2";"2";"19";"5";""
"202400004645";"155773652";"B01";"0";"7";"0";"2";"1";"15";"1";""
"202400004646";"155773650";"B01";"1";"10";"0";"1";"1";"9";"1";""
"202400004647";"155773646";"A01";"0";"50";"0";"2";"1";"19";"3";""
"202400004647";"155773648";"B01";"0";"7";"0";"0";"3";"0";"1";""
"202400004648";"155773645";"A01";"1";"7";"0";"1";"3";"16";"1";""
"202400004649";"155773642";"A01";"1";"10";"0";"2";"5";"16";"1";""
"202400004649";"155773644";"B01";"1";"7";"0";"2";"3";"18";"1";""
"202400004650";"155773640";"A01";"1";"7";"0";"2";"1";"19";"1";""
"202400004650";"155773643";"B01";"2";"7";"0";"2";"8";"1";"3";""
"202400004651";"155773639";"B01";"2";"7";"0";"0";"4";"23";"1";""
"202400004651";"155773641";"A01";"2";"7";"0";"2";"1";"2";"1";""
"202400004652";"155773638";"A01";"2";"33";"3";"0";"2";"14";"1";""
"202400004653";"155773637";"A01";"1";"7";"1";"0";"3";"1";"1";""
"202400004654";"155773636";"A01";"3";"7";"0";"1";"1";"1";"1";""
"202400004655";"155773634";"A01";"1";"7";"1";"0";"2";"14";"1";""
"202400004656";"155773633";"B01";"2";"7";"0";"2";"1";"1";"1";""
"202400004656";"155773635";"A01";"1";"30";"0";"2";"1";"13";"1";""
"202400004657";"155773630";"A01";"1";"7";"13";"0";"8";"13";"2";""
"202400004658";"155773629";"A01";"3";"7";"0";"2";"6";"26";"1";""
"202400004658";"155773632";"B01";"3";"0";"0";"2";"0";"14";"0";""
"202400004659";"155773628";"A01";"3";"7";"0";"9";"2";"16";"0";""
"202400004659";"155773631";"B01";"1";"60";"0";"2";"0";"0";"5";""
"202400004660";"155773626";"A01";"2";"7";"2";"0";"3";"1";"1";""
"202400004661";"155773623";"B01";"2";"7";"0";"2";"1";"15";"1";""
"202400004661";"155773627";"A01";"1";"7";"0";"2";"1";"17";"1";""
"202400004662";"155773622";"C01";"1";"7";"0";"2";"6";"2";"1";""
"202400004662";"155773624";"A01";"1";"7";"0";"2";"3";"2";"1";""
"202400004662";"155773625";"B01";"1";"2";"0";"2";"4";"2";"1";""
"202400004663";"155773617";"A01";"3";"7";"14";"0";"2";"13";"4";""
"202400004663";"155773620";"B01";"3";"1";"0";"2";"1";"1";"5";""
"202400004664";"155773616";"A01";"1";"50";"0";"2";"6";"2";"3";""
"202400004664";"155773619";"B01";"1";"7";"0";"2";"1";"2";"1";""
"202400004665";"155773618";"B01";"1";"7";"0";"2";"1";"1";"1";""
"202400004665";"155773621";"A01";"1";"7";"0";"2";"8";"15";"1";""
"202400004666";"155773613";"A01";"1";"7";"2";"0";"1";"1";"1";""
"202400004667";"155773614";"A01";"3";"7";"0";"2";"1";"19";"1";""
"202400004667";"155773615";"B01";"3";"7";"0";"2";"3";"14";"1";""
"202400004668";"155773612";"A01";"1";"7";"13";"0";"1";"14";"1";""
"202400004669";"155773611";"A01";"1";"7";"3";"0";"9";"1";"1";""
"202400004670";"155773608";"B01";"1";"10";"0";"2";"3";"9";"1";""
"202400004670";"155773610";"A01";"1";"1";"0";"2";"3";"0";"5";""
"202400004671";"155773606";"A01";"3";"39";"0";"1";"2";"0";"0";""
"202400004672";"155773607";"B01";"0";"39";"1";"0";"1";"1";"0";""
"202400004672";"155773609";"A01";"0";"7";"0";"4";"8";"23";"1";""
"202400004673";"155773604";"A01";"1";"7";"0";"1";"1";"1";"1";""
"202400004674";"155773603";"A01";"1";"10";"0";"1";"3";"2";"0";""
"202400004675";"155773602";"A01";"1";"7";"0";"2";"3";"1";"1";""
"202400004675";"155773605";"B01";"2";"7";"0";"2";"1";"13";"1";""
"202400004676";"155773601";"A01";"1";"7";"0";"1";"7";"1";"1";""
"202400004677";"155773598";"A01";"0";"17";"0";"2";"1";"1";"1";""
"202400004677";"155773600";"B01";"0";"7";"0";"2";"1";"1";"1";""
"202400004678";"155773597";"B01";"2";"80";"0";"2";"1";"15";"3";""
"202400004678";"155773599";"A01";"2";"7";"0";"2";"2";"17";"1";""
"202400004679";"155773596";"A01";"1";"30";"0";"0";"0";"1";"1";""
"202400004680";"155773595";"A01";"3";"7";"0";"1";"2";"16";"1";""
"202400004681";"155773593";"A01";"1";"7";"6";"0";"1";"0";"3";""
"202400004682";"155773592";"A01";"1";"7";"0";"2";"2";"21";"1";""
"202400004682";"155773594";"B01";"1";"1";"0";"2";"6";"9";"5";""
"202400004683";"155773588";"A01";"3";"33";"0";"2";"1";"17";"1";""
"202400004683";"155773591";"B01";"3";"7";"0";"2";"8";"15";"1";""
"202400004684";"155773587";"A01";"0";"7";"0";"2";"0";"13";"1";""
"202400004684";"155773590";"B01";"0";"7";"0";"2";"0";"21";"1";""
"202400004685";"155773586";"A01";"1";"3";"0";"2";"6";"2";"1";""
"202400004685";"155773589";"B01";"1";"7";"0";"2";"0";"2";"0";""
"202400004686";"155773583";"A01";"2";"33";"0";"2";"1";"17";"1";""
"202400004686";"155773585";"B01";"2";"7";"0";"2";"8";"15";"1";""
"202400004687";"155773581";"A01";"2";"7";"0";"2";"8";"15";"1";""
"202400004687";"155773584";"B01";"2";"33";"0";"2";"2";"17";"1";""
"202400004688";"155773577";"A01";"2";"7";"0";"2";"1";"13";"1";""
"202400004688";"155773578";"B01";"1";"10";"0";"2";"1";"1";"1";""
"202400004689";"155773576";"B01";"3";"33";"0";"2";"1";"17";"1";""
"202400004689";"155773580";"A01";"3";"7";"0";"2";"3";"15";"1";""
"202400004690";"155773574";"A01";"1";"10";"0";"1";"2";"1";"1";""
"202400004691";"155773573";"A01";"1";"99";"1";"0";"1";"1";"6";""
"202400004692";"155773571";"A01";"1";"7";"0";"2";"3";"13";"1";""
"202400004692";"155773572";"B01";"1";"7";"0";"2";"3";"1";"1";""
"202400004693";"155773570";"A01";"1";"7";"9";"0";"1";"1";"1";""
"202400004694";"155773569";"A01";"2";"1";"3";"0";"1";"1";"5";""
"202400004695";"155773566";"A01";"1";"33";"0";"2";"1";"17";"1";""
"202400004695";"155773568";"B01";"1";"7";"0";"2";"8";"15";"1";""
"202400004696";"155773565";"B01";"0";"7";"0";"2";"0";"0";" -1";""
"202400004696";"155773567";"A01";"0";"7";"0";"1";"1";"0";" -1";""
"202400004697";"155773564";"A01";"2";"50";"6";"0";"1";"13";"3";""
"202400004698";"155773562";"A01";"1";"7";"0";"2";"3";"10";"1";""
"202400004698";"155773563";"B01";"1";"33";"0";"2";"2";"17";"1";""
"202400004699";"155773561";"A01";"1";"10";"0";"1";"1";"1";"1";""
"202400004700";"155773558";"B01";"2";"33";"0";"2";"3";"1";"0";""
"202400004700";"155773560";"A01";"1";"7";"0";"2";"3";"1";"1";""
"202400004701";"155773557";"A01";"1";"50";"0";"2";"1";"1";"3";""
"202400004701";"155773559";"B01";"1";"7";"0";"9";"3";"1";"1";""
"202400004702";"155773555";"A01";"2";"7";"0";"2";"1";"2";"1";""
"202400004702";"155773556";"B01";"2";"7";"0";"2";"5";"2";"1";""
"202400004703";"155773552";"A01";"3";"7";"0";"2";"8";"15";"3";""
"202400004703";"155773553";"B01";"3";"30";"0";"2";"1";"15";"3";""
"202400004704";"155773554";"A01";"3";"7";"0";"1";"1";"1";"3";""
"202400004705";"155773550";"A01";"1";"33";"0";"2";"7";"21";"1";""
"202400004705";"155773551";"B01";"1";"7";"0";"2";"4";"1";"1";""
"202400004706";"155773549";"A01";"2";"60";"0";"0";"0";"25";"5";""
"202400004707";"155773548";"A01";"2";"33";"0";"0";"1";"1";"1";""
"202400004708";"155773544";"B01";"1";"7";"0";"2";"4";"2";"1";""
"202400004708";"155773547";"A01";"1";"7";"0";"2";"1";"1";"1";""
"202400004709";"155773543";"A01";"2";"14";"0";"2";"7";"16";"1";""
"202400004709";"155773546";"B01";"2";"1";"0";"2";"1";"1";"5";""
"202400004710";"155773542";"A01";"1";"10";"0";"2";"3";"13";"1";""
"202400004710";"155773545";"B01";"2";"1";"0";"2";"1";"1";"5";""
"202400004711";"155773541";"A01";"1";"2";"0";"0";"0";"1";"1";""
"202400004712";"155773538";"A01";"1";"7";"0";"2";"6";"13";"1";""
"202400004712";"155773540";"B01";"1";"7";"0";"2";"0";"17";"0";""
"202400004713";"155773539";"A01";"0";"33";"0";"0";"8";"1";"1";""
"202400004714";"155773534";"A01";"2";"36";"0";"0";"3";"15";"1";""
"202400004715";"155773533";"A01";"1";"33";"0";"2";"1";"13";"1";""
"202400004715";"155773536";"B01";"1";"7";"0";"2";"3";"1";"1";""
"202400004716";"155773532";"A01";"2";"7";"0";"2";"3";"9";"2";""
"202400004716";"155773535";"B01";"2";"1";"0";"2";"2";"1";"5";""
"202400004717";"155773528";"B01";"1";"7";"0";"2";"4";"2";"1";""
"202400004717";"155773530";"A01";"1";"10";"0";"2";"1";"2";"1";""
"202400004718";"155773527";"A01";"1";"7";"0";"2";"3";"13";"1";""
"202400004718";"155773529";"B01";"2";"7";"0";"2";"2";"1";"1";""
"202400004719";"155773526";"B01";"3";"7";"0";"9";"3";"1";"1";""
"202400004719";"155773531";"A01";"3";"50";"0";"2";"1";"1";"3";""
"202400004720";"155773522";"B01";"2";"1";"0";"0";"6";"1";"5";""
"202400004720";"155773523";"A01";"2";"7";"12";"2";"2";"17";"1";""
"202400004721";"155773521";"A01";"1";"7";"0";"2";"3";"1";"1";""
"202400004721";"155773525";"B01";"1";"7";"0";"2";"8";"15";"1";""
"202400004722";"155773519";"A01";"2";"7";"0";"2";"3";"13";"1";""
"202400004722";"155773520";"B01";"1";"7";"0";"2";"3";"1";"1";""
"202400004723";"155773515";"A01";"2";"7";"0";"2";"3";"1";"1";""
"202400004723";"155773518";"B01";"1";"33";"0";"2";"1";"13";"1";""
"202400004724";"155773514";"A01";"2";"7";"0";"2";"1";"2";"1";""
"202400004724";"155773516";"B01";"2";"2";"0";"0";"4";"0";"1";""
"202400004725";"155773512";"A01";"1";"7";"0";"2";"4";"9";"2";""
"202400004725";"155773513";"B01";"1";"7";"0";"2";"1";"1";"1";""
"202400004725";"155773517";"C01";"1";"7";"0";"2";"4";"1";"1";""
"202400004726";"155773510";"A01";"1";"7";"8";"0";"1";"9";"1";""
"202400004727";"155773509";"A01";"3";"7";"0";"2";"2";"9";"1";""
"202400004727";"155773511";"B01";"1";"33";"0";"2";"1";"1";"1";""
"202400004728";"155773508";"A01";"3";"7";"0";"2";"9";"13";"1";""
"202400004729";"155773507";"A01";"2";"33";"13";"0";"1";"1";"1";""
"202400004730";"155773506";"A01";"3";"7";"0";"1";"2";"1";"1";""
"202400004731";"155773504";"B01";"2";"7";"0";"2";"4";"0";"1";""
"202400004731";"155773505";"A01";"2";"7";"1";"0";"1";"26";"1";""
"202400004732";"155773503";"A01";"2";"7";"4";"0";"2";"0";"1";""
"202400004733";"155773500";"A01";"1";"7";"4";"2";"1";"17";"1";""
"202400004733";"155773502";"B01";"1";"7";"0";"2";"3";"2";"3";""
"202400004734";"155773496";"C01";"1";"15";"0";"2";"3";"1";"1";""
"202400004734";"155773499";"A01";"1";"33";"0";"2";"1";"13";"1";""
"202400004734";"155773501";"B01";"1";"7";"0";"2";"5";"1";"1";""
"202400004735";"155773495";"A01";"1";"7";"0";"2";"3";"13";"1";""
"202400004735";"155773497";"B01";"2";"7";"0";"0";"3";"1";"1";""
"202400004735";"155773498";"C01";"1";"7";"0";"0";"6";"23";"1";""
"202400004736";"155773492";"A01";"1";"7";"0";"2";"7";"15";"1";""
"202400004736";"155773494";"B01";"1";"7";"0";"2";"0";"1";"1";""
"202400004737";"155773491";"A01";"2";"7";"2";"0";"2";"14";"1";""
"202400004738";"155773490";"A01";"3";"7";"0";"0";"6";"2";"1";""
"202400004738";"155773493";"B01";"3";"7";"0";"2";"1";"2";"1";""
"202400004739";"155773488";"A01";"1";"7";"8";"0";"1";"13";"1";""
"202400004740";"155773487";"A01";"1";"7";"8";"0";"7";"1";"1";""
"202400004741";"155773485";"A01";"1";"7";"8";"0";"1";"0";"0";""
"202400004742";"155773484";"A01";"1";"15";"0";"0";"4";"2";"1";""
"202400004742";"155773486";"B01";"1";"7";"0";"2";"1";"2";"1";""
"202400004743";"155773482";"A01";"2";"7";"6";"2";"4";"1";"1";""
"202400004743";"155773483";"B01";"1";"7";"0";"2";"1";"15";"1";""
"202400004744";"155773481";"A01";"2";"7";"2";"0";"2";"1";"2";""
"202400004745";"155773476";"A01";"1";"7";"0";"0";"1";"2";"1";""
"202400004745";"155773480";"B01";"1";"7";"0";"0";"4";"2";"1";""
"202400004746";"155773475";"A01";"2";"10";"0";"0";"0";"0";"1";""
"202400004746";"155773478";"B01";"0";"33";"0";"2";"1";"1";"1";""
"202400004747";"155773477";"B01";"1";"7";"0";"2";"1";"2";"1";""
"202400004747";"155773479";"A01";"1";"7";"0";"2";"4";"23";"1";""
"202400004748";"155773472";"A01";"0";"10";"8";"0";"1";"0";"1";""
"202400004749";"155773471";"A01";"1";"33";"0";"2";"1";"2";"1";""
"202400004749";"155773473";"B01";"1";"7";"0";"2";"4";"2";"2";""
"202400004750";"155773470";"B01";"2";"0";"0";"2";"8";"1";"1";""
"202400004750";"155773474";"A01";"1";"30";"0";"2";"1";"1";"1";""
"202400004751";"155773469";"A01";"0";"7";"0";"1";"2";"1";"1";""
"202400004752";"155773467";"A01";"1";"2";"0";"1";"1";"1";"1";""
"202400004753";"155773465";"A01";"2";"7";"0";"2";"3";"5";"1";""
"202400004753";"155773468";"B01";"1";"13";"0";"2";"3";"1";"1";""
"202400004754";"155773464";"A01";"2";"33";"0";"2";"8";"1";"1";""
"202400004754";"155773466";"B01";"2";"33";"0";"2";"7";"17";"1";""
"202400004755";"155773463";"A01";"3";"1";"2";"0";"1";"15";"5";""
"202400004756";"155773459";"A01";"1";"7";"0";"2";"3";"11";"1";""
"202400004756";"155773462";"B01";"2";"7";"0";"2";"3";"13";"2";""
"202400004757";"155773460";"A01";"1";"10";"8";"0";"2";"15";"1";""
"202400004758";"155773456";"A01";"3";"17";"0";"1";"5";"20";"1";""
"202400004759";"155773454";"A01";"1";"7";"0";"2";"1";"0";"1";""
"202400004759";"155773455";"B01";"2";"7";"0";"2";"1";"0";"1";""
"202400004760";"155773453";"B01";"1";"7";"0";"0";"4";"23";"1";""
"202400004760";"155773457";"A01";"1";"31";"0";"2";"1";"1";"1";""
"202400004761";"155773452";"A01";"1";"10";"0";"1";"1";"0";"1";""
"202400004762";"155773450";"A01";"2";"7";"0";"2";"7";"15";"1";""
"202400004762";"155773451";"B01";"1";"7";"0";"2";"1";"1";"1";""
"202400004763";"155773447";"A01";"2";"33";"0";"2";"1";"17";"1";""
"202400004763";"155773449";"B01";"2";"7";"0";"2";"3";"0";"1";""
"202400004764";"155773446";"A01";"3";"30";"0";"2";"1";"19";"1";""
"202400004764";"155773448";"C01";"3";"7";"0";"2";"2";"1";"1";""
"202400004765";"155773445";"A01";"1";"7";"2";"0";"1";"0";"1";""
"202400004766";"155773444";"A01";"1";"33";"0";"0";"7";"1";"1";""
"202400004767";"155773441";"B01";"3";"80";"0";"2";"1";"1";"3";""
"202400004767";"155773443";"A01";"3";"7";"0";"2";"3";"19";"1";""
"202400004768";"155773438";"A01";"2";"2";"0";"2";"1";"1";"1";""
"202400004768";"155773439";"B01";"2";"31";"12";"0";"4";"23";"1";""
"202400004769";"155773437";"A01";"1";"7";"3";"6";"1";"1";"1";""
"202400004770";"155773435";"A01";"1";"50";"0";"2";"8";"19";"3";""
"202400004770";"155773436";"B01";"1";"7";"0";"2";"1";"1";"0";""
"202400004771";"155773433";"A01";"1";"7";"0";"2";"1";"9";"1";""
"202400004771";"155773434";"B01";"2";"50";"0";"2";"7";"15";"3";""
"202400004772";"155773429";"A01";"2";"2";"0";"2";"1";"17";"1";""
"202400004772";"155773431";"B01";"1";"7";"0";"2";"7";"15";"1";""
"202400004773";"155773424";"A01";"3";"7";"0";"1";"1";"1";"1";""
"202400004774";"155773423";"A01";"2";"7";"0";"2";"0";"21";"1";""
"202400004774";"155773425";"B01";"2";"7";"0";"2";"1";"21";"1";""
"202400004774";"155773426";"C01";"2";"7";"14";"0";"3";"21";"1";""
"202400004774";"155773428";"D01";"2";"7";"14";"0";"1";"2";"1";""
"202400004774";"155773432";"E01";"2";"7";"0";"0";"4";"2";"1";""
"202400004775";"155773422";"A01";"2";"1";"12";"0";"0";"0";"5";""
"202400004776";"155773421";"A01";"2";"10";"0";"1";"7";"1";"1";""
"202400004777";"155773418";"B01";"1";"1";"0";"2";"5";"15";"5";""
"202400004777";"155773420";"A01";"1";"7";"0";"2";"1";"9";"1";""
"202400004778";"155773417";"A01";"1";"7";"0";"2";"1";"1";"1";""
"202400004778";"155773419";"B01";"1";"7";"0";"2";"7";"1";"1";""
"202400004779";"155773415";"A01";"0";"7";"0";"2";"1";"15";"1";""
"202400004779";"155773416";"B01";"3";"30";"0";"2";"8";"1";"1";""
"202400004780";"155773414";"A01";"1";"7";"13";"0";"9";"1";"1";""
"202400004781";"155773413";"A01";"2";"7";"2";"0";"7";"0";"1";""
"202400004782";"155773411";"A01";"1";"32";"0";"0";"6";"0";"1";""
"202400004783";"155773409";"B01";"3";"50";"0";"2";"4";"1";"3";""
"202400004783";"155773412";"A01";"3";"7";"0";"2";"1";"9";"1";""
"202400004784";"155773408";"A01";"1";"33";"16";"2";"7";"17";"1";""
"202400004784";"155773410";"B01";"2";"7";"0";"2";"1";"15";"1";""
"202400004785";"155773405";"A01";"0";"7";"0";"1";"0";"20";"1";""
"202400004786";"155773404";"B01";"1";"7";"0";"2";"2";"15";"1";""
"202400004786";"155773407";"A01";"2";"7";"9";"2";"1";"1";"3";""
"202400004787";"155773402";"A01";"2";"7";"2";"0";"8";"1";"1";""
"202400004788";"155773401";"A01";"3";"7";"0";"1";"1";"26";"1";""
"202400004789";"155773400";"B01";"1";"7";"0";"2";"1";"1";"1";""
"202400004789";"155773403";"A01";"2";"7";"0";"2";"7";"1";"1";""
"202400004789";"155773406";"C01";"1";"7";"0";"2";"8";"23";"1";""
"202400004790";"155773398";"B01";"2";"7";"0";"9";"3";"1";"2";""
"202400004790";"155773399";"A01";"1";"1";"0";"2";"7";"15";"5";""
"202400004791";"155773397";"A01";"1";"7";"0";"1";"1";"15";"1";""
"202400004792";"155773396";"A01";"2";"7";"6";"0";"1";"13";"1";""
"202400004793";"155773395";"A01";"2";"7";"0";"1";"9";"26";"1";""
"202400004794";"155773394";"A01";"0";"7";"0";"1";"3";"1";"1";""
"202400004795";"155773393";"A01";"2";"7";"13";"0";"3";"1";"1";""
"202400004796";"155773392";"A01";"0";"31";"0";"6";"1";"1";"1";""
"202400004797";"155773389";"A01";"2";"7";"0";"2";"7";"13";"1";""
"202400004797";"155773391";"B01";"1";"10";"0";"2";"1";"1";"1";""
"202400004798";"155773388";"A01";"3";"7";"0";"2";"2";"15";"1";""
"202400004798";"155773390";"B01";"0";"32";"0";"2";"1";"1";"1";""
"202400004799";"155773385";"A01";"1";"7";"3";"0";"1";"0";"1";""
"202400004799";"155773387";"B01";"2";"2";"0";"2";"1";"13";"1";""
"202400004800";"155773382";"A01";"1";"33";"0";"2";"1";"26";"1";""
"202400004801";"155773381";"A01";"2";"10";"0";"2";"1";"1";"1";""
"202400004801";"155773383";"C01";"1";"10";"0";"2";"8";"1";"1";""
"202400004801";"155773384";"D01";"1";"10";"0";"2";"8";"1";"1";""
"202400004801";"155773386";"B01";"1";"7";"0";"2";"8";"1";"1";""
"202400004802";"155773378";"A01";"1";"7";"0";"2";"1";"2";"1";""
"202400004802";"155773380";"B01";"1";"7";"0";"2";"4";"1";"1";""
"202400004803";"155773377";"A01";"2";"7";"8";"0";"9";"0";"1";""
"202400004804";"155773375";"A01";"1";"7";"0";"2";"7";"12";"1";""
"202400004804";"155773376";"B01";"1";"33";"0";"2";"8";"26";"1";""
"202400004805";"155773374";"A01";"3";"39";"0";"1";"2";"19";"3";""
"202400004806";"155773373";"A01";"2";"7";"3";"0";"0";"1";"1";""
"202400004807";"155773370";"A01";"1";"7";"13";"2";"2";"26";"1";""
"202400004807";"155773371";"B01";"1";"15";"0";"2";"6";"1";"1";""
"202400004808";"155773369";"A01";"2";"7";"0";"5";"1";"1";"1";""
"202400004809";"155773366";"B01";"0";"7";"0";"2";"1";"0";"0";""
"202400004809";"155773367";"A01";"0";"7";"0";"2";"1";"0";"1";""
"202400004810";"155773365";"A01";"1";"7";"4";"2";"3";"2";"1";""
"202400004810";"155773368";"B01";"1";"14";"0";"2";"2";"2";"1";""
"202400004811";"155773364";"A01";"1";"7";"13";"0";"1";"26";"1";""
"202400004812";"155773363";"A01";"1";"7";"3";"0";"3";"1";"1";""
"202400004813";"155773360";"B01";"3";"80";"0";"2";"1";"1";"3";""
"202400004813";"155773361";"A01";"0";"7";"0";"2";"2";"15";"1";""
"202400004814";"155773359";"B01";"1";"33";"0";"2";"1";"3";"1";""
"202400004814";"155773362";"A01";"1";"10";"0";"2";"5";"12";"1";""
"202400004815";"155773356";"A01";"2";"7";"0";"2";"1";"13";"1";""
"202400004815";"155773358";"B01";"1";"7";"0";"2";"3";"23";"1";""
"202400004816";"155773353";"B01";"2";"7";"0";"2";"6";"2";"1";""
"202400004816";"155773354";"C01";"2";"33";"0";"2";"1";"2";"1";""
"202400004816";"155773355";"D01";"2";"7";"0";"2";"4";"0";"1";""
"202400004816";"155773357";"A01";"2";"7";"0";"2";"1";"2";"1";""
"202400004817";"155773351";"A01";"1";"7";"0";"2";"1";"1";"1";""
"202400004817";"155773352";"B01";"2";"7";"0";"2";"1";"1";"1";""
"202400004818";"155773350";"A01";"1";"30";"0";"0";"8";"1";"1";""
"202400004819";"155773348";"A01";"1";"7";"0";"0";"0";"0";"1";""
"202400004820";"155773345";"B01";"1";"7";"0";"2";"1";"1";"2";""
"202400004820";"155773347";"A01";"2";"7";"0";"2";"7";"1";"1";""
"202400004820";"155773349";"C01";"2";"7";"0";"2";"3";"1";"1";""
"202400004821";"155773344";"Z01";"1";"10";"0";"2";"0";"11";"0";""
"202400004821";"155773346";"B01";"1";"7";"4";"2";"9";"1";"1";""
"202400004822";"155773343";"A01";"1";"7";"0";"1";"6";"20";"1";""
"202400004823";"155773340";"B01";"2";"33";"0";"2";"6";"3";"1";""
"202400004823";"155773341";"C01";"2";"7";"0";"2";"2";"1";"2";""
"202400004823";"155773342";"A01";"2";"7";"0";"2";"3";"11";"3";""
"202400004824";"155773339";"A01";"3";"7";"0";"1";"4";"26";"1";""
"202400004825";"155773337";"A01";"2";"32";"0";"2";"4";"3";"1";""
"202400004825";"155773338";"B01";"2";"7";"0";"2";"1";"1";"1";""
"202400004826";"155773335";"A01";"2";"7";"0";"2";"1";"13";"1";""
"202400004826";"155773336";"B01";"1";"37";"0";"0";"3";"1";"1";"1"
"202400004827";"155773333";"A01";"1";"7";"1";"1";"1";"15";"6";""
"202400004828";"155773331";"A01";"1";"33";"0";"2";"1";"2";"1";""
"202400004828";"155773334";"B01";"1";"7";"0";"2";"4";"2";"2";""
"202400004829";"155773329";"A01";"2";"7";"0";"2";"3";"17";"1";""
"202400004829";"155773330";"B01";"1";"10";"0";"2";"3";"0";"1";""
"202400004829";"155773332";"C01";"1";"10";"0";"2";"8";"0";"1";""
"202400004830";"155773327";"A01";"1";"7";"0";"2";"3";"10";"1";""
"202400004830";"155773328";"B01";"1";"2";"0";"2";"1";"2";"1";""
"202400004831";"155773326";"A01";"0";"2";"0";"0";"3";"1";"1";""
"202400004832";"155773324";"A01";"1";"7";"0";"2";"1";"2";"1";""
"202400004832";"155773325";"B01";"1";"14";"0";"2";"6";"2";"1";""
"202400004833";"155773323";"A01";"1";"7";"12";"0";"1";"1";"1";""
"202400004834";"155773321";"B01";"3";"32";"0";"2";"7";"14";"1";""
"202400004834";"155773322";"A01";"3";"10";"0";"2";"3";"16";"3";""
"202400004835";"155773317";"A01";"2";"7";"0";"2";"1";"5";"1";""
"202400004835";"155773319";"B01";"1";"14";"0";"0";"1";"1";"1";""
"202400004836";"155773315";"C01";"1";"10";"0";"2";"6";"1";"1";""
"202400004836";"155773316";"Z01";"1";"0";"0";"2";"0";"0";"0";""
"202400004836";"155773318";"B01";"1";"7";"0";"2";"8";"1";"1";""
"202400004836";"155773320";"A01";"1";"7";"0";"2";"6";"1";"1";""
"202400004837";"155773313";"B01";"2";"33";"0";"2";"2";"17";"1";""
"202400004837";"155773314";"A01";"1";"7";"0";"2";"6";"5";"0";""
"202400004838";"155773309";"D01";"1";"7";"0";"2";"4";"2";"1";""
"202400004838";"155773310";"A01";"1";"10";"0";"2";"1";"1";"1";""
"202400004838";"155773311";"C01";"1";"10";"0";"2";"4";"1";"1";""
"202400004838";"155773312";"B01";"1";"10";"0";"2";"1";"2";"1";""
"202400004839";"155773306";"A01";"1";"7";"3";"0";"1";"2";"1";""
"202400004840";"155773305";"A01";"3";"7";"0";"2";"3";"1";"1";""
"202400004840";"155773307";"B01";"3";"50";"0";"2";"4";"1";"3";""
"202400004841";"155773303";"A01";"2";"10";"0";"2";"1";"1";"1";""
"202400004841";"155773304";"B01";"2";"7";"0";"2";"4";"1";"1";""
"202400004842";"155773301";"A01";"2";"15";"0";"2";"7";"1";"1";""
"202400004842";"155773302";"B01";"2";"7";"0";"2";"9";"1";"1";""
"202400004843";"155773299";"A01";"1";"7";"3";"0";"0";"0";"1";""
"202400004844";"155773298";"A01";"3";"7";"0";"2";"1";"1";"1";""
"202400004844";"155773300";"B01";"3";"7";"0";"2";"8";"1";"1";""
"202400004845";"155773297";"A01";"3";"33";"0";"0";"0";"1";"1";""
"202400004846";"155773295";"A01";"3";"7";"0";"2";"3";"15";"1";""
"202400004846";"155773296";"B01";"3";"1";"0";"2";"8";"1";"5";""
"202400004847";"155773294";"A01";"3";"1";"0";"0";"8";"1";"5";""
"202400004848";"155773292";"B01";"1";"2";"0";"2";"7";"1";"0";""
"202400004848";"155773293";"A01";"2";"2";"0";"2";"1";"16";"0";""
"202400004849";"155773290";"A01";"1";"7";"0";"1";"3";"1";"1";""
"202400004849";"155773291";"B01";"1";"50";"0";"0";"7";"1";"3";""
"202400004850";"155773289";"A01";"1";"7";"0";"1";"2";"1";"2";""
"202400004851";"155773288";"A01";"1";"30";"8";"0";"0";"0";"1";""
"202400004852";"155773287";"A01";"3";"7";"0";"1";"1";"1";"1";""
"202400004853";"155773286";"A01";"2";"30";"14";"0";"0";"0";"1";""
"202400004854";"155773284";"A01";"2";"7";"4";"0";"0";"0";"1";""
"202400004855";"155773285";"A01";"1";"7";"8";"0";"1";"1";"1";""
"202400004856";"155773283";"A01";"2";"31";"4";"0";"0";"1";"1";""
"202400004857";"155773281";"A01";"1";"7";"0";"2";"1";"2";"1";""
"202400004857";"155773282";"B01";"1";"7";"0";"2";"4";"2";"1";""
"202400004858";"155773277";"A01";"1";"7";"0";"2";"1";"15";"1";""
"202400004858";"155773278";"Y01";"2";"1";"0";"2";"8";"19";"5";""
"202400004859";"155773276";"B01";"2";"7";"0";"2";"1";"1";"2";""
"202400004859";"155773279";"C01";"2";"7";"0";"2";"3";"1";"1";""
"202400004859";"155773280";"A01";"1";"7";"16";"2";"3";"13";"1";""
"202400004860";"155773272";"A01";"1";"7";"4";"0";"1";"1";"1";""
"202400004860";"155773274";"B01";"1";"17";"0";"2";"8";"0";"1";""
"202400004861";"155773271";"B01";"3";"7";"0";"2";"4";"23";"1";""
"202400004861";"155773273";"D01";"3";"7";"0";"2";"4";"23";"1";""
"202400004861";"155773275";"A01";"3";"7";"0";"2";"1";"1";"1";""
"202400004862";"155773269";"A01";"1";"7";"0";"2";"2";"14";"0";""
"202400004862";"155773270";"B01";"1";"17";"0";"2";"3";"1";"0";""
"202400004863";"155773267";"A01";"3";"30";"0";"2";"0";"5";"1";""
"202400004863";"155773268";"B01";"3";"10";"0";"2";"1";"1";"1";""
"202400004864";"155773266";"A01";"2";"7";"3";"0";"7";"1";"0";""
"202400004865";"155773263";"A01";"1";"50";"0";"2";"1";"25";"3";""
"202400004865";"155773265";"B01";"3";"10";"0";"2";"2";"16";"1";""
"202400004866";"155773262";"A01";"2";"15";"0";"2";"8";"1";"1";""
"202400004866";"155773264";"B01";"2";"7";"0";"2";"1";"1";"1";""
"202400004867";"155773260";"A01";"1";"7";"0";"2";"2";"15";"1";""
"202400004867";"155773261";"B01";"1";"33";"0";"2";"1";"1";"1";""
"202400004868";"155773256";"A01";"2";"10";"0";"2";"4";"11";"1";""
"202400004868";"155773257";"B01";"2";"31";"0";"2";"1";"3";"1";""
"202400004869";"155773255";"A01";"1";"7";"3";"0";"7";"1";"1";""
"202400004870";"155773254";"A01";"1";"31";"0";"1";"7";"1";"0";""
"202400004871";"155773251";"A01";"1";"7";"0";"1";"2";"1";"1";""
"202400004872";"155773250";"A01";"1";"7";"0";"2";"1";"1";"1";""
"202400004872";"155773252";"B01";"1";"7";"0";"2";"4";"1";"1";""
"202400004872";"155773253";"C01";"1";"7";"0";"2";"4";"1";"1";""
"202400004873";"155773248";"A01";"2";"31";"0";"2";"1";"17";"1";""
"202400004873";"155773249";"B01";"1";"10";"0";"2";"8";"1";"1";""
"202400004874";"155773245";"A01";"2";"2";"0";"0";"3";"2";"1";""
"202400004875";"155773246";"A01";"0";"7";"0";"2";"1";"1";"1";""
"202400004875";"155773247";"B01";"0";"7";"0";"2";"3";"1";"1";""
"202400004876";"155773244";"A01";"2";"33";"13";"0";"3";"1";"1";""
"202400004877";"155773242";"A01";"1";"7";"0";"2";"1";"1";"1";""
"202400004877";"155773243";"B01";"2";"7";"0";"2";"1";"1";"1";""
"202400004878";"155773240";"A01";"1";"7";"0";"2";"2";"0";"1";""
"202400004878";"155773241";"B01";"1";"7";"0";"2";"6";"2";"1";""
"202400004879";"155773238";"A01";"2";"33";"0";"2";"2";"1";"1";""
"202400004879";"155773239";"B01";"2";"7";"0";"2";"1";"9";"1";""
"202400004880";"155773237";"A01";"1";"7";"3";"0";"1";"26";"1";""
"202400004881";"155773234";"A01";"1";"7";"0";"2";"2";"1";"1";""
"202400004881";"155773236";"B01";"3";"7";"0";"2";"1";"26";"1";""
"202400004882";"155773233";"A01";"1";"7";"0";"2";"3";"11";"1";""
"202400004882";"155773235";"B01";"1";"33";"0";"2";"1";"1";"1";""
"202400004883";"155773230";"A01";"1";"7";"0";"2";"0";"0";"1";""
"202400004883";"155773231";"B01";"1";"1";"0";"2";"0";"0";"5";""
"202400004884";"155773229";"A01";"1";"7";"0";"2";"5";"9";"0";""
"202400004884";"155773232";"B01";"0";"7";"0";"2";"1";"1";"0";""
"202400004885";"155773227";"A01";"1";"7";"0";"2";"2";"1";"1";""
"202400004885";"155773228";"B01";"1";"1";"0";"2";"5";"19";"5";""
"202400004886";"155773226";"A01";"2";"7";"0";"1";"4";"20";"1";""
"202400004887";"155773225";"A01";"1";"7";"13";"0";"0";"0";"1";""
"202400004888";"155773223";"A01";"2";"7";"4";"0";"1";"1";"1";""
"202400004889";"155773222";"A01";"1";"7";"1";"2";"2";"1";"1";""
"202400004889";"155773224";"B01";"1";"7";"0";"2";"1";"15";"1";""
"202400004890";"155773221";"A01";"1";"7";"0";"0";"0";"0";"1";""
"202400004891";"155773219";"A01";"2";"10";"0";"2";"8";"15";"1";""
"202400004891";"155773220";"B01";"2";"7";"0";"2";"2";"17";"1";""
"202400004892";"155773218";"A01";"2";"7";"6";"0";"1";"1";"1";""
"202400004893";"155773217";"Z01";"1";"10";"0";"1";"1";"1";"1";""
"202400004894";"155773216";"A01";"1";"1";"0";"0";"0";"21";"5";""
"202400004895";"155773215";"A01";"1";"40";"0";"1";"7";"1";"3";""
"202400004896";"155773213";"B01";"2";"1";"0";"2";"0";"1";"5";""
"202400004896";"155773214";"A01";"1";"7";"0";"2";"2";"15";"1";""
"202400004897";"155773211";"A01";"1";"60";"1";"0";"0";"0";"5";""
"202400004898";"155773210";"B01";"3";"7";"0";"0";"4";"1";"1";""
"202400004898";"155773212";"A01";"3";"7";"0";"2";"1";"2";"1";""
"202400004899";"155773208";"A01";"1";"7";"0";"2";"7";"17";"1";""
"202400004899";"155773209";"B01";"1";"33";"0";"2";"8";"2";"1";""
"202400004900";"155773206";"A01";"2";"60";"0";"0";"0";"0";"5";""
"202400004901";"155773205";"B01";"2";"7";"0";"2";"1";"1";"1";""
"202400004901";"155773207";"A01";"1";"7";"0";"2";"1";"15";"1";""
"202400004902";"155773202";"A01";"2";"7";"0";"1";"1";"1";"1";""
"202400004903";"155773203";"B01";"1";"1";"0";"2";"0";"1";"5";""
"202400004903";"155773204";"A01";"1";"7";"0";"2";"0";"16";"1";""
"202400004904";"155773199";"A01";"2";"7";"0";"2";"1";"9";"1";""
"202400004904";"155773201";"B01";"1";"1";"0";"2";"7";"1";"5";""
"202400004905";"155773200";"A01";"3";"7";"0";"0";"9";"1";"1";""
"202400004906";"155773196";"A01";"1";"7";"0";"2";"1";"5";"0";""
"202400004906";"155773198";"B01";"2";"7";"0";"2";"1";"1";"0";""
"202400004907";"155773195";"A01";"1";"7";"0";"2";"1";"1";"1";""
"202400004907";"155773197";"B01";"1";"7";"9";"0";"1";"2";"1";""
"202400004908";"155773194";"A01";"2";"7";"13";"0";"9";"1";"2";""
"202400004909";"155773193";"A01";"1";"7";"0";"1";"3";"1";"1";""
"202400004910";"155773191";"A01";"3";"7";"0";"0";"7";"1";"2";""
"202400004910";"155773192";"B01";"3";"31";"0";"2";"1";"9";"0";""
"202400004911";"155773190";"A01";"1";"10";"0";"1";"0";"26";"1";""
"202400004912";"155773187";"A01";"1";"7";"0";"0";"6";"15";"1";""
"202400004912";"155773189";"B01";"1";"34";"0";"2";"1";"17";"1";""
"202400004913";"155773186";"A01";"3";"7";"0";"2";"3";"19";"1";""
"202400004913";"155773188";"B01";"3";"37";"0";"2";"2";"1";"1";"1"
"202400004914";"155773184";"A01";"3";"7";"0";"1";"4";"26";"1";""
"202400004914";"155773185";"B01";"3";"7";"0";"2";"3";"26";"1";""
"202400004915";"155773182";"B01";"3";"7";"0";"2";"4";"2";"1";""
"202400004915";"155773183";"A01";"3";"2";"0";"2";"1";"2";"1";""
"202400004916";"155773181";"A01";"1";"7";"8";"0";"1";"2";"1";""
"202400004917";"155773179";"A01";"2";"7";"0";"1";"3";"19";"1";""
"202400004918";"155773177";"A01";"2";"21";"0";"2";"6";"1";"0";""
"202400004918";"155773178";"B01";"2";"7";"0";"2";"3";"17";"1";""
"202400004918";"155773180";"C01";"1";"7";"0";"2";"0";"0";"1";""
"202400004919";"155773176";"A01";"0";"38";"0";"1";"8";"26";"1";"1"
"202400004920";"155773173";"C01";"3";"7";"0";"2";"4";"1";"3";""
"202400004920";"155773174";"B01";"3";"7";"0";"2";"4";"1";"1";""
"202400004920";"155773175";"A01";"3";"7";"0";"2";"1";"1";"1";""
"202400004921";"155773172";"A01";"2";"7";"0";"0";"0";"1";"1";""
"202400004922";"155773171";"A01";"1";"1";"0";"2";"0";"1";"5";""
"202400004923";"155773169";"A01";"1";"7";"0";"2";"3";"2";"1";""
"202400004923";"155773170";"B01";"2";"7";"0";"2";"3";"5";"1";""
"202400004924";"155773167";"B01";"1";"2";"0";"2";"1";"1";"1";""
"202400004924";"155773168";"A01";"1";"7";"0";"2";"1";"17";"1";""
"202400004925";"155773166";"A01";"1";"15";"0";"1";"2";"16";"1";""
"202400004926";"155773164";"B01";"0";"7";"0";"0";"3";"0";"1";""
"202400004926";"155773165";"A01";"0";"7";"0";"0";"3";"0";"1";""
"202400004927";"155773163";"A01";"1";"7";"2";"0";"9";"14";"1";""
"202400004928";"155773162";"A01";"3";"7";"0";"1";"2";"16";"1";""
"202400004929";"155773158";"A01";"3";"7";"0";"2";"2";"16";"1";""
"202400004929";"155773161";"B01";"1";"1";"0";"2";"5";"1";"5";""
"202400004930";"155773159";"A01";"3";"7";"0";"2";"3";"1";"1";""
"202400004930";"155773160";"B01";"0";"10";"0";"2";"3";"1";"1";""
"202400004931";"155773157";"A01";"1";"32";"0";"5";"1";"0";"1";""
"202400004932";"155773156";"A01";"1";"50";"0";"0";"7";"16";"3";""
"202400004933";"155773153";"A01";"2";"7";"0";"2";"2";"13";"1";""
"202400004933";"155773155";"B01";"1";"7";"0";"2";"2";"1";"1";""
"202400004934";"155773152";"A01";"0";"7";"0";"2";"3";"18";"1";""
"202400004934";"155773154";"B01";"0";"7";"0";"2";"7";"1";"1";""
"202400004935";"155773150";"A01";"3";"7";"0";"1";"2";"1";"1";""
"202400004936";"155773149";"A01";"1";"7";"0";"2";"1";"0";"2";""
"202400004936";"155773151";"B01";"2";"7";"0";"2";"1";"13";"1";""
"202400004937";"155773146";"A01";"1";"7";"0";"2";"8";"9";"1";""
"202400004937";"155773148";"B01";"1";"33";"0";"2";"8";"1";"1";""
"202400004938";"155773145";"A01";"1";"7";"0";"2";"0";"15";"1";""
"202400004938";"155773147";"B01";"2";"2";"0";"2";"0";"1";"1";""
"202400004939";"155773143";"A01";"1";"7";"0";"2";"2";"16";"1";""
"202400004939";"155773144";"B01";"2";"50";"0";"2";"1";"1";"3";""
"202400004940";"155773142";"A01";"2";"7";"7";"0";"0";"0";"2";""
"202400004941";"155773139";"A01";"3";"7";"0";"2";"1";"2";"3";""
"202400004941";"155773140";"B01";"3";"7";"0";"2";"6";"2";"1";""
"202400004942";"155773138";"A01";"1";"7";"0";"2";"1";"13";"1";""
"202400004942";"155773141";"B01";"2";"7";"0";"2";"1";"0";"1";""
"202400004943";"155773136";"A01";"2";"33";"11";"0";"1";"17";"1";""
"202400004944";"155773135";"B01";"1";"10";"1";"0";"0";"0";"1";""
"202400004944";"155773137";"A01";"1";"80";"0";"2";"0";"14";"3";""
"202400004945";"155773133";"A01";"1";"7";"12";"0";"2";"15";"1";""
"202400004946";"155773132";"B01";"2";"17";"0";"2";"2";"24";"1";""
"202400004946";"155773134";"A01";"2";"7";"1";"0";"3";"21";"1";""
"202400004947";"155773130";"B01";"0";"33";"0";"2";"1";"1";"1";""
"202400004947";"155773131";"A01";"0";"7";"0";"2";"5";"15";"1";""
"202400004948";"155773129";"A01";"0";"7";"0";"1";"1";"15";"1";""
"202400004949";"155773125";"A01";"2";"7";"0";"2";"4";"1";"1";""
"202400004949";"155773126";"B01";"2";"7";"0";"2";"1";"1";"1";""
"202400004949";"155773128";"C01";"2";"7";"0";"2";"1";"1";"1";""
"202400004950";"155773123";"A01";"2";"7";"0";"2";"3";"15";"1";""
"202400004950";"155773124";"B01";"2";"2";"0";"2";"2";"17";"1";""
"202400004951";"155773122";"A01";"2";"7";"0";"1";"1";"1";"1";""
"202400004952";"155773121";"A01";"0";"7";"0";"1";"1";"0";"0";""
"202400004953";"155773119";"B01";"1";"2";"0";"0";"8";"1";"1";""
"202400004953";"155773120";"A01";"1";"7";"0";"2";"2";"26";"1";""
"202400004954";"155773116";"A01";"1";"7";"0";"1";"3";"1";"1";""
"202400004955";"155773113";"B01";"1";"32";"0";"2";"1";"1";"1";""
"202400004955";"155773115";"A01";"1";"7";"0";"2";"3";"15";"2";""
"202400004956";"155773114";"A01";"1";"1";"12";"0";"4";"16";"5";""
"202400004956";"155773117";"B01";"1";"7";"12";"0";"1";"16";"1";""
"202400004957";"155773112";"A01";"1";"7";"0";"1";"1";"1";"1";""
"202400004958";"155773110";"Z01";"2";"33";"0";"1";"1";"17";"0";""
"202400004959";"155773109";"B01";"1";"2";"0";"2";"1";"1";"1";""
"202400004959";"155773111";"A01";"2";"7";"0";"2";"3";"15";"2";""
"202400004960";"155773108";"A01";"2";"33";"8";"0";"2";"26";"1";""
"202400004961";"155773105";"A01";"0";"7";"0";"1";"2";"1";"1";""
"202400004962";"155773106";"A01";"1";"7";"0";"2";"8";"17";"0";""
"202400004962";"155773107";"B01";"2";"2";"0";"2";"8";"1";"1";""
"202400004963";"155773102";"A01";"1";"10";"0";"2";"2";"1";"1";""
"202400004963";"155773104";"B01";"3";"1";"0";"2";"0";"1";"5";""
"202400004964";"155773103";"A01";"1";"7";"0";"1";"2";"15";"1";""
"202400004965";"155773101";"A01";"0";"7";"0";"1";"3";"0";"1";""
"202400004966";"155773100";"A01";"1";"7";"0";"1";"2";"1";"1";""
"202400004967";"155773098";"Z01";"2";"7";"0";"2";"1";"1";"0";""
"202400004967";"155773099";"A01";"2";"7";"0";"2";"4";"23";"1";""
"202400004968";"155773097";"A01";"2";"7";"0";"1";"1";"0";"1";""
"202400004969";"155773096";"A01";"3";"2";"0";"2";"2";"16";"1";""
"202400004970";"155773093";"A01";"2";"7";"0";"1";"1";"1";"1";""
"202400004971";"155773092";"B01";"2";"7";"0";"2";"6";"1";"1";""
"202400004971";"155773094";"C01";"2";"7";"0";"2";"1";"1";"1";""
"202400004971";"155773095";"A01";"1";"7";"0";"2";"1";"13";"1";""
"202400004972";"155773089";"A01";"3";"31";"0";"2";"1";"17";"1";""
"202400004972";"155773091";"B01";"3";"7";"0";"2";"3";"15";"1";""
"202400004973";"155773088";"A01";"1";"7";"0";"2";"8";"15";"1";""
"202400004973";"155773090";"B01";"1";"7";"0";"2";"1";"1";"1";""
"202400004974";"155773086";"B01";"2";"33";"0";"2";"1";"1";"1";""
"202400004974";"155773087";"A01";"2";"7";"0";"2";"2";"15";"1";""
"202400004975";"155773084";"B01";"2";"1";"0";"2";"1";"1";"5";""
"202400004975";"155773085";"A01";"1";"7";"0";"2";"3";"15";"1";""
"202400004976";"155773082";"A01";"2";"7";"0";"2";"3";"19";"1";""
"202400004976";"155773083";"B01";"1";"31";"0";"2";"1";"1";"1";""
"202400004977";"155773080";"A01";"2";"13";"0";"0";"4";"2";"1";""
"202400004977";"155773081";"B01";"2";"33";"0";"2";"1";"2";"1";""
"202400004978";"155773078";"A01";"2";"7";"0";"2";"1";"1";"2";""
"202400004978";"155773079";"B01";"1";"7";"0";"2";"2";"2";"1";""
"202400004979";"155773077";"A01";"3";"7";"0";"0";"0";"1";"1";""
"202400004980";"155773075";"B01";"3";"7";"0";"9";"1";"1";"1";""
"202400004980";"155773076";"A01";"3";"2";"0";"2";"1";"15";"1";""
"202400004981";"155773073";"A01";"1";"2";"0";"2";"3";"1";"1";""
"202400004981";"155773074";"B01";"3";"7";"0";"2";"0";"15";"1";""
"202400004982";"155773071";"B01";"3";"50";"0";"2";"8";"1";"3";""
"202400004982";"155773072";"A01";"2";"7";"0";"9";"3";"1";"1";""
"202400004983";"155773066";"Z01";"2";"10";"0";"2";"1";"2";"0";""
"202400004983";"155773068";"A01";"2";"7";"0";"2";"4";"2";"1";""
"202400004984";"155773065";"B01";"1";"7";"0";"2";"4";"2";"1";""
"202400004984";"155773067";"C01";"1";"7";"0";"2";"4";"2";"3";""
"202400004984";"155773069";"D01";"1";"7";"0";"2";"4";"2";"1";""
"202400004984";"155773070";"A01";"1";"7";"0";"2";"1";"2";"1";""
"202400004985";"155773060";"A01";"2";"7";"0";"2";"3";"1";"2";""
"202400004985";"155773063";"B01";"1";"1";"0";"2";"1";"19";"5";""
"202400004986";"155773059";"D01";"1";"7";"0";"2";"6";"1";"2";""
"202400004986";"155773061";"A01";"2";"7";"0";"2";"8";"13";"1";""
"202400004986";"155773062";"C01";"1";"7";"0";"2";"2";"1";"1";""
"202400004986";"155773064";"B01";"1";"7";"0";"2";"3";"1";"2";""
"202400004987";"155773058";"A01";"1";"7";"1";"0";"0";"0";"1";""
"202400004988";"155773055";"A01";"2";"7";"12";"1";"1";"13";"1";""
"202400004989";"155773056";"A01";"1";"10";"0";"2";"1";"9";"1";""
"202400004989";"155773057";"B01";"1";"33";"0";"2";"8";"1";"1";""
"202400004990";"155773052";"A01";"2";"7";"0";"1";"7";"1";"1";""
"202400004991";"155773053";"B01";"1";"33";"0";"2";"0";"9";"1";""
"202400004991";"155773054";"A01";"1";"7";"0";"2";"0";"1";"1";""
"202400004992";"155773051";"A01";"1";"7";"0";"2";"2";"1";"0";""
"202400004993";"155773050";"B01";"3";"1";"0";"1";"1";"1";"5";""
"202400004994";"155773048";"A01";"1";"7";"2";"0";"2";"1";"1";""
"202400004995";"155773049";"A01";"2";"32";"0";"1";"1";"26";"1";""
"202400004996";"155773047";"A01";"3";"1";"9";"0";"1";"1";"5";""
"202400004997";"155773045";"A01";"1";"7";"0";"0";"2";"1";"1";""
"202400004997";"155773046";"B01";"1";"7";"0";"0";"3";"16";"1";""
"202400004998";"155773044";"A01";"3";"60";"14";"0";"1";"2";"5";""